USER_ID,ID,CREATED_TIME,MEDIA_TYPE,MEDIA_PRODUCT_TYPE,LIKE_COUNT,COMMENT_COUNT,VIDEO_PHOTO_VIEWS,VIDEO_PHOTO_REACH,VIDEO_PHOTO_SAVED,VIDEO_PHOTO_SHARES,VIDEO_PHOTO_ENGAGEMENT,TIMESTAMP
17841406083211195,17856758961483023,2025-08-17 03:23:06,IMAGE,FEED,11,2,420,179,0,6,19,2025-08-17 17:28:36.935
17841406083211195,17856758961483023,2025-08-17 03:23:06,IMAGE,FEED,11,2,578,216,0,6,19,2025-08-18 17:28:49.017
17841406083211195,17856758961483023,2025-08-17 03:23:06,IMAGE,FEED,11,2,709,224,0,6,19,2025-08-19 17:29:34.425
17841406083211195,17856758961483023,2025-08-17 03:23:06,IMAGE,FEED,11,2,787,228,0,6,19,2025-08-20 17:29:40.864
17841406083211195,17856758961483023,2025-08-17 03:23:06,IMAGE,FEED,11,2,961,238,0,6,19,2025-08-21 17:30:19.074
17841406083211195,17856758961483023,2025-08-17 03:23:06,IMAGE,FEED,11,2,1110,245,0,6,19,2025-08-22 17:29:22.410
17841406083211195,17856758961483023,2025-08-17 03:23:06,IMAGE,FEED,12,2,1165,249,0,6,20,2025-08-23 17:29:30.925
17841406083211195,17856758961483023,2025-08-17 03:23:06,IMAGE,FEED,12,2,1220,254,0,6,20,2025-08-24 17:29:05.925
17841406083211195,17856758961483023,2025-08-17 03:23:06,IMAGE,FEED,12,2,1359,260,0,6,20,2025-08-25 17:29:34.727
17841406083211195,17856758961483023,2025-08-17 03:23:06,IMAGE,FEED,12,2,1451,263,0,6,20,2025-08-26 17:29:05.578
17841406083211195,17856758961483023,2025-08-17 03:23:06,IMAGE,FEED,12,2,1577,264,0,6,20,2025-08-27 17:30:15.455
17841406083211195,17856758961483023,2025-08-17 03:23:06,IMAGE,FEED,12,2,1744,264,0,6,20,2025-08-28 17:31:18.224
17841406083211195,17856758961483023,2025-08-17 03:23:06,IMAGE,FEED,12,2,1808,269,0,6,20,2025-08-29 17:28:45.765
17841406083211195,17856758961483023,2025-08-17 03:23:06,IMAGE,FEED,12,2,1844,271,0,6,20,2025-08-30 17:30:09.889
17841406083211195,17856758961483023,2025-08-17 03:23:06,IMAGE,FEED,12,2,1899,276,0,6,20,2025-08-31 17:28:47.919
17841406083211195,17856758961483023,2025-08-17 03:23:06,IMAGE,FEED,13,2,3094,316,0,6,21,2025-10-01 04:09:53.338
17841406083211195,17856758961483023,2025-08-17 03:23:06,IMAGE,FEED,13,2,3146,316,0,6,21,2025-10-01 17:29:53.144
17841406083211195,17856758961483023,2025-08-17 03:23:06,IMAGE,FEED,13,2,3153,316,0,6,21,2025-10-02 02:39:18.153
17841406083211195,17856758961483023,2025-08-17 03:23:06,IMAGE,FEED,13,2,3158,316,0,6,21,2025-10-02 04:04:29.514
17841406083211195,17856758961483023,2025-08-17 03:23:06,IMAGE,FEED,13,2,3190,316,0,6,21,2025-10-02 17:29:27.072
17841406083211195,17856758961483023,2025-08-17 03:23:06,IMAGE,FEED,13,2,3221,316,0,6,21,2025-10-03 17:29:13.354
17841406083211195,17856758961483023,2025-08-17 03:23:06,IMAGE,FEED,13,2,3228,316,0,6,21,2025-10-04 17:29:36.060
17841406083211195,17856758961483023,2025-08-17 03:23:06,IMAGE,FEED,13,2,3232,316,0,6,21,2025-10-05 17:29:24.312
17841406083211195,17856758961483023,2025-08-17 03:23:06,IMAGE,FEED,13,2,3242,319,0,6,21,2025-10-06 17:28:48.553
17841406083211195,17856758961483023,2025-08-17 03:23:06,IMAGE,FEED,13,2,3261,321,0,6,21,2025-10-07 17:28:29.267
17841406083211195,17856758961483023,2025-08-17 03:23:06,IMAGE,FEED,13,2,3285,323,0,6,21,2025-10-08 17:29:40.357
17841406083211195,17856758961483023,2025-08-17 03:23:06,IMAGE,FEED,13,2,3302,323,0,6,21,2025-10-09 17:28:46.165
17841406083211195,17856758961483023,2025-08-17 03:23:06,IMAGE,FEED,13,2,3310,324,0,6,21,2025-10-10 17:30:06.541
17841406083211195,17856758961483023,2025-08-17 03:23:06,IMAGE,FEED,13,2,3315,324,0,6,21,2025-10-11 17:28:30.967
17841406083211195,17856758961483023,2025-08-17 03:23:06,IMAGE,FEED,13,2,3318,324,0,6,21,2025-10-12 17:28:49.783
17841406083211195,17856758961483023,2025-08-17 03:23:06,IMAGE,FEED,13,2,3338,324,0,6,21,2025-10-13 17:28:53.154
17841406083211195,17856758961483023,2025-08-17 03:23:06,IMAGE,FEED,13,2,3354,326,0,6,21,2025-10-14 17:28:21.204
17841406083211195,17856758961483023,2025-08-17 03:23:06,IMAGE,FEED,13,2,3370,327,0,6,21,2025-10-15 17:29:48.875
17841406083211195,17856758961483023,2025-08-17 03:23:06,IMAGE,FEED,13,2,3384,328,0,6,21,2025-10-16 17:28:56.614
17841406083211195,17856758961483023,2025-08-17 03:23:06,IMAGE,FEED,16,2,3413,333,0,6,24,2025-10-17 17:29:48.787
17841406083211195,17856758961483023,2025-08-17 03:23:06,IMAGE,FEED,16,2,3422,334,0,6,24,2025-10-18 17:28:28.243
17841406083211195,17856758961483023,2025-08-17 03:23:06,IMAGE,FEED,16,2,3434,335,0,6,24,2025-10-19 17:28:32.833
17841406083211195,17856758961483023,2025-08-17 03:23:06,IMAGE,FEED,16,2,3441,335,0,6,24,2025-10-20 17:29:18.457
17841406083211195,17856758961483023,2025-08-17 03:23:06,IMAGE,FEED,16,2,3458,335,0,6,24,2025-10-21 17:28:38.452
17841406083211195,17856758961483023,2025-08-17 03:23:06,IMAGE,FEED,16,2,3466,335,0,6,24,2025-10-22 17:28:54.478
17841406083211195,17856758961483023,2025-08-17 03:23:06,IMAGE,FEED,16,2,3496,335,0,6,24,2025-10-23 17:28:30.283
17841406083211195,17856758961483023,2025-08-17 03:23:06,IMAGE,FEED,16,2,3513,336,0,6,24,2025-10-24 17:28:52.175
17841406083211195,17856758961483023,2025-08-17 03:23:06,IMAGE,FEED,16,2,3521,336,0,6,24,2025-10-25 17:30:00.348
17841406083211195,17856758961483023,2025-08-17 03:23:06,IMAGE,FEED,16,2,3522,336,0,6,24,2025-10-26 17:30:15.216
17841406083211195,17856758961483023,2025-08-17 03:23:06,IMAGE,FEED,16,2,3526,336,0,6,24,2025-10-27 17:28:46.987
17841406083211195,17856758961483023,2025-08-17 03:23:06,IMAGE,FEED,16,2,3553,337,0,6,24,2025-10-28 17:29:42.166
17841406083211195,17856758961483023,2025-08-17 03:23:06,IMAGE,FEED,16,2,3560,337,0,6,24,2025-10-29 17:29:27.585
17841406083211195,17856758961483023,2025-08-17 03:23:06,IMAGE,FEED,16,2,3571,338,0,6,24,2025-10-30 17:30:15.091
17841406083211195,17856758961483023,2025-08-17 03:23:06,IMAGE,FEED,16,2,3580,340,0,6,24,2025-10-31 17:29:01.878
17841406083211195,17856758961483023,2025-08-17 03:23:06,IMAGE,FEED,16,2,3588,341,0,6,24,2025-11-01 17:29:16.506
17841406083211195,17856758961483023,2025-08-17 03:23:06,IMAGE,FEED,16,2,3589,341,0,6,24,2025-11-02 17:28:55.094
17841406083211195,17856758961483023,2025-08-17 03:23:06,IMAGE,FEED,16,2,3598,341,0,6,24,2025-11-03 17:28:49.520
17841406083211195,17856758961483023,2025-08-17 03:23:06,IMAGE,FEED,16,2,3612,342,0,6,24,2025-11-04 17:28:20.661
17841406083211195,17856758961483023,2025-08-17 03:23:06,IMAGE,FEED,16,2,3620,342,0,6,24,2025-11-05 17:28:28.348
17841406083211195,17856758961483023,2025-08-17 03:23:06,IMAGE,FEED,16,2,3628,343,0,6,24,2025-11-06 17:28:50.916
17841406083211195,17856758961483023,2025-08-17 03:23:06,IMAGE,FEED,16,2,3634,343,0,6,24,2025-11-07 17:29:10.481
17841406083211195,17856758961483023,2025-08-17 03:23:06,IMAGE,FEED,16,2,3640,343,0,6,24,2025-11-08 17:29:31.830
17841406083211195,17856758961483023,2025-08-17 03:23:06,IMAGE,FEED,16,2,3641,343,0,6,24,2025-11-09 17:28:46.278
17841406083211195,17856758961483023,2025-08-17 03:23:06,IMAGE,FEED,16,2,3652,344,0,6,24,2025-11-10 17:29:14.401
17841406083211195,17856758961483023,2025-08-17 03:23:06,IMAGE,FEED,16,2,3662,344,0,6,24,2025-11-11 17:29:05.806
17841406083211195,17856758961483023,2025-08-17 03:23:06,IMAGE,FEED,16,2,3673,344,0,6,24,2025-11-12 17:29:04.430
17841406083211195,17856758961483023,2025-08-17 03:23:06,IMAGE,FEED,16,2,3693,344,0,6,24,2025-11-13 17:29:31.134
17841406083211195,17856758961483023,2025-08-17 03:23:06,IMAGE,FEED,16,2,3705,344,0,6,24,2025-11-14 17:29:08.309
17841406083211195,17856758961483023,2025-08-17 03:23:06,IMAGE,FEED,16,2,3721,344,0,6,27,2025-11-15 17:30:56.069
17841406083211195,17856758961483023,2025-08-17 03:23:06,IMAGE,FEED,16,2,3727,346,0,6,27,2025-11-16 17:29:49.613
17841406083211195,17856758961483023,2025-08-17 03:23:06,IMAGE,FEED,16,2,3735,346,0,6,27,2025-11-17 17:29:12.864
17841406083211195,17856758961483023,2025-08-17 03:23:06,IMAGE,FEED,16,2,3766,349,0,6,27,2025-11-18 17:29:03.771
17841406083211195,17856758961483023,2025-08-17 03:23:06,IMAGE,FEED,16,2,3785,353,0,6,27,2025-11-19 17:35:11.178
17841406083211195,17856758961483023,2025-08-17 03:23:06,IMAGE,FEED,16,2,3789,353,0,6,27,2025-11-20 17:35:45.151
17841406083211195,17856758961483023,2025-08-17 03:23:06,IMAGE,FEED,16,2,3799,353,0,6,27,2025-11-21 17:35:36.090
17841406083211195,17856758961483023,2025-08-17 03:23:06,IMAGE,FEED,16,2,3812,354,0,6,27,2025-11-22 17:33:42.553
17841406083211195,17856758961483023,2025-08-17 03:23:06,IMAGE,FEED,16,2,3816,354,0,6,27,2025-11-23 17:33:11.046
17841406083211195,17856758961483023,2025-08-17 03:23:06,IMAGE,FEED,16,2,3822,354,0,6,27,2025-11-24 17:36:14.918
17841406083211195,17856758961483023,2025-08-17 03:23:06,IMAGE,FEED,16,2,3827,354,0,6,27,2025-11-25 17:34:34.022
17841406083211195,17856758961483023,2025-08-17 03:23:06,IMAGE,FEED,16,2,3838,354,0,6,27,2025-11-26 17:37:08.500
17841406083211195,17856758961483023,2025-08-17 03:23:06,IMAGE,FEED,16,2,3859,354,0,6,27,2025-11-27 17:34:21.451
17841406083211195,17856758961483023,2025-08-17 03:23:06,IMAGE,FEED,16,2,3863,354,0,6,27,2025-11-28 17:35:14.148
17841406083211195,17856758961483023,2025-08-17 03:23:06,IMAGE,FEED,16,2,3870,354,0,6,27,2025-11-29 17:36:00.638
17841406083211195,17856758961483023,2025-08-17 03:23:06,IMAGE,FEED,16,2,3876,354,0,6,27,2025-11-30 17:33:37.932
17841406083211195,17856758961483023,2025-08-17 03:23:06,IMAGE,FEED,16,2,3883,354,0,6,27,2025-12-01 17:33:45.592
17841406083211195,17856758961483023,2025-08-17 03:23:06,IMAGE,FEED,16,2,3886,354,0,6,27,2025-12-02 17:35:07.722
17841406083211195,17856758961483023,2025-08-17 03:23:06,IMAGE,FEED,16,2,3902,354,0,6,27,2025-12-03 17:36:28.741
17841406083211195,17856758961483023,2025-08-17 03:23:06,IMAGE,FEED,16,2,3920,354,0,6,27,2025-12-04 17:34:30.949
17841406083211195,17856758961483023,2025-08-17 03:23:06,IMAGE,FEED,16,2,3926,354,0,6,27,2025-12-05 17:34:34.763
17841406083211195,17856758961483023,2025-08-17 03:23:06,IMAGE,FEED,16,2,3928,354,0,6,27,2025-12-07 17:33:28.013
17841406083211195,17856758961483023,2025-08-17 03:23:06,IMAGE,FEED,16,2,3929,354,0,6,27,2025-12-08 17:33:12.758
17841406083211195,17856758961483023,2025-08-17 03:23:06,IMAGE,FEED,16,2,3936,354,0,6,27,2025-12-09 17:35:25.117
17841406083211195,17856758961483023,2025-08-17 03:23:06,IMAGE,FEED,16,2,3945,354,0,6,27,2025-12-10 17:36:05.387
17841406083211195,17856758961483023,2025-08-17 03:23:06,IMAGE,FEED,16,2,3946,354,0,6,27,2025-12-11 17:33:40.053
17841406083211195,17856758961483023,2025-08-17 03:23:06,IMAGE,FEED,16,2,3948,354,0,6,27,2025-12-12 17:35:25.284
17841406083211195,17856758961483023,2025-08-17 03:23:06,IMAGE,FEED,16,2,3956,354,0,6,27,2025-12-15 06:33:59.565
17841406083211195,17856758961483023,2025-08-17 03:23:06,IMAGE,FEED,16,2,3959,354,0,6,27,2025-12-15 17:36:51.713
17841406083211195,17856758961483023,2025-08-17 03:23:06,IMAGE,FEED,16,2,3960,354,0,6,27,2025-12-17 17:28:51.594
17841406083211195,17856758961483023,2025-08-17 03:23:06,IMAGE,FEED,16,2,3962,355,0,6,27,2025-12-18 17:31:02.208
17841406083211195,17856758961483023,2025-08-17 03:23:06,IMAGE,FEED,16,2,3966,355,0,6,27,2025-12-21 17:29:45.210
17841406083211195,17856758961483023,2025-08-17 03:23:06,IMAGE,FEED,16,2,3968,355,0,6,27,2025-12-22 17:28:37.817
17841406083211195,17856758961483023,2025-08-17 03:23:06,IMAGE,FEED,16,2,3969,355,0,6,27,2025-12-24 17:29:04.445
17841406083211195,17856758961483023,2025-08-17 03:23:06,IMAGE,FEED,16,2,3970,355,0,6,27,2025-12-25 17:29:11.616
17841406083211195,17859415839449085,2025-07-14 10:13:52,IMAGE,FEED,2,0,59,33,0,0,2,2025-07-14 17:30:15.300
17841406083211195,17859415839449085,2025-07-14 10:13:52,IMAGE,FEED,4,0,83,50,0,0,4,2025-07-15 17:29:41.237
17841406083211195,17859415839449085,2025-07-14 10:13:52,IMAGE,FEED,4,0,98,57,0,0,4,2025-07-16 17:30:05.712
17841406083211195,17859415839449085,2025-07-14 10:13:52,IMAGE,FEED,4,0,147,69,0,0,4,2025-07-17 17:29:49.511
17841406083211195,17859415839449085,2025-07-14 10:13:52,IMAGE,FEED,4,0,158,72,0,0,4,2025-07-18 17:29:48.368
17841406083211195,17859415839449085,2025-07-14 10:13:52,IMAGE,FEED,4,0,169,73,0,0,4,2025-07-19 17:30:04.115
17841406083211195,17859415839449085,2025-07-14 10:13:52,IMAGE,FEED,4,0,174,76,0,0,4,2025-07-20 17:30:14.568
17841406083211195,17859415839449085,2025-07-14 10:13:52,IMAGE,FEED,4,1,187,85,0,0,5,2025-07-21 17:30:41.019
17841406083211195,17859415839449085,2025-07-14 10:13:52,IMAGE,FEED,4,1,212,91,0,0,5,2025-07-22 17:30:36.351
17841406083211195,17859415839449085,2025-07-14 10:13:52,IMAGE,FEED,4,1,241,96,0,0,5,2025-07-23 17:30:15.890
17841406083211195,17859415839449085,2025-07-14 10:13:52,IMAGE,FEED,4,1,262,100,0,0,5,2025-07-24 17:30:01.600
17841406083211195,17859415839449085,2025-07-14 10:13:52,IMAGE,FEED,4,1,271,104,0,0,5,2025-07-25 17:29:40.356
17841406083211195,17859415839449085,2025-07-14 10:13:52,IMAGE,FEED,4,1,286,108,0,0,5,2025-07-26 17:30:03.786
17841406083211195,17859415839449085,2025-07-14 10:13:52,IMAGE,FEED,4,1,293,112,0,0,5,2025-07-27 17:30:34.305
17841406083211195,17859415839449085,2025-07-14 10:13:52,IMAGE,FEED,4,1,325,119,0,0,5,2025-07-28 17:29:11.645
17841406083211195,17859415839449085,2025-07-14 10:13:52,IMAGE,FEED,4,1,343,124,0,0,5,2025-07-29 17:29:46.530
17841406083211195,17859415839449085,2025-07-14 10:13:52,IMAGE,FEED,4,1,367,128,0,0,5,2025-07-30 17:30:07.344
17841406083211195,17859415839449085,2025-07-14 10:13:52,IMAGE,FEED,4,1,370,128,0,0,5,2025-07-31 17:28:52.260
17841406083211195,17859415839449085,2025-07-14 10:13:52,IMAGE,FEED,4,1,377,129,0,0,5,2025-08-01 17:30:02.453
17841406083211195,17859415839449085,2025-07-14 10:13:52,IMAGE,FEED,4,1,381,129,0,0,5,2025-08-02 17:29:36.154
17841406083211195,17859415839449085,2025-07-14 10:13:52,IMAGE,FEED,4,1,385,129,0,0,5,2025-08-03 17:29:40.177
17841406083211195,17859415839449085,2025-07-14 10:13:52,IMAGE,FEED,4,1,389,129,0,0,5,2025-08-04 17:30:20.392
17841406083211195,17859415839449085,2025-07-14 10:13:52,IMAGE,FEED,5,1,400,130,0,0,6,2025-08-05 17:30:25.824
17841406083211195,17859415839449085,2025-07-14 10:13:52,IMAGE,FEED,5,1,407,131,0,0,6,2025-08-06 17:29:21.815
17841406083211195,17859415839449085,2025-07-14 10:13:52,IMAGE,FEED,5,1,420,131,0,0,6,2025-08-07 17:29:51.651
17841406083211195,17859415839449085,2025-07-14 10:13:52,IMAGE,FEED,5,1,423,132,0,0,6,2025-08-08 17:29:30.437
17841406083211195,17859415839449085,2025-07-14 10:13:52,IMAGE,FEED,5,1,437,132,0,0,6,2025-08-09 17:29:16.352
17841406083211195,17859415839449085,2025-07-14 10:13:52,IMAGE,FEED,5,1,439,132,0,0,6,2025-08-10 17:29:41.094
17841406083211195,17859415839449085,2025-07-14 10:13:52,IMAGE,FEED,5,1,451,133,0,0,6,2025-08-11 17:30:32.965
17841406083211195,17859415839449085,2025-07-14 10:13:52,IMAGE,FEED,5,1,463,133,0,0,6,2025-08-12 17:31:22.348
17841406083211195,17859415839449085,2025-07-14 10:13:52,IMAGE,FEED,5,1,472,134,0,0,6,2025-08-13 17:29:54.294
17841406083211195,17859415839449085,2025-07-14 10:13:52,IMAGE,FEED,5,1,474,134,0,0,6,2025-08-14 17:30:30.704
17841406083211195,17859415839449085,2025-07-14 10:13:52,IMAGE,FEED,5,1,484,134,0,0,6,2025-08-15 17:29:20.116
17841406083211195,17859415839449085,2025-07-14 10:13:52,IMAGE,FEED,5,1,493,134,0,0,6,2025-08-16 17:29:29.898
17841406083211195,17859415839449085,2025-07-14 10:13:52,IMAGE,FEED,5,1,499,135,0,0,6,2025-08-17 17:28:43.181
17841406083211195,17859415839449085,2025-07-14 10:13:52,IMAGE,FEED,5,1,520,135,0,0,6,2025-08-18 17:28:55.670
17841406083211195,17859415839449085,2025-07-14 10:13:52,IMAGE,FEED,5,1,525,135,0,0,6,2025-08-19 17:29:34.432
17841406083211195,17859415839449085,2025-07-14 10:13:52,IMAGE,FEED,5,1,531,136,0,0,6,2025-08-20 17:29:40.872
17841406083211195,17859415839449085,2025-07-14 10:13:52,IMAGE,FEED,5,1,539,136,0,0,6,2025-08-21 17:30:19.078
17841406083211195,17859415839449085,2025-07-14 10:13:52,IMAGE,FEED,5,1,556,137,0,0,6,2025-08-22 17:29:22.417
17841406083211195,17859415839449085,2025-07-14 10:13:52,IMAGE,FEED,5,1,559,137,0,0,6,2025-08-23 17:29:30.930
17841406083211195,17859415839449085,2025-07-14 10:13:52,IMAGE,FEED,5,1,562,137,0,0,6,2025-08-24 17:29:05.931
17841406083211195,17859415839449085,2025-07-14 10:13:52,IMAGE,FEED,5,1,595,137,0,0,6,2025-08-25 17:29:34.731
17841406083211195,17859415839449085,2025-07-14 10:13:52,IMAGE,FEED,5,1,614,140,0,0,6,2025-08-26 17:29:05.587
17841406083211195,17859415839449085,2025-07-14 10:13:52,IMAGE,FEED,5,1,623,140,0,0,6,2025-08-27 17:30:15.463
17841406083211195,17859415839449085,2025-07-14 10:13:52,IMAGE,FEED,5,1,640,140,0,0,6,2025-08-28 17:31:18.228
17841406083211195,17859415839449085,2025-07-14 10:13:52,IMAGE,FEED,5,1,647,140,0,0,6,2025-08-29 17:28:45.768
17841406083211195,17859415839449085,2025-07-14 10:13:52,IMAGE,FEED,5,1,658,140,0,0,6,2025-08-30 17:30:09.892
17841406083211195,17859415839449085,2025-07-14 10:13:52,IMAGE,FEED,5,1,670,140,0,0,6,2025-08-31 17:28:47.924
17841406083211195,17859415839449085,2025-07-14 10:13:52,IMAGE,FEED,5,1,910,147,0,0,6,2025-10-01 04:09:53.345
17841406083211195,17859415839449085,2025-07-14 10:13:52,IMAGE,FEED,5,1,916,147,0,0,6,2025-10-02 04:04:29.519
17841406083211195,17859415839449085,2025-07-14 10:13:52,IMAGE,FEED,5,1,925,147,0,0,6,2025-10-02 17:29:27.076
17841406083211195,17859415839449085,2025-07-14 10:13:52,IMAGE,FEED,5,1,933,147,0,0,6,2025-10-04 17:29:36.064
17841406083211195,17859415839449085,2025-07-14 10:13:52,IMAGE,FEED,5,1,942,147,0,0,6,2025-10-05 17:29:24.317
17841406083211195,17859415839449085,2025-07-14 10:13:52,IMAGE,FEED,5,1,945,148,0,0,6,2025-10-06 17:28:48.558
17841406083211195,17859415839449085,2025-07-14 10:13:52,IMAGE,FEED,5,1,958,149,0,0,6,2025-10-07 17:28:29.271
17841406083211195,17859415839449085,2025-07-14 10:13:52,IMAGE,FEED,5,1,960,149,0,0,6,2025-10-08 17:29:40.359
17841406083211195,17859415839449085,2025-07-14 10:13:52,IMAGE,FEED,5,1,969,149,0,0,6,2025-10-09 17:28:46.169
17841406083211195,17859415839449085,2025-07-14 10:13:52,IMAGE,FEED,5,1,971,149,0,0,6,2025-10-10 17:30:06.543
17841406083211195,17859415839449085,2025-07-14 10:13:52,IMAGE,FEED,5,1,976,149,0,0,6,2025-10-12 17:28:49.788
17841406083211195,17859415839449085,2025-07-14 10:13:52,IMAGE,FEED,5,1,983,149,0,0,6,2025-10-13 17:29:00.305
17841406083211195,17859415839449085,2025-07-14 10:13:52,IMAGE,FEED,5,1,986,149,0,0,6,2025-10-14 17:28:28.921
17841406083211195,17859415839449085,2025-07-14 10:13:52,IMAGE,FEED,5,1,991,149,0,0,6,2025-10-15 17:30:00.906
17841406083211195,17859415839449085,2025-07-14 10:13:52,IMAGE,FEED,5,1,1001,150,0,0,6,2025-10-16 17:29:06.177
17841406083211195,17859415839449085,2025-07-14 10:13:52,IMAGE,FEED,5,1,1014,150,0,0,6,2025-10-17 17:30:04.043
17841406083211195,17859415839449085,2025-07-14 10:13:52,IMAGE,FEED,5,1,1017,150,0,0,6,2025-10-18 17:28:35.977
17841406083211195,17859415839449085,2025-07-14 10:13:52,IMAGE,FEED,5,1,1018,150,0,0,6,2025-10-19 17:28:40.301
17841406083211195,17859415839449085,2025-07-14 10:13:52,IMAGE,FEED,5,1,1020,150,0,0,6,2025-10-20 17:29:27.069
17841406083211195,17859415839449085,2025-07-14 10:13:52,IMAGE,FEED,5,1,1022,150,0,0,6,2025-10-21 17:28:47.404
17841406083211195,17859415839449085,2025-07-14 10:13:52,IMAGE,FEED,5,1,1026,150,0,0,6,2025-10-22 17:29:00.829
17841406083211195,17859415839449085,2025-07-14 10:13:52,IMAGE,FEED,5,1,1039,150,0,0,6,2025-10-23 17:28:36.357
17841406083211195,17859415839449085,2025-07-14 10:13:52,IMAGE,FEED,5,1,1044,150,0,0,6,2025-10-27 17:28:53.352
17841406083211195,17859415839449085,2025-07-14 10:13:52,IMAGE,FEED,5,1,1046,150,0,0,6,2025-10-28 17:29:49.188
17841406083211195,17859415839449085,2025-07-14 10:13:52,IMAGE,FEED,5,1,1049,150,0,0,6,2025-10-29 17:29:38.420
17841406083211195,17859415839449085,2025-07-14 10:13:52,IMAGE,FEED,5,1,1055,150,0,0,6,2025-10-31 17:29:10.254
17841406083211195,17859415839449085,2025-07-14 10:13:52,IMAGE,FEED,5,1,1056,150,0,0,6,2025-11-02 17:29:05.351
17841406083211195,17859415839449085,2025-07-14 10:13:52,IMAGE,FEED,5,1,1058,151,0,0,6,2025-11-04 17:28:28.081
17841406083211195,17859415839449085,2025-07-14 10:13:52,IMAGE,FEED,5,1,1063,151,0,0,6,2025-11-06 17:28:50.924
17841406083211195,17859415839449085,2025-07-14 10:13:52,IMAGE,FEED,5,1,1067,151,0,0,6,2025-11-07 17:29:10.484
17841406083211195,17859415839449085,2025-07-14 10:13:52,IMAGE,FEED,5,1,1072,151,0,0,6,2025-11-09 17:28:46.284
17841406083211195,17859415839449085,2025-07-14 10:13:52,IMAGE,FEED,5,1,1076,151,0,0,6,2025-11-10 17:29:14.407
17841406083211195,17859415839449085,2025-07-14 10:13:52,IMAGE,FEED,5,1,1081,151,0,0,6,2025-11-11 17:29:05.809
17841406083211195,17859415839449085,2025-07-14 10:13:52,IMAGE,FEED,5,1,1086,152,0,0,6,2025-11-12 17:29:04.434
17841406083211195,17859415839449085,2025-07-14 10:13:52,IMAGE,FEED,5,1,1089,152,0,0,6,2025-11-13 17:29:31.142
17841406083211195,17859415839449085,2025-07-14 10:13:52,IMAGE,FEED,5,1,1092,152,0,0,6,2025-11-14 17:29:08.312
17841406083211195,17859415839449085,2025-07-14 10:13:52,IMAGE,FEED,5,1,1100,152,0,0,6,2025-11-16 17:29:49.618
17841406083211195,17859415839449085,2025-07-14 10:13:52,IMAGE,FEED,5,1,1106,152,0,0,6,2025-11-18 17:29:03.775
17841406083211195,17859415839449085,2025-07-14 10:13:52,IMAGE,FEED,5,1,1110,153,0,0,6,2025-11-19 17:35:11.181
17841406083211195,17859415839449085,2025-07-14 10:13:52,IMAGE,FEED,5,1,1111,153,0,0,6,2025-11-20 17:35:45.154
17841406083211195,17859415839449085,2025-07-14 10:13:52,IMAGE,FEED,5,1,1115,154,0,0,6,2025-11-21 17:35:36.095
17841406083211195,17859415839449085,2025-07-14 10:13:52,IMAGE,FEED,5,1,1117,154,0,0,6,2025-11-24 17:36:14.921
17841406083211195,17859415839449085,2025-07-14 10:13:52,IMAGE,FEED,5,1,1119,154,0,0,6,2025-11-25 17:34:34.024
17841406083211195,17859415839449085,2025-07-14 10:13:52,IMAGE,FEED,5,1,1120,154,0,0,6,2025-11-26 17:37:08.506
17841406083211195,17859415839449085,2025-07-14 10:13:52,IMAGE,FEED,5,1,1121,154,0,0,6,2025-11-28 17:35:14.151
17841406083211195,17859415839449085,2025-07-14 10:13:52,IMAGE,FEED,5,1,1124,154,0,0,6,2025-11-29 17:36:00.642
17841406083211195,17859415839449085,2025-07-14 10:13:52,IMAGE,FEED,5,1,1124,155,0,0,6,2025-11-30 17:33:37.937
17841406083211195,17859415839449085,2025-07-14 10:13:52,IMAGE,FEED,5,1,1125,155,0,0,6,2025-12-01 17:33:45.594
17841406083211195,17859415839449085,2025-07-14 10:13:52,IMAGE,FEED,5,1,1126,155,0,0,6,2025-12-02 17:35:07.730
17841406083211195,17859415839449085,2025-07-14 10:13:52,IMAGE,FEED,5,1,1130,155,0,0,6,2025-12-03 17:36:28.745
17841406083211195,17859415839449085,2025-07-14 10:13:52,IMAGE,FEED,5,1,1134,156,0,0,6,2025-12-05 17:34:34.770
17841406083211195,17859415839449085,2025-07-14 10:13:52,IMAGE,FEED,5,1,1135,156,0,0,6,2025-12-06 17:35:08.203
17841406083211195,17859415839449085,2025-07-14 10:13:52,IMAGE,FEED,5,1,1136,157,0,0,6,2025-12-07 17:33:28.017
17841406083211195,17859415839449085,2025-07-14 10:13:52,IMAGE,FEED,5,1,1138,157,0,0,6,2025-12-08 17:33:12.763
17841406083211195,17859415839449085,2025-07-14 10:13:52,IMAGE,FEED,5,1,1139,157,0,0,6,2025-12-09 17:35:25.121
17841406083211195,17859415839449085,2025-07-14 10:13:52,IMAGE,FEED,5,1,1142,158,0,0,6,2025-12-11 17:33:40.056
17841406083211195,17859415839449085,2025-07-14 10:13:52,IMAGE,FEED,5,1,1144,158,0,0,6,2025-12-12 17:35:25.287
17841406083211195,17859415839449085,2025-07-14 10:13:52,IMAGE,FEED,5,1,1148,158,0,0,6,2025-12-17 17:29:02.285
17841406083211195,17859415839449085,2025-07-14 10:13:52,IMAGE,FEED,5,1,1150,158,0,0,6,2025-12-21 17:29:53.713
17841406083211195,17859415839449085,2025-07-14 10:13:52,IMAGE,FEED,5,1,1153,158,0,0,6,2025-12-22 17:28:44.208
17841406083211195,17859415839449085,2025-07-14 10:13:52,IMAGE,FEED,5,1,1158,158,0,0,6,2025-12-24 17:29:12.924
17841406083211195,17859415839449085,2025-07-14 10:13:52,IMAGE,FEED,5,1,1160,159,0,0,6,2025-12-25 17:29:25.136
17841406083211195,17859622296468201,2025-08-18 10:29:47,IMAGE,FEED,4,0,74,43,0,0,4,2025-08-18 17:28:49.016
17841406083211195,17859622296468201,2025-08-18 10:29:47,IMAGE,FEED,5,0,129,61,0,0,5,2025-08-19 17:29:25.988
17841406083211195,17859622296468201,2025-08-18 10:29:47,IMAGE,FEED,5,0,166,65,0,0,5,2025-08-20 17:29:40.861
17841406083211195,17859622296468201,2025-08-18 10:29:47,IMAGE,FEED,5,0,293,74,0,0,5,2025-08-21 17:30:19.072
17841406083211195,17859622296468201,2025-08-18 10:29:47,IMAGE,FEED,5,0,354,77,0,0,5,2025-08-22 17:29:22.408
17841406083211195,17859622296468201,2025-08-18 10:29:47,IMAGE,FEED,5,0,373,81,0,0,5,2025-08-23 17:29:30.923
17841406083211195,17859622296468201,2025-08-18 10:29:47,IMAGE,FEED,5,0,388,83,0,0,5,2025-08-24 17:29:05.924
17841406083211195,17859622296468201,2025-08-18 10:29:47,IMAGE,FEED,5,0,455,86,0,0,5,2025-08-25 17:29:34.726
17841406083211195,17859622296468201,2025-08-18 10:29:47,IMAGE,FEED,5,0,516,91,0,0,5,2025-08-26 17:29:05.576
17841406083211195,17859622296468201,2025-08-18 10:29:47,IMAGE,FEED,5,0,556,93,0,0,5,2025-08-27 17:30:15.453
17841406083211195,17859622296468201,2025-08-18 10:29:47,IMAGE,FEED,5,0,629,99,0,0,5,2025-08-28 17:31:18.223
17841406083211195,17859622296468201,2025-08-18 10:29:47,IMAGE,FEED,5,0,659,101,0,0,5,2025-08-29 17:28:45.764
17841406083211195,17859622296468201,2025-08-18 10:29:47,IMAGE,FEED,5,0,682,103,0,0,5,2025-08-30 17:30:09.888
17841406083211195,17859622296468201,2025-08-18 10:29:47,IMAGE,FEED,5,0,716,105,0,0,5,2025-08-31 17:28:47.917
17841406083211195,17859622296468201,2025-08-18 10:29:47,IMAGE,FEED,5,1,1341,123,0,0,6,2025-10-01 04:09:53.334
17841406083211195,17859622296468201,2025-08-18 10:29:47,IMAGE,FEED,5,1,1372,123,0,0,6,2025-10-01 17:29:53.141
17841406083211195,17859622296468201,2025-08-18 10:29:47,IMAGE,FEED,5,1,1380,123,0,0,6,2025-10-02 02:39:18.151
17841406083211195,17859622296468201,2025-08-18 10:29:47,IMAGE,FEED,5,1,1385,123,0,0,6,2025-10-02 04:04:29.512
17841406083211195,17859622296468201,2025-08-18 10:29:47,IMAGE,FEED,5,1,1402,123,0,0,6,2025-10-02 17:29:27.070
17841406083211195,17859622296468201,2025-08-18 10:29:47,IMAGE,FEED,5,1,1423,124,0,0,6,2025-10-03 17:29:13.353
17841406083211195,17859622296468201,2025-08-18 10:29:47,IMAGE,FEED,5,1,1425,124,0,0,6,2025-10-04 17:29:36.057
17841406083211195,17859622296468201,2025-08-18 10:29:47,IMAGE,FEED,5,1,1429,124,0,0,6,2025-10-05 17:29:24.309
17841406083211195,17859622296468201,2025-08-18 10:29:47,IMAGE,FEED,5,1,1435,125,0,0,6,2025-10-06 17:28:48.551
17841406083211195,17859622296468201,2025-08-18 10:29:47,IMAGE,FEED,5,1,1449,126,0,0,6,2025-10-07 17:28:29.265
17841406083211195,17859622296468201,2025-08-18 10:29:47,IMAGE,FEED,5,1,1459,126,0,0,6,2025-10-08 17:29:40.355
17841406083211195,17859622296468201,2025-08-18 10:29:47,IMAGE,FEED,5,1,1474,126,0,0,6,2025-10-09 17:28:46.162
17841406083211195,17859622296468201,2025-08-18 10:29:47,IMAGE,FEED,5,1,1479,127,0,0,6,2025-10-10 17:30:06.540
17841406083211195,17859622296468201,2025-08-18 10:29:47,IMAGE,FEED,5,1,1481,127,0,0,6,2025-10-11 17:28:30.965
17841406083211195,17859622296468201,2025-08-18 10:29:47,IMAGE,FEED,5,1,1482,127,0,0,6,2025-10-12 17:28:49.780
17841406083211195,17859622296468201,2025-08-18 10:29:47,IMAGE,FEED,5,1,1490,127,0,0,6,2025-10-13 17:28:53.152
17841406083211195,17859622296468201,2025-08-18 10:29:47,IMAGE,FEED,5,1,1498,127,0,0,6,2025-10-14 17:28:21.202
17841406083211195,17859622296468201,2025-08-18 10:29:47,IMAGE,FEED,5,1,1510,127,0,0,6,2025-10-15 17:29:48.873
17841406083211195,17859622296468201,2025-08-18 10:29:47,IMAGE,FEED,5,1,1516,128,0,0,6,2025-10-16 17:28:56.611
17841406083211195,17859622296468201,2025-08-18 10:29:47,IMAGE,FEED,5,1,1532,128,0,0,6,2025-10-17 17:29:48.784
17841406083211195,17859622296468201,2025-08-18 10:29:47,IMAGE,FEED,5,1,1536,128,0,0,6,2025-10-18 17:28:28.240
17841406083211195,17859622296468201,2025-08-18 10:29:47,IMAGE,FEED,5,1,1538,128,0,0,6,2025-10-19 17:28:32.831
17841406083211195,17859622296468201,2025-08-18 10:29:47,IMAGE,FEED,5,1,1540,128,0,0,6,2025-10-20 17:29:18.455
17841406083211195,17859622296468201,2025-08-18 10:29:47,IMAGE,FEED,5,1,1545,128,0,0,6,2025-10-21 17:28:38.451
17841406083211195,17859622296468201,2025-08-18 10:29:47,IMAGE,FEED,5,1,1549,129,0,0,6,2025-10-22 17:28:54.476
17841406083211195,17859622296468201,2025-08-18 10:29:47,IMAGE,FEED,5,1,1569,129,0,0,6,2025-10-23 17:28:30.281
17841406083211195,17859622296468201,2025-08-18 10:29:47,IMAGE,FEED,5,1,1578,129,0,0,6,2025-10-24 17:28:52.173
17841406083211195,17859622296468201,2025-08-18 10:29:47,IMAGE,FEED,5,1,1585,130,0,0,6,2025-10-25 17:30:00.337
17841406083211195,17859622296468201,2025-08-18 10:29:47,IMAGE,FEED,5,1,1586,130,0,0,6,2025-10-27 17:28:46.984
17841406083211195,17859622296468201,2025-08-18 10:29:47,IMAGE,FEED,5,1,1603,130,0,0,6,2025-10-28 17:29:42.165
17841406083211195,17859622296468201,2025-08-18 10:29:47,IMAGE,FEED,5,1,1605,130,0,0,6,2025-10-29 17:29:27.584
17841406083211195,17859622296468201,2025-08-18 10:29:47,IMAGE,FEED,5,1,1616,131,0,0,6,2025-10-31 17:29:01.877
17841406083211195,17859622296468201,2025-08-18 10:29:47,IMAGE,FEED,5,1,1617,131,0,0,6,2025-11-01 17:29:16.505
17841406083211195,17859622296468201,2025-08-18 10:29:47,IMAGE,FEED,5,1,1618,131,0,0,6,2025-11-02 17:28:55.092
17841406083211195,17859622296468201,2025-08-18 10:29:47,IMAGE,FEED,5,1,1620,131,0,0,6,2025-11-03 17:28:49.519
17841406083211195,17859622296468201,2025-08-18 10:29:47,IMAGE,FEED,5,1,1624,131,0,0,6,2025-11-04 17:28:20.660
17841406083211195,17859622296468201,2025-08-18 10:29:47,IMAGE,FEED,5,1,1628,131,0,0,6,2025-11-06 17:28:43.520
17841406083211195,17859622296468201,2025-08-18 10:29:47,IMAGE,FEED,5,1,1633,131,0,0,6,2025-11-07 17:29:10.480
17841406083211195,17859622296468201,2025-08-18 10:29:47,IMAGE,FEED,5,1,1639,131,0,0,6,2025-11-08 17:29:31.829
17841406083211195,17859622296468201,2025-08-18 10:29:47,IMAGE,FEED,5,1,1640,131,0,0,6,2025-11-09 17:28:46.276
17841406083211195,17859622296468201,2025-08-18 10:29:47,IMAGE,FEED,5,1,1648,132,0,0,6,2025-11-10 17:29:14.399
17841406083211195,17859622296468201,2025-08-18 10:29:47,IMAGE,FEED,5,1,1653,132,0,0,6,2025-11-11 17:29:05.805
17841406083211195,17859622296468201,2025-08-18 10:29:47,IMAGE,FEED,5,1,1657,133,0,0,6,2025-11-12 17:29:04.428
17841406083211195,17859622296468201,2025-08-18 10:29:47,IMAGE,FEED,5,1,1661,133,0,0,6,2025-11-13 17:29:31.131
17841406083211195,17859622296468201,2025-08-18 10:29:47,IMAGE,FEED,5,1,1668,133,0,0,6,2025-11-14 17:29:08.308
17841406083211195,17859622296468201,2025-08-18 10:29:47,IMAGE,FEED,5,1,1681,133,0,0,6,2025-11-15 17:30:56.068
17841406083211195,17859622296468201,2025-08-18 10:29:47,IMAGE,FEED,5,1,1683,133,0,0,6,2025-11-16 17:29:49.612
17841406083211195,17859622296468201,2025-08-18 10:29:47,IMAGE,FEED,5,1,1687,133,0,0,6,2025-11-17 17:29:12.862
17841406083211195,17859622296468201,2025-08-18 10:29:47,IMAGE,FEED,5,1,1692,134,0,0,6,2025-11-18 17:29:03.770
17841406083211195,17859622296468201,2025-08-18 10:29:47,IMAGE,FEED,5,1,1701,136,0,0,6,2025-11-19 17:35:11.177
17841406083211195,17859622296468201,2025-08-18 10:29:47,IMAGE,FEED,5,1,1703,136,0,0,6,2025-11-20 17:35:45.150
17841406083211195,17859622296468201,2025-08-18 10:29:47,IMAGE,FEED,5,1,1710,136,0,0,6,2025-11-21 17:35:36.088
17841406083211195,17859622296468201,2025-08-18 10:29:47,IMAGE,FEED,5,1,1714,136,0,0,6,2025-11-22 17:33:42.552
17841406083211195,17859622296468201,2025-08-18 10:29:47,IMAGE,FEED,5,1,1716,136,0,0,6,2025-11-23 17:33:11.044
17841406083211195,17859622296468201,2025-08-18 10:29:47,IMAGE,FEED,5,1,1718,136,0,0,6,2025-11-24 17:36:14.918
17841406083211195,17859622296468201,2025-08-18 10:29:47,IMAGE,FEED,5,1,1720,136,0,0,6,2025-11-25 17:34:34.021
17841406083211195,17859622296468201,2025-08-18 10:29:47,IMAGE,FEED,5,1,1722,136,0,0,6,2025-11-26 17:37:08.497
17841406083211195,17859622296468201,2025-08-18 10:29:47,IMAGE,FEED,5,1,1725,136,0,0,6,2025-11-28 17:35:14.147
17841406083211195,17859622296468201,2025-08-18 10:29:47,IMAGE,FEED,5,1,1728,136,0,0,6,2025-11-29 17:36:00.636
17841406083211195,17859622296468201,2025-08-18 10:29:47,IMAGE,FEED,5,1,1729,137,0,0,6,2025-11-30 17:33:37.931
17841406083211195,17859622296468201,2025-08-18 10:29:47,IMAGE,FEED,5,1,1736,138,0,0,6,2025-12-02 17:35:07.721
17841406083211195,17859622296468201,2025-08-18 10:29:47,IMAGE,FEED,5,1,1740,138,0,0,6,2025-12-03 17:36:28.739
17841406083211195,17859622296468201,2025-08-18 10:29:47,IMAGE,FEED,5,1,1744,138,0,0,6,2025-12-04 17:34:30.947
17841406083211195,17859622296468201,2025-08-18 10:29:47,IMAGE,FEED,5,1,1745,138,0,0,6,2025-12-05 17:34:34.761
17841406083211195,17859622296468201,2025-08-18 10:29:47,IMAGE,FEED,5,1,1746,138,0,0,6,2025-12-07 17:33:28.011
17841406083211195,17859622296468201,2025-08-18 10:29:47,IMAGE,FEED,5,1,1747,138,0,0,6,2025-12-08 17:33:12.756
17841406083211195,17859622296468201,2025-08-18 10:29:47,IMAGE,FEED,5,1,1748,138,0,0,6,2025-12-09 17:35:25.115
17841406083211195,17859622296468201,2025-08-18 10:29:47,IMAGE,FEED,5,1,1754,138,0,0,6,2025-12-10 17:36:05.385
17841406083211195,17859622296468201,2025-08-18 10:29:47,IMAGE,FEED,5,1,1755,138,0,0,6,2025-12-11 17:33:40.053
17841406083211195,17859622296468201,2025-08-18 10:29:47,IMAGE,FEED,5,1,1756,138,0,0,6,2025-12-12 17:35:25.283
17841406083211195,17859622296468201,2025-08-18 10:29:47,IMAGE,FEED,5,1,1760,138,0,0,6,2025-12-15 17:36:51.712
17841406083211195,17859622296468201,2025-08-18 10:29:47,IMAGE,FEED,5,1,1761,138,0,0,6,2025-12-17 17:28:51.593
17841406083211195,17859622296468201,2025-08-18 10:29:47,IMAGE,FEED,5,1,1763,138,0,0,6,2025-12-18 17:31:02.206
17841406083211195,17859622296468201,2025-08-18 10:29:47,IMAGE,FEED,5,1,1764,139,0,0,6,2025-12-21 17:29:45.208
17841406083211195,17859622296468201,2025-08-18 10:29:47,IMAGE,FEED,5,1,1765,139,0,0,6,2025-12-25 17:29:11.615
17841406083211195,17859766287514858,2025-10-09 10:31:09,IMAGE,FEED,4,0,97,52,0,1,5,2025-10-09 17:28:40.931
17841406083211195,17859766287514858,2025-10-09 10:31:09,IMAGE,FEED,6,0,452,307,0,1,7,2025-10-10 17:30:00.887
17841406083211195,17859766287514858,2025-10-09 10:31:09,IMAGE,FEED,6,0,496,316,0,1,7,2025-10-11 17:28:26.223
17841406083211195,17859766287514858,2025-10-09 10:31:09,IMAGE,FEED,6,0,503,319,0,1,7,2025-10-12 17:28:43.715
17841406083211195,17859766287514858,2025-10-09 10:31:09,IMAGE,FEED,6,0,576,328,0,1,7,2025-10-13 17:28:53.161
17841406083211195,17859766287514858,2025-10-09 10:31:09,IMAGE,FEED,6,0,632,334,0,1,7,2025-10-14 17:28:21.212
17841406083211195,17859766287514858,2025-10-09 10:31:09,IMAGE,FEED,6,0,692,338,0,1,7,2025-10-15 17:29:48.882
17841406083211195,17859766287514858,2025-10-09 10:31:09,IMAGE,FEED,7,0,742,341,0,1,8,2025-10-16 17:28:56.621
17841406083211195,17859766287514858,2025-10-09 10:31:09,IMAGE,FEED,18,0,856,357,0,1,19,2025-10-17 17:29:48.795
17841406083211195,17859766287514858,2025-10-09 10:31:09,IMAGE,FEED,18,0,870,359,0,1,19,2025-10-18 17:28:28.254
17841406083211195,17859766287514858,2025-10-09 10:31:09,IMAGE,FEED,18,0,891,362,0,1,19,2025-10-19 17:28:32.840
17841406083211195,17859766287514858,2025-10-09 10:31:09,IMAGE,FEED,18,0,927,366,0,1,19,2025-10-20 17:29:18.465
17841406083211195,17859766287514858,2025-10-09 10:31:09,IMAGE,FEED,18,0,952,367,0,1,19,2025-10-21 17:28:38.457
17841406083211195,17859766287514858,2025-10-09 10:31:09,IMAGE,FEED,18,0,993,368,0,1,19,2025-10-22 17:28:54.485
17841406083211195,17859766287514858,2025-10-09 10:31:09,IMAGE,FEED,18,0,1037,368,0,1,19,2025-10-23 17:28:30.289
17841406083211195,17859766287514858,2025-10-09 10:31:09,IMAGE,FEED,18,0,1074,371,0,1,19,2025-10-24 17:28:52.181
17841406083211195,17859766287514858,2025-10-09 10:31:09,IMAGE,FEED,18,0,1100,372,0,1,19,2025-10-25 17:30:00.349
17841406083211195,17859766287514858,2025-10-09 10:31:09,IMAGE,FEED,18,0,1105,372,0,1,19,2025-10-26 17:30:15.229
17841406083211195,17859766287514858,2025-10-09 10:31:09,IMAGE,FEED,18,0,1112,372,0,1,19,2025-10-27 17:28:46.999
17841406083211195,17859766287514858,2025-10-09 10:31:09,IMAGE,FEED,18,0,1138,372,0,1,19,2025-10-28 17:29:42.170
17841406083211195,17859766287514858,2025-10-09 10:31:09,IMAGE,FEED,18,0,1177,372,0,1,19,2025-10-29 17:29:27.590
17841406083211195,17859766287514858,2025-10-09 10:31:09,IMAGE,FEED,18,0,1224,372,0,1,19,2025-10-30 17:30:15.095
17841406083211195,17859766287514858,2025-10-09 10:31:09,IMAGE,FEED,18,0,1237,372,0,1,19,2025-10-31 17:29:01.882
17841406083211195,17859766287514858,2025-10-09 10:31:09,IMAGE,FEED,18,0,1241,372,0,1,19,2025-11-01 17:29:16.510
17841406083211195,17859766287514858,2025-10-09 10:31:09,IMAGE,FEED,18,0,1248,372,0,1,19,2025-11-02 17:28:55.103
17841406083211195,17859766287514858,2025-10-09 10:31:09,IMAGE,FEED,18,0,1258,372,0,1,19,2025-11-03 17:28:49.524
17841406083211195,17859766287514858,2025-10-09 10:31:09,IMAGE,FEED,18,0,1268,372,0,1,19,2025-11-04 17:28:20.665
17841406083211195,17859766287514858,2025-10-09 10:31:09,IMAGE,FEED,18,0,1280,372,0,1,19,2025-11-05 17:28:28.352
17841406083211195,17859766287514858,2025-10-09 10:31:09,IMAGE,FEED,18,0,1303,372,0,1,19,2025-11-06 17:28:43.527
17841406083211195,17859766287514858,2025-10-09 10:31:09,IMAGE,FEED,18,0,1315,373,0,1,19,2025-11-07 17:29:01.089
17841406083211195,17859766287514858,2025-10-09 10:31:09,IMAGE,FEED,18,0,1325,373,0,1,19,2025-11-08 17:29:24.262
17841406083211195,17859766287514858,2025-10-09 10:31:09,IMAGE,FEED,18,0,1336,373,0,1,19,2025-11-09 17:28:38.966
17841406083211195,17859766287514858,2025-10-09 10:31:09,IMAGE,FEED,18,0,1353,373,0,1,19,2025-11-10 17:29:07.645
17841406083211195,17859766287514858,2025-10-09 10:31:09,IMAGE,FEED,18,0,1364,373,0,1,19,2025-11-11 17:28:56.856
17841406083211195,17859766287514858,2025-10-09 10:31:09,IMAGE,FEED,18,0,1379,373,0,1,19,2025-11-12 17:28:57.517
17841406083211195,17859766287514858,2025-10-09 10:31:09,IMAGE,FEED,18,0,1387,373,0,1,19,2025-11-13 17:29:19.507
17841406083211195,17859766287514858,2025-10-09 10:31:09,IMAGE,FEED,18,0,1409,373,0,1,19,2025-11-14 17:29:00.545
17841406083211195,17859766287514858,2025-10-09 10:31:09,IMAGE,FEED,18,0,1431,373,0,1,20,2025-11-15 17:30:46.805
17841406083211195,17859766287514858,2025-10-09 10:31:09,IMAGE,FEED,18,0,1441,374,0,1,20,2025-11-16 17:29:40.692
17841406083211195,17859766287514858,2025-10-09 10:31:09,IMAGE,FEED,18,0,1454,374,0,1,20,2025-11-17 17:29:03.606
17841406083211195,17859766287514858,2025-10-09 10:31:09,IMAGE,FEED,18,0,1464,374,0,1,20,2025-11-18 17:28:56.199
17841406083211195,17859766287514858,2025-10-09 10:31:09,IMAGE,FEED,18,0,1495,377,0,1,20,2025-11-19 17:35:38.990
17841406083211195,17859766287514858,2025-10-09 10:31:09,IMAGE,FEED,18,0,1509,378,0,1,20,2025-11-20 17:36:09.356
17841406083211195,17859766287514858,2025-10-09 10:31:09,IMAGE,FEED,18,0,1518,378,0,1,20,2025-11-21 17:35:55.883
17841406083211195,17859766287514858,2025-10-09 10:31:09,IMAGE,FEED,18,0,1527,379,0,1,20,2025-11-22 17:33:59.875
17841406083211195,17859766287514858,2025-10-09 10:31:09,IMAGE,FEED,18,0,1537,379,0,1,20,2025-11-23 17:33:27.486
17841406083211195,17859766287514858,2025-10-09 10:31:09,IMAGE,FEED,18,0,1543,379,0,1,20,2025-11-24 17:36:35.487
17841406083211195,17859766287514858,2025-10-09 10:31:09,IMAGE,FEED,18,0,1550,380,0,1,20,2025-11-25 17:34:52.771
17841406083211195,17859766287514858,2025-10-09 10:31:09,IMAGE,FEED,18,0,1559,380,0,1,20,2025-11-26 17:37:34.800
17841406083211195,17859766287514858,2025-10-09 10:31:09,IMAGE,FEED,18,0,1564,380,0,1,20,2025-11-27 17:34:42.521
17841406083211195,17859766287514858,2025-10-09 10:31:09,IMAGE,FEED,18,0,1567,380,0,1,20,2025-11-28 17:35:39.729
17841406083211195,17859766287514858,2025-10-09 10:31:09,IMAGE,FEED,18,0,1569,380,0,1,20,2025-11-29 17:36:27.543
17841406083211195,17859766287514858,2025-10-09 10:31:09,IMAGE,FEED,18,0,1570,380,0,1,20,2025-11-30 17:33:54.624
17841406083211195,17859766287514858,2025-10-09 10:31:09,IMAGE,FEED,18,0,1575,380,0,1,20,2025-12-01 17:34:00.994
17841406083211195,17859766287514858,2025-10-09 10:31:09,IMAGE,FEED,18,0,1577,380,0,1,20,2025-12-02 17:35:28.475
17841406083211195,17859766287514858,2025-10-09 10:31:09,IMAGE,FEED,18,0,1589,381,0,1,20,2025-12-03 17:36:45.842
17841406083211195,17859766287514858,2025-10-09 10:31:09,IMAGE,FEED,18,0,1600,381,0,1,20,2025-12-04 17:34:52.055
17841406083211195,17859766287514858,2025-10-09 10:31:09,IMAGE,FEED,18,0,1601,381,0,1,20,2025-12-05 17:34:50.236
17841406083211195,17859766287514858,2025-10-09 10:31:09,IMAGE,FEED,18,0,1604,381,0,1,20,2025-12-06 17:35:26.333
17841406083211195,17859766287514858,2025-10-09 10:31:09,IMAGE,FEED,18,0,1608,383,0,1,20,2025-12-07 17:33:44.794
17841406083211195,17859766287514858,2025-10-09 10:31:09,IMAGE,FEED,18,0,1609,383,0,1,20,2025-12-08 17:33:32.914
17841406083211195,17859766287514858,2025-10-09 10:31:09,IMAGE,FEED,18,0,1616,383,0,1,20,2025-12-09 17:35:43.785
17841406083211195,17859766287514858,2025-10-09 10:31:09,IMAGE,FEED,18,0,1620,383,0,1,20,2025-12-10 17:36:27.789
17841406083211195,17859766287514858,2025-10-09 10:31:09,IMAGE,FEED,18,0,1622,383,0,1,20,2025-12-11 17:33:56.849
17841406083211195,17859766287514858,2025-10-09 10:31:09,IMAGE,FEED,18,0,1624,383,0,1,20,2025-12-12 17:35:50.535
17841406083211195,17859766287514858,2025-10-09 10:31:09,IMAGE,FEED,18,0,1629,383,0,1,20,2025-12-15 06:34:20.231
17841406083211195,17859766287514858,2025-10-09 10:31:09,IMAGE,FEED,18,0,1633,383,0,1,20,2025-12-15 17:37:13.500
17841406083211195,17859766287514858,2025-10-09 10:31:09,IMAGE,FEED,18,0,1637,383,0,1,20,2025-12-17 17:28:51.598
17841406083211195,17859766287514858,2025-10-09 10:31:09,IMAGE,FEED,18,0,1645,383,0,1,20,2025-12-21 17:29:45.215
17841406083211195,17859766287514858,2025-10-09 10:31:09,IMAGE,FEED,18,0,1646,383,0,1,20,2025-12-22 17:28:37.821
17841406083211195,17859766287514858,2025-10-09 10:31:09,IMAGE,FEED,18,0,1648,383,0,1,20,2025-12-23 17:28:36.753
17841406083211195,17859766287514858,2025-10-09 10:31:09,IMAGE,FEED,18,0,1649,383,0,1,20,2025-12-24 17:29:04.455
17841406083211195,17859766287514858,2025-10-09 10:31:09,IMAGE,FEED,18,0,1650,384,0,1,20,2025-12-25 17:29:11.620
17841406083211195,17862737160407496,2025-06-01 05:14:49,IMAGE,FEED,13,0,289,202,0,6,19,2025-06-01 17:29:38.728
17841406083211195,17862737160407496,2025-06-01 05:14:49,IMAGE,FEED,15,0,387,264,0,6,21,2025-06-02 17:30:36.025
17841406083211195,17862737160407496,2025-06-01 05:14:49,IMAGE,FEED,15,0,421,271,0,6,21,2025-06-03 17:29:40.478
17841406083211195,17862737160407496,2025-06-01 05:14:49,IMAGE,FEED,15,0,445,276,0,6,21,2025-06-04 17:30:00.717
17841406083211195,17862737160407496,2025-06-01 05:14:49,IMAGE,FEED,15,0,456,279,0,6,21,2025-06-05 17:30:15.493
17841406083211195,17862737160407496,2025-06-01 05:14:49,IMAGE,FEED,15,0,619,315,0,6,21,2025-07-03 03:00:02.146
17841406083211195,17862737160407496,2025-06-01 05:14:49,IMAGE,FEED,15,0,620,315,0,6,21,2025-07-03 17:29:59.210
17841406083211195,17862737160407496,2025-06-01 05:14:49,IMAGE,FEED,15,0,625,315,0,6,21,2025-07-04 17:30:58.673
17841406083211195,17862737160407496,2025-06-01 05:14:49,IMAGE,FEED,15,0,626,315,0,6,21,2025-07-05 17:29:52.047
17841406083211195,17862737160407496,2025-06-01 05:14:49,IMAGE,FEED,15,0,631,315,0,6,21,2025-07-06 17:30:30.241
17841406083211195,17862737160407496,2025-06-01 05:14:49,IMAGE,FEED,15,0,633,315,0,6,21,2025-07-07 17:30:38.832
17841406083211195,17862737160407496,2025-06-01 05:14:49,IMAGE,FEED,15,0,640,316,0,6,21,2025-07-08 17:29:53.750
17841406083211195,17862737160407496,2025-06-01 05:14:49,IMAGE,FEED,15,0,643,316,0,6,21,2025-07-09 17:30:26.366
17841406083211195,17862737160407496,2025-06-01 05:14:49,IMAGE,FEED,15,0,647,316,0,6,21,2025-07-10 17:29:17.354
17841406083211195,17862737160407496,2025-06-01 05:14:49,IMAGE,FEED,15,0,649,316,0,6,21,2025-07-11 17:29:41.222
17841406083211195,17862737160407496,2025-06-01 05:14:49,IMAGE,FEED,15,0,653,316,0,6,21,2025-07-13 17:29:26.774
17841406083211195,17862737160407496,2025-06-01 05:14:49,IMAGE,FEED,15,0,655,316,0,6,21,2025-07-14 17:30:26.679
17841406083211195,17862737160407496,2025-06-01 05:14:49,IMAGE,FEED,15,0,662,316,0,6,21,2025-07-15 17:29:51.513
17841406083211195,17862737160407496,2025-06-01 05:14:49,IMAGE,FEED,15,0,664,317,0,6,21,2025-07-16 17:30:05.713
17841406083211195,17862737160407496,2025-06-01 05:14:49,IMAGE,FEED,15,0,675,319,0,6,21,2025-07-17 17:29:49.518
17841406083211195,17862737160407496,2025-06-01 05:14:49,IMAGE,FEED,15,0,683,319,0,6,21,2025-07-18 17:29:48.370
17841406083211195,17862737160407496,2025-06-01 05:14:49,IMAGE,FEED,15,0,690,320,0,6,21,2025-07-20 17:30:14.570
17841406083211195,17862737160407496,2025-06-01 05:14:49,IMAGE,FEED,15,0,691,320,0,6,21,2025-07-21 17:30:41.021
17841406083211195,17862737160407496,2025-06-01 05:14:49,IMAGE,FEED,15,0,698,322,0,6,21,2025-07-22 17:30:36.352
17841406083211195,17862737160407496,2025-06-01 05:14:49,IMAGE,FEED,15,0,702,323,0,6,21,2025-07-23 17:30:15.893
17841406083211195,17862737160407496,2025-06-01 05:14:49,IMAGE,FEED,15,0,719,324,0,6,21,2025-07-24 17:30:01.601
17841406083211195,17862737160407496,2025-06-01 05:14:49,IMAGE,FEED,15,0,726,326,0,6,21,2025-07-25 17:29:40.357
17841406083211195,17862737160407496,2025-06-01 05:14:49,IMAGE,FEED,15,0,735,330,0,6,21,2025-07-26 17:30:03.787
17841406083211195,17862737160407496,2025-06-01 05:14:49,IMAGE,FEED,15,0,737,330,0,6,21,2025-07-27 17:30:34.307
17841406083211195,17862737160407496,2025-06-01 05:14:49,IMAGE,FEED,15,0,762,333,0,6,21,2025-07-28 17:29:11.648
17841406083211195,17862737160407496,2025-06-01 05:14:49,IMAGE,FEED,15,0,770,336,0,6,21,2025-07-29 17:29:46.532
17841406083211195,17862737160407496,2025-06-01 05:14:49,IMAGE,FEED,15,0,775,338,0,6,21,2025-07-30 17:30:07.346
17841406083211195,17862737160407496,2025-06-01 05:14:49,IMAGE,FEED,15,0,782,340,0,6,21,2025-07-31 17:28:52.263
17841406083211195,17862737160407496,2025-06-01 05:14:49,IMAGE,FEED,15,0,793,340,0,6,21,2025-08-01 17:30:02.455
17841406083211195,17862737160407496,2025-06-01 05:14:49,IMAGE,FEED,15,0,795,341,0,6,21,2025-08-03 17:29:40.179
17841406083211195,17862737160407496,2025-06-01 05:14:49,IMAGE,FEED,15,0,800,342,0,6,21,2025-08-05 17:30:25.825
17841406083211195,17862737160407496,2025-06-01 05:14:49,IMAGE,FEED,15,0,805,342,0,6,21,2025-08-06 17:29:21.817
17841406083211195,17862737160407496,2025-06-01 05:14:49,IMAGE,FEED,15,0,812,342,0,6,21,2025-08-08 17:29:30.440
17841406083211195,17862737160407496,2025-06-01 05:14:49,IMAGE,FEED,15,0,821,342,0,6,21,2025-08-10 17:29:41.095
17841406083211195,17862737160407496,2025-06-01 05:14:49,IMAGE,FEED,15,0,828,343,0,6,21,2025-08-11 17:30:32.967
17841406083211195,17862737160407496,2025-06-01 05:14:49,IMAGE,FEED,15,0,834,343,0,6,21,2025-08-12 17:31:22.350
17841406083211195,17862737160407496,2025-06-01 05:14:49,IMAGE,FEED,15,0,838,343,0,6,21,2025-08-13 17:29:54.295
17841406083211195,17862737160407496,2025-06-01 05:14:49,IMAGE,FEED,15,0,842,343,0,6,21,2025-08-14 17:30:30.705
17841406083211195,17862737160407496,2025-06-01 05:14:49,IMAGE,FEED,15,0,887,344,0,6,21,2025-08-15 17:29:20.118
17841406083211195,17862737160407496,2025-06-01 05:14:49,IMAGE,FEED,15,0,897,344,0,6,21,2025-08-16 17:29:29.899
17841406083211195,17862737160407496,2025-06-01 05:14:49,IMAGE,FEED,15,0,902,344,0,6,21,2025-08-17 17:28:43.182
17841406083211195,17862737160407496,2025-06-01 05:14:49,IMAGE,FEED,15,0,912,344,0,6,21,2025-08-18 17:29:03.016
17841406083211195,17862737160407496,2025-06-01 05:14:49,IMAGE,FEED,15,0,947,344,0,6,21,2025-08-19 17:29:48.971
17841406083211195,17862737160407496,2025-06-01 05:14:49,IMAGE,FEED,15,0,964,344,0,6,21,2025-08-20 17:29:49.052
17841406083211195,17862737160407496,2025-06-01 05:14:49,IMAGE,FEED,15,0,982,347,0,6,21,2025-08-21 17:30:28.989
17841406083211195,17862737160407496,2025-06-01 05:14:49,IMAGE,FEED,15,0,995,349,0,6,21,2025-08-22 17:29:32.371
17841406083211195,17862737160407496,2025-06-01 05:14:49,IMAGE,FEED,15,0,1003,350,0,6,21,2025-08-23 17:29:39.828
17841406083211195,17862737160407496,2025-06-01 05:14:49,IMAGE,FEED,15,0,1010,350,0,6,21,2025-08-24 17:29:14.563
17841406083211195,17862737160407496,2025-06-01 05:14:49,IMAGE,FEED,15,0,1046,352,0,6,21,2025-08-25 17:29:45.210
17841406083211195,17862737160407496,2025-06-01 05:14:49,IMAGE,FEED,15,0,1057,352,0,6,21,2025-08-26 17:29:15.106
17841406083211195,17862737160407496,2025-06-01 05:14:49,IMAGE,FEED,15,0,1069,352,0,6,21,2025-08-27 17:30:23.670
17841406083211195,17862737160407496,2025-06-01 05:14:49,IMAGE,FEED,15,0,1081,353,0,6,21,2025-08-28 17:31:28.496
17841406083211195,17862737160407496,2025-06-01 05:14:49,IMAGE,FEED,15,0,1084,353,0,6,21,2025-08-29 17:28:53.244
17841406083211195,17862737160407496,2025-06-01 05:14:49,IMAGE,FEED,15,0,1090,353,0,6,21,2025-08-30 17:30:25.971
17841406083211195,17862737160407496,2025-06-01 05:14:49,IMAGE,FEED,15,0,1097,353,0,6,21,2025-08-31 17:28:56.742
17841406083211195,17862737160407496,2025-06-01 05:14:49,IMAGE,FEED,15,0,1316,363,0,6,21,2025-10-01 04:10:01.759
17841406083211195,17862737160407496,2025-06-01 05:14:49,IMAGE,FEED,15,0,1320,363,0,6,21,2025-10-02 04:04:36.977
17841406083211195,17862737160407496,2025-06-01 05:14:49,IMAGE,FEED,15,0,1325,363,0,6,21,2025-10-02 17:29:40.000
17841406083211195,17862737160407496,2025-06-01 05:14:49,IMAGE,FEED,15,0,1331,363,0,6,21,2025-10-04 17:29:46.382
17841406083211195,17862737160407496,2025-06-01 05:14:49,IMAGE,FEED,15,0,1336,363,0,6,21,2025-10-05 17:29:33.603
17841406083211195,17862737160407496,2025-06-01 05:14:49,IMAGE,FEED,15,0,1337,363,0,6,21,2025-10-06 17:28:55.815
17841406083211195,17862737160407496,2025-06-01 05:14:49,IMAGE,FEED,15,0,1343,363,0,6,21,2025-10-07 17:28:36.707
17841406083211195,17862737160407496,2025-06-01 05:14:49,IMAGE,FEED,15,0,1349,363,0,6,21,2025-10-08 17:29:48.282
17841406083211195,17862737160407496,2025-06-01 05:14:49,IMAGE,FEED,15,0,1358,363,0,6,21,2025-10-09 17:28:59.255
17841406083211195,17862737160407496,2025-06-01 05:14:49,IMAGE,FEED,15,0,1360,363,0,6,21,2025-10-10 17:30:14.054
17841406083211195,17862737160407496,2025-06-01 05:14:49,IMAGE,FEED,15,0,1363,363,0,6,21,2025-10-11 17:28:37.952
17841406083211195,17862737160407496,2025-06-01 05:14:49,IMAGE,FEED,15,0,1364,363,0,6,21,2025-10-12 17:28:57.219
17841406083211195,17862737160407496,2025-06-01 05:14:49,IMAGE,FEED,15,0,1370,363,0,6,21,2025-10-13 17:29:00.306
17841406083211195,17862737160407496,2025-06-01 05:14:49,IMAGE,FEED,15,0,1371,363,0,6,21,2025-10-14 17:28:28.923
17841406083211195,17862737160407496,2025-06-01 05:14:49,IMAGE,FEED,15,0,1372,363,0,6,21,2025-10-15 17:30:00.907
17841406083211195,17862737160407496,2025-06-01 05:14:49,IMAGE,FEED,15,0,1375,363,0,6,21,2025-10-16 17:29:06.179
17841406083211195,17862737160407496,2025-06-01 05:14:49,IMAGE,FEED,15,0,1383,365,0,6,21,2025-10-17 17:30:04.045
17841406083211195,17862737160407496,2025-06-01 05:14:49,IMAGE,FEED,15,0,1387,366,0,6,21,2025-10-18 17:28:35.980
17841406083211195,17862737160407496,2025-06-01 05:14:49,IMAGE,FEED,15,0,1391,366,0,6,21,2025-10-19 17:28:40.302
17841406083211195,17862737160407496,2025-06-01 05:14:49,IMAGE,FEED,15,0,1394,366,0,6,21,2025-10-20 17:29:27.070
17841406083211195,17862737160407496,2025-06-01 05:14:49,IMAGE,FEED,15,0,1396,366,0,6,21,2025-10-21 17:28:47.405
17841406083211195,17862737160407496,2025-06-01 05:14:49,IMAGE,FEED,15,0,1399,366,0,6,21,2025-10-22 17:29:00.831
17841406083211195,17862737160407496,2025-06-01 05:14:49,IMAGE,FEED,15,0,1405,366,0,6,21,2025-10-23 17:28:36.359
17841406083211195,17862737160407496,2025-06-01 05:14:49,IMAGE,FEED,15,0,1410,366,0,6,21,2025-10-27 17:28:53.354
17841406083211195,17862737160407496,2025-06-01 05:14:49,IMAGE,FEED,15,0,1424,366,0,6,21,2025-10-28 17:29:49.189
17841406083211195,17862737160407496,2025-06-01 05:14:49,IMAGE,FEED,15,0,1427,366,0,6,21,2025-10-29 17:29:38.421
17841406083211195,17862737160407496,2025-06-01 05:14:49,IMAGE,FEED,15,0,1429,366,0,6,21,2025-10-31 17:29:10.254
17841406083211195,17862737160407496,2025-06-01 05:14:49,IMAGE,FEED,15,0,1430,366,0,6,21,2025-11-02 17:29:05.353
17841406083211195,17862737160407496,2025-06-01 05:14:49,IMAGE,FEED,15,0,1435,366,0,6,21,2025-11-03 17:28:57.557
17841406083211195,17862737160407496,2025-06-01 05:14:49,IMAGE,FEED,15,0,1442,366,0,6,21,2025-11-04 17:28:28.081
17841406083211195,17862737160407496,2025-06-01 05:14:49,IMAGE,FEED,15,0,1448,366,0,6,21,2025-11-05 17:28:35.576
17841406083211195,17862737160407496,2025-06-01 05:14:49,IMAGE,FEED,15,0,1450,366,0,6,21,2025-11-06 17:29:01.639
17841406083211195,17862737160407496,2025-06-01 05:14:49,IMAGE,FEED,15,0,1453,366,0,6,21,2025-11-07 17:29:19.583
17841406083211195,17862737160407496,2025-06-01 05:14:49,IMAGE,FEED,15,0,1458,366,0,6,21,2025-11-09 17:28:56.343
17841406083211195,17862737160407496,2025-06-01 05:14:49,IMAGE,FEED,15,0,1464,366,0,6,21,2025-11-10 17:29:23.644
17841406083211195,17862737160407496,2025-06-01 05:14:49,IMAGE,FEED,15,0,1468,366,0,6,21,2025-11-11 17:29:14.654
17841406083211195,17862737160407496,2025-06-01 05:14:49,IMAGE,FEED,15,0,1473,366,0,6,21,2025-11-12 17:29:12.214
17841406083211195,17862737160407496,2025-06-01 05:14:49,IMAGE,FEED,15,0,1482,0,0,6,21,2025-11-13 17:29:47.738
17841406083211195,17862737160407496,2025-06-01 05:14:49,IMAGE,FEED,15,0,1488,367,0,6,21,2025-11-14 17:29:17.980
17841406083211195,17862737160407496,2025-06-01 05:14:49,IMAGE,FEED,15,0,1491,367,0,6,21,2025-11-15 17:31:07.843
17841406083211195,17862737160407496,2025-06-01 05:14:49,IMAGE,FEED,15,0,1493,368,0,6,21,2025-11-16 17:30:03.485
17841406083211195,17862737160407496,2025-06-01 05:14:49,IMAGE,FEED,15,0,1497,368,0,6,21,2025-11-17 17:29:22.827
17841406083211195,17862737160407496,2025-06-01 05:14:49,IMAGE,FEED,15,0,1500,368,0,6,21,2025-11-18 17:29:13.854
17841406083211195,17862737160407496,2025-06-01 05:14:49,IMAGE,FEED,15,0,1505,369,0,6,21,2025-11-19 17:35:11.181
17841406083211195,17862737160407496,2025-06-01 05:14:49,IMAGE,FEED,15,0,1506,369,0,6,21,2025-11-20 17:35:45.155
17841406083211195,17862737160407496,2025-06-01 05:14:49,IMAGE,FEED,15,0,1510,369,0,6,21,2025-11-21 17:35:36.097
17841406083211195,17862737160407496,2025-06-01 05:14:49,IMAGE,FEED,15,0,1513,371,0,6,21,2025-11-22 17:33:42.559
17841406083211195,17862737160407496,2025-06-01 05:14:49,IMAGE,FEED,15,0,1515,371,0,6,21,2025-11-24 17:36:14.922
17841406083211195,17862737160407496,2025-06-01 05:14:49,IMAGE,FEED,15,0,1519,371,0,6,21,2025-11-25 17:34:34.025
17841406083211195,17862737160407496,2025-06-01 05:14:49,IMAGE,FEED,15,0,1524,371,0,6,21,2025-11-26 17:37:08.508
17841406083211195,17862737160407496,2025-06-01 05:14:49,IMAGE,FEED,15,0,1531,371,0,6,21,2025-11-28 17:35:14.152
17841406083211195,17862737160407496,2025-06-01 05:14:49,IMAGE,FEED,15,0,1534,371,0,6,21,2025-11-29 17:36:00.643
17841406083211195,17862737160407496,2025-06-01 05:14:49,IMAGE,FEED,15,0,1540,372,0,6,21,2025-11-30 17:33:37.938
17841406083211195,17862737160407496,2025-06-01 05:14:49,IMAGE,FEED,15,0,1548,372,0,6,21,2025-12-01 17:33:45.595
17841406083211195,17862737160407496,2025-06-01 05:14:49,IMAGE,FEED,15,0,1550,372,0,6,21,2025-12-02 17:35:07.732
17841406083211195,17862737160407496,2025-06-01 05:14:49,IMAGE,FEED,15,0,1563,372,0,6,21,2025-12-03 17:36:28.747
17841406083211195,17862737160407496,2025-06-01 05:14:49,IMAGE,FEED,15,0,1570,372,0,6,21,2025-12-04 17:34:30.955
17841406083211195,17862737160407496,2025-06-01 05:14:49,IMAGE,FEED,15,0,1571,373,0,6,21,2025-12-05 17:34:34.772
17841406083211195,17862737160407496,2025-06-01 05:14:49,IMAGE,FEED,15,0,1572,373,0,6,21,2025-12-07 17:33:28.019
17841406083211195,17862737160407496,2025-06-01 05:14:49,IMAGE,FEED,15,0,1573,373,0,6,21,2025-12-08 17:33:12.764
17841406083211195,17862737160407496,2025-06-01 05:14:49,IMAGE,FEED,15,0,1579,373,0,6,21,2025-12-09 17:35:25.123
17841406083211195,17862737160407496,2025-06-01 05:14:49,IMAGE,FEED,15,0,1582,373,0,6,21,2025-12-12 17:35:25.288
17841406083211195,17862737160407496,2025-06-01 05:14:49,IMAGE,FEED,15,0,1586,373,0,6,21,2025-12-15 06:33:59.573
17841406083211195,17862737160407496,2025-06-01 05:14:49,IMAGE,FEED,15,0,1591,374,0,6,21,2025-12-17 17:29:02.286
17841406083211195,17862737160407496,2025-06-01 05:14:49,IMAGE,FEED,15,0,1592,374,0,6,21,2025-12-18 17:31:09.508
17841406083211195,17862737160407496,2025-06-01 05:14:49,IMAGE,FEED,15,0,1595,375,0,6,21,2025-12-20 17:36:30.958
17841406083211195,17862737160407496,2025-06-01 05:14:49,IMAGE,FEED,15,0,1597,377,0,6,21,2025-12-21 17:29:53.715
17841406083211195,17862737160407496,2025-06-01 05:14:49,IMAGE,FEED,15,0,1598,377,0,6,21,2025-12-22 17:28:44.209
17841406083211195,17862737160407496,2025-06-01 05:14:49,IMAGE,FEED,15,0,1600,377,0,6,21,2025-12-24 17:29:12.925
17841406083211195,17862737160407496,2025-06-01 05:14:49,IMAGE,FEED,15,0,1602,377,0,6,21,2025-12-25 17:29:25.137
17841406083211195,17870010567428981,2025-09-05 02:43:32,IMAGE,FEED,12,0,2466,269,0,4,16,2025-10-01 04:09:53.354
17841406083211195,17870010567428981,2025-09-05 02:43:32,IMAGE,FEED,12,0,2533,270,0,4,16,2025-10-01 17:29:53.157
17841406083211195,17870010567428981,2025-09-05 02:43:32,IMAGE,FEED,12,0,2547,270,0,4,16,2025-10-02 02:39:18.162
17841406083211195,17870010567428981,2025-09-05 02:43:32,IMAGE,FEED,12,0,2553,270,0,4,16,2025-10-02 04:04:29.523
17841406083211195,17870010567428981,2025-09-05 02:43:32,IMAGE,FEED,12,0,2609,272,0,4,16,2025-10-02 17:29:27.081
17841406083211195,17870010567428981,2025-09-05 02:43:32,IMAGE,FEED,12,0,2659,273,0,4,16,2025-10-03 17:29:13.359
17841406083211195,17870010567428981,2025-09-05 02:43:32,IMAGE,FEED,12,0,2681,275,0,4,16,2025-10-04 17:29:36.069
17841406083211195,17870010567428981,2025-09-05 02:43:32,IMAGE,FEED,12,0,2695,275,0,4,16,2025-10-05 17:29:24.323
17841406083211195,17870010567428981,2025-09-05 02:43:32,IMAGE,FEED,12,0,2718,278,0,4,16,2025-10-06 17:28:48.563
17841406083211195,17870010567428981,2025-09-05 02:43:32,IMAGE,FEED,12,0,2754,280,0,4,16,2025-10-07 17:28:29.277
17841406083211195,17870010567428981,2025-09-05 02:43:32,IMAGE,FEED,12,0,2815,280,0,4,16,2025-10-08 17:29:40.363
17841406083211195,17870010567428981,2025-09-05 02:43:32,IMAGE,FEED,12,0,2841,280,0,4,16,2025-10-09 17:28:46.176
17841406083211195,17870010567428981,2025-09-05 02:43:32,IMAGE,FEED,12,0,2869,284,0,4,16,2025-10-10 17:30:06.546
17841406083211195,17870010567428981,2025-09-05 02:43:32,IMAGE,FEED,12,0,2884,284,0,4,16,2025-10-11 17:28:30.972
17841406083211195,17870010567428981,2025-09-05 02:43:32,IMAGE,FEED,12,0,2898,284,0,4,16,2025-10-12 17:28:49.795
17841406083211195,17870010567428981,2025-09-05 02:43:32,IMAGE,FEED,12,0,2930,287,0,4,16,2025-10-13 17:28:53.162
17841406083211195,17870010567428981,2025-09-05 02:43:32,IMAGE,FEED,12,0,2962,288,0,4,16,2025-10-14 17:28:21.214
17841406083211195,17870010567428981,2025-09-05 02:43:32,IMAGE,FEED,12,0,2983,290,0,4,16,2025-10-15 17:29:48.884
17841406083211195,17870010567428981,2025-09-05 02:43:32,IMAGE,FEED,12,0,3001,292,0,4,16,2025-10-16 17:28:56.623
17841406083211195,17870010567428981,2025-09-05 02:43:32,IMAGE,FEED,16,0,3045,298,0,4,20,2025-10-17 17:29:48.797
17841406083211195,17870010567428981,2025-09-05 02:43:32,IMAGE,FEED,16,0,3060,300,0,4,20,2025-10-18 17:28:28.257
17841406083211195,17870010567428981,2025-09-05 02:43:32,IMAGE,FEED,16,0,3075,300,0,4,20,2025-10-19 17:28:32.841
17841406083211195,17870010567428981,2025-09-05 02:43:32,IMAGE,FEED,16,0,3089,302,0,4,20,2025-10-20 17:29:18.467
17841406083211195,17870010567428981,2025-09-05 02:43:32,IMAGE,FEED,16,0,3112,302,0,4,20,2025-10-21 17:28:38.459
17841406083211195,17870010567428981,2025-09-05 02:43:32,IMAGE,FEED,16,0,3130,303,0,4,20,2025-10-22 17:28:54.487
17841406083211195,17870010567428981,2025-09-05 02:43:32,IMAGE,FEED,16,0,3173,303,0,4,20,2025-10-23 17:28:30.291
17841406083211195,17870010567428981,2025-09-05 02:43:32,IMAGE,FEED,16,0,3195,303,0,4,20,2025-10-24 17:28:52.182
17841406083211195,17870010567428981,2025-09-05 02:43:32,IMAGE,FEED,16,0,3203,305,0,4,20,2025-10-25 17:30:00.351
17841406083211195,17870010567428981,2025-09-05 02:43:32,IMAGE,FEED,16,0,3205,305,0,4,20,2025-10-26 17:30:15.231
17841406083211195,17870010567428981,2025-09-05 02:43:32,IMAGE,FEED,16,0,3211,305,0,4,20,2025-10-27 17:28:47.001
17841406083211195,17870010567428981,2025-09-05 02:43:32,IMAGE,FEED,16,0,3251,305,0,4,20,2025-10-28 17:29:42.171
17841406083211195,17870010567428981,2025-09-05 02:43:32,IMAGE,FEED,16,0,3266,305,0,4,20,2025-10-29 17:29:27.591
17841406083211195,17870010567428981,2025-09-05 02:43:32,IMAGE,FEED,16,0,3280,306,0,4,20,2025-10-30 17:30:15.096
17841406083211195,17870010567428981,2025-09-05 02:43:32,IMAGE,FEED,16,0,3291,307,0,4,20,2025-10-31 17:29:01.882
17841406083211195,17870010567428981,2025-09-05 02:43:32,IMAGE,FEED,16,0,3300,308,0,4,20,2025-11-01 17:29:16.510
17841406083211195,17870010567428981,2025-09-05 02:43:32,IMAGE,FEED,16,0,3302,308,0,4,20,2025-11-02 17:28:55.105
17841406083211195,17870010567428981,2025-09-05 02:43:32,IMAGE,FEED,16,0,3312,308,0,4,20,2025-11-03 17:28:49.525
17841406083211195,17870010567428981,2025-09-05 02:43:32,IMAGE,FEED,16,0,3330,308,0,4,20,2025-11-04 17:28:20.666
17841406083211195,17870010567428981,2025-09-05 02:43:32,IMAGE,FEED,16,0,3345,308,0,4,20,2025-11-05 17:28:28.353
17841406083211195,17870010567428981,2025-09-05 02:43:32,IMAGE,FEED,16,0,3353,308,0,4,20,2025-11-06 17:28:43.529
17841406083211195,17870010567428981,2025-09-05 02:43:32,IMAGE,FEED,16,0,3364,308,0,4,20,2025-11-07 17:29:01.090
17841406083211195,17870010567428981,2025-09-05 02:43:32,IMAGE,FEED,16,0,3371,308,0,4,20,2025-11-08 17:29:24.264
17841406083211195,17870010567428981,2025-09-05 02:43:32,IMAGE,FEED,16,0,3372,308,0,4,20,2025-11-09 17:28:38.967
17841406083211195,17870010567428981,2025-09-05 02:43:32,IMAGE,FEED,16,0,3385,308,0,4,20,2025-11-10 17:29:07.646
17841406083211195,17870010567428981,2025-09-05 02:43:32,IMAGE,FEED,16,0,3400,308,0,4,20,2025-11-11 17:28:56.856
17841406083211195,17870010567428981,2025-09-05 02:43:32,IMAGE,FEED,16,0,3415,309,0,4,20,2025-11-12 17:28:57.518
17841406083211195,17870010567428981,2025-09-05 02:43:32,IMAGE,FEED,16,0,3446,309,0,4,20,2025-11-13 17:29:19.508
17841406083211195,17870010567428981,2025-09-05 02:43:32,IMAGE,FEED,16,0,3470,309,0,4,20,2025-11-14 17:29:08.315
17841406083211195,17870010567428981,2025-09-05 02:43:32,IMAGE,FEED,16,0,3491,310,0,4,25,2025-11-15 17:30:56.076
17841406083211195,17870010567428981,2025-09-05 02:43:32,IMAGE,FEED,16,0,3500,312,0,4,25,2025-11-16 17:29:49.622
17841406083211195,17870010567428981,2025-09-05 02:43:32,IMAGE,FEED,16,0,3509,312,0,4,25,2025-11-17 17:29:12.873
17841406083211195,17870010567428981,2025-09-05 02:43:32,IMAGE,FEED,16,0,3543,312,0,4,25,2025-11-18 17:29:03.778
17841406083211195,17870010567428981,2025-09-05 02:43:32,IMAGE,FEED,16,0,3567,313,0,4,25,2025-11-19 17:35:38.990
17841406083211195,17870010567428981,2025-09-05 02:43:32,IMAGE,FEED,16,0,3575,314,0,4,25,2025-11-20 17:36:09.356
17841406083211195,17870010567428981,2025-09-05 02:43:32,IMAGE,FEED,16,0,3585,314,0,4,25,2025-11-21 17:35:55.884
17841406083211195,17870010567428981,2025-09-05 02:43:32,IMAGE,FEED,16,0,3607,315,0,4,25,2025-11-22 17:33:59.875
17841406083211195,17870010567428981,2025-09-05 02:43:32,IMAGE,FEED,16,0,3617,316,0,4,25,2025-11-23 17:33:27.487
17841406083211195,17870010567428981,2025-09-05 02:43:32,IMAGE,FEED,16,0,3622,316,0,4,25,2025-11-24 17:36:35.487
17841406083211195,17870010567428981,2025-09-05 02:43:32,IMAGE,FEED,16,0,3629,316,0,4,25,2025-11-25 17:34:52.771
17841406083211195,17870010567428981,2025-09-05 02:43:32,IMAGE,FEED,16,0,3647,316,0,4,25,2025-11-26 17:37:34.801
17841406083211195,17870010567428981,2025-09-05 02:43:32,IMAGE,FEED,16,0,3678,316,0,4,25,2025-11-27 17:34:42.522
17841406083211195,17870010567428981,2025-09-05 02:43:32,IMAGE,FEED,16,0,3688,316,0,4,25,2025-11-28 17:35:39.729
17841406083211195,17870010567428981,2025-09-05 02:43:32,IMAGE,FEED,16,0,3693,316,0,4,25,2025-11-29 17:36:27.543
17841406083211195,17870010567428981,2025-09-05 02:43:32,IMAGE,FEED,16,0,3701,316,0,4,25,2025-11-30 17:33:54.624
17841406083211195,17870010567428981,2025-09-05 02:43:32,IMAGE,FEED,16,0,3722,316,0,4,25,2025-12-01 17:34:00.994
17841406083211195,17870010567428981,2025-09-05 02:43:32,IMAGE,FEED,16,0,3730,316,0,4,25,2025-12-02 17:35:28.476
17841406083211195,17870010567428981,2025-09-05 02:43:32,IMAGE,FEED,16,0,3755,316,0,4,25,2025-12-03 17:36:45.842
17841406083211195,17870010567428981,2025-09-05 02:43:32,IMAGE,FEED,16,0,3778,317,0,4,25,2025-12-04 17:34:52.056
17841406083211195,17870010567428981,2025-09-05 02:43:32,IMAGE,FEED,16,0,3786,317,0,4,25,2025-12-05 17:34:50.236
17841406083211195,17870010567428981,2025-09-05 02:43:32,IMAGE,FEED,16,0,3789,319,0,4,25,2025-12-06 17:35:26.333
17841406083211195,17870010567428981,2025-09-05 02:43:32,IMAGE,FEED,16,0,3790,319,0,4,25,2025-12-07 17:33:44.794
17841406083211195,17870010567428981,2025-09-05 02:43:32,IMAGE,FEED,16,0,3793,319,0,4,25,2025-12-08 17:33:32.915
17841406083211195,17870010567428981,2025-09-05 02:43:32,IMAGE,FEED,16,0,3806,319,0,4,25,2025-12-09 17:35:43.785
17841406083211195,17870010567428981,2025-09-05 02:43:32,IMAGE,FEED,16,0,3822,320,0,4,25,2025-12-10 17:36:27.789
17841406083211195,17870010567428981,2025-09-05 02:43:32,IMAGE,FEED,16,0,3823,320,0,4,25,2025-12-11 17:33:56.849
17841406083211195,17870010567428981,2025-09-05 02:43:32,IMAGE,FEED,16,0,3824,320,0,4,25,2025-12-12 17:35:50.535
17841406083211195,17870010567428981,2025-09-05 02:43:32,IMAGE,FEED,16,0,3830,320,0,4,25,2025-12-15 06:34:20.232
17841406083211195,17870010567428981,2025-09-05 02:43:32,IMAGE,FEED,16,0,3835,320,0,4,25,2025-12-15 17:37:13.500
17841406083211195,17870010567428981,2025-09-05 02:43:32,IMAGE,FEED,16,0,3838,321,0,4,25,2025-12-17 17:28:51.599
17841406083211195,17870010567428981,2025-09-05 02:43:32,IMAGE,FEED,16,0,3841,322,0,4,25,2025-12-18 17:31:02.216
17841406083211195,17870010567428981,2025-09-05 02:43:32,IMAGE,FEED,16,0,3849,323,0,4,25,2025-12-21 17:29:45.215
17841406083211195,17870010567428981,2025-09-05 02:43:32,IMAGE,FEED,16,0,3850,323,0,4,25,2025-12-22 17:28:37.822
17841406083211195,17870010567428981,2025-09-05 02:43:32,IMAGE,FEED,16,0,3854,323,0,4,25,2025-12-25 17:29:11.621
17841406083211195,17872994235303066,2025-03-19 08:26:47,IMAGE,FEED,8,0,258,156,0,0,8,2025-04-17 17:31:52.813
17841406083211195,17872994235303066,2025-03-19 08:26:47,IMAGE,FEED,8,0,259,157,0,0,8,2025-04-18 19:14:47.754
17841406083211195,17872994235303066,2025-03-19 08:26:47,IMAGE,FEED,8,0,260,158,0,0,8,2025-04-20 21:57:33.564
17841406083211195,17872994235303066,2025-03-19 08:26:47,IMAGE,FEED,8,0,261,158,0,0,8,2025-04-22 06:39:46.056
17841406083211195,17872994235303066,2025-03-19 08:26:47,IMAGE,FEED,8,0,262,158,0,0,8,2025-04-24 17:29:59.129
17841406083211195,17872994235303066,2025-03-19 08:26:47,IMAGE,FEED,8,0,263,158,0,0,8,2025-04-25 17:30:04.364
17841406083211195,17872994235303066,2025-03-19 08:26:47,IMAGE,FEED,8,0,264,159,0,0,8,2025-04-27 17:31:03.888
17841406083211195,17872994235303066,2025-03-19 08:26:47,IMAGE,FEED,8,0,265,159,0,0,8,2025-04-28 17:30:00.135
17841406083211195,17872994235303066,2025-03-19 08:26:47,IMAGE,FEED,8,0,266,159,0,0,8,2025-04-29 17:29:04.401
17841406083211195,17872994235303066,2025-03-19 08:26:47,IMAGE,FEED,8,0,267,159,0,0,8,2025-05-03 17:30:39.027
17841406083211195,17872994235303066,2025-03-19 08:26:47,IMAGE,FEED,8,0,268,160,0,0,8,2025-05-05 17:29:55.874
17841406083211195,17872994235303066,2025-03-19 08:26:47,IMAGE,FEED,8,0,271,162,0,0,8,2025-05-08 17:30:01.758
17841406083211195,17872994235303066,2025-03-19 08:26:47,IMAGE,FEED,8,0,273,164,0,0,8,2025-05-14 17:30:05.776
17841406083211195,17872994235303066,2025-03-19 08:26:47,IMAGE,FEED,8,0,275,166,0,0,8,2025-05-15 17:30:17.667
17841406083211195,17872994235303066,2025-03-19 08:26:47,IMAGE,FEED,8,0,276,167,0,0,8,2025-05-16 17:31:00.289
17841406083211195,17872994235303066,2025-03-19 08:26:47,IMAGE,FEED,8,0,278,167,0,0,8,2025-05-17 17:30:06.318
17841406083211195,17872994235303066,2025-03-19 08:26:47,IMAGE,FEED,8,0,279,168,0,0,8,2025-05-24 17:30:42.253
17841406083211195,17872994235303066,2025-03-19 08:26:47,IMAGE,FEED,8,0,280,169,0,0,8,2025-05-27 17:30:25.252
17841406083211195,17872994235303066,2025-03-19 08:26:47,IMAGE,FEED,8,0,281,169,0,0,8,2025-06-04 17:30:00.715
17841406083211195,17872994235303066,2025-03-19 08:26:47,IMAGE,FEED,8,0,283,170,0,0,8,2025-06-05 17:30:15.490
17841406083211195,17872994235303066,2025-03-19 08:26:47,IMAGE,FEED,8,0,288,175,0,0,8,2025-07-03 03:00:11.480
17841406083211195,17872994235303066,2025-03-19 08:26:47,IMAGE,FEED,8,0,289,176,0,0,8,2025-07-04 17:31:09.107
17841406083211195,17872994235303066,2025-03-19 08:26:47,IMAGE,FEED,8,0,291,176,0,0,8,2025-07-15 17:30:00.593
17841406083211195,17872994235303066,2025-03-19 08:26:47,IMAGE,FEED,8,0,293,176,0,0,8,2025-07-16 17:30:13.812
17841406083211195,17872994235303066,2025-03-19 08:26:47,IMAGE,FEED,8,0,298,176,0,0,8,2025-07-21 17:30:54.848
17841406083211195,17872994235303066,2025-03-19 08:26:47,IMAGE,FEED,8,0,299,176,0,0,8,2025-07-23 17:30:26.061
17841406083211195,17872994235303066,2025-03-19 08:26:47,IMAGE,FEED,8,0,300,176,0,0,8,2025-07-27 17:30:43.456
17841406083211195,17872994235303066,2025-03-19 08:26:47,IMAGE,FEED,8,0,305,177,0,0,8,2025-07-28 17:29:22.356
17841406083211195,17872994235303066,2025-03-19 08:26:47,IMAGE,FEED,8,0,306,177,0,0,8,2025-07-29 17:29:59.937
17841406083211195,17872994235303066,2025-03-19 08:26:47,IMAGE,FEED,8,0,308,177,0,0,8,2025-07-31 17:29:02.399
17841406083211195,17872994235303066,2025-03-19 08:26:47,IMAGE,FEED,8,0,310,177,0,0,8,2025-08-03 17:29:51.706
17841406083211195,17872994235303066,2025-03-19 08:26:47,IMAGE,FEED,8,0,314,178,0,0,8,2025-08-04 17:30:32.195
17841406083211195,17872994235303066,2025-03-19 08:26:47,IMAGE,FEED,8,0,317,179,0,0,8,2025-08-06 17:29:32.813
17841406083211195,17872994235303066,2025-03-19 08:26:47,IMAGE,FEED,8,0,320,179,0,0,8,2025-08-08 17:29:41.593
17841406083211195,17872994235303066,2025-03-19 08:26:47,IMAGE,FEED,8,0,326,179,0,0,8,2025-08-10 17:29:54.201
17841406083211195,17872994235303066,2025-03-19 08:26:47,IMAGE,FEED,8,0,328,180,0,0,8,2025-08-11 17:30:48.467
17841406083211195,17872994235303066,2025-03-19 08:26:47,IMAGE,FEED,8,0,332,180,0,0,8,2025-08-14 17:30:40.917
17841406083211195,17872994235303066,2025-03-19 08:26:47,IMAGE,FEED,8,0,336,180,0,0,8,2025-08-17 17:28:52.677
17841406083211195,17872994235303066,2025-03-19 08:26:47,IMAGE,FEED,8,0,344,180,0,0,8,2025-08-18 17:29:03.014
17841406083211195,17872994235303066,2025-03-19 08:26:47,IMAGE,FEED,8,0,347,180,0,0,8,2025-08-20 17:29:49.048
17841406083211195,17872994235303066,2025-03-19 08:26:47,IMAGE,FEED,8,0,351,180,0,0,8,2025-08-21 17:30:28.987
17841406083211195,17872994235303066,2025-03-19 08:26:47,IMAGE,FEED,8,0,352,180,0,0,8,2025-08-22 17:29:32.367
17841406083211195,17872994235303066,2025-03-19 08:26:47,IMAGE,FEED,8,0,353,181,0,0,8,2025-08-23 17:29:39.825
17841406083211195,17872994235303066,2025-03-19 08:26:47,IMAGE,FEED,8,0,355,181,0,0,8,2025-08-24 17:29:14.559
17841406083211195,17872994235303066,2025-03-19 08:26:47,IMAGE,FEED,8,0,374,181,0,0,8,2025-08-25 17:29:45.208
17841406083211195,17872994235303066,2025-03-19 08:26:47,IMAGE,FEED,8,0,378,181,0,0,8,2025-08-26 17:29:15.104
17841406083211195,17872994235303066,2025-03-19 08:26:47,IMAGE,FEED,8,0,383,181,0,0,8,2025-08-27 17:30:23.666
17841406083211195,17872994235303066,2025-03-19 08:26:47,IMAGE,FEED,8,0,386,181,0,0,8,2025-08-28 17:31:28.492
17841406083211195,17872994235303066,2025-03-19 08:26:47,IMAGE,FEED,8,0,387,181,0,0,8,2025-08-30 17:30:25.969
17841406083211195,17872994235303066,2025-03-19 08:26:47,IMAGE,FEED,8,0,394,181,0,0,8,2025-08-31 17:28:56.738
17841406083211195,17872994235303066,2025-03-19 08:26:47,IMAGE,FEED,8,0,460,185,0,0,8,2025-10-01 04:10:09.696
17841406083211195,17872994235303066,2025-03-19 08:26:47,IMAGE,FEED,8,0,462,185,0,0,8,2025-10-02 04:04:43.620
17841406083211195,17872994235303066,2025-03-19 08:26:47,IMAGE,FEED,8,0,463,185,0,0,8,2025-10-02 17:29:46.313
17841406083211195,17872994235303066,2025-03-19 08:26:47,IMAGE,FEED,8,0,467,186,0,0,8,2025-10-06 17:29:02.565
17841406083211195,17872994235303066,2025-03-19 08:26:47,IMAGE,FEED,8,0,468,186,0,0,8,2025-10-08 17:29:55.668
17841406083211195,17872994235303066,2025-03-19 08:26:47,IMAGE,FEED,8,0,476,186,0,0,8,2025-10-09 17:29:07.187
17841406083211195,17872994235303066,2025-03-19 08:26:47,IMAGE,FEED,8,0,477,188,0,0,8,2025-10-11 17:28:44.343
17841406083211195,17872994235303066,2025-03-19 08:26:47,IMAGE,FEED,8,0,477,189,0,0,8,2025-10-12 17:29:04.380
17841406083211195,17872994235303066,2025-03-19 08:26:47,IMAGE,FEED,8,0,485,189,0,0,8,2025-10-13 17:29:08.094
17841406083211195,17872994235303066,2025-03-19 08:26:47,IMAGE,FEED,8,0,487,189,0,0,8,2025-10-14 17:28:35.637
17841406083211195,17872994235303066,2025-03-19 08:26:47,IMAGE,FEED,8,0,488,190,0,0,8,2025-10-15 17:30:08.626
17841406083211195,17872994235303066,2025-03-19 08:26:47,IMAGE,FEED,8,0,491,190,0,0,8,2025-10-16 17:29:14.745
17841406083211195,17872994235303066,2025-03-19 08:26:47,IMAGE,FEED,8,0,497,191,0,0,8,2025-10-17 17:30:11.772
17841406083211195,17872994235303066,2025-03-19 08:26:47,IMAGE,FEED,8,0,504,191,0,0,8,2025-10-18 17:28:43.368
17841406083211195,17872994235303066,2025-03-19 08:26:47,IMAGE,FEED,8,0,505,191,0,0,8,2025-10-20 17:29:38.006
17841406083211195,17872994235303066,2025-03-19 08:26:47,IMAGE,FEED,8,0,506,191,0,0,8,2025-10-21 17:28:55.527
17841406083211195,17872994235303066,2025-03-19 08:26:47,IMAGE,FEED,8,0,507,191,0,0,8,2025-10-22 17:29:11.380
17841406083211195,17872994235303066,2025-03-19 08:26:47,IMAGE,FEED,8,0,511,191,0,0,8,2025-10-23 17:28:45.971
17841406083211195,17872994235303066,2025-03-19 08:26:47,IMAGE,FEED,8,0,518,191,0,0,8,2025-10-25 17:30:15.029
17841406083211195,17872994235303066,2025-03-19 08:26:47,IMAGE,FEED,8,0,518,192,0,0,8,2025-10-26 17:30:37.463
17841406083211195,17872994235303066,2025-03-19 08:26:47,IMAGE,FEED,8,0,520,192,0,0,8,2025-10-27 17:29:04.352
17841406083211195,17872994235303066,2025-03-19 08:26:47,IMAGE,FEED,8,0,547,192,0,0,8,2025-10-28 17:30:01.156
17841406083211195,17872994235303066,2025-03-19 08:26:47,IMAGE,FEED,8,0,550,192,0,0,8,2025-10-29 17:29:48.673
17841406083211195,17872994235303066,2025-03-19 08:26:47,IMAGE,FEED,8,0,556,192,0,0,8,2025-10-31 17:29:18.973
17841406083211195,17872994235303066,2025-03-19 08:26:47,IMAGE,FEED,8,0,557,192,0,0,8,2025-11-02 17:29:16.152
17841406083211195,17872994235303066,2025-03-19 08:26:47,IMAGE,FEED,8,0,558,192,0,0,8,2025-11-03 17:29:06.668
17841406083211195,17872994235303066,2025-03-19 08:26:47,IMAGE,FEED,8,0,560,192,0,0,8,2025-11-04 17:28:36.318
17841406083211195,17872994235303066,2025-03-19 08:26:47,IMAGE,FEED,8,0,563,192,0,0,8,2025-11-06 17:29:01.636
17841406083211195,17872994235303066,2025-03-19 08:26:47,IMAGE,FEED,8,0,569,192,0,0,8,2025-11-07 17:29:19.581
17841406083211195,17872994235303066,2025-03-19 08:26:47,IMAGE,FEED,8,0,572,192,0,0,8,2025-11-08 17:29:42.916
17841406083211195,17872994235303066,2025-03-19 08:26:47,IMAGE,FEED,8,0,573,192,0,0,8,2025-11-09 17:28:56.340
17841406083211195,17872994235303066,2025-03-19 08:26:47,IMAGE,FEED,8,0,574,192,0,0,8,2025-11-10 17:29:23.640
17841406083211195,17872994235303066,2025-03-19 08:26:47,IMAGE,FEED,8,0,575,192,0,0,8,2025-11-11 17:29:14.652
17841406083211195,17872994235303066,2025-03-19 08:26:47,IMAGE,FEED,8,0,577,192,0,0,8,2025-11-12 17:29:12.211
17841406083211195,17872994235303066,2025-03-19 08:26:47,IMAGE,FEED,8,0,578,192,0,0,8,2025-11-13 17:29:47.734
17841406083211195,17872994235303066,2025-03-19 08:26:47,IMAGE,FEED,8,0,580,192,0,0,8,2025-11-14 17:29:17.977
17841406083211195,17872994235303066,2025-03-19 08:26:47,IMAGE,FEED,8,0,583,192,0,0,8,2025-11-16 17:30:03.482
17841406083211195,17872994235303066,2025-03-19 08:26:47,IMAGE,FEED,8,0,588,192,0,0,8,2025-11-17 17:29:22.823
17841406083211195,17872994235303066,2025-03-19 08:26:47,IMAGE,FEED,8,0,590,192,0,0,8,2025-11-19 17:34:29.226
17841406083211195,17872994235303066,2025-03-19 08:26:47,IMAGE,FEED,8,0,591,192,0,0,8,2025-11-21 17:34:52.826
17841406083211195,17872994235303066,2025-03-19 08:26:47,IMAGE,FEED,8,0,592,192,0,0,8,2025-11-26 17:36:02.329
17841406083211195,17872994235303066,2025-03-19 08:26:47,IMAGE,FEED,8,0,593,192,0,0,8,2025-11-30 17:33:04.203
17841406083211195,17872994235303066,2025-03-19 08:26:47,IMAGE,FEED,8,0,595,192,0,0,8,2025-12-01 17:33:15.138
17841406083211195,17872994235303066,2025-03-19 08:26:47,IMAGE,FEED,8,0,596,193,0,0,8,2025-12-03 17:35:49.234
17841406083211195,17872994235303066,2025-03-19 08:26:47,IMAGE,FEED,8,0,597,193,0,0,8,2025-12-05 17:34:03.817
17841406083211195,17872994235303066,2025-03-19 08:26:47,IMAGE,FEED,8,0,598,193,0,0,8,2025-12-08 17:32:36.776
17841406083211195,17872994235303066,2025-03-19 08:26:47,IMAGE,FEED,8,0,599,193,0,0,8,2025-12-09 17:34:43.091
17841406083211195,17872994235303066,2025-03-19 08:26:47,IMAGE,FEED,8,0,600,193,0,0,8,2025-12-11 17:33:08.740
17841406083211195,17872994235303066,2025-03-19 08:26:47,IMAGE,FEED,8,0,603,193,0,0,8,2025-12-12 17:34:34.581
17841406083211195,17872994235303066,2025-03-19 08:26:47,IMAGE,FEED,8,0,605,193,0,0,8,2025-12-15 06:33:28.466
17841406083211195,17872994235303066,2025-03-19 08:26:47,IMAGE,FEED,8,0,606,193,0,0,8,2025-12-17 17:29:13.838
17841406083211195,17872994235303066,2025-03-19 08:26:47,IMAGE,FEED,8,0,607,194,0,0,8,2025-12-24 17:29:21.592
17841406083211195,17872994235303066,2025-03-19 08:26:47,IMAGE,FEED,8,0,610,194,0,0,8,2025-12-25 17:29:40.549
17841406083211195,17880881298405608,2025-10-16 10:41:53,IMAGE,FEED,2,0,72,31,0,0,2,2025-10-16 17:28:48.951
17841406083211195,17880881298405608,2025-10-16 10:41:53,IMAGE,FEED,16,0,221,49,0,0,16,2025-10-17 17:29:43.066
17841406083211195,17880881298405608,2025-10-16 10:41:53,IMAGE,FEED,16,0,237,54,0,0,16,2025-10-18 17:28:22.273
17841406083211195,17880881298405608,2025-10-16 10:41:53,IMAGE,FEED,16,0,267,58,0,0,16,2025-10-19 17:28:26.526
17841406083211195,17880881298405608,2025-10-16 10:41:53,IMAGE,FEED,16,0,319,68,0,0,16,2025-10-20 17:29:18.461
17841406083211195,17880881298405608,2025-10-16 10:41:53,IMAGE,FEED,16,0,368,74,0,0,16,2025-10-21 17:28:38.455
17841406083211195,17880881298405608,2025-10-16 10:41:53,IMAGE,FEED,16,0,427,78,0,0,16,2025-10-22 17:28:54.482
17841406083211195,17880881298405608,2025-10-16 10:41:53,IMAGE,FEED,16,0,497,80,0,0,16,2025-10-23 17:28:30.285
17841406083211195,17880881298405608,2025-10-16 10:41:53,IMAGE,FEED,16,0,549,84,0,0,16,2025-10-24 17:28:52.177
17841406083211195,17880881298405608,2025-10-16 10:41:53,IMAGE,FEED,16,0,581,86,0,0,16,2025-10-25 17:30:00.340
17841406083211195,17880881298405608,2025-10-16 10:41:53,IMAGE,FEED,16,0,592,87,0,0,16,2025-10-26 17:30:15.221
17841406083211195,17880881298405608,2025-10-16 10:41:53,IMAGE,FEED,16,0,606,87,0,0,16,2025-10-27 17:28:46.992
17841406083211195,17880881298405608,2025-10-16 10:41:53,IMAGE,FEED,16,0,639,90,0,0,16,2025-10-28 17:29:42.168
17841406083211195,17880881298405608,2025-10-16 10:41:53,IMAGE,FEED,16,0,690,93,0,0,16,2025-10-29 17:29:27.588
17841406083211195,17880881298405608,2025-10-16 10:41:53,IMAGE,FEED,16,0,735,95,0,0,16,2025-10-30 17:30:15.093
17841406083211195,17880881298405608,2025-10-16 10:41:53,IMAGE,FEED,16,0,753,95,0,0,16,2025-10-31 17:29:01.879
17841406083211195,17880881298405608,2025-10-16 10:41:53,IMAGE,FEED,16,0,760,95,0,0,16,2025-11-01 17:29:16.508
17841406083211195,17880881298405608,2025-10-16 10:41:53,IMAGE,FEED,16,0,770,96,0,0,16,2025-11-02 17:28:55.098
17841406083211195,17880881298405608,2025-10-16 10:41:53,IMAGE,FEED,16,0,782,96,0,0,16,2025-11-03 17:28:49.522
17841406083211195,17880881298405608,2025-10-16 10:41:53,IMAGE,FEED,16,0,794,97,0,0,16,2025-11-04 17:28:20.663
17841406083211195,17880881298405608,2025-10-16 10:41:53,IMAGE,FEED,16,0,811,97,0,0,16,2025-11-05 17:28:28.350
17841406083211195,17880881298405608,2025-10-16 10:41:53,IMAGE,FEED,16,0,837,97,0,0,16,2025-11-06 17:28:43.524
17841406083211195,17880881298405608,2025-10-16 10:41:53,IMAGE,FEED,16,0,856,99,0,0,16,2025-11-07 17:29:01.087
17841406083211195,17880881298405608,2025-10-16 10:41:53,IMAGE,FEED,16,0,866,99,0,0,16,2025-11-08 17:29:24.259
17841406083211195,17880881298405608,2025-10-16 10:41:53,IMAGE,FEED,16,0,882,100,0,0,16,2025-11-09 17:28:38.951
17841406083211195,17880881298405608,2025-10-16 10:41:53,IMAGE,FEED,16,0,904,101,0,0,16,2025-11-10 17:29:07.641
17841406083211195,17880881298405608,2025-10-16 10:41:53,IMAGE,FEED,16,0,915,101,0,0,16,2025-11-11 17:28:56.851
17841406083211195,17880881298405608,2025-10-16 10:41:53,IMAGE,FEED,16,0,930,101,0,0,16,2025-11-12 17:28:57.513
17841406083211195,17880881298405608,2025-10-16 10:41:53,IMAGE,FEED,16,0,939,102,0,0,16,2025-11-13 17:29:19.500
17841406083211195,17880881298405608,2025-10-16 10:41:53,IMAGE,FEED,16,0,961,102,0,0,16,2025-11-14 17:29:00.540
17841406083211195,17880881298405608,2025-10-16 10:41:53,IMAGE,FEED,16,0,987,103,0,0,17,2025-11-15 17:30:46.802
17841406083211195,17880881298405608,2025-10-16 10:41:53,IMAGE,FEED,16,0,997,103,0,0,17,2025-11-16 17:29:40.689
17841406083211195,17880881298405608,2025-10-16 10:41:53,IMAGE,FEED,16,0,1009,103,0,0,17,2025-11-17 17:29:03.602
17841406083211195,17880881298405608,2025-10-16 10:41:53,IMAGE,FEED,16,0,1018,103,0,0,17,2025-11-18 17:28:56.196
17841406083211195,17880881298405608,2025-10-16 10:41:53,IMAGE,FEED,16,0,1044,106,0,0,17,2025-11-19 17:35:38.984
17841406083211195,17880881298405608,2025-10-16 10:41:53,IMAGE,FEED,16,0,1060,109,0,0,17,2025-11-20 17:36:09.348
17841406083211195,17880881298405608,2025-10-16 10:41:53,IMAGE,FEED,16,0,1072,110,0,0,17,2025-11-21 17:35:55.861
17841406083211195,17880881298405608,2025-10-16 10:41:53,IMAGE,FEED,16,0,1081,111,0,0,17,2025-11-22 17:33:59.859
17841406083211195,17880881298405608,2025-10-16 10:41:53,IMAGE,FEED,16,0,1096,111,0,0,17,2025-11-23 17:33:27.477
17841406083211195,17880881298405608,2025-10-16 10:41:53,IMAGE,FEED,16,0,1103,111,0,0,17,2025-11-24 17:36:35.482
17841406083211195,17880881298405608,2025-10-16 10:41:53,IMAGE,FEED,16,0,1111,112,0,0,17,2025-11-25 17:34:52.764
17841406083211195,17880881298405608,2025-10-16 10:41:53,IMAGE,FEED,16,0,1122,113,0,0,17,2025-11-26 17:37:34.795
17841406083211195,17880881298405608,2025-10-16 10:41:53,IMAGE,FEED,16,0,1128,113,0,0,17,2025-11-27 17:34:42.505
17841406083211195,17880881298405608,2025-10-16 10:41:53,IMAGE,FEED,16,0,1131,113,0,0,17,2025-11-28 17:35:39.726
17841406083211195,17880881298405608,2025-10-16 10:41:53,IMAGE,FEED,16,0,1134,113,0,0,17,2025-11-29 17:36:27.538
17841406083211195,17880881298405608,2025-10-16 10:41:53,IMAGE,FEED,16,0,1135,113,0,0,17,2025-11-30 17:33:54.618
17841406083211195,17880881298405608,2025-10-16 10:41:53,IMAGE,FEED,16,0,1142,114,0,0,17,2025-12-01 17:34:00.991
17841406083211195,17880881298405608,2025-10-16 10:41:53,IMAGE,FEED,16,0,1144,114,0,0,17,2025-12-02 17:35:28.468
17841406083211195,17880881298405608,2025-10-16 10:41:53,IMAGE,FEED,16,0,1154,114,0,0,17,2025-12-03 17:36:45.836
17841406083211195,17880881298405608,2025-10-16 10:41:53,IMAGE,FEED,16,0,1166,114,0,0,17,2025-12-04 17:34:52.049
17841406083211195,17880881298405608,2025-10-16 10:41:53,IMAGE,FEED,16,0,1167,114,0,0,17,2025-12-05 17:34:50.230
17841406083211195,17880881298405608,2025-10-16 10:41:53,IMAGE,FEED,16,0,1179,114,0,0,17,2025-12-06 17:35:26.326
17841406083211195,17880881298405608,2025-10-16 10:41:53,IMAGE,FEED,16,0,1181,114,0,0,17,2025-12-07 17:33:44.789
17841406083211195,17880881298405608,2025-10-16 10:41:53,IMAGE,FEED,16,0,1184,114,0,0,17,2025-12-08 17:33:32.908
17841406083211195,17880881298405608,2025-10-16 10:41:53,IMAGE,FEED,16,0,1191,114,0,0,17,2025-12-09 17:35:43.774
17841406083211195,17880881298405608,2025-10-16 10:41:53,IMAGE,FEED,16,0,1197,115,0,0,17,2025-12-10 17:36:27.783
17841406083211195,17880881298405608,2025-10-16 10:41:53,IMAGE,FEED,16,0,1198,115,0,0,17,2025-12-11 17:33:56.843
17841406083211195,17880881298405608,2025-10-16 10:41:53,IMAGE,FEED,16,0,1199,115,0,0,17,2025-12-12 17:35:50.532
17841406083211195,17880881298405608,2025-10-16 10:41:53,IMAGE,FEED,16,0,1205,116,0,0,17,2025-12-15 06:34:20.227
17841406083211195,17880881298405608,2025-10-16 10:41:53,IMAGE,FEED,16,0,1208,116,0,0,17,2025-12-15 17:37:13.497
17841406083211195,17880881298405608,2025-10-16 10:41:53,IMAGE,FEED,16,0,1210,116,0,0,17,2025-12-17 17:28:51.596
17841406083211195,17880881298405608,2025-10-16 10:41:53,IMAGE,FEED,16,0,1219,117,0,0,17,2025-12-19 17:30:20.755
17841406083211195,17880881298405608,2025-10-16 10:41:53,IMAGE,FEED,16,0,1219,118,0,0,17,2025-12-21 17:29:45.212
17841406083211195,17880881298405608,2025-10-16 10:41:53,IMAGE,FEED,16,0,1220,118,0,0,17,2025-12-22 17:28:37.819
17841406083211195,17880881298405608,2025-10-16 10:41:53,IMAGE,FEED,16,0,1222,119,0,0,17,2025-12-23 17:28:36.750
17841406083211195,17880881298405608,2025-10-16 10:41:53,IMAGE,FEED,16,0,1224,119,0,0,17,2025-12-25 17:29:11.618
17841406083211195,17884547352288978,2025-05-16 10:54:36,IMAGE,FEED,6,0,76,55,0,13,19,2025-05-16 17:30:52.854
17841406083211195,17884547352288978,2025-05-16 10:54:36,IMAGE,FEED,6,0,123,92,0,13,19,2025-05-17 17:29:58.688
17841406083211195,17884547352288978,2025-05-16 10:54:36,IMAGE,FEED,6,0,135,102,0,13,19,2025-05-18 17:30:17.753
17841406083211195,17884547352288978,2025-05-16 10:54:36,IMAGE,FEED,6,0,148,110,0,13,19,2025-05-19 17:29:54.827
17841406083211195,17884547352288978,2025-05-16 10:54:36,IMAGE,FEED,7,0,155,112,0,13,20,2025-05-20 17:29:17.946
17841406083211195,17884547352288978,2025-05-16 10:54:36,IMAGE,FEED,7,0,158,115,0,13,20,2025-05-21 17:30:08.523
17841406083211195,17884547352288978,2025-05-16 10:54:36,IMAGE,FEED,7,0,166,120,0,13,20,2025-05-22 17:30:10.264
17841406083211195,17884547352288978,2025-05-16 10:54:36,IMAGE,FEED,7,0,173,126,0,13,20,2025-05-23 17:30:42.896
17841406083211195,17884547352288978,2025-05-16 10:54:36,IMAGE,FEED,7,0,175,127,0,13,20,2025-05-24 17:30:42.274
17841406083211195,17884547352288978,2025-05-16 10:54:36,IMAGE,FEED,7,0,179,131,0,13,20,2025-05-25 17:31:05.659
17841406083211195,17884547352288978,2025-05-16 10:54:36,IMAGE,FEED,7,0,190,134,0,13,20,2025-05-26 17:30:22.064
17841406083211195,17884547352288978,2025-05-16 10:54:36,IMAGE,FEED,7,0,192,136,0,13,20,2025-05-28 17:30:33.834
17841406083211195,17884547352288978,2025-05-16 10:54:36,IMAGE,FEED,7,0,197,138,0,13,20,2025-05-30 17:29:56.110
17841406083211195,17884547352288978,2025-05-16 10:54:36,IMAGE,FEED,7,0,199,139,0,13,20,2025-06-01 17:29:49.090
17841406083211195,17884547352288978,2025-05-16 10:54:36,IMAGE,FEED,7,0,202,141,0,13,20,2025-06-03 17:29:40.482
17841406083211195,17884547352288978,2025-05-16 10:54:36,IMAGE,FEED,7,0,203,142,0,13,20,2025-06-04 17:30:00.719
17841406083211195,17884547352288978,2025-05-16 10:54:36,IMAGE,FEED,7,0,207,144,0,13,20,2025-06-05 17:30:15.498
17841406083211195,17884547352288978,2025-05-16 10:54:36,IMAGE,FEED,7,0,234,162,0,13,20,2025-07-03 03:00:02.152
17841406083211195,17884547352288978,2025-05-16 10:54:36,IMAGE,FEED,7,0,238,164,0,13,20,2025-07-03 17:29:59.214
17841406083211195,17884547352288978,2025-05-16 10:54:36,IMAGE,FEED,7,0,239,164,0,13,20,2025-07-04 17:30:58.677
17841406083211195,17884547352288978,2025-05-16 10:54:36,IMAGE,FEED,7,0,240,164,0,13,20,2025-07-05 17:29:52.050
17841406083211195,17884547352288978,2025-05-16 10:54:36,IMAGE,FEED,7,0,241,165,0,13,20,2025-07-07 17:30:38.835
17841406083211195,17884547352288978,2025-05-16 10:54:36,IMAGE,FEED,7,0,243,165,0,13,20,2025-07-09 17:30:26.374
17841406083211195,17884547352288978,2025-05-16 10:54:36,IMAGE,FEED,7,0,246,165,0,13,20,2025-07-10 17:29:17.365
17841406083211195,17884547352288978,2025-05-16 10:54:36,IMAGE,FEED,7,0,247,166,0,13,20,2025-07-15 17:29:51.515
17841406083211195,17884547352288978,2025-05-16 10:54:36,IMAGE,FEED,7,0,248,166,0,13,20,2025-07-16 17:30:05.717
17841406083211195,17884547352288978,2025-05-16 10:54:36,IMAGE,FEED,7,0,252,167,0,13,20,2025-07-21 17:30:41.026
17841406083211195,17884547352288978,2025-05-16 10:54:36,IMAGE,FEED,7,0,254,167,0,13,20,2025-07-22 17:30:36.354
17841406083211195,17884547352288978,2025-05-16 10:54:36,IMAGE,FEED,7,0,255,167,0,13,20,2025-07-23 17:30:15.899
17841406083211195,17884547352288978,2025-05-16 10:54:36,IMAGE,FEED,7,0,259,167,0,13,20,2025-07-26 17:30:03.790
17841406083211195,17884547352288978,2025-05-16 10:54:36,IMAGE,FEED,7,0,260,167,0,13,20,2025-07-28 17:29:11.654
17841406083211195,17884547352288978,2025-05-16 10:54:36,IMAGE,FEED,7,0,262,167,0,13,20,2025-07-29 17:29:46.534
17841406083211195,17884547352288978,2025-05-16 10:54:36,IMAGE,FEED,7,0,266,169,0,13,20,2025-07-31 17:29:02.407
17841406083211195,17884547352288978,2025-05-16 10:54:36,IMAGE,FEED,7,0,273,170,0,13,20,2025-08-04 17:30:32.201
17841406083211195,17884547352288978,2025-05-16 10:54:36,IMAGE,FEED,7,0,274,171,0,13,20,2025-08-06 17:29:32.817
17841406083211195,17884547352288978,2025-05-16 10:54:36,IMAGE,FEED,7,0,276,171,0,13,20,2025-08-08 17:29:41.601
17841406083211195,17884547352288978,2025-05-16 10:54:36,IMAGE,FEED,7,0,283,172,0,13,20,2025-08-10 17:29:54.205
17841406083211195,17884547352288978,2025-05-16 10:54:36,IMAGE,FEED,7,0,286,174,0,13,20,2025-08-11 17:30:48.473
17841406083211195,17884547352288978,2025-05-16 10:54:36,IMAGE,FEED,7,0,292,174,0,13,20,2025-08-12 17:31:33.946
17841406083211195,17884547352288978,2025-05-16 10:54:36,IMAGE,FEED,7,0,298,175,0,13,20,2025-08-14 17:30:40.922
17841406083211195,17884547352288978,2025-05-16 10:54:36,IMAGE,FEED,7,0,305,175,0,13,20,2025-08-16 17:29:42.443
17841406083211195,17884547352288978,2025-05-16 10:54:36,IMAGE,FEED,7,0,309,175,0,13,20,2025-08-17 17:28:52.682
17841406083211195,17884547352288978,2025-05-16 10:54:36,IMAGE,FEED,7,0,313,175,0,13,20,2025-08-18 17:29:03.021
17841406083211195,17884547352288978,2025-05-16 10:54:36,IMAGE,FEED,7,0,316,175,0,13,20,2025-08-19 17:29:48.976
17841406083211195,17884547352288978,2025-05-16 10:54:36,IMAGE,FEED,7,0,317,175,0,13,20,2025-08-20 17:29:49.056
17841406083211195,17884547352288978,2025-05-16 10:54:36,IMAGE,FEED,7,0,326,175,0,13,20,2025-08-21 17:30:28.994
17841406083211195,17884547352288978,2025-05-16 10:54:36,IMAGE,FEED,7,0,327,175,0,13,20,2025-08-22 17:29:32.375
17841406083211195,17884547352288978,2025-05-16 10:54:36,IMAGE,FEED,7,0,329,175,0,13,20,2025-08-23 17:29:39.832
17841406083211195,17884547352288978,2025-05-16 10:54:36,IMAGE,FEED,7,0,331,175,0,13,20,2025-08-24 17:29:14.567
17841406083211195,17884547352288978,2025-05-16 10:54:36,IMAGE,FEED,7,0,362,176,0,13,20,2025-08-25 17:29:45.212
17841406083211195,17884547352288978,2025-05-16 10:54:36,IMAGE,FEED,7,0,369,177,0,13,20,2025-08-26 17:29:15.110
17841406083211195,17884547352288978,2025-05-16 10:54:36,IMAGE,FEED,7,0,372,177,0,13,20,2025-08-27 17:30:23.674
17841406083211195,17884547352288978,2025-05-16 10:54:36,IMAGE,FEED,7,0,377,177,0,13,20,2025-08-28 17:31:28.500
17841406083211195,17884547352288978,2025-05-16 10:54:36,IMAGE,FEED,7,0,379,177,0,13,20,2025-08-29 17:28:53.246
17841406083211195,17884547352288978,2025-05-16 10:54:36,IMAGE,FEED,7,0,381,177,0,13,20,2025-08-30 17:30:25.973
17841406083211195,17884547352288978,2025-05-16 10:54:36,IMAGE,FEED,7,0,389,177,0,13,20,2025-08-31 17:28:56.746
17841406083211195,17884547352288978,2025-05-16 10:54:36,IMAGE,FEED,7,0,463,182,0,13,20,2025-10-01 04:10:01.765
17841406083211195,17884547352288978,2025-05-16 10:54:36,IMAGE,FEED,7,0,465,182,0,13,20,2025-10-02 04:04:36.979
17841406083211195,17884547352288978,2025-05-16 10:54:36,IMAGE,FEED,7,0,467,182,0,13,20,2025-10-02 17:29:40.003
17841406083211195,17884547352288978,2025-05-16 10:54:36,IMAGE,FEED,7,0,468,182,0,13,20,2025-10-04 17:29:46.386
17841406083211195,17884547352288978,2025-05-16 10:54:36,IMAGE,FEED,7,0,473,182,0,13,20,2025-10-05 17:29:33.609
17841406083211195,17884547352288978,2025-05-16 10:54:36,IMAGE,FEED,7,0,473,183,0,13,20,2025-10-06 17:28:55.820
17841406083211195,17884547352288978,2025-05-16 10:54:36,IMAGE,FEED,7,0,475,183,0,13,20,2025-10-08 17:29:48.284
17841406083211195,17884547352288978,2025-05-16 10:54:36,IMAGE,FEED,7,0,484,183,0,13,20,2025-10-09 17:28:59.259
17841406083211195,17884547352288978,2025-05-16 10:54:36,IMAGE,FEED,7,0,486,183,0,13,20,2025-10-11 17:28:37.954
17841406083211195,17884547352288978,2025-05-16 10:54:36,IMAGE,FEED,7,0,487,183,0,13,20,2025-10-12 17:28:57.224
17841406083211195,17884547352288978,2025-05-16 10:54:36,IMAGE,FEED,7,0,490,183,0,13,20,2025-10-13 17:29:00.310
17841406083211195,17884547352288978,2025-05-16 10:54:36,IMAGE,FEED,7,0,491,183,0,13,20,2025-10-14 17:28:28.926
17841406083211195,17884547352288978,2025-05-16 10:54:36,IMAGE,FEED,7,0,492,183,0,13,20,2025-10-15 17:30:00.908
17841406083211195,17884547352288978,2025-05-16 10:54:36,IMAGE,FEED,7,0,498,185,0,13,20,2025-10-16 17:29:06.182
17841406083211195,17884547352288978,2025-05-16 10:54:36,IMAGE,FEED,7,0,504,186,0,13,20,2025-10-17 17:30:04.049
17841406083211195,17884547352288978,2025-05-16 10:54:36,IMAGE,FEED,7,0,505,186,0,13,20,2025-10-18 17:28:35.985
17841406083211195,17884547352288978,2025-05-16 10:54:36,IMAGE,FEED,7,0,506,186,0,13,20,2025-10-20 17:29:27.072
17841406083211195,17884547352288978,2025-05-16 10:54:36,IMAGE,FEED,7,0,508,186,0,13,20,2025-10-21 17:28:47.409
17841406083211195,17884547352288978,2025-05-16 10:54:36,IMAGE,FEED,7,0,509,186,0,13,20,2025-10-22 17:29:00.835
17841406083211195,17884547352288978,2025-05-16 10:54:36,IMAGE,FEED,7,0,511,186,0,13,20,2025-10-23 17:28:36.363
17841406083211195,17884547352288978,2025-05-16 10:54:36,IMAGE,FEED,7,0,517,186,0,13,20,2025-10-27 17:29:04.359
17841406083211195,17884547352288978,2025-05-16 10:54:36,IMAGE,FEED,7,1,533,188,0,13,21,2025-10-28 17:30:01.159
17841406083211195,17884547352288978,2025-05-16 10:54:36,IMAGE,FEED,7,1,536,188,0,13,21,2025-10-29 17:29:48.677
17841406083211195,17884547352288978,2025-05-16 10:54:36,IMAGE,FEED,7,1,541,188,0,13,21,2025-10-31 17:29:18.976
17841406083211195,17884547352288978,2025-05-16 10:54:36,IMAGE,FEED,7,1,542,188,0,13,21,2025-11-02 17:29:16.158
17841406083211195,17884547352288978,2025-05-16 10:54:36,IMAGE,FEED,7,1,549,188,0,13,21,2025-11-03 17:29:06.673
17841406083211195,17884547352288978,2025-05-16 10:54:36,IMAGE,FEED,7,1,554,188,0,13,21,2025-11-04 17:28:36.321
17841406083211195,17884547352288978,2025-05-16 10:54:36,IMAGE,FEED,7,1,559,189,0,13,21,2025-11-06 17:29:01.642
17841406083211195,17884547352288978,2025-05-16 10:54:36,IMAGE,FEED,7,1,561,189,0,13,21,2025-11-07 17:29:19.585
17841406083211195,17884547352288978,2025-05-16 10:54:36,IMAGE,FEED,7,1,567,189,0,13,21,2025-11-08 17:29:42.920
17841406083211195,17884547352288978,2025-05-16 10:54:36,IMAGE,FEED,7,1,569,189,0,13,21,2025-11-09 17:28:56.346
17841406083211195,17884547352288978,2025-05-16 10:54:36,IMAGE,FEED,7,1,574,189,0,13,21,2025-11-10 17:29:23.648
17841406083211195,17884547352288978,2025-05-16 10:54:36,IMAGE,FEED,7,1,576,189,0,13,21,2025-11-11 17:29:14.656
17841406083211195,17884547352288978,2025-05-16 10:54:36,IMAGE,FEED,7,1,578,189,0,13,21,2025-11-12 17:29:12.218
17841406083211195,17884547352288978,2025-05-16 10:54:36,IMAGE,FEED,7,1,579,189,0,13,21,2025-11-13 17:29:47.743
17841406083211195,17884547352288978,2025-05-16 10:54:36,IMAGE,FEED,7,1,586,190,0,13,21,2025-11-14 17:29:17.982
17841406083211195,17884547352288978,2025-05-16 10:54:36,IMAGE,FEED,7,1,594,191,0,13,21,2025-11-15 17:31:07.846
17841406083211195,17884547352288978,2025-05-16 10:54:36,IMAGE,FEED,7,1,595,192,0,13,21,2025-11-16 17:30:03.488
17841406083211195,17884547352288978,2025-05-16 10:54:36,IMAGE,FEED,7,1,599,192,0,13,21,2025-11-17 17:29:22.830
17841406083211195,17884547352288978,2025-05-16 10:54:36,IMAGE,FEED,7,1,601,192,0,13,21,2025-11-18 17:29:13.856
17841406083211195,17884547352288978,2025-05-16 10:54:36,IMAGE,FEED,7,1,603,193,0,13,21,2025-11-19 17:34:55.386
17841406083211195,17884547352288978,2025-05-16 10:54:36,IMAGE,FEED,7,1,604,193,0,13,21,2025-11-21 17:35:17.505
17841406083211195,17884547352288978,2025-05-16 10:54:36,IMAGE,FEED,7,1,605,193,0,13,21,2025-11-24 17:36:00.682
17841406083211195,17884547352288978,2025-05-16 10:54:36,IMAGE,FEED,7,1,607,193,0,13,21,2025-11-25 17:34:17.707
17841406083211195,17884547352288978,2025-05-16 10:54:36,IMAGE,FEED,7,1,608,193,0,13,21,2025-11-30 17:33:23.506
17841406083211195,17884547352288978,2025-05-16 10:54:36,IMAGE,FEED,7,1,609,193,0,13,21,2025-12-02 17:34:52.700
17841406083211195,17884547352288978,2025-05-16 10:54:36,IMAGE,FEED,7,1,612,193,0,13,21,2025-12-03 17:36:09.395
17841406083211195,17884547352288978,2025-05-16 10:54:36,IMAGE,FEED,7,1,616,194,0,13,21,2025-12-05 17:34:22.778
17841406083211195,17884547352288978,2025-05-16 10:54:36,IMAGE,FEED,7,1,617,194,0,13,21,2025-12-07 17:33:15.203
17841406083211195,17884547352288978,2025-05-16 10:54:36,IMAGE,FEED,7,1,618,194,0,13,21,2025-12-09 17:35:08.336
17841406083211195,17884547352288978,2025-05-16 10:54:36,IMAGE,FEED,7,1,620,194,0,13,21,2025-12-12 17:35:06.527
17841406083211195,17884547352288978,2025-05-16 10:54:36,IMAGE,FEED,7,1,622,194,0,13,21,2025-12-17 17:29:02.288
17841406083211195,17884547352288978,2025-05-16 10:54:36,IMAGE,FEED,7,1,623,194,0,13,21,2025-12-21 17:29:53.719
17841406083211195,17884547352288978,2025-05-16 10:54:36,IMAGE,FEED,7,1,625,194,0,13,21,2025-12-22 17:28:44.211
17841406083211195,17884547352288978,2025-05-16 10:54:36,IMAGE,FEED,7,1,627,194,0,13,21,2025-12-24 17:29:12.929
17841406083211195,17884547352288978,2025-05-16 10:54:36,IMAGE,FEED,7,1,628,194,0,13,21,2025-12-25 17:29:40.552
17841406083211195,17887920825171829,2025-01-08 09:40:23,IMAGE,FEED,13,2,279,201,0,0,15,2025-04-17 17:31:54.526
17841406083211195,17887920825171829,2025-01-08 09:40:23,IMAGE,FEED,13,2,279,201,0,0,15,2025-04-18 19:14:48.869
17841406083211195,17887920825171829,2025-01-08 09:40:23,IMAGE,FEED,13,2,282,202,0,0,15,2025-04-20 21:57:35.082
17841406083211195,17887920825171829,2025-01-08 09:40:23,IMAGE,FEED,13,2,283,203,0,0,15,2025-04-22 17:29:19.244
17841406083211195,17887920825171829,2025-01-08 09:40:23,IMAGE,FEED,13,2,284,204,0,0,15,2025-04-28 17:30:03.694
17841406083211195,17887920825171829,2025-01-08 09:40:23,IMAGE,FEED,13,2,285,204,0,0,15,2025-05-08 17:30:05.769
17841406083211195,17887920825171829,2025-01-08 09:40:23,IMAGE,FEED,13,2,286,205,0,0,15,2025-05-14 17:30:08.436
17841406083211195,17887920825171829,2025-01-08 09:40:23,IMAGE,FEED,13,2,287,205,0,0,15,2025-05-21 17:30:13.201
17841406083211195,17887920825171829,2025-01-08 09:40:23,IMAGE,FEED,13,2,288,206,0,0,15,2025-06-05 17:30:24.262
17841406083211195,17887920825171829,2025-01-08 09:40:23,IMAGE,FEED,13,2,290,208,0,0,15,2025-07-03 03:00:13.387
17841406083211195,17887920825171829,2025-01-08 09:40:23,IMAGE,FEED,13,2,294,209,0,0,15,2025-07-08 17:30:06.163
17841406083211195,17887920825171829,2025-01-08 09:40:23,IMAGE,FEED,13,2,295,210,0,0,15,2025-07-15 17:30:02.657
17841406083211195,17887920825171829,2025-01-08 09:40:23,IMAGE,FEED,13,2,296,210,0,0,15,2025-07-16 17:30:16.836
17841406083211195,17887920825171829,2025-01-08 09:40:23,IMAGE,FEED,13,2,297,210,0,0,15,2025-07-20 17:30:27.507
17841406083211195,17887920825171829,2025-01-08 09:40:23,IMAGE,FEED,13,2,298,211,0,0,15,2025-07-28 17:29:25.065
17841406083211195,17887920825171829,2025-01-08 09:40:23,IMAGE,FEED,13,2,299,211,0,0,15,2025-07-31 17:29:05.329
17841406083211195,17887920825171829,2025-01-08 09:40:23,IMAGE,FEED,13,2,300,211,0,0,15,2025-08-03 17:30:00.326
17841406083211195,17887920825171829,2025-01-08 09:40:23,IMAGE,FEED,13,2,301,211,0,0,15,2025-08-06 17:29:35.473
17841406083211195,17887920825171829,2025-01-08 09:40:23,IMAGE,FEED,13,2,302,211,0,0,15,2025-08-08 17:29:44.672
17841406083211195,17887920825171829,2025-01-08 09:40:23,IMAGE,FEED,13,2,308,211,0,0,15,2025-08-11 17:30:52.897
17841406083211195,17887920825171829,2025-01-08 09:40:23,IMAGE,FEED,13,2,310,211,0,0,15,2025-08-16 17:29:48.203
17841406083211195,17887920825171829,2025-01-08 09:40:23,IMAGE,FEED,13,2,311,212,0,0,15,2025-08-17 17:28:55.755
17841406083211195,17887920825171829,2025-01-08 09:40:23,IMAGE,FEED,13,2,317,212,0,0,15,2025-08-18 17:29:09.074
17841406083211195,17887920825171829,2025-01-08 09:40:23,IMAGE,FEED,13,2,321,212,0,0,15,2025-08-20 17:29:54.705
17841406083211195,17887920825171829,2025-01-08 09:40:23,IMAGE,FEED,13,2,322,212,0,0,15,2025-08-21 17:30:35.455
17841406083211195,17887920825171829,2025-01-08 09:40:23,IMAGE,FEED,13,2,323,212,0,0,15,2025-08-22 17:29:39.571
17841406083211195,17887920825171829,2025-01-08 09:40:23,IMAGE,FEED,13,2,324,212,0,0,15,2025-08-23 17:29:46.432
17841406083211195,17887920825171829,2025-01-08 09:40:23,IMAGE,FEED,13,2,326,212,0,0,15,2025-08-24 17:29:21.894
17841406083211195,17887920825171829,2025-01-08 09:40:23,IMAGE,FEED,13,2,332,212,0,0,15,2025-08-25 17:29:53.216
17841406083211195,17887920825171829,2025-01-08 09:40:23,IMAGE,FEED,13,2,336,212,0,0,15,2025-08-26 17:29:23.368
17841406083211195,17887920825171829,2025-01-08 09:40:23,IMAGE,FEED,13,2,339,212,0,0,15,2025-08-28 17:31:46.026
17841406083211195,17887920825171829,2025-01-08 09:40:23,IMAGE,FEED,13,2,340,212,0,0,15,2025-08-30 17:30:35.883
17841406083211195,17887920825171829,2025-01-08 09:40:23,IMAGE,FEED,13,2,341,212,0,0,15,2025-08-31 17:29:08.156
17841406083211195,17887920825171829,2025-01-08 09:40:23,IMAGE,FEED,13,2,385,212,0,0,15,2025-10-02 04:04:44.833
17841406083211195,17887920825171829,2025-01-08 09:40:23,IMAGE,FEED,13,2,386,212,0,0,15,2025-10-02 17:29:48.096
17841406083211195,17887920825171829,2025-01-08 09:40:23,IMAGE,FEED,13,2,387,212,0,0,15,2025-10-08 17:29:57.263
17841406083211195,17887920825171829,2025-01-08 09:40:23,IMAGE,FEED,13,2,393,212,0,0,15,2025-10-09 17:29:08.615
17841406083211195,17887920825171829,2025-01-08 09:40:23,IMAGE,FEED,13,2,394,212,0,0,15,2025-10-12 17:29:06.951
17841406083211195,17887920825171829,2025-01-08 09:40:23,IMAGE,FEED,13,2,400,212,0,0,15,2025-10-14 17:28:37.711
17841406083211195,17887920825171829,2025-01-08 09:40:23,IMAGE,FEED,13,2,401,212,0,0,15,2025-10-15 17:30:10.589
17841406083211195,17887920825171829,2025-01-08 09:40:23,IMAGE,FEED,13,2,402,212,0,0,15,2025-10-16 17:29:16.651
17841406083211195,17887920825171829,2025-01-08 09:40:23,IMAGE,FEED,13,2,404,212,0,0,15,2025-10-18 17:28:45.304
17841406083211195,17887920825171829,2025-01-08 09:40:23,IMAGE,FEED,13,2,405,212,0,0,15,2025-10-20 17:29:42.605
17841406083211195,17887920825171829,2025-01-08 09:40:23,IMAGE,FEED,13,2,406,212,0,0,15,2025-10-21 17:28:58.692
17841406083211195,17887920825171829,2025-01-08 09:40:23,IMAGE,FEED,13,2,407,212,0,0,15,2025-10-22 17:29:13.606
17841406083211195,17887920825171829,2025-01-08 09:40:23,IMAGE,FEED,13,2,409,212,0,0,15,2025-10-27 17:29:08.601
17841406083211195,17887920825171829,2025-01-08 09:40:23,IMAGE,FEED,13,2,453,212,0,0,15,2025-10-28 17:30:05.411
17841406083211195,17887920825171829,2025-01-08 09:40:23,IMAGE,FEED,13,2,454,212,0,0,15,2025-10-29 17:29:55.117
17841406083211195,17887920825171829,2025-01-08 09:40:23,IMAGE,FEED,13,2,456,212,0,0,15,2025-11-02 17:29:29.174
17841406083211195,17887920825171829,2025-01-08 09:40:23,IMAGE,FEED,13,2,458,212,0,0,15,2025-11-03 17:29:12.903
17841406083211195,17887920825171829,2025-01-08 09:40:23,IMAGE,FEED,13,2,459,212,0,0,15,2025-11-04 17:28:42.948
17841406083211195,17887920825171829,2025-01-08 09:40:23,IMAGE,FEED,13,2,461,212,0,0,15,2025-11-06 17:29:06.866
17841406083211195,17887920825171829,2025-01-08 09:40:23,IMAGE,FEED,13,2,462,212,0,0,15,2025-11-09 17:29:04.275
17841406083211195,17887920825171829,2025-01-08 09:40:23,IMAGE,FEED,13,2,465,212,0,0,15,2025-11-10 17:29:31.999
17841406083211195,17887920825171829,2025-01-08 09:40:23,IMAGE,FEED,13,2,466,212,0,0,15,2025-11-11 17:29:22.337
17841406083211195,17887920825171829,2025-01-08 09:40:23,IMAGE,FEED,13,2,468,212,0,0,15,2025-11-12 17:29:20.872
17841406083211195,17887920825171829,2025-01-08 09:40:23,IMAGE,FEED,13,2,471,212,0,0,15,2025-11-13 17:30:02.196
17841406083211195,17887920825171829,2025-01-08 09:40:23,IMAGE,FEED,13,2,472,212,0,0,15,2025-11-14 17:29:25.550
17841406083211195,17887920825171829,2025-01-08 09:40:23,IMAGE,FEED,13,2,475,212,0,0,15,2025-11-15 17:31:18.562
17841406083211195,17887920825171829,2025-01-08 09:40:23,IMAGE,FEED,13,2,478,213,0,0,15,2025-11-16 17:30:12.334
17841406083211195,17887920825171829,2025-01-08 09:40:23,IMAGE,FEED,13,2,482,213,0,0,15,2025-11-21 17:34:52.827
17841406083211195,17887920825171829,2025-01-08 09:40:23,IMAGE,FEED,13,2,483,213,0,0,15,2025-11-25 17:33:52.979
17841406083211195,17887920825171829,2025-01-08 09:40:23,IMAGE,FEED,13,2,484,213,0,0,15,2025-11-26 17:36:02.330
17841406083211195,17887920825171829,2025-01-08 09:40:23,IMAGE,FEED,13,2,485,213,0,0,15,2025-12-03 17:35:49.235
17841406083211195,17887920825171829,2025-01-08 09:40:23,IMAGE,FEED,13,2,486,213,0,0,15,2025-12-05 17:34:03.818
17841406083211195,17887920825171829,2025-01-08 09:40:23,IMAGE,FEED,13,2,487,213,0,0,15,2025-12-08 17:32:36.777
17841406083211195,17887920825171829,2025-01-08 09:40:23,IMAGE,FEED,13,2,488,213,0,0,15,2025-12-09 17:34:43.092
17841406083211195,17887920825171829,2025-01-08 09:40:23,IMAGE,FEED,13,2,489,213,0,0,15,2025-12-11 17:33:08.740
17841406083211195,17887920825171829,2025-01-08 09:40:23,IMAGE,FEED,13,2,490,214,0,0,15,2025-12-12 17:34:34.582
17841406083211195,17887920825171829,2025-01-08 09:40:23,IMAGE,FEED,13,2,491,214,0,0,15,2025-12-24 17:29:27.242
17841406083211195,17887920825171829,2025-01-08 09:40:23,IMAGE,FEED,13,2,494,214,0,0,15,2025-12-25 17:29:48.438
17841406083211195,17911109046130021,2025-05-30 10:16:57,IMAGE,FEED,8,0,61,45,1,14,23,2025-05-30 17:29:46.032
17841406083211195,17911109046130021,2025-05-30 10:16:57,IMAGE,FEED,8,0,99,72,1,14,23,2025-05-31 17:29:51.770
17841406083211195,17911109046130021,2025-05-30 10:16:57,IMAGE,FEED,8,0,109,79,1,14,23,2025-06-01 17:29:49.091
17841406083211195,17911109046130021,2025-05-30 10:16:57,IMAGE,FEED,9,0,116,83,1,14,24,2025-06-02 17:30:36.029
17841406083211195,17911109046130021,2025-05-30 10:16:57,IMAGE,FEED,9,0,121,84,1,14,24,2025-06-03 17:29:40.483
17841406083211195,17911109046130021,2025-05-30 10:16:57,IMAGE,FEED,9,0,128,87,1,14,24,2025-06-04 17:30:00.719
17841406083211195,17911109046130021,2025-05-30 10:16:57,IMAGE,FEED,9,0,129,88,1,14,24,2025-06-05 17:30:15.499
17841406083211195,17911109046130021,2025-05-30 10:16:57,IMAGE,FEED,9,0,170,105,1,14,24,2025-07-03 03:00:02.153
17841406083211195,17911109046130021,2025-05-30 10:16:57,IMAGE,FEED,9,0,172,107,1,14,24,2025-07-03 17:29:59.214
17841406083211195,17911109046130021,2025-05-30 10:16:57,IMAGE,FEED,9,0,175,107,1,14,24,2025-07-04 17:30:58.678
17841406083211195,17911109046130021,2025-05-30 10:16:57,IMAGE,FEED,9,0,176,107,1,14,24,2025-07-05 17:29:52.051
17841406083211195,17911109046130021,2025-05-30 10:16:57,IMAGE,FEED,9,0,177,108,1,14,24,2025-07-07 17:30:38.835
17841406083211195,17911109046130021,2025-05-30 10:16:57,IMAGE,FEED,9,0,178,108,1,14,24,2025-07-08 17:29:53.769
17841406083211195,17911109046130021,2025-05-30 10:16:57,IMAGE,FEED,9,0,180,108,1,14,24,2025-07-09 17:30:26.377
17841406083211195,17911109046130021,2025-05-30 10:16:57,IMAGE,FEED,9,0,183,108,1,14,24,2025-07-16 17:30:05.718
17841406083211195,17911109046130021,2025-05-30 10:16:57,IMAGE,FEED,9,0,188,110,1,14,24,2025-07-17 17:29:49.524
17841406083211195,17911109046130021,2025-05-30 10:16:57,IMAGE,FEED,9,0,189,110,1,14,24,2025-07-18 17:29:48.374
17841406083211195,17911109046130021,2025-05-30 10:16:57,IMAGE,FEED,9,0,190,111,1,14,24,2025-07-21 17:30:41.027
17841406083211195,17911109046130021,2025-05-30 10:16:57,IMAGE,FEED,9,0,191,111,1,14,24,2025-07-23 17:30:15.900
17841406083211195,17911109046130021,2025-05-30 10:16:57,IMAGE,FEED,9,0,197,111,1,14,24,2025-07-27 17:30:34.310
17841406083211195,17911109046130021,2025-05-30 10:16:57,IMAGE,FEED,9,0,198,111,1,14,24,2025-07-28 17:29:11.655
17841406083211195,17911109046130021,2025-05-30 10:16:57,IMAGE,FEED,9,0,201,111,1,14,24,2025-07-29 17:29:46.535
17841406083211195,17911109046130021,2025-05-30 10:16:57,IMAGE,FEED,9,0,205,113,1,14,24,2025-07-31 17:28:52.268
17841406083211195,17911109046130021,2025-05-30 10:16:57,IMAGE,FEED,9,0,214,113,1,14,24,2025-08-01 17:30:02.460
17841406083211195,17911109046130021,2025-05-30 10:16:57,IMAGE,FEED,9,0,215,114,1,14,24,2025-08-03 17:29:40.183
17841406083211195,17911109046130021,2025-05-30 10:16:57,IMAGE,FEED,9,0,216,114,1,14,24,2025-08-06 17:29:21.819
17841406083211195,17911109046130021,2025-05-30 10:16:57,IMAGE,FEED,9,0,220,114,1,14,24,2025-08-08 17:29:30.447
17841406083211195,17911109046130021,2025-05-30 10:16:57,IMAGE,FEED,9,0,227,114,1,14,24,2025-08-10 17:29:41.097
17841406083211195,17911109046130021,2025-05-30 10:16:57,IMAGE,FEED,9,0,230,114,1,14,24,2025-08-11 17:30:32.972
17841406083211195,17911109046130021,2025-05-30 10:16:57,IMAGE,FEED,9,0,235,114,1,14,24,2025-08-12 17:31:22.353
17841406083211195,17911109046130021,2025-05-30 10:16:57,IMAGE,FEED,9,0,237,114,1,14,24,2025-08-13 17:29:54.298
17841406083211195,17911109046130021,2025-05-30 10:16:57,IMAGE,FEED,9,0,238,114,1,14,24,2025-08-14 17:30:30.708
17841406083211195,17911109046130021,2025-05-30 10:16:57,IMAGE,FEED,9,0,245,114,1,14,24,2025-08-15 17:29:20.122
17841406083211195,17911109046130021,2025-05-30 10:16:57,IMAGE,FEED,9,0,246,114,1,14,24,2025-08-16 17:29:29.901
17841406083211195,17911109046130021,2025-05-30 10:16:57,IMAGE,FEED,9,0,251,114,1,14,24,2025-08-17 17:28:52.683
17841406083211195,17911109046130021,2025-05-30 10:16:57,IMAGE,FEED,9,0,257,114,1,14,24,2025-08-18 17:29:03.022
17841406083211195,17911109046130021,2025-05-30 10:16:57,IMAGE,FEED,9,0,260,114,1,14,24,2025-08-19 17:29:48.977
17841406083211195,17911109046130021,2025-05-30 10:16:57,IMAGE,FEED,9,0,261,114,1,14,24,2025-08-20 17:29:49.057
17841406083211195,17911109046130021,2025-05-30 10:16:57,IMAGE,FEED,9,0,272,114,1,14,24,2025-08-21 17:30:28.995
17841406083211195,17911109046130021,2025-05-30 10:16:57,IMAGE,FEED,9,0,273,114,1,14,24,2025-08-22 17:29:32.375
17841406083211195,17911109046130021,2025-05-30 10:16:57,IMAGE,FEED,9,0,277,115,1,14,24,2025-08-23 17:29:39.832
17841406083211195,17911109046130021,2025-05-30 10:16:57,IMAGE,FEED,9,0,279,115,1,14,24,2025-08-24 17:29:14.568
17841406083211195,17911109046130021,2025-05-30 10:16:57,IMAGE,FEED,9,0,311,115,1,14,24,2025-08-25 17:29:45.212
17841406083211195,17911109046130021,2025-05-30 10:16:57,IMAGE,FEED,9,0,318,115,1,14,24,2025-08-26 17:29:15.111
17841406083211195,17911109046130021,2025-05-30 10:16:57,IMAGE,FEED,9,0,322,115,1,14,24,2025-08-27 17:30:23.674
17841406083211195,17911109046130021,2025-05-30 10:16:57,IMAGE,FEED,9,0,328,115,1,14,24,2025-08-28 17:31:28.501
17841406083211195,17911109046130021,2025-05-30 10:16:57,IMAGE,FEED,9,0,329,115,1,14,24,2025-08-29 17:28:53.247
17841406083211195,17911109046130021,2025-05-30 10:16:57,IMAGE,FEED,9,0,336,115,1,14,24,2025-08-30 17:30:25.973
17841406083211195,17911109046130021,2025-05-30 10:16:57,IMAGE,FEED,9,0,344,115,1,14,24,2025-08-31 17:28:56.747
17841406083211195,17911109046130021,2025-05-30 10:16:57,IMAGE,FEED,9,0,440,120,1,14,24,2025-10-01 04:10:01.766
17841406083211195,17911109046130021,2025-05-30 10:16:57,IMAGE,FEED,9,0,442,120,1,14,24,2025-10-02 04:04:36.979
17841406083211195,17911109046130021,2025-05-30 10:16:57,IMAGE,FEED,9,0,445,120,1,14,24,2025-10-02 17:29:40.004
17841406083211195,17911109046130021,2025-05-30 10:16:57,IMAGE,FEED,9,0,449,120,1,14,24,2025-10-04 17:29:46.386
17841406083211195,17911109046130021,2025-05-30 10:16:57,IMAGE,FEED,9,0,454,120,1,14,24,2025-10-06 17:28:55.820
17841406083211195,17911109046130021,2025-05-30 10:16:57,IMAGE,FEED,9,0,457,120,1,14,24,2025-10-08 17:29:48.284
17841406083211195,17911109046130021,2025-05-30 10:16:57,IMAGE,FEED,9,0,466,120,1,14,24,2025-10-09 17:28:59.259
17841406083211195,17911109046130021,2025-05-30 10:16:57,IMAGE,FEED,9,0,467,120,1,14,24,2025-10-12 17:28:57.225
17841406083211195,17911109046130021,2025-05-30 10:16:57,IMAGE,FEED,9,0,470,120,1,14,24,2025-10-13 17:29:00.310
17841406083211195,17911109046130021,2025-05-30 10:16:57,IMAGE,FEED,9,0,471,120,1,14,24,2025-10-14 17:28:28.927
17841406083211195,17911109046130021,2025-05-30 10:16:57,IMAGE,FEED,9,0,472,120,1,14,24,2025-10-15 17:30:00.909
17841406083211195,17911109046130021,2025-05-30 10:16:57,IMAGE,FEED,9,0,474,121,1,14,24,2025-10-16 17:29:06.183
17841406083211195,17911109046130021,2025-05-30 10:16:57,IMAGE,FEED,9,0,477,121,1,14,24,2025-10-17 17:30:04.049
17841406083211195,17911109046130021,2025-05-30 10:16:57,IMAGE,FEED,9,0,479,121,1,14,24,2025-10-18 17:28:35.986
17841406083211195,17911109046130021,2025-05-30 10:16:57,IMAGE,FEED,9,0,480,121,1,14,24,2025-10-20 17:29:27.072
17841406083211195,17911109046130021,2025-05-30 10:16:57,IMAGE,FEED,9,0,481,121,1,14,24,2025-10-21 17:28:47.410
17841406083211195,17911109046130021,2025-05-30 10:16:57,IMAGE,FEED,9,0,482,121,1,14,24,2025-10-22 17:29:00.836
17841406083211195,17911109046130021,2025-05-30 10:16:57,IMAGE,FEED,9,0,485,121,1,14,24,2025-10-23 17:28:36.364
17841406083211195,17911109046130021,2025-05-30 10:16:57,IMAGE,FEED,9,0,490,121,1,14,24,2025-10-27 17:28:53.359
17841406083211195,17911109046130021,2025-05-30 10:16:57,IMAGE,FEED,9,0,491,121,1,14,24,2025-10-28 17:29:49.194
17841406083211195,17911109046130021,2025-05-30 10:16:57,IMAGE,FEED,9,0,492,121,1,14,24,2025-10-29 17:29:38.424
17841406083211195,17911109046130021,2025-05-30 10:16:57,IMAGE,FEED,9,0,493,121,1,14,24,2025-10-31 17:29:10.257
17841406083211195,17911109046130021,2025-05-30 10:16:57,IMAGE,FEED,9,0,494,121,1,14,24,2025-11-02 17:29:05.362
17841406083211195,17911109046130021,2025-05-30 10:16:57,IMAGE,FEED,9,0,495,121,1,14,24,2025-11-03 17:28:57.561
17841406083211195,17911109046130021,2025-05-30 10:16:57,IMAGE,FEED,9,0,496,121,1,14,24,2025-11-04 17:28:28.084
17841406083211195,17911109046130021,2025-05-30 10:16:57,IMAGE,FEED,9,0,501,121,1,14,24,2025-11-06 17:29:01.643
17841406083211195,17911109046130021,2025-05-30 10:16:57,IMAGE,FEED,9,0,503,121,1,14,24,2025-11-07 17:29:19.586
17841406083211195,17911109046130021,2025-05-30 10:16:57,IMAGE,FEED,9,0,509,121,1,14,24,2025-11-09 17:28:56.347
17841406083211195,17911109046130021,2025-05-30 10:16:57,IMAGE,FEED,9,0,512,121,1,14,24,2025-11-10 17:29:23.649
17841406083211195,17911109046130021,2025-05-30 10:16:57,IMAGE,FEED,9,0,514,121,1,14,24,2025-11-11 17:29:14.657
17841406083211195,17911109046130021,2025-05-30 10:16:57,IMAGE,FEED,9,0,517,121,1,14,24,2025-11-12 17:29:12.219
17841406083211195,17911109046130021,2025-05-30 10:16:57,IMAGE,FEED,9,0,519,121,1,14,24,2025-11-13 17:29:47.743
17841406083211195,17911109046130021,2025-05-30 10:16:57,IMAGE,FEED,9,0,524,121,1,14,24,2025-11-14 17:29:17.982
17841406083211195,17911109046130021,2025-05-30 10:16:57,IMAGE,FEED,9,0,527,121,1,14,24,2025-11-15 17:31:07.846
17841406083211195,17911109046130021,2025-05-30 10:16:57,IMAGE,FEED,9,0,528,122,1,14,24,2025-11-16 17:30:03.488
17841406083211195,17911109046130021,2025-05-30 10:16:57,IMAGE,FEED,9,0,532,122,1,14,24,2025-11-17 17:29:22.830
17841406083211195,17911109046130021,2025-05-30 10:16:57,IMAGE,FEED,9,0,534,122,1,14,24,2025-11-18 17:29:13.857
17841406083211195,17911109046130021,2025-05-30 10:16:57,IMAGE,FEED,9,0,536,123,1,14,24,2025-11-19 17:34:55.387
17841406083211195,17911109046130021,2025-05-30 10:16:57,IMAGE,FEED,9,0,537,123,1,14,24,2025-11-21 17:35:17.506
17841406083211195,17911109046130021,2025-05-30 10:16:57,IMAGE,FEED,9,0,538,123,1,14,24,2025-11-24 17:36:00.682
17841406083211195,17911109046130021,2025-05-30 10:16:57,IMAGE,FEED,9,0,540,123,1,14,24,2025-11-25 17:34:17.708
17841406083211195,17911109046130021,2025-05-30 10:16:57,IMAGE,FEED,9,0,541,123,1,14,24,2025-11-26 17:36:48.628
17841406083211195,17911109046130021,2025-05-30 10:16:57,IMAGE,FEED,9,0,542,123,1,14,24,2025-11-28 17:34:54.941
17841406083211195,17911109046130021,2025-05-30 10:16:57,IMAGE,FEED,9,0,543,123,1,14,24,2025-11-30 17:33:23.507
17841406083211195,17911109046130021,2025-05-30 10:16:57,IMAGE,FEED,9,0,545,123,1,14,24,2025-12-02 17:34:52.700
17841406083211195,17911109046130021,2025-05-30 10:16:57,IMAGE,FEED,9,0,547,123,1,14,24,2025-12-03 17:36:09.396
17841406083211195,17911109046130021,2025-05-30 10:16:57,IMAGE,FEED,9,0,548,123,1,14,24,2025-12-05 17:34:22.779
17841406083211195,17911109046130021,2025-05-30 10:16:57,IMAGE,FEED,9,0,549,123,1,14,24,2025-12-07 17:33:15.204
17841406083211195,17911109046130021,2025-05-30 10:16:57,IMAGE,FEED,9,0,550,123,1,14,24,2025-12-09 17:35:08.337
17841406083211195,17911109046130021,2025-05-30 10:16:57,IMAGE,FEED,9,0,551,123,1,14,24,2025-12-12 17:35:06.527
17841406083211195,17911109046130021,2025-05-30 10:16:57,IMAGE,FEED,9,0,553,123,1,14,24,2025-12-15 06:33:48.711
17841406083211195,17911109046130021,2025-05-30 10:16:57,IMAGE,FEED,9,0,554,123,1,14,24,2025-12-17 17:29:02.288
17841406083211195,17911109046130021,2025-05-30 10:16:57,IMAGE,FEED,9,0,555,123,1,14,24,2025-12-20 17:36:15.187
17841406083211195,17911109046130021,2025-05-30 10:16:57,IMAGE,FEED,9,0,557,124,1,14,24,2025-12-21 17:29:53.720
17841406083211195,17911109046130021,2025-05-30 10:16:57,IMAGE,FEED,9,0,558,124,1,14,24,2025-12-22 17:28:44.212
17841406083211195,17911109046130021,2025-05-30 10:16:57,IMAGE,FEED,9,0,560,124,1,14,24,2025-12-24 17:29:12.930
17841406083211195,17911109046130021,2025-05-30 10:16:57,IMAGE,FEED,9,0,561,124,1,14,24,2025-12-25 17:29:25.140
17841406083211195,17924941134119482,2025-10-20 11:07:48,IMAGE,FEED,2,0,53,24,0,0,2,2025-10-20 17:29:11.419
17841406083211195,17924941134119482,2025-10-20 11:07:48,IMAGE,FEED,2,0,146,48,0,0,2,2025-10-21 17:28:38.455
17841406083211195,17924941134119482,2025-10-20 11:07:48,IMAGE,FEED,2,0,209,52,0,0,2,2025-10-22 17:28:54.483
17841406083211195,17924941134119482,2025-10-20 11:07:48,IMAGE,FEED,3,0,293,57,0,0,3,2025-10-23 17:28:30.287
17841406083211195,17924941134119482,2025-10-20 11:07:48,IMAGE,FEED,3,0,353,62,0,0,3,2025-10-24 17:28:52.179
17841406083211195,17924941134119482,2025-10-20 11:07:48,IMAGE,FEED,3,0,385,65,0,0,3,2025-10-25 17:30:00.347
17841406083211195,17924941134119482,2025-10-20 11:07:48,IMAGE,FEED,4,0,405,68,0,0,4,2025-10-26 17:30:15.225
17841406083211195,17924941134119482,2025-10-20 11:07:48,IMAGE,FEED,5,0,429,69,0,0,5,2025-10-27 17:28:46.995
17841406083211195,17924941134119482,2025-10-20 11:07:48,IMAGE,FEED,5,0,481,74,0,0,5,2025-10-28 17:29:42.169
17841406083211195,17924941134119482,2025-10-20 11:07:48,IMAGE,FEED,5,0,554,75,0,0,5,2025-10-29 17:29:27.589
17841406083211195,17924941134119482,2025-10-20 11:07:48,IMAGE,FEED,5,0,600,76,0,0,5,2025-10-30 17:30:15.094
17841406083211195,17924941134119482,2025-10-20 11:07:48,IMAGE,FEED,5,0,619,76,0,0,5,2025-10-31 17:29:01.880
17841406083211195,17924941134119482,2025-10-20 11:07:48,IMAGE,FEED,5,0,628,77,0,0,5,2025-11-01 17:29:16.508
17841406083211195,17924941134119482,2025-10-20 11:07:48,IMAGE,FEED,5,0,637,78,0,0,5,2025-11-02 17:28:55.100
17841406083211195,17924941134119482,2025-10-20 11:07:48,IMAGE,FEED,5,0,650,78,0,0,5,2025-11-03 17:28:49.522
17841406083211195,17924941134119482,2025-10-20 11:07:48,IMAGE,FEED,5,0,662,78,0,0,5,2025-11-04 17:28:20.663
17841406083211195,17924941134119482,2025-10-20 11:07:48,IMAGE,FEED,5,0,679,78,0,0,5,2025-11-05 17:28:28.351
17841406083211195,17924941134119482,2025-10-20 11:07:48,IMAGE,FEED,5,0,704,78,0,0,5,2025-11-06 17:28:43.525
17841406083211195,17924941134119482,2025-10-20 11:07:48,IMAGE,FEED,5,0,727,79,0,0,5,2025-11-07 17:29:01.088
17841406083211195,17924941134119482,2025-10-20 11:07:48,IMAGE,FEED,5,0,738,79,0,0,5,2025-11-08 17:29:24.260
17841406083211195,17924941134119482,2025-10-20 11:07:48,IMAGE,FEED,5,0,753,80,0,0,5,2025-11-09 17:28:38.952
17841406083211195,17924941134119482,2025-10-20 11:07:48,IMAGE,FEED,5,0,775,81,0,0,5,2025-11-10 17:29:07.642
17841406083211195,17924941134119482,2025-10-20 11:07:48,IMAGE,FEED,5,0,786,81,0,0,5,2025-11-11 17:28:56.852
17841406083211195,17924941134119482,2025-10-20 11:07:48,IMAGE,FEED,5,0,802,82,0,0,5,2025-11-12 17:28:57.514
17841406083211195,17924941134119482,2025-10-20 11:07:48,IMAGE,FEED,5,0,821,83,0,0,5,2025-11-13 17:29:19.502
17841406083211195,17924941134119482,2025-10-20 11:07:48,IMAGE,FEED,5,0,844,83,0,0,5,2025-11-14 17:29:00.541
17841406083211195,17924941134119482,2025-10-20 11:07:48,IMAGE,FEED,5,0,872,84,0,0,5,2025-11-15 17:30:46.802
17841406083211195,17924941134119482,2025-10-20 11:07:48,IMAGE,FEED,5,0,882,84,0,0,5,2025-11-16 17:29:40.690
17841406083211195,17924941134119482,2025-10-20 11:07:48,IMAGE,FEED,5,0,894,84,0,0,5,2025-11-17 17:29:03.603
17841406083211195,17924941134119482,2025-10-20 11:07:48,IMAGE,FEED,5,0,904,84,0,0,5,2025-11-18 17:28:56.197
17841406083211195,17924941134119482,2025-10-20 11:07:48,IMAGE,FEED,5,0,930,87,0,0,5,2025-11-19 17:35:38.986
17841406083211195,17924941134119482,2025-10-20 11:07:48,IMAGE,FEED,5,0,944,88,0,0,5,2025-11-20 17:36:09.350
17841406083211195,17924941134119482,2025-10-20 11:07:48,IMAGE,FEED,5,0,956,88,0,0,5,2025-11-21 17:35:55.873
17841406083211195,17924941134119482,2025-10-20 11:07:48,IMAGE,FEED,5,0,964,89,0,0,5,2025-11-22 17:33:59.866
17841406083211195,17924941134119482,2025-10-20 11:07:48,IMAGE,FEED,5,0,974,90,0,0,5,2025-11-23 17:33:27.479
17841406083211195,17924941134119482,2025-10-20 11:07:48,IMAGE,FEED,5,0,983,91,0,0,5,2025-11-24 17:36:35.483
17841406083211195,17924941134119482,2025-10-20 11:07:48,IMAGE,FEED,5,0,990,92,0,0,5,2025-11-25 17:34:52.766
17841406083211195,17924941134119482,2025-10-20 11:07:48,IMAGE,FEED,5,0,1003,92,0,0,5,2025-11-26 17:37:34.797
17841406083211195,17924941134119482,2025-10-20 11:07:48,IMAGE,FEED,5,0,1011,92,0,0,5,2025-11-27 17:34:42.509
17841406083211195,17924941134119482,2025-10-20 11:07:48,IMAGE,FEED,5,0,1014,92,0,0,5,2025-11-28 17:35:39.727
17841406083211195,17924941134119482,2025-10-20 11:07:48,IMAGE,FEED,5,0,1017,92,0,0,5,2025-11-29 17:36:27.539
17841406083211195,17924941134119482,2025-10-20 11:07:48,IMAGE,FEED,5,0,1018,92,0,0,5,2025-11-30 17:33:54.620
17841406083211195,17924941134119482,2025-10-20 11:07:48,IMAGE,FEED,5,0,1026,93,0,0,5,2025-12-01 17:34:00.992
17841406083211195,17924941134119482,2025-10-20 11:07:48,IMAGE,FEED,5,0,1028,93,0,0,5,2025-12-02 17:35:28.470
17841406083211195,17924941134119482,2025-10-20 11:07:48,IMAGE,FEED,5,0,1038,93,0,0,5,2025-12-03 17:36:45.838
17841406083211195,17924941134119482,2025-10-20 11:07:48,IMAGE,FEED,5,0,1055,93,0,0,5,2025-12-04 17:34:52.051
17841406083211195,17924941134119482,2025-10-20 11:07:48,IMAGE,FEED,5,0,1057,93,0,0,5,2025-12-05 17:34:50.232
17841406083211195,17924941134119482,2025-10-20 11:07:48,IMAGE,FEED,5,0,1069,93,0,0,5,2025-12-06 17:35:26.328
17841406083211195,17924941134119482,2025-10-20 11:07:48,IMAGE,FEED,5,0,1071,93,0,0,5,2025-12-07 17:33:44.790
17841406083211195,17924941134119482,2025-10-20 11:07:48,IMAGE,FEED,5,0,1073,93,0,0,5,2025-12-08 17:33:32.909
17841406083211195,17924941134119482,2025-10-20 11:07:48,IMAGE,FEED,5,0,1081,93,0,0,5,2025-12-09 17:35:43.777
17841406083211195,17924941134119482,2025-10-20 11:07:48,IMAGE,FEED,5,0,1087,93,0,0,5,2025-12-10 17:36:27.785
17841406083211195,17924941134119482,2025-10-20 11:07:48,IMAGE,FEED,5,0,1088,93,0,0,5,2025-12-12 17:35:50.533
17841406083211195,17924941134119482,2025-10-20 11:07:48,IMAGE,FEED,5,0,1094,94,0,0,5,2025-12-15 06:34:20.228
17841406083211195,17924941134119482,2025-10-20 11:07:48,IMAGE,FEED,5,0,1097,94,0,0,5,2025-12-15 17:37:13.498
17841406083211195,17924941134119482,2025-10-20 11:07:48,IMAGE,FEED,5,0,1101,95,0,0,5,2025-12-17 17:28:40.151
17841406083211195,17924941134119482,2025-10-20 11:07:48,IMAGE,FEED,5,0,1110,95,0,0,5,2025-12-21 17:29:45.213
17841406083211195,17924941134119482,2025-10-20 11:07:48,IMAGE,FEED,5,0,1111,95,0,0,5,2025-12-22 17:28:37.820
17841406083211195,17924941134119482,2025-10-20 11:07:48,IMAGE,FEED,5,0,1113,95,0,0,5,2025-12-23 17:28:36.751
17841406083211195,17924941134119482,2025-10-20 11:07:48,IMAGE,FEED,5,0,1115,95,0,0,5,2025-12-25 17:29:11.619
17841406083211195,17924963684995211,2025-01-15 09:24:06,IMAGE,FEED,10,0,225,162,0,0,10,2025-04-17 17:31:54.523
17841406083211195,17924963684995211,2025-01-15 09:24:06,IMAGE,FEED,10,0,225,162,0,0,10,2025-04-18 19:14:48.867
17841406083211195,17924963684995211,2025-01-15 09:24:06,IMAGE,FEED,10,0,227,163,0,0,10,2025-04-20 21:57:35.080
17841406083211195,17924963684995211,2025-01-15 09:24:06,IMAGE,FEED,10,0,228,164,0,0,10,2025-04-22 17:29:19.240
17841406083211195,17924963684995211,2025-01-15 09:24:06,IMAGE,FEED,10,0,229,165,0,0,10,2025-04-24 01:56:11.744
17841406083211195,17924963684995211,2025-01-15 09:24:06,IMAGE,FEED,10,0,230,166,0,0,10,2025-04-28 17:30:03.688
17841406083211195,17924963684995211,2025-01-15 09:24:06,IMAGE,FEED,10,0,231,166,0,0,10,2025-05-02 17:29:32.778
17841406083211195,17924963684995211,2025-01-15 09:24:06,IMAGE,FEED,10,0,232,167,0,0,10,2025-05-08 17:30:05.765
17841406083211195,17924963684995211,2025-01-15 09:24:06,IMAGE,FEED,10,0,233,168,0,0,10,2025-05-11 17:29:47.642
17841406083211195,17924963684995211,2025-01-15 09:24:06,IMAGE,FEED,10,0,234,169,0,0,10,2025-05-13 17:29:35.396
17841406083211195,17924963684995211,2025-01-15 09:24:06,IMAGE,FEED,10,0,235,169,0,0,10,2025-06-05 17:30:24.251
17841406083211195,17924963684995211,2025-01-15 09:24:06,IMAGE,FEED,10,0,237,171,0,0,10,2025-07-03 03:00:13.383
17841406083211195,17924963684995211,2025-01-15 09:24:06,IMAGE,FEED,10,0,238,171,0,0,10,2025-07-04 17:31:10.852
17841406083211195,17924963684995211,2025-01-15 09:24:06,IMAGE,FEED,10,0,239,171,0,0,10,2025-07-15 17:30:02.655
17841406083211195,17924963684995211,2025-01-15 09:24:06,IMAGE,FEED,10,0,240,171,0,0,10,2025-07-16 17:30:16.833
17841406083211195,17924963684995211,2025-01-15 09:24:06,IMAGE,FEED,10,0,242,171,0,0,10,2025-07-20 17:30:27.504
17841406083211195,17924963684995211,2025-01-15 09:24:06,IMAGE,FEED,10,0,243,172,0,0,10,2025-07-21 17:30:57.159
17841406083211195,17924963684995211,2025-01-15 09:24:06,IMAGE,FEED,10,0,244,172,0,0,10,2025-07-26 17:30:16.456
17841406083211195,17924963684995211,2025-01-15 09:24:06,IMAGE,FEED,10,0,245,173,0,0,10,2025-07-28 17:29:25.061
17841406083211195,17924963684995211,2025-01-15 09:24:06,IMAGE,FEED,10,0,246,173,0,0,10,2025-07-31 17:29:05.323
17841406083211195,17924963684995211,2025-01-15 09:24:06,IMAGE,FEED,10,0,247,173,0,0,10,2025-08-03 17:30:00.320
17841406083211195,17924963684995211,2025-01-15 09:24:06,IMAGE,FEED,10,0,248,173,0,0,10,2025-08-04 17:30:35.459
17841406083211195,17924963684995211,2025-01-15 09:24:06,IMAGE,FEED,10,0,249,174,0,0,10,2025-08-05 17:30:42.501
17841406083211195,17924963684995211,2025-01-15 09:24:06,IMAGE,FEED,10,0,250,174,0,0,10,2025-08-06 17:29:35.468
17841406083211195,17924963684995211,2025-01-15 09:24:06,IMAGE,FEED,10,0,251,174,0,0,10,2025-08-08 17:29:44.666
17841406083211195,17924963684995211,2025-01-15 09:24:06,IMAGE,FEED,10,0,260,174,0,0,10,2025-08-11 17:30:52.891
17841406083211195,17924963684995211,2025-01-15 09:24:06,IMAGE,FEED,10,0,264,175,0,0,10,2025-08-17 17:28:55.752
17841406083211195,17924963684995211,2025-01-15 09:24:06,IMAGE,FEED,10,0,273,175,0,0,10,2025-08-18 17:29:09.070
17841406083211195,17924963684995211,2025-01-15 09:24:06,IMAGE,FEED,10,0,276,175,0,0,10,2025-08-20 17:29:54.697
17841406083211195,17924963684995211,2025-01-15 09:24:06,IMAGE,FEED,10,0,277,175,0,0,10,2025-08-21 17:30:35.445
17841406083211195,17924963684995211,2025-01-15 09:24:06,IMAGE,FEED,10,0,278,175,0,0,10,2025-08-22 17:29:39.564
17841406083211195,17924963684995211,2025-01-15 09:24:06,IMAGE,FEED,10,0,279,175,0,0,10,2025-08-23 17:29:46.424
17841406083211195,17924963684995211,2025-01-15 09:24:06,IMAGE,FEED,10,0,281,175,0,0,10,2025-08-24 17:29:21.886
17841406083211195,17924963684995211,2025-01-15 09:24:06,IMAGE,FEED,10,0,290,175,0,0,10,2025-08-25 17:29:53.211
17841406083211195,17924963684995211,2025-01-15 09:24:06,IMAGE,FEED,10,0,294,175,0,0,10,2025-08-26 17:29:23.360
17841406083211195,17924963684995211,2025-01-15 09:24:06,IMAGE,FEED,10,0,298,175,0,0,10,2025-08-27 17:30:31.260
17841406083211195,17924963684995211,2025-01-15 09:24:06,IMAGE,FEED,10,0,299,176,0,0,10,2025-08-28 17:31:46.021
17841406083211195,17924963684995211,2025-01-15 09:24:06,IMAGE,FEED,10,0,300,176,0,0,10,2025-08-30 17:30:35.878
17841406083211195,17924963684995211,2025-01-15 09:24:06,IMAGE,FEED,10,0,301,176,0,0,10,2025-08-31 17:29:08.147
17841406083211195,17924963684995211,2025-01-15 09:24:06,IMAGE,FEED,10,0,342,177,0,0,10,2025-10-02 04:04:44.831
17841406083211195,17924963684995211,2025-01-15 09:24:06,IMAGE,FEED,10,0,343,177,0,0,10,2025-10-04 17:29:55.313
17841406083211195,17924963684995211,2025-01-15 09:24:06,IMAGE,FEED,10,0,344,177,0,0,10,2025-10-08 17:29:57.261
17841406083211195,17924963684995211,2025-01-15 09:24:06,IMAGE,FEED,10,0,352,177,0,0,10,2025-10-09 17:29:08.611
17841406083211195,17924963684995211,2025-01-15 09:24:06,IMAGE,FEED,10,0,353,177,0,0,10,2025-10-12 17:29:06.948
17841406083211195,17924963684995211,2025-01-15 09:24:06,IMAGE,FEED,10,0,362,177,0,0,10,2025-10-14 17:28:37.708
17841406083211195,17924963684995211,2025-01-15 09:24:06,IMAGE,FEED,10,0,363,177,0,0,10,2025-10-15 17:30:10.587
17841406083211195,17924963684995211,2025-01-15 09:24:06,IMAGE,FEED,10,0,364,177,0,0,10,2025-10-16 17:29:16.648
17841406083211195,17924963684995211,2025-01-15 09:24:06,IMAGE,FEED,10,0,366,177,0,0,10,2025-10-17 17:30:13.405
17841406083211195,17924963684995211,2025-01-15 09:24:06,IMAGE,FEED,10,0,371,177,0,0,10,2025-10-18 17:28:45.301
17841406083211195,17924963684995211,2025-01-15 09:24:06,IMAGE,FEED,10,0,372,177,0,0,10,2025-10-20 17:29:42.603
17841406083211195,17924963684995211,2025-01-15 09:24:06,IMAGE,FEED,10,0,373,177,0,0,10,2025-10-21 17:28:58.688
17841406083211195,17924963684995211,2025-01-15 09:24:06,IMAGE,FEED,10,0,374,177,0,0,10,2025-10-22 17:29:13.600
17841406083211195,17924963684995211,2025-01-15 09:24:06,IMAGE,FEED,10,0,376,177,0,0,10,2025-10-23 17:28:47.778
17841406083211195,17924963684995211,2025-01-15 09:24:06,IMAGE,FEED,10,0,377,177,0,0,10,2025-10-27 17:29:08.592
17841406083211195,17924963684995211,2025-01-15 09:24:06,IMAGE,FEED,10,0,415,177,0,0,10,2025-10-28 17:30:05.408
17841406083211195,17924963684995211,2025-01-15 09:24:06,IMAGE,FEED,10,0,416,177,0,0,10,2025-10-29 17:29:55.115
17841406083211195,17924963684995211,2025-01-15 09:24:06,IMAGE,FEED,10,0,421,177,0,0,10,2025-11-02 17:29:29.167
17841406083211195,17924963684995211,2025-01-15 09:24:06,IMAGE,FEED,10,0,423,177,0,0,10,2025-11-03 17:29:12.899
17841406083211195,17924963684995211,2025-01-15 09:24:06,IMAGE,FEED,10,0,424,177,0,0,10,2025-11-04 17:28:42.945
17841406083211195,17924963684995211,2025-01-15 09:24:06,IMAGE,FEED,10,0,432,177,0,0,10,2025-11-09 17:29:04.265
17841406083211195,17924963684995211,2025-01-15 09:24:06,IMAGE,FEED,10,0,434,177,0,0,10,2025-11-10 17:29:31.991
17841406083211195,17924963684995211,2025-01-15 09:24:06,IMAGE,FEED,10,0,435,177,0,0,10,2025-11-11 17:29:22.333
17841406083211195,17924963684995211,2025-01-15 09:24:06,IMAGE,FEED,10,0,437,177,0,0,10,2025-11-12 17:29:20.865
17841406083211195,17924963684995211,2025-01-15 09:24:06,IMAGE,FEED,10,0,439,177,0,0,10,2025-11-13 17:30:02.180
17841406083211195,17924963684995211,2025-01-15 09:24:06,IMAGE,FEED,10,0,440,177,0,0,10,2025-11-14 17:29:25.542
17841406083211195,17924963684995211,2025-01-15 09:24:06,IMAGE,FEED,10,0,444,178,0,0,10,2025-11-16 17:30:12.329
17841406083211195,17924963684995211,2025-01-15 09:24:06,IMAGE,FEED,10,0,448,178,0,0,10,2025-11-21 17:34:52.817
17841406083211195,17924963684995211,2025-01-15 09:24:06,IMAGE,FEED,10,0,449,178,0,0,10,2025-11-25 17:33:52.975
17841406083211195,17924963684995211,2025-01-15 09:24:06,IMAGE,FEED,10,0,450,179,0,0,10,2025-11-26 17:36:02.322
17841406083211195,17924963684995211,2025-01-15 09:24:06,IMAGE,FEED,10,0,451,179,0,0,10,2025-12-03 17:35:49.226
17841406083211195,17924963684995211,2025-01-15 09:24:06,IMAGE,FEED,10,0,452,179,0,0,10,2025-12-05 17:34:03.810
17841406083211195,17924963684995211,2025-01-15 09:24:06,IMAGE,FEED,10,0,453,179,0,0,10,2025-12-08 17:32:36.768
17841406083211195,17924963684995211,2025-01-15 09:24:06,IMAGE,FEED,10,0,454,179,0,0,10,2025-12-09 17:34:43.083
17841406083211195,17924963684995211,2025-01-15 09:24:06,IMAGE,FEED,10,0,455,179,0,0,10,2025-12-12 17:34:34.577
17841406083211195,17924963684995211,2025-01-15 09:24:06,IMAGE,FEED,10,0,456,179,0,0,10,2025-12-15 06:33:28.459
17841406083211195,17924963684995211,2025-01-15 09:24:06,IMAGE,FEED,10,0,457,179,0,0,10,2025-12-24 17:29:27.238
17841406083211195,17924963684995211,2025-01-15 09:24:06,IMAGE,FEED,10,0,462,179,0,0,10,2025-12-25 17:29:48.436
17841406083211195,17929361100132075,2025-10-31 04:30:02,IMAGE,FEED,3,0,147,63,0,1,4,2025-10-31 17:28:54.437
17841406083211195,17929361100132075,2025-10-31 04:30:02,IMAGE,FEED,4,0,181,76,0,1,5,2025-11-01 17:29:09.449
17841406083211195,17929361100132075,2025-10-31 04:30:02,IMAGE,FEED,5,0,203,79,0,1,6,2025-11-02 17:28:47.745
17841406083211195,17929361100132075,2025-10-31 04:30:02,IMAGE,FEED,5,0,256,88,0,1,6,2025-11-03 17:28:42.285
17841406083211195,17929361100132075,2025-10-31 04:30:02,IMAGE,FEED,5,0,328,97,0,1,6,2025-11-04 17:28:20.659
17841406083211195,17929361100132075,2025-10-31 04:30:02,IMAGE,FEED,5,0,378,102,0,1,6,2025-11-05 17:28:28.346
17841406083211195,17929361100132075,2025-10-31 04:30:02,IMAGE,FEED,5,0,434,108,0,1,6,2025-11-06 17:28:43.517
17841406083211195,17929361100132075,2025-10-31 04:30:02,IMAGE,FEED,6,0,477,112,0,1,7,2025-11-07 17:29:01.083
17841406083211195,17929361100132075,2025-10-31 04:30:02,IMAGE,FEED,6,0,513,114,0,1,7,2025-11-08 17:29:24.252
17841406083211195,17929361100132075,2025-10-31 04:30:02,IMAGE,FEED,7,0,545,116,0,1,8,2025-11-09 17:28:38.944
17841406083211195,17929361100132075,2025-10-31 04:30:02,IMAGE,FEED,7,0,602,118,0,1,8,2025-11-10 17:29:07.633
17841406083211195,17929361100132075,2025-10-31 04:30:02,IMAGE,FEED,8,0,629,122,0,1,9,2025-11-11 17:28:56.848
17841406083211195,17929361100132075,2025-10-31 04:30:02,IMAGE,FEED,8,0,709,127,0,1,9,2025-11-12 17:28:57.506
17841406083211195,17929361100132075,2025-10-31 04:30:02,IMAGE,FEED,8,0,761,130,0,1,9,2025-11-13 17:29:19.491
17841406083211195,17929361100132075,2025-10-31 04:30:02,IMAGE,FEED,8,0,797,130,0,1,9,2025-11-14 17:29:00.534
17841406083211195,17929361100132075,2025-10-31 04:30:02,IMAGE,FEED,8,0,878,132,0,1,10,2025-11-15 17:30:46.797
17841406083211195,17929361100132075,2025-10-31 04:30:02,IMAGE,FEED,8,0,895,132,0,1,10,2025-11-16 17:29:40.686
17841406083211195,17929361100132075,2025-10-31 04:30:02,IMAGE,FEED,8,0,925,134,0,1,10,2025-11-17 17:29:03.597
17841406083211195,17929361100132075,2025-10-31 04:30:02,IMAGE,FEED,8,0,968,138,0,1,10,2025-11-18 17:28:56.192
17841406083211195,17929361100132075,2025-10-31 04:30:02,IMAGE,FEED,8,0,1012,140,0,1,10,2025-11-19 17:35:38.976
17841406083211195,17929361100132075,2025-10-31 04:30:02,IMAGE,FEED,8,0,1037,143,0,1,10,2025-11-20 17:36:09.336
17841406083211195,17929361100132075,2025-10-31 04:30:02,IMAGE,FEED,8,0,1057,145,0,1,10,2025-11-21 17:35:55.840
17841406083211195,17929361100132075,2025-10-31 04:30:02,IMAGE,FEED,8,0,1070,146,0,1,10,2025-11-22 17:33:59.843
17841406083211195,17929361100132075,2025-10-31 04:30:02,IMAGE,FEED,8,0,1079,147,0,1,10,2025-11-23 17:33:27.466
17841406083211195,17929361100132075,2025-10-31 04:30:02,IMAGE,FEED,8,0,1096,150,0,1,10,2025-11-24 17:36:35.476
17841406083211195,17929361100132075,2025-10-31 04:30:02,IMAGE,FEED,8,0,1109,151,0,1,10,2025-11-25 17:34:52.757
17841406083211195,17929361100132075,2025-10-31 04:30:02,IMAGE,FEED,8,0,1123,151,0,1,10,2025-11-26 17:37:34.789
17841406083211195,17929361100132075,2025-10-31 04:30:02,IMAGE,FEED,8,0,1138,151,0,1,10,2025-11-27 17:34:42.491
17841406083211195,17929361100132075,2025-10-31 04:30:02,IMAGE,FEED,8,0,1149,153,0,1,10,2025-11-28 17:35:39.723
17841406083211195,17929361100132075,2025-10-31 04:30:02,IMAGE,FEED,8,0,1151,153,0,1,10,2025-11-30 17:33:54.613
17841406083211195,17929361100132075,2025-10-31 04:30:02,IMAGE,FEED,8,0,1160,154,0,1,10,2025-12-01 17:34:00.988
17841406083211195,17929361100132075,2025-10-31 04:30:02,IMAGE,FEED,8,0,1164,154,0,1,10,2025-12-02 17:35:28.458
17841406083211195,17929361100132075,2025-10-31 04:30:02,IMAGE,FEED,8,0,1183,155,0,1,10,2025-12-03 17:36:45.831
17841406083211195,17929361100132075,2025-10-31 04:30:02,IMAGE,FEED,8,0,1189,155,0,1,10,2025-12-04 17:34:52.043
17841406083211195,17929361100132075,2025-10-31 04:30:02,IMAGE,FEED,8,0,1196,155,0,1,10,2025-12-05 17:34:50.224
17841406083211195,17929361100132075,2025-10-31 04:30:02,IMAGE,FEED,8,0,1208,155,0,1,10,2025-12-06 17:35:26.314
17841406083211195,17929361100132075,2025-10-31 04:30:02,IMAGE,FEED,8,0,1210,155,0,1,10,2025-12-07 17:33:44.778
17841406083211195,17929361100132075,2025-10-31 04:30:02,IMAGE,FEED,8,0,1217,156,0,1,10,2025-12-08 17:33:32.901
17841406083211195,17929361100132075,2025-10-31 04:30:02,IMAGE,FEED,8,0,1229,156,0,1,10,2025-12-09 17:35:43.761
17841406083211195,17929361100132075,2025-10-31 04:30:02,IMAGE,FEED,8,0,1236,156,0,1,10,2025-12-10 17:36:27.777
17841406083211195,17929361100132075,2025-10-31 04:30:02,IMAGE,FEED,8,0,1237,156,0,1,10,2025-12-11 17:33:56.837
17841406083211195,17929361100132075,2025-10-31 04:30:02,IMAGE,FEED,8,0,1238,156,0,1,10,2025-12-12 17:35:50.528
17841406083211195,17929361100132075,2025-10-31 04:30:02,IMAGE,FEED,8,0,1245,157,0,1,10,2025-12-15 06:34:20.221
17841406083211195,17929361100132075,2025-10-31 04:30:02,IMAGE,FEED,8,0,1247,157,0,1,10,2025-12-15 17:37:13.493
17841406083211195,17929361100132075,2025-10-31 04:30:02,IMAGE,FEED,8,0,1251,158,0,1,10,2025-12-16 17:34:50.945
17841406083211195,17929361100132075,2025-10-31 04:30:02,IMAGE,FEED,8,0,1252,158,0,1,10,2025-12-17 17:28:40.147
17841406083211195,17929361100132075,2025-10-31 04:30:02,IMAGE,FEED,8,0,1268,159,0,1,10,2025-12-19 17:30:14.522
17841406083211195,17929361100132075,2025-10-31 04:30:02,IMAGE,FEED,8,0,1269,159,0,1,10,2025-12-21 17:29:37.384
17841406083211195,17929361100132075,2025-10-31 04:30:02,IMAGE,FEED,8,0,1273,159,0,1,10,2025-12-22 17:28:31.289
17841406083211195,17929361100132075,2025-10-31 04:30:02,IMAGE,FEED,8,0,1275,159,0,1,10,2025-12-23 17:28:29.214
17841406083211195,17929361100132075,2025-10-31 04:30:02,IMAGE,FEED,8,0,1276,159,0,1,10,2025-12-24 17:28:54.100
17841406083211195,17929361100132075,2025-10-31 04:30:02,IMAGE,FEED,8,0,1277,160,0,1,10,2025-12-25 17:29:03.342
17841406083211195,17936689199915872,2025-07-03 10:46:52,IMAGE,FEED,7,1,71,34,0,0,8,2025-07-03 17:29:50.700
17841406083211195,17936689199915872,2025-07-03 10:46:52,IMAGE,FEED,8,1,127,72,0,0,9,2025-07-04 17:30:46.714
17841406083211195,17936689199915872,2025-07-03 10:46:52,IMAGE,FEED,8,1,156,89,0,0,9,2025-07-05 17:29:42.130
17841406083211195,17936689199915872,2025-07-03 10:46:52,IMAGE,FEED,8,1,168,91,0,0,9,2025-07-06 17:30:19.716
17841406083211195,17936689199915872,2025-07-03 10:46:52,IMAGE,FEED,8,1,187,95,0,0,9,2025-07-07 17:30:28.378
17841406083211195,17936689199915872,2025-07-03 10:46:52,IMAGE,FEED,9,1,206,101,0,0,10,2025-07-08 17:29:53.733
17841406083211195,17936689199915872,2025-07-03 10:46:52,IMAGE,FEED,9,1,219,105,0,0,10,2025-07-09 17:30:26.354
17841406083211195,17936689199915872,2025-07-03 10:46:52,IMAGE,FEED,9,1,232,109,0,0,10,2025-07-10 17:29:17.346
17841406083211195,17936689199915872,2025-07-03 10:46:52,IMAGE,FEED,9,1,242,111,0,0,10,2025-07-11 17:29:41.216
17841406083211195,17936689199915872,2025-07-03 10:46:52,IMAGE,FEED,9,1,246,113,0,0,10,2025-07-12 17:30:05.020
17841406083211195,17936689199915872,2025-07-03 10:46:52,IMAGE,FEED,9,1,249,116,0,0,10,2025-07-13 17:29:26.772
17841406083211195,17936689199915872,2025-07-03 10:46:52,IMAGE,FEED,10,1,259,117,0,0,11,2025-07-14 17:30:26.673
17841406083211195,17936689199915872,2025-07-03 10:46:52,IMAGE,FEED,10,1,264,118,0,0,11,2025-07-15 17:29:51.511
17841406083211195,17936689199915872,2025-07-03 10:46:52,IMAGE,FEED,10,1,266,119,0,0,11,2025-07-16 17:30:05.708
17841406083211195,17936689199915872,2025-07-03 10:46:52,IMAGE,FEED,11,1,335,138,0,0,12,2025-07-17 17:29:49.505
17841406083211195,17936689199915872,2025-07-03 10:46:52,IMAGE,FEED,11,1,339,138,0,0,12,2025-07-18 17:29:48.365
17841406083211195,17936689199915872,2025-07-03 10:46:52,IMAGE,FEED,11,1,345,140,0,0,12,2025-07-19 17:30:04.113
17841406083211195,17936689199915872,2025-07-03 10:46:52,IMAGE,FEED,11,1,346,141,0,0,12,2025-07-20 17:30:14.565
17841406083211195,17936689199915872,2025-07-03 10:46:52,IMAGE,FEED,11,1,356,142,0,0,12,2025-07-21 17:30:41.015
17841406083211195,17936689199915872,2025-07-03 10:46:52,IMAGE,FEED,11,1,365,143,0,0,12,2025-07-22 17:30:36.349
17841406083211195,17936689199915872,2025-07-03 10:46:52,IMAGE,FEED,11,1,380,147,0,0,12,2025-07-23 17:30:15.885
17841406083211195,17936689199915872,2025-07-03 10:46:52,IMAGE,FEED,12,1,396,148,0,0,13,2025-07-24 17:30:01.596
17841406083211195,17936689199915872,2025-07-03 10:46:52,IMAGE,FEED,12,1,404,148,0,0,13,2025-07-25 17:29:40.354
17841406083211195,17936689199915872,2025-07-03 10:46:52,IMAGE,FEED,12,1,412,151,0,0,13,2025-07-26 17:30:03.781
17841406083211195,17936689199915872,2025-07-03 10:46:52,IMAGE,FEED,12,1,417,153,0,0,13,2025-07-27 17:30:34.303
17841406083211195,17936689199915872,2025-07-03 10:46:52,IMAGE,FEED,12,1,436,154,0,0,13,2025-07-28 17:29:11.641
17841406083211195,17936689199915872,2025-07-03 10:46:52,IMAGE,FEED,12,1,441,154,0,0,13,2025-07-29 17:29:46.528
17841406083211195,17936689199915872,2025-07-03 10:46:52,IMAGE,FEED,12,1,456,157,0,0,13,2025-07-30 17:30:07.339
17841406083211195,17936689199915872,2025-07-03 10:46:52,IMAGE,FEED,12,1,457,157,0,0,13,2025-07-31 17:28:52.256
17841406083211195,17936689199915872,2025-07-03 10:46:52,IMAGE,FEED,12,1,463,157,0,0,13,2025-08-01 17:30:02.449
17841406083211195,17936689199915872,2025-07-03 10:46:52,IMAGE,FEED,12,1,468,158,0,0,13,2025-08-02 17:29:36.150
17841406083211195,17936689199915872,2025-07-03 10:46:52,IMAGE,FEED,12,1,471,158,0,0,13,2025-08-03 17:29:40.173
17841406083211195,17936689199915872,2025-07-03 10:46:52,IMAGE,FEED,12,1,472,158,0,0,13,2025-08-04 17:30:20.389
17841406083211195,17936689199915872,2025-07-03 10:46:52,IMAGE,FEED,12,1,476,158,0,0,13,2025-08-05 17:30:25.821
17841406083211195,17936689199915872,2025-07-03 10:46:52,IMAGE,FEED,12,1,479,158,0,0,13,2025-08-06 17:29:21.812
17841406083211195,17936689199915872,2025-07-03 10:46:52,IMAGE,FEED,12,1,487,158,0,0,13,2025-08-07 17:29:51.647
17841406083211195,17936689199915872,2025-07-03 10:46:52,IMAGE,FEED,12,1,488,158,0,0,13,2025-08-08 17:29:30.433
17841406083211195,17936689199915872,2025-07-03 10:46:52,IMAGE,FEED,12,1,501,160,0,0,13,2025-08-09 17:29:16.346
17841406083211195,17936689199915872,2025-07-03 10:46:52,IMAGE,FEED,12,1,504,161,0,0,13,2025-08-10 17:29:41.091
17841406083211195,17936689199915872,2025-07-03 10:46:52,IMAGE,FEED,12,1,508,161,0,0,13,2025-08-11 17:30:32.961
17841406083211195,17936689199915872,2025-07-03 10:46:52,IMAGE,FEED,12,1,518,161,0,0,13,2025-08-12 17:31:22.346
17841406083211195,17936689199915872,2025-07-03 10:46:52,IMAGE,FEED,12,1,525,162,0,0,13,2025-08-13 17:29:54.291
17841406083211195,17936689199915872,2025-07-03 10:46:52,IMAGE,FEED,12,1,526,162,0,0,13,2025-08-14 17:30:30.702
17841406083211195,17936689199915872,2025-07-03 10:46:52,IMAGE,FEED,12,1,537,163,0,0,13,2025-08-15 17:29:20.112
17841406083211195,17936689199915872,2025-07-03 10:46:52,IMAGE,FEED,12,1,540,163,0,0,13,2025-08-16 17:29:29.896
17841406083211195,17936689199915872,2025-07-03 10:46:52,IMAGE,FEED,12,1,543,163,0,0,13,2025-08-17 17:28:43.178
17841406083211195,17936689199915872,2025-07-03 10:46:52,IMAGE,FEED,12,1,556,163,0,0,13,2025-08-18 17:28:55.668
17841406083211195,17936689199915872,2025-07-03 10:46:52,IMAGE,FEED,12,1,561,163,0,0,13,2025-08-19 17:29:34.428
17841406083211195,17936689199915872,2025-07-03 10:46:52,IMAGE,FEED,12,1,566,164,0,0,13,2025-08-20 17:29:40.868
17841406083211195,17936689199915872,2025-07-03 10:46:52,IMAGE,FEED,12,1,574,164,0,0,13,2025-08-21 17:30:19.076
17841406083211195,17936689199915872,2025-07-03 10:46:52,IMAGE,FEED,12,1,588,165,0,0,13,2025-08-22 17:29:22.413
17841406083211195,17936689199915872,2025-07-03 10:46:52,IMAGE,FEED,12,1,593,165,0,0,13,2025-08-23 17:29:30.927
17841406083211195,17936689199915872,2025-07-03 10:46:52,IMAGE,FEED,12,1,596,165,0,0,13,2025-08-24 17:29:05.927
17841406083211195,17936689199915872,2025-07-03 10:46:52,IMAGE,FEED,12,1,631,165,0,0,13,2025-08-25 17:29:34.729
17841406083211195,17936689199915872,2025-07-03 10:46:52,IMAGE,FEED,12,1,646,165,0,0,13,2025-08-26 17:29:05.582
17841406083211195,17936689199915872,2025-07-03 10:46:52,IMAGE,FEED,12,1,653,165,0,0,13,2025-08-27 17:30:15.458
17841406083211195,17936689199915872,2025-07-03 10:46:52,IMAGE,FEED,12,1,667,165,0,0,13,2025-08-28 17:31:18.226
17841406083211195,17936689199915872,2025-07-03 10:46:52,IMAGE,FEED,12,1,675,165,0,0,13,2025-08-29 17:28:45.766
17841406083211195,17936689199915872,2025-07-03 10:46:52,IMAGE,FEED,12,1,685,165,0,0,13,2025-08-30 17:30:09.890
17841406083211195,17936689199915872,2025-07-03 10:46:52,IMAGE,FEED,12,1,698,165,0,0,13,2025-08-31 17:28:47.922
17841406083211195,17936689199915872,2025-07-03 10:46:52,IMAGE,FEED,12,1,899,170,0,0,13,2025-10-01 04:09:53.342
17841406083211195,17936689199915872,2025-07-03 10:46:52,IMAGE,FEED,12,1,906,170,0,0,13,2025-10-02 04:04:29.517
17841406083211195,17936689199915872,2025-07-03 10:46:52,IMAGE,FEED,12,1,914,170,0,0,13,2025-10-02 17:29:27.074
17841406083211195,17936689199915872,2025-07-03 10:46:52,IMAGE,FEED,12,1,924,170,0,0,13,2025-10-04 17:29:36.062
17841406083211195,17936689199915872,2025-07-03 10:46:52,IMAGE,FEED,12,1,929,170,0,0,13,2025-10-05 17:29:24.315
17841406083211195,17936689199915872,2025-07-03 10:46:52,IMAGE,FEED,12,1,931,171,0,0,13,2025-10-06 17:28:55.808
17841406083211195,17936689199915872,2025-07-03 10:46:52,IMAGE,FEED,13,1,940,172,0,0,14,2025-10-07 17:28:36.703
17841406083211195,17936689199915872,2025-07-03 10:46:52,IMAGE,FEED,13,1,942,172,0,0,14,2025-10-08 17:29:48.280
17841406083211195,17936689199915872,2025-07-03 10:46:52,IMAGE,FEED,13,1,951,172,0,0,14,2025-10-09 17:28:59.251
17841406083211195,17936689199915872,2025-07-03 10:46:52,IMAGE,FEED,13,1,954,173,0,0,14,2025-10-10 17:30:14.051
17841406083211195,17936689199915872,2025-07-03 10:46:52,IMAGE,FEED,13,1,958,173,0,0,14,2025-10-12 17:28:57.212
17841406083211195,17936689199915872,2025-07-03 10:46:52,IMAGE,FEED,13,1,963,173,0,0,14,2025-10-13 17:29:00.301
17841406083211195,17936689199915872,2025-07-03 10:46:52,IMAGE,FEED,13,1,967,174,0,0,14,2025-10-14 17:28:28.916
17841406083211195,17936689199915872,2025-07-03 10:46:52,IMAGE,FEED,13,1,970,174,0,0,14,2025-10-15 17:30:00.904
17841406083211195,17936689199915872,2025-07-03 10:46:52,IMAGE,FEED,13,1,975,175,0,0,14,2025-10-16 17:29:06.174
17841406083211195,17936689199915872,2025-07-03 10:46:52,IMAGE,FEED,13,1,989,175,0,0,14,2025-10-17 17:30:04.039
17841406083211195,17936689199915872,2025-07-03 10:46:52,IMAGE,FEED,13,1,991,175,0,0,14,2025-10-18 17:28:35.972
17841406083211195,17936689199915872,2025-07-03 10:46:52,IMAGE,FEED,13,1,992,175,0,0,14,2025-10-19 17:28:40.297
17841406083211195,17936689199915872,2025-07-03 10:46:52,IMAGE,FEED,13,1,996,175,0,0,14,2025-10-20 17:29:27.066
17841406083211195,17936689199915872,2025-07-03 10:46:52,IMAGE,FEED,13,1,998,175,0,0,14,2025-10-21 17:28:47.401
17841406083211195,17936689199915872,2025-07-03 10:46:52,IMAGE,FEED,13,1,1003,175,0,0,14,2025-10-22 17:29:00.826
17841406083211195,17936689199915872,2025-07-03 10:46:52,IMAGE,FEED,13,1,1012,175,0,0,14,2025-10-23 17:28:36.354
17841406083211195,17936689199915872,2025-07-03 10:46:52,IMAGE,FEED,13,1,1018,175,0,0,14,2025-10-27 17:28:53.348
17841406083211195,17936689199915872,2025-07-03 10:46:52,IMAGE,FEED,13,1,1028,175,0,0,14,2025-10-28 17:29:49.184
17841406083211195,17936689199915872,2025-07-03 10:46:52,IMAGE,FEED,13,1,1030,175,0,0,14,2025-10-29 17:29:38.418
17841406083211195,17936689199915872,2025-07-03 10:46:52,IMAGE,FEED,13,1,1037,176,0,0,14,2025-10-31 17:29:10.252
17841406083211195,17936689199915872,2025-07-03 10:46:52,IMAGE,FEED,13,1,1038,176,0,0,14,2025-11-02 17:29:05.346
17841406083211195,17936689199915872,2025-07-03 10:46:52,IMAGE,FEED,13,1,1041,176,0,0,14,2025-11-03 17:28:57.552
17841406083211195,17936689199915872,2025-07-03 10:46:52,IMAGE,FEED,13,1,1042,176,0,0,14,2025-11-04 17:28:28.078
17841406083211195,17936689199915872,2025-07-03 10:46:52,IMAGE,FEED,13,1,1048,176,0,0,14,2025-11-06 17:28:50.919
17841406083211195,17936689199915872,2025-07-03 10:46:52,IMAGE,FEED,13,1,1052,176,0,0,14,2025-11-07 17:29:10.482
17841406083211195,17936689199915872,2025-07-03 10:46:52,IMAGE,FEED,13,1,1057,176,0,0,14,2025-11-09 17:28:46.280
17841406083211195,17936689199915872,2025-07-03 10:46:52,IMAGE,FEED,13,1,1061,176,0,0,14,2025-11-10 17:29:14.404
17841406083211195,17936689199915872,2025-07-03 10:46:52,IMAGE,FEED,13,1,1066,176,0,0,14,2025-11-11 17:29:05.808
17841406083211195,17936689199915872,2025-07-03 10:46:52,IMAGE,FEED,13,1,1070,176,0,0,14,2025-11-12 17:29:04.432
17841406083211195,17936689199915872,2025-07-03 10:46:52,IMAGE,FEED,13,1,1073,176,0,0,14,2025-11-13 17:29:31.138
17841406083211195,17936689199915872,2025-07-03 10:46:52,IMAGE,FEED,13,1,1076,176,0,0,14,2025-11-14 17:29:08.311
17841406083211195,17936689199915872,2025-07-03 10:46:52,IMAGE,FEED,13,1,1083,176,0,0,14,2025-11-16 17:29:49.615
17841406083211195,17936689199915872,2025-07-03 10:46:52,IMAGE,FEED,13,1,1090,176,0,0,14,2025-11-18 17:29:03.773
17841406083211195,17936689199915872,2025-07-03 10:46:52,IMAGE,FEED,13,1,1096,177,0,0,14,2025-11-19 17:35:11.179
17841406083211195,17936689199915872,2025-07-03 10:46:52,IMAGE,FEED,13,1,1097,177,0,0,14,2025-11-20 17:35:45.153
17841406083211195,17936689199915872,2025-07-03 10:46:52,IMAGE,FEED,13,1,1100,177,0,0,14,2025-11-21 17:35:36.093
17841406083211195,17936689199915872,2025-07-03 10:46:52,IMAGE,FEED,13,1,1101,177,0,0,14,2025-11-24 17:36:14.920
17841406083211195,17936689199915872,2025-07-03 10:46:52,IMAGE,FEED,13,1,1103,177,0,0,14,2025-11-25 17:34:34.023
17841406083211195,17936689199915872,2025-07-03 10:46:52,IMAGE,FEED,13,1,1105,177,0,0,14,2025-11-26 17:37:08.503
17841406083211195,17936689199915872,2025-07-03 10:46:52,IMAGE,FEED,13,1,1106,177,0,0,14,2025-11-28 17:35:14.149
17841406083211195,17936689199915872,2025-07-03 10:46:52,IMAGE,FEED,13,1,1110,177,0,0,14,2025-11-30 17:33:37.935
17841406083211195,17936689199915872,2025-07-03 10:46:52,IMAGE,FEED,13,1,1111,177,0,0,14,2025-12-01 17:33:45.593
17841406083211195,17936689199915872,2025-07-03 10:46:52,IMAGE,FEED,13,1,1112,177,0,0,14,2025-12-02 17:35:07.728
17841406083211195,17936689199915872,2025-07-03 10:46:52,IMAGE,FEED,13,1,1115,177,0,0,14,2025-12-03 17:36:28.743
17841406083211195,17936689199915872,2025-07-03 10:46:52,IMAGE,FEED,13,1,1118,177,0,0,14,2025-12-05 17:34:34.766
17841406083211195,17936689199915872,2025-07-03 10:46:52,IMAGE,FEED,13,1,1119,177,0,0,14,2025-12-07 17:33:28.015
17841406083211195,17936689199915872,2025-07-03 10:46:52,IMAGE,FEED,13,1,1123,177,0,0,14,2025-12-08 17:33:12.760
17841406083211195,17936689199915872,2025-07-03 10:46:52,IMAGE,FEED,13,1,1124,177,0,0,14,2025-12-09 17:35:25.119
17841406083211195,17936689199915872,2025-07-03 10:46:52,IMAGE,FEED,13,1,1126,177,0,0,14,2025-12-11 17:33:40.055
17841406083211195,17936689199915872,2025-07-03 10:46:52,IMAGE,FEED,13,1,1129,177,0,0,14,2025-12-12 17:35:25.285
17841406083211195,17936689199915872,2025-07-03 10:46:52,IMAGE,FEED,13,1,1132,177,0,0,14,2025-12-17 17:29:02.283
17841406083211195,17936689199915872,2025-07-03 10:46:52,IMAGE,FEED,13,1,1133,177,0,0,14,2025-12-21 17:29:53.709
17841406083211195,17936689199915872,2025-07-03 10:46:52,IMAGE,FEED,13,1,1134,177,0,0,14,2025-12-22 17:28:44.203
17841406083211195,17936689199915872,2025-07-03 10:46:52,IMAGE,FEED,13,1,1135,177,0,0,14,2025-12-24 17:29:12.921
17841406083211195,17936689199915872,2025-07-03 10:46:52,IMAGE,FEED,13,1,1136,177,0,0,14,2025-12-25 17:29:25.134
17841406083211195,17946601878027054,2025-10-13 10:58:54,IMAGE,FEED,3,0,99,52,0,1,4,2025-10-13 17:28:47.599
17841406083211195,17946601878027054,2025-10-13 10:58:54,IMAGE,FEED,5,0,200,90,0,1,6,2025-10-14 17:28:15.722
17841406083211195,17946601878027054,2025-10-13 10:58:54,IMAGE,FEED,6,0,267,98,0,1,7,2025-10-15 17:29:41.729
17841406083211195,17946601878027054,2025-10-13 10:58:54,IMAGE,FEED,6,0,324,108,0,1,7,2025-10-16 17:28:48.940
17841406083211195,17946601878027054,2025-10-13 10:58:54,IMAGE,FEED,17,0,458,123,0,1,18,2025-10-17 17:29:48.783
17841406083211195,17946601878027054,2025-10-13 10:58:54,IMAGE,FEED,17,0,474,127,0,1,18,2025-10-18 17:28:28.238
17841406083211195,17946601878027054,2025-10-13 10:58:54,IMAGE,FEED,17,0,507,132,0,1,18,2025-10-19 17:28:32.829
17841406083211195,17946601878027054,2025-10-13 10:58:54,IMAGE,FEED,17,0,547,137,0,1,18,2025-10-20 17:29:18.453
17841406083211195,17946601878027054,2025-10-13 10:58:54,IMAGE,FEED,17,0,594,142,0,1,18,2025-10-21 17:28:38.450
17841406083211195,17946601878027054,2025-10-13 10:58:54,IMAGE,FEED,17,0,638,144,0,1,18,2025-10-22 17:28:54.475
17841406083211195,17946601878027054,2025-10-13 10:58:54,IMAGE,FEED,17,0,709,149,0,1,18,2025-10-23 17:28:30.279
17841406083211195,17946601878027054,2025-10-13 10:58:54,IMAGE,FEED,17,0,753,152,0,1,18,2025-10-24 17:28:52.171
17841406083211195,17946601878027054,2025-10-13 10:58:54,IMAGE,FEED,17,0,781,155,0,1,18,2025-10-25 17:30:00.335
17841406083211195,17946601878027054,2025-10-13 10:58:54,IMAGE,FEED,17,0,785,155,0,1,18,2025-10-26 17:30:15.210
17841406083211195,17946601878027054,2025-10-13 10:58:54,IMAGE,FEED,17,0,797,155,0,1,18,2025-10-27 17:28:46.981
17841406083211195,17946601878027054,2025-10-13 10:58:54,IMAGE,FEED,17,0,825,156,0,1,18,2025-10-28 17:29:42.164
17841406083211195,17946601878027054,2025-10-13 10:58:54,IMAGE,FEED,17,0,870,158,0,1,18,2025-10-29 17:29:27.583
17841406083211195,17946601878027054,2025-10-13 10:58:54,IMAGE,FEED,17,0,910,160,0,1,18,2025-10-30 17:30:15.089
17841406083211195,17946601878027054,2025-10-13 10:58:54,IMAGE,FEED,17,0,927,160,0,1,18,2025-10-31 17:29:01.876
17841406083211195,17946601878027054,2025-10-13 10:58:54,IMAGE,FEED,17,0,934,160,0,1,18,2025-11-01 17:29:16.504
17841406083211195,17946601878027054,2025-10-13 10:58:54,IMAGE,FEED,17,0,944,161,0,1,18,2025-11-02 17:28:55.089
17841406083211195,17946601878027054,2025-10-13 10:58:54,IMAGE,FEED,17,0,955,161,0,1,18,2025-11-03 17:28:49.517
17841406083211195,17946601878027054,2025-10-13 10:58:54,IMAGE,FEED,17,0,968,162,0,1,18,2025-11-04 17:28:20.659
17841406083211195,17946601878027054,2025-10-13 10:58:54,IMAGE,FEED,17,0,982,163,0,1,18,2025-11-05 17:28:28.346
17841406083211195,17946601878027054,2025-10-13 10:58:54,IMAGE,FEED,17,0,1008,163,0,1,18,2025-11-06 17:28:43.518
17841406083211195,17946601878027054,2025-10-13 10:58:54,IMAGE,FEED,17,0,1022,165,0,1,18,2025-11-07 17:29:01.084
17841406083211195,17946601878027054,2025-10-13 10:58:54,IMAGE,FEED,17,0,1032,165,0,1,18,2025-11-08 17:29:24.253
17841406083211195,17946601878027054,2025-10-13 10:58:54,IMAGE,FEED,17,0,1047,166,0,1,18,2025-11-09 17:28:38.946
17841406083211195,17946601878027054,2025-10-13 10:58:54,IMAGE,FEED,17,0,1068,167,0,1,18,2025-11-10 17:29:07.634
17841406083211195,17946601878027054,2025-10-13 10:58:54,IMAGE,FEED,17,0,1078,167,0,1,18,2025-11-11 17:28:56.848
17841406083211195,17946601878027054,2025-10-13 10:58:54,IMAGE,FEED,17,0,1093,167,0,1,18,2025-11-12 17:28:57.507
17841406083211195,17946601878027054,2025-10-13 10:58:54,IMAGE,FEED,17,0,1102,168,0,1,18,2025-11-13 17:29:19.493
17841406083211195,17946601878027054,2025-10-13 10:58:54,IMAGE,FEED,17,0,1124,168,0,1,18,2025-11-14 17:29:00.535
17841406083211195,17946601878027054,2025-10-13 10:58:54,IMAGE,FEED,17,0,1148,169,0,1,19,2025-11-15 17:30:46.797
17841406083211195,17946601878027054,2025-10-13 10:58:54,IMAGE,FEED,17,0,1157,169,0,1,19,2025-11-16 17:29:40.686
17841406083211195,17946601878027054,2025-10-13 10:58:54,IMAGE,FEED,17,0,1170,169,0,1,19,2025-11-17 17:29:03.598
17841406083211195,17946601878027054,2025-10-13 10:58:54,IMAGE,FEED,17,0,1180,169,0,1,19,2025-11-18 17:28:56.192
17841406083211195,17946601878027054,2025-10-13 10:58:54,IMAGE,FEED,17,0,1205,171,0,1,19,2025-11-19 17:35:38.977
17841406083211195,17946601878027054,2025-10-13 10:58:54,IMAGE,FEED,17,0,1221,174,0,1,19,2025-11-20 17:36:09.340
17841406083211195,17946601878027054,2025-10-13 10:58:54,IMAGE,FEED,17,0,1234,175,0,1,19,2025-11-21 17:35:55.843
17841406083211195,17946601878027054,2025-10-13 10:58:54,IMAGE,FEED,17,0,1244,176,0,1,19,2025-11-22 17:33:59.845
17841406083211195,17946601878027054,2025-10-13 10:58:54,IMAGE,FEED,17,0,1257,176,0,1,19,2025-11-23 17:33:27.468
17841406083211195,17946601878027054,2025-10-13 10:58:54,IMAGE,FEED,17,0,1264,176,0,1,19,2025-11-24 17:36:35.477
17841406083211195,17946601878027054,2025-10-13 10:58:54,IMAGE,FEED,17,0,1271,177,0,1,19,2025-11-25 17:34:52.758
17841406083211195,17946601878027054,2025-10-13 10:58:54,IMAGE,FEED,17,0,1280,177,0,1,19,2025-11-26 17:37:34.790
17841406083211195,17946601878027054,2025-10-13 10:58:54,IMAGE,FEED,17,0,1285,177,0,1,19,2025-11-27 17:34:42.492
17841406083211195,17946601878027054,2025-10-13 10:58:54,IMAGE,FEED,17,0,1289,177,0,1,19,2025-11-28 17:35:39.723
17841406083211195,17946601878027054,2025-10-13 10:58:54,IMAGE,FEED,17,0,1293,177,0,1,19,2025-11-29 17:36:27.532
17841406083211195,17946601878027054,2025-10-13 10:58:54,IMAGE,FEED,17,0,1294,177,0,1,19,2025-11-30 17:33:54.613
17841406083211195,17946601878027054,2025-10-13 10:58:54,IMAGE,FEED,17,0,1301,177,0,1,19,2025-12-01 17:34:00.988
17841406083211195,17946601878027054,2025-10-13 10:58:54,IMAGE,FEED,17,0,1304,177,0,1,19,2025-12-02 17:35:28.459
17841406083211195,17946601878027054,2025-10-13 10:58:54,IMAGE,FEED,17,0,1315,177,0,1,19,2025-12-03 17:36:45.831
17841406083211195,17946601878027054,2025-10-13 10:58:54,IMAGE,FEED,17,0,1327,177,0,1,19,2025-12-04 17:34:52.044
17841406083211195,17946601878027054,2025-10-13 10:58:54,IMAGE,FEED,17,0,1329,177,0,1,19,2025-12-05 17:34:50.225
17841406083211195,17946601878027054,2025-10-13 10:58:54,IMAGE,FEED,17,0,1333,177,0,1,19,2025-12-06 17:35:26.315
17841406083211195,17946601878027054,2025-10-13 10:58:54,IMAGE,FEED,17,0,1334,178,0,1,19,2025-12-07 17:33:44.780
17841406083211195,17946601878027054,2025-10-13 10:58:54,IMAGE,FEED,17,0,1338,178,0,1,19,2025-12-08 17:33:32.902
17841406083211195,17946601878027054,2025-10-13 10:58:54,IMAGE,FEED,17,0,1347,178,0,1,19,2025-12-09 17:35:43.762
17841406083211195,17946601878027054,2025-10-13 10:58:54,IMAGE,FEED,17,0,1354,179,0,1,19,2025-12-10 17:36:27.778
17841406083211195,17946601878027054,2025-10-13 10:58:54,IMAGE,FEED,17,0,1357,179,0,1,19,2025-12-11 17:33:56.837
17841406083211195,17946601878027054,2025-10-13 10:58:54,IMAGE,FEED,17,0,1359,179,0,1,19,2025-12-12 17:35:50.528
17841406083211195,17946601878027054,2025-10-13 10:58:54,IMAGE,FEED,17,0,1366,180,0,1,19,2025-12-15 06:34:20.222
17841406083211195,17946601878027054,2025-10-13 10:58:54,IMAGE,FEED,17,0,1369,180,0,1,19,2025-12-15 17:37:13.494
17841406083211195,17946601878027054,2025-10-13 10:58:54,IMAGE,FEED,17,0,1372,180,0,1,19,2025-12-16 17:34:50.946
17841406083211195,17946601878027054,2025-10-13 10:58:54,IMAGE,FEED,17,0,1373,180,0,1,19,2025-12-17 17:28:51.592
17841406083211195,17946601878027054,2025-10-13 10:58:54,IMAGE,FEED,17,0,1384,181,0,1,19,2025-12-18 17:31:02.205
17841406083211195,17946601878027054,2025-10-13 10:58:54,IMAGE,FEED,17,0,1385,181,0,1,19,2025-12-21 17:29:45.206
17841406083211195,17946601878027054,2025-10-13 10:58:54,IMAGE,FEED,17,0,1387,181,0,1,19,2025-12-22 17:28:37.814
17841406083211195,17946601878027054,2025-10-13 10:58:54,IMAGE,FEED,17,0,1389,182,0,1,19,2025-12-23 17:28:36.746
17841406083211195,17946601878027054,2025-10-13 10:58:54,IMAGE,FEED,17,0,1391,182,0,1,19,2025-12-25 17:29:11.614
17841406083211195,17948363621922785,2025-01-22 10:14:09,IMAGE,FEED,11,0,184,126,0,0,11,2025-04-17 17:31:52.824
17841406083211195,17948363621922785,2025-01-22 10:14:09,IMAGE,FEED,11,0,185,127,0,0,11,2025-04-18 19:14:47.757
17841406083211195,17948363621922785,2025-01-22 10:14:09,IMAGE,FEED,11,0,187,128,0,0,11,2025-04-20 21:57:33.567
17841406083211195,17948363621922785,2025-01-22 10:14:09,IMAGE,FEED,11,0,188,129,0,0,11,2025-04-22 17:29:17.010
17841406083211195,17948363621922785,2025-01-22 10:14:09,IMAGE,FEED,11,0,189,130,0,0,11,2025-04-27 17:31:06.423
17841406083211195,17948363621922785,2025-01-22 10:14:09,IMAGE,FEED,11,0,191,131,0,0,11,2025-05-05 17:29:58.459
17841406083211195,17948363621922785,2025-01-22 10:14:09,IMAGE,FEED,11,0,192,132,0,0,11,2025-05-08 17:30:05.772
17841406083211195,17948363621922785,2025-01-22 10:14:09,IMAGE,FEED,11,0,194,134,0,0,11,2025-05-14 17:30:08.438
17841406083211195,17948363621922785,2025-01-22 10:14:09,IMAGE,FEED,11,0,196,135,0,0,11,2025-06-04 17:30:08.099
17841406083211195,17948363621922785,2025-01-22 10:14:09,IMAGE,FEED,11,0,197,136,0,0,11,2025-06-05 17:30:24.266
17841406083211195,17948363621922785,2025-01-22 10:14:09,IMAGE,FEED,11,0,201,139,0,0,11,2025-07-03 03:00:11.488
17841406083211195,17948363621922785,2025-01-22 10:14:09,IMAGE,FEED,11,0,202,139,0,0,11,2025-07-15 17:30:02.658
17841406083211195,17948363621922785,2025-01-22 10:14:09,IMAGE,FEED,11,0,203,139,0,0,11,2025-07-16 17:30:16.838
17841406083211195,17948363621922785,2025-01-22 10:14:09,IMAGE,FEED,11,0,204,139,0,0,11,2025-07-21 17:30:57.164
17841406083211195,17948363621922785,2025-01-22 10:14:09,IMAGE,FEED,11,0,205,139,0,0,11,2025-07-28 17:29:25.067
17841406083211195,17948363621922785,2025-01-22 10:14:09,IMAGE,FEED,11,0,206,140,0,0,11,2025-07-31 17:29:05.333
17841406083211195,17948363621922785,2025-01-22 10:14:09,IMAGE,FEED,11,0,208,141,0,0,11,2025-08-03 17:30:00.328
17841406083211195,17948363621922785,2025-01-22 10:14:09,IMAGE,FEED,11,0,209,142,0,0,11,2025-08-04 17:30:35.464
17841406083211195,17948363621922785,2025-01-22 10:14:09,IMAGE,FEED,11,0,212,144,0,0,11,2025-08-08 17:29:44.675
17841406083211195,17948363621922785,2025-01-22 10:14:09,IMAGE,FEED,11,0,219,144,0,0,11,2025-08-11 17:30:52.900
17841406083211195,17948363621922785,2025-01-22 10:14:09,IMAGE,FEED,11,0,220,144,0,0,11,2025-08-17 17:28:55.756
17841406083211195,17948363621922785,2025-01-22 10:14:09,IMAGE,FEED,11,0,229,144,0,0,11,2025-08-18 17:29:09.075
17841406083211195,17948363621922785,2025-01-22 10:14:09,IMAGE,FEED,11,0,232,144,0,0,11,2025-08-20 17:29:54.709
17841406083211195,17948363621922785,2025-01-22 10:14:09,IMAGE,FEED,11,0,233,144,0,0,11,2025-08-21 17:30:35.460
17841406083211195,17948363621922785,2025-01-22 10:14:09,IMAGE,FEED,11,0,234,144,0,0,11,2025-08-22 17:29:39.574
17841406083211195,17948363621922785,2025-01-22 10:14:09,IMAGE,FEED,11,0,235,144,0,0,11,2025-08-23 17:29:46.435
17841406083211195,17948363621922785,2025-01-22 10:14:09,IMAGE,FEED,11,0,237,144,0,0,11,2025-08-24 17:29:21.897
17841406083211195,17948363621922785,2025-01-22 10:14:09,IMAGE,FEED,11,0,246,144,0,0,11,2025-08-25 17:29:53.217
17841406083211195,17948363621922785,2025-01-22 10:14:09,IMAGE,FEED,11,0,254,146,0,0,11,2025-08-26 17:29:23.371
17841406083211195,17948363621922785,2025-01-22 10:14:09,IMAGE,FEED,11,0,260,146,0,0,11,2025-08-27 17:30:31.271
17841406083211195,17948363621922785,2025-01-22 10:14:09,IMAGE,FEED,11,0,261,146,0,0,11,2025-08-28 17:31:46.029
17841406083211195,17948363621922785,2025-01-22 10:14:09,IMAGE,FEED,11,0,262,146,0,0,11,2025-08-30 17:30:35.885
17841406083211195,17948363621922785,2025-01-22 10:14:09,IMAGE,FEED,11,0,264,146,0,0,11,2025-08-31 17:29:08.159
17841406083211195,17948363621922785,2025-01-22 10:14:09,IMAGE,FEED,11,0,300,148,0,0,11,2025-10-02 04:04:43.622
17841406083211195,17948363621922785,2025-01-22 10:14:09,IMAGE,FEED,11,0,301,148,0,0,11,2025-10-02 17:29:46.317
17841406083211195,17948363621922785,2025-01-22 10:14:09,IMAGE,FEED,11,0,302,148,0,0,11,2025-10-04 17:29:53.396
17841406083211195,17948363621922785,2025-01-22 10:14:09,IMAGE,FEED,11,0,303,148,0,0,11,2025-10-08 17:29:57.265
17841406083211195,17948363621922785,2025-01-22 10:14:09,IMAGE,FEED,11,0,310,148,0,0,11,2025-10-09 17:29:08.618
17841406083211195,17948363621922785,2025-01-22 10:14:09,IMAGE,FEED,11,0,311,148,0,0,11,2025-10-12 17:29:06.953
17841406083211195,17948363621922785,2025-01-22 10:14:09,IMAGE,FEED,12,0,322,149,0,0,12,2025-10-14 17:28:37.713
17841406083211195,17948363621922785,2025-01-22 10:14:09,IMAGE,FEED,12,0,323,149,0,0,12,2025-10-15 17:30:10.590
17841406083211195,17948363621922785,2025-01-22 10:14:09,IMAGE,FEED,12,0,325,149,0,0,12,2025-10-16 17:29:16.653
17841406083211195,17948363621922785,2025-01-22 10:14:09,IMAGE,FEED,12,0,327,149,0,0,12,2025-10-17 17:30:13.411
17841406083211195,17948363621922785,2025-01-22 10:14:09,IMAGE,FEED,12,0,330,149,0,0,12,2025-10-18 17:28:45.305
17841406083211195,17948363621922785,2025-01-22 10:14:09,IMAGE,FEED,12,0,331,149,0,0,12,2025-10-20 17:29:42.606
17841406083211195,17948363621922785,2025-01-22 10:14:09,IMAGE,FEED,12,0,332,149,0,0,12,2025-10-21 17:28:58.694
17841406083211195,17948363621922785,2025-01-22 10:14:09,IMAGE,FEED,12,0,333,149,0,0,12,2025-10-22 17:29:13.609
17841406083211195,17948363621922785,2025-01-22 10:14:09,IMAGE,FEED,12,0,335,149,0,0,12,2025-10-23 17:28:47.784
17841406083211195,17948363621922785,2025-01-22 10:14:09,IMAGE,FEED,12,0,340,149,0,0,12,2025-10-27 17:29:08.604
17841406083211195,17948363621922785,2025-01-22 10:14:09,IMAGE,FEED,12,0,372,149,0,0,12,2025-10-28 17:30:05.412
17841406083211195,17948363621922785,2025-01-22 10:14:09,IMAGE,FEED,12,0,373,149,0,0,12,2025-10-29 17:29:55.119
17841406083211195,17948363621922785,2025-01-22 10:14:09,IMAGE,FEED,12,0,378,149,0,0,12,2025-10-31 17:29:25.715
17841406083211195,17948363621922785,2025-01-22 10:14:09,IMAGE,FEED,12,0,379,149,0,0,12,2025-11-02 17:29:29.177
17841406083211195,17948363621922785,2025-01-22 10:14:09,IMAGE,FEED,12,0,380,149,0,0,12,2025-11-03 17:29:12.906
17841406083211195,17948363621922785,2025-01-22 10:14:09,IMAGE,FEED,12,0,381,149,0,0,12,2025-11-04 17:28:42.949
17841406083211195,17948363621922785,2025-01-22 10:14:09,IMAGE,FEED,12,0,383,149,0,0,12,2025-11-06 17:29:06.869
17841406083211195,17948363621922785,2025-01-22 10:14:09,IMAGE,FEED,12,0,385,149,0,0,12,2025-11-09 17:29:04.278
17841406083211195,17948363621922785,2025-01-22 10:14:09,IMAGE,FEED,12,0,386,149,0,0,12,2025-11-10 17:29:32.003
17841406083211195,17948363621922785,2025-01-22 10:14:09,IMAGE,FEED,12,0,387,149,0,0,12,2025-11-11 17:29:22.339
17841406083211195,17948363621922785,2025-01-22 10:14:09,IMAGE,FEED,12,0,389,149,0,0,12,2025-11-12 17:29:20.875
17841406083211195,17948363621922785,2025-01-22 10:14:09,IMAGE,FEED,12,0,391,149,0,0,12,2025-11-13 17:30:02.207
17841406083211195,17948363621922785,2025-01-22 10:14:09,IMAGE,FEED,12,0,392,149,0,0,12,2025-11-14 17:29:25.553
17841406083211195,17948363621922785,2025-01-22 10:14:09,IMAGE,FEED,12,0,394,149,0,0,12,2025-11-16 17:30:12.337
17841406083211195,17948363621922785,2025-01-22 10:14:09,IMAGE,FEED,12,0,398,149,0,0,12,2025-11-21 17:34:52.831
17841406083211195,17948363621922785,2025-01-22 10:14:09,IMAGE,FEED,12,0,399,149,0,0,12,2025-11-25 17:33:52.980
17841406083211195,17948363621922785,2025-01-22 10:14:09,IMAGE,FEED,12,0,400,149,0,0,12,2025-11-26 17:36:02.332
17841406083211195,17948363621922785,2025-01-22 10:14:09,IMAGE,FEED,12,0,401,149,0,0,12,2025-11-30 17:33:04.206
17841406083211195,17948363621922785,2025-01-22 10:14:09,IMAGE,FEED,12,0,402,149,0,0,12,2025-12-03 17:35:49.238
17841406083211195,17948363621922785,2025-01-22 10:14:09,IMAGE,FEED,12,0,403,149,0,0,12,2025-12-05 17:34:03.820
17841406083211195,17948363621922785,2025-01-22 10:14:09,IMAGE,FEED,12,0,404,149,0,0,12,2025-12-08 17:32:36.780
17841406083211195,17948363621922785,2025-01-22 10:14:09,IMAGE,FEED,12,0,405,149,0,0,12,2025-12-12 17:34:34.583
17841406083211195,17948363621922785,2025-01-22 10:14:09,IMAGE,FEED,12,0,409,149,0,0,12,2025-12-24 17:29:27.244
17841406083211195,17948363621922785,2025-01-22 10:14:09,IMAGE,FEED,12,0,416,150,0,0,12,2025-12-25 17:29:48.440
17841406083211195,17956393427944820,2025-05-23 10:17:43,IMAGE,FEED,6,0,87,65,0,14,20,2025-05-23 17:30:33.431
17841406083211195,17956393427944820,2025-05-23 10:17:43,IMAGE,FEED,7,0,132,96,0,14,21,2025-05-24 17:30:30.769
17841406083211195,17956393427944820,2025-05-23 10:17:43,IMAGE,FEED,7,0,146,107,0,14,21,2025-05-25 17:30:55.165
17841406083211195,17956393427944820,2025-05-23 10:17:43,IMAGE,FEED,7,0,160,115,0,14,21,2025-05-26 17:30:10.854
17841406083211195,17956393427944820,2025-05-23 10:17:43,IMAGE,FEED,7,0,166,118,0,14,21,2025-05-27 17:30:25.255
17841406083211195,17956393427944820,2025-05-23 10:17:43,IMAGE,FEED,7,0,172,121,0,14,21,2025-05-28 17:30:33.831
17841406083211195,17956393427944820,2025-05-23 10:17:43,IMAGE,FEED,7,0,176,124,0,14,21,2025-05-29 17:29:32.682
17841406083211195,17956393427944820,2025-05-23 10:17:43,IMAGE,FEED,7,0,177,125,0,14,21,2025-05-30 17:29:56.107
17841406083211195,17956393427944820,2025-05-23 10:17:43,IMAGE,FEED,7,0,183,129,0,14,21,2025-05-31 17:30:02.401
17841406083211195,17956393427944820,2025-05-23 10:17:43,IMAGE,FEED,7,0,186,131,0,14,21,2025-06-01 17:29:49.087
17841406083211195,17956393427944820,2025-05-23 10:17:43,IMAGE,FEED,8,0,189,133,0,14,22,2025-06-02 17:30:36.024
17841406083211195,17956393427944820,2025-05-23 10:17:43,IMAGE,FEED,8,0,191,135,0,14,22,2025-06-03 17:29:40.477
17841406083211195,17956393427944820,2025-05-23 10:17:43,IMAGE,FEED,8,0,194,137,0,14,22,2025-06-04 17:30:00.717
17841406083211195,17956393427944820,2025-05-23 10:17:43,IMAGE,FEED,8,0,196,138,0,14,22,2025-06-05 17:30:15.493
17841406083211195,17956393427944820,2025-05-23 10:17:43,IMAGE,FEED,8,0,231,153,0,14,22,2025-07-03 03:00:02.146
17841406083211195,17956393427944820,2025-05-23 10:17:43,IMAGE,FEED,8,0,232,153,0,14,22,2025-07-03 17:29:59.209
17841406083211195,17956393427944820,2025-05-23 10:17:43,IMAGE,FEED,8,0,238,154,0,15,23,2025-07-04 17:30:58.673
17841406083211195,17956393427944820,2025-05-23 10:17:43,IMAGE,FEED,8,0,239,154,0,15,23,2025-07-05 17:29:52.047
17841406083211195,17956393427944820,2025-05-23 10:17:43,IMAGE,FEED,8,0,240,155,0,15,23,2025-07-07 17:30:38.832
17841406083211195,17956393427944820,2025-05-23 10:17:43,IMAGE,FEED,8,0,242,156,0,15,23,2025-07-08 17:29:53.749
17841406083211195,17956393427944820,2025-05-23 10:17:43,IMAGE,FEED,8,0,243,156,0,15,23,2025-07-09 17:30:26.366
17841406083211195,17956393427944820,2025-05-23 10:17:43,IMAGE,FEED,8,0,244,156,0,15,23,2025-07-10 17:29:17.353
17841406083211195,17956393427944820,2025-05-23 10:17:43,IMAGE,FEED,8,0,250,156,0,15,23,2025-07-15 17:29:51.513
17841406083211195,17956393427944820,2025-05-23 10:17:43,IMAGE,FEED,8,0,251,156,0,15,23,2025-07-16 17:30:05.713
17841406083211195,17956393427944820,2025-05-23 10:17:43,IMAGE,FEED,8,0,253,156,0,15,23,2025-07-18 17:29:48.370
17841406083211195,17956393427944820,2025-05-23 10:17:43,IMAGE,FEED,8,0,254,156,0,15,23,2025-07-20 17:30:14.570
17841406083211195,17956393427944820,2025-05-23 10:17:43,IMAGE,FEED,8,0,255,157,0,15,23,2025-07-21 17:30:41.021
17841406083211195,17956393427944820,2025-05-23 10:17:43,IMAGE,FEED,8,0,257,157,0,15,23,2025-07-22 17:30:36.352
17841406083211195,17956393427944820,2025-05-23 10:17:43,IMAGE,FEED,8,0,258,157,0,15,23,2025-07-23 17:30:15.892
17841406083211195,17956393427944820,2025-05-23 10:17:43,IMAGE,FEED,8,0,265,159,0,15,23,2025-07-26 17:30:03.787
17841406083211195,17956393427944820,2025-05-23 10:17:43,IMAGE,FEED,8,0,266,159,0,15,23,2025-07-27 17:30:34.306
17841406083211195,17956393427944820,2025-05-23 10:17:43,IMAGE,FEED,8,0,268,159,0,15,23,2025-07-28 17:29:11.647
17841406083211195,17956393427944820,2025-05-23 10:17:43,IMAGE,FEED,8,0,270,159,0,15,23,2025-07-29 17:29:46.531
17841406083211195,17956393427944820,2025-05-23 10:17:43,IMAGE,FEED,8,0,273,161,0,15,23,2025-07-31 17:28:52.262
17841406083211195,17956393427944820,2025-05-23 10:17:43,IMAGE,FEED,8,0,282,161,0,15,23,2025-08-03 17:29:40.178
17841406083211195,17956393427944820,2025-05-23 10:17:43,IMAGE,FEED,8,0,283,161,0,15,23,2025-08-06 17:29:21.816
17841406083211195,17956393427944820,2025-05-23 10:17:43,IMAGE,FEED,8,0,286,161,0,15,23,2025-08-08 17:29:30.439
17841406083211195,17956393427944820,2025-05-23 10:17:43,IMAGE,FEED,8,0,292,161,0,15,23,2025-08-10 17:29:41.094
17841406083211195,17956393427944820,2025-05-23 10:17:43,IMAGE,FEED,8,0,294,161,0,15,23,2025-08-11 17:30:48.470
17841406083211195,17956393427944820,2025-05-23 10:17:43,IMAGE,FEED,8,0,302,162,0,15,23,2025-08-12 17:31:33.944
17841406083211195,17956393427944820,2025-05-23 10:17:43,IMAGE,FEED,8,0,305,162,0,15,23,2025-08-13 17:30:05.532
17841406083211195,17956393427944820,2025-05-23 10:17:43,IMAGE,FEED,8,0,306,162,0,15,23,2025-08-14 17:30:40.919
17841406083211195,17956393427944820,2025-05-23 10:17:43,IMAGE,FEED,8,0,311,163,0,15,23,2025-08-15 17:29:31.457
17841406083211195,17956393427944820,2025-05-23 10:17:43,IMAGE,FEED,8,0,312,163,0,15,23,2025-08-16 17:29:42.441
17841406083211195,17956393427944820,2025-05-23 10:17:43,IMAGE,FEED,8,0,316,163,0,15,23,2025-08-17 17:28:52.679
17841406083211195,17956393427944820,2025-05-23 10:17:43,IMAGE,FEED,8,0,320,163,0,15,23,2025-08-18 17:29:03.015
17841406083211195,17956393427944820,2025-05-23 10:17:43,IMAGE,FEED,8,0,323,163,0,15,23,2025-08-19 17:29:48.971
17841406083211195,17956393427944820,2025-05-23 10:17:43,IMAGE,FEED,8,0,324,163,0,15,23,2025-08-20 17:29:49.052
17841406083211195,17956393427944820,2025-05-23 10:17:43,IMAGE,FEED,8,0,334,164,0,15,23,2025-08-21 17:30:28.989
17841406083211195,17956393427944820,2025-05-23 10:17:43,IMAGE,FEED,8,0,335,164,0,15,23,2025-08-22 17:29:32.370
17841406083211195,17956393427944820,2025-05-23 10:17:43,IMAGE,FEED,8,0,339,164,0,15,23,2025-08-23 17:29:39.828
17841406083211195,17956393427944820,2025-05-23 10:17:43,IMAGE,FEED,8,0,341,164,0,15,23,2025-08-24 17:29:14.562
17841406083211195,17956393427944820,2025-05-23 10:17:43,IMAGE,FEED,8,0,377,164,0,15,23,2025-08-25 17:29:45.209
17841406083211195,17956393427944820,2025-05-23 10:17:43,IMAGE,FEED,8,0,383,164,0,15,23,2025-08-26 17:29:15.106
17841406083211195,17956393427944820,2025-05-23 10:17:43,IMAGE,FEED,8,0,386,164,0,15,23,2025-08-27 17:30:23.669
17841406083211195,17956393427944820,2025-05-23 10:17:43,IMAGE,FEED,8,0,390,164,0,15,23,2025-08-28 17:31:28.495
17841406083211195,17956393427944820,2025-05-23 10:17:43,IMAGE,FEED,8,0,391,164,0,15,23,2025-08-29 17:28:53.244
17841406083211195,17956393427944820,2025-05-23 10:17:43,IMAGE,FEED,8,0,396,164,0,15,23,2025-08-30 17:30:25.971
17841406083211195,17956393427944820,2025-05-23 10:17:43,IMAGE,FEED,8,0,405,164,0,15,23,2025-08-31 17:28:56.742
17841406083211195,17956393427944820,2025-05-23 10:17:43,IMAGE,FEED,8,0,498,171,0,15,23,2025-10-01 04:10:01.758
17841406083211195,17956393427944820,2025-05-23 10:17:43,IMAGE,FEED,8,0,501,171,0,15,23,2025-10-02 04:04:36.976
17841406083211195,17956393427944820,2025-05-23 10:17:43,IMAGE,FEED,8,0,503,171,0,15,23,2025-10-02 17:29:40.000
17841406083211195,17956393427944820,2025-05-23 10:17:43,IMAGE,FEED,8,0,504,171,0,15,23,2025-10-04 17:29:46.382
17841406083211195,17956393427944820,2025-05-23 10:17:43,IMAGE,FEED,8,0,509,171,0,15,23,2025-10-06 17:28:55.815
17841406083211195,17956393427944820,2025-05-23 10:17:43,IMAGE,FEED,8,0,513,172,0,15,23,2025-10-08 17:29:48.282
17841406083211195,17956393427944820,2025-05-23 10:17:43,IMAGE,FEED,8,0,522,172,0,15,23,2025-10-09 17:28:59.255
17841406083211195,17956393427944820,2025-05-23 10:17:43,IMAGE,FEED,8,0,523,172,0,15,23,2025-10-12 17:28:57.219
17841406083211195,17956393427944820,2025-05-23 10:17:43,IMAGE,FEED,8,0,526,172,0,15,23,2025-10-13 17:29:00.306
17841406083211195,17956393427944820,2025-05-23 10:17:43,IMAGE,FEED,8,0,527,172,0,15,23,2025-10-14 17:28:28.922
17841406083211195,17956393427944820,2025-05-23 10:17:43,IMAGE,FEED,8,0,528,172,0,15,23,2025-10-15 17:30:00.906
17841406083211195,17956393427944820,2025-05-23 10:17:43,IMAGE,FEED,8,0,531,173,0,15,23,2025-10-16 17:29:06.179
17841406083211195,17956393427944820,2025-05-23 10:17:43,IMAGE,FEED,8,0,534,173,0,15,23,2025-10-17 17:30:04.044
17841406083211195,17956393427944820,2025-05-23 10:17:43,IMAGE,FEED,8,0,536,174,0,15,23,2025-10-18 17:28:35.979
17841406083211195,17956393427944820,2025-05-23 10:17:43,IMAGE,FEED,8,0,537,174,0,15,23,2025-10-20 17:29:27.070
17841406083211195,17956393427944820,2025-05-23 10:17:43,IMAGE,FEED,8,0,538,174,0,15,23,2025-10-21 17:28:47.405
17841406083211195,17956393427944820,2025-05-23 10:17:43,IMAGE,FEED,8,0,539,174,0,15,23,2025-10-22 17:29:00.830
17841406083211195,17956393427944820,2025-05-23 10:17:43,IMAGE,FEED,8,0,541,174,0,15,23,2025-10-23 17:28:36.359
17841406083211195,17956393427944820,2025-05-23 10:17:43,IMAGE,FEED,8,0,546,174,0,15,23,2025-10-27 17:28:53.353
17841406083211195,17956393427944820,2025-05-23 10:17:43,IMAGE,FEED,8,0,560,174,0,15,23,2025-10-28 17:29:49.189
17841406083211195,17956393427944820,2025-05-23 10:17:43,IMAGE,FEED,8,0,561,174,0,15,23,2025-10-29 17:29:48.675
17841406083211195,17956393427944820,2025-05-23 10:17:43,IMAGE,FEED,8,0,564,174,0,15,23,2025-10-31 17:29:18.974
17841406083211195,17956393427944820,2025-05-23 10:17:43,IMAGE,FEED,8,0,565,174,0,15,23,2025-11-02 17:29:16.155
17841406083211195,17956393427944820,2025-05-23 10:17:43,IMAGE,FEED,8,0,566,174,0,15,23,2025-11-03 17:29:06.669
17841406083211195,17956393427944820,2025-05-23 10:17:43,IMAGE,FEED,8,0,569,174,0,15,23,2025-11-04 17:28:36.320
17841406083211195,17956393427944820,2025-05-23 10:17:43,IMAGE,FEED,8,0,574,174,0,15,23,2025-11-06 17:29:01.638
17841406083211195,17956393427944820,2025-05-23 10:17:43,IMAGE,FEED,8,0,576,174,0,15,23,2025-11-07 17:29:19.583
17841406083211195,17956393427944820,2025-05-23 10:17:43,IMAGE,FEED,8,0,582,174,0,15,23,2025-11-09 17:28:56.342
17841406083211195,17956393427944820,2025-05-23 10:17:43,IMAGE,FEED,8,0,586,174,0,15,23,2025-11-10 17:29:23.643
17841406083211195,17956393427944820,2025-05-23 10:17:43,IMAGE,FEED,8,0,587,174,0,15,23,2025-11-11 17:29:14.654
17841406083211195,17956393427944820,2025-05-23 10:17:43,IMAGE,FEED,8,0,589,174,0,15,23,2025-11-12 17:29:12.214
17841406083211195,17956393427944820,2025-05-23 10:17:43,IMAGE,FEED,8,0,590,174,0,15,23,2025-11-13 17:29:47.738
17841406083211195,17956393427944820,2025-05-23 10:17:43,IMAGE,FEED,8,0,597,175,0,15,23,2025-11-14 17:29:17.979
17841406083211195,17956393427944820,2025-05-23 10:17:43,IMAGE,FEED,8,0,599,175,0,15,23,2025-11-15 17:31:07.843
17841406083211195,17956393427944820,2025-05-23 10:17:43,IMAGE,FEED,8,0,600,176,0,15,23,2025-11-16 17:30:03.485
17841406083211195,17956393427944820,2025-05-23 10:17:43,IMAGE,FEED,8,0,604,176,0,15,23,2025-11-17 17:29:22.826
17841406083211195,17956393427944820,2025-05-23 10:17:43,IMAGE,FEED,8,0,609,177,0,15,23,2025-11-18 17:29:13.854
17841406083211195,17956393427944820,2025-05-23 10:17:43,IMAGE,FEED,8,0,611,178,0,15,23,2025-11-19 17:34:55.384
17841406083211195,17956393427944820,2025-05-23 10:17:43,IMAGE,FEED,8,0,612,178,0,15,23,2025-11-21 17:35:17.497
17841406083211195,17956393427944820,2025-05-23 10:17:43,IMAGE,FEED,8,0,613,178,0,15,23,2025-11-24 17:36:00.680
17841406083211195,17956393427944820,2025-05-23 10:17:43,IMAGE,FEED,8,0,615,178,0,15,23,2025-11-25 17:34:17.706
17841406083211195,17956393427944820,2025-05-23 10:17:43,IMAGE,FEED,8,0,617,178,0,15,23,2025-11-26 17:36:48.625
17841406083211195,17956393427944820,2025-05-23 10:17:43,IMAGE,FEED,8,0,618,178,0,15,23,2025-11-30 17:33:23.501
17841406083211195,17956393427944820,2025-05-23 10:17:43,IMAGE,FEED,8,0,619,178,0,15,23,2025-12-02 17:34:52.698
17841406083211195,17956393427944820,2025-05-23 10:17:43,IMAGE,FEED,8,0,621,178,0,15,23,2025-12-03 17:36:09.392
17841406083211195,17956393427944820,2025-05-23 10:17:43,IMAGE,FEED,8,0,622,178,0,15,23,2025-12-05 17:34:22.775
17841406083211195,17956393427944820,2025-05-23 10:17:43,IMAGE,FEED,8,0,623,178,0,15,23,2025-12-07 17:33:15.200
17841406083211195,17956393427944820,2025-05-23 10:17:43,IMAGE,FEED,8,0,624,178,0,15,23,2025-12-09 17:35:08.331
17841406083211195,17956393427944820,2025-05-23 10:17:43,IMAGE,FEED,8,0,625,178,0,15,23,2025-12-12 17:35:06.525
17841406083211195,17956393427944820,2025-05-23 10:17:43,IMAGE,FEED,8,0,627,178,0,15,23,2025-12-15 06:33:48.708
17841406083211195,17956393427944820,2025-05-23 10:17:43,IMAGE,FEED,8,0,628,178,0,15,23,2025-12-17 17:29:02.286
17841406083211195,17956393427944820,2025-05-23 10:17:43,IMAGE,FEED,8,0,629,178,0,15,23,2025-12-20 17:36:15.185
17841406083211195,17956393427944820,2025-05-23 10:17:43,IMAGE,FEED,8,0,630,178,0,15,23,2025-12-21 17:29:53.714
17841406083211195,17956393427944820,2025-05-23 10:17:43,IMAGE,FEED,8,0,631,178,0,15,23,2025-12-22 17:28:44.209
17841406083211195,17956393427944820,2025-05-23 10:17:43,IMAGE,FEED,8,0,633,178,0,15,23,2025-12-24 17:29:12.925
17841406083211195,17956393427944820,2025-05-23 10:17:43,IMAGE,FEED,8,0,634,178,0,15,23,2025-12-25 17:29:25.137
17841406083211195,17965073315850008,2025-03-03 09:57:21,IMAGE,FEED,3,0,185,141,1,0,4,2025-04-17 17:31:52.827
17841406083211195,17965073315850008,2025-03-03 09:57:21,IMAGE,FEED,3,0,186,141,1,0,4,2025-04-18 19:14:47.758
17841406083211195,17965073315850008,2025-03-03 09:57:21,IMAGE,FEED,3,0,189,143,1,0,4,2025-04-25 17:30:04.372
17841406083211195,17965073315850008,2025-03-03 09:57:21,IMAGE,FEED,3,0,190,144,1,0,4,2025-04-27 17:31:03.892
17841406083211195,17965073315850008,2025-03-03 09:57:21,IMAGE,FEED,3,0,191,145,1,0,4,2025-04-30 17:30:59.237
17841406083211195,17965073315850008,2025-03-03 09:57:21,IMAGE,FEED,3,0,192,146,1,0,4,2025-05-02 17:29:30.530
17841406083211195,17965073315850008,2025-03-03 09:57:21,IMAGE,FEED,3,0,194,146,1,0,4,2025-05-05 17:29:55.879
17841406083211195,17965073315850008,2025-03-03 09:57:21,IMAGE,FEED,3,0,195,146,1,0,4,2025-05-08 17:30:01.765
17841406083211195,17965073315850008,2025-03-03 09:57:21,IMAGE,FEED,3,0,196,147,1,0,4,2025-05-11 17:29:45.387
17841406083211195,17965073315850008,2025-03-03 09:57:21,IMAGE,FEED,3,0,197,148,1,0,4,2025-05-15 17:30:17.671
17841406083211195,17965073315850008,2025-03-03 09:57:21,IMAGE,FEED,3,0,198,149,1,0,4,2025-05-17 17:30:06.320
17841406083211195,17965073315850008,2025-03-03 09:57:21,IMAGE,FEED,3,0,199,150,1,0,4,2025-05-24 17:30:42.269
17841406083211195,17965073315850008,2025-03-03 09:57:21,IMAGE,FEED,3,0,200,151,1,0,4,2025-06-03 17:29:40.481
17841406083211195,17965073315850008,2025-03-03 09:57:21,IMAGE,FEED,3,0,201,152,1,0,4,2025-06-05 17:30:24.267
17841406083211195,17965073315850008,2025-03-03 09:57:21,IMAGE,FEED,3,0,203,154,1,0,4,2025-07-03 03:00:11.497
17841406083211195,17965073315850008,2025-03-03 09:57:21,IMAGE,FEED,3,0,204,154,1,0,4,2025-07-03 17:30:07.999
17841406083211195,17965073315850008,2025-03-03 09:57:21,IMAGE,FEED,3,0,206,154,1,0,4,2025-07-04 17:31:09.111
17841406083211195,17965073315850008,2025-03-03 09:57:21,IMAGE,FEED,3,0,207,154,1,0,4,2025-07-09 17:30:35.128
17841406083211195,17965073315850008,2025-03-03 09:57:21,IMAGE,FEED,3,0,208,154,1,0,4,2025-07-15 17:30:00.595
17841406083211195,17965073315850008,2025-03-03 09:57:21,IMAGE,FEED,3,0,209,154,1,0,4,2025-07-16 17:30:13.816
17841406083211195,17965073315850008,2025-03-03 09:57:21,IMAGE,FEED,3,0,211,154,1,0,4,2025-07-21 17:30:54.855
17841406083211195,17965073315850008,2025-03-03 09:57:21,IMAGE,FEED,3,0,214,155,1,0,4,2025-07-29 17:29:59.940
17841406083211195,17965073315850008,2025-03-03 09:57:21,IMAGE,FEED,3,0,217,155,1,0,4,2025-07-31 17:29:02.405
17841406083211195,17965073315850008,2025-03-03 09:57:21,IMAGE,FEED,3,0,220,156,1,0,4,2025-08-03 17:29:51.710
17841406083211195,17965073315850008,2025-03-03 09:57:21,IMAGE,FEED,3,0,221,157,1,0,4,2025-08-04 17:30:32.200
17841406083211195,17965073315850008,2025-03-03 09:57:21,IMAGE,FEED,3,0,223,158,1,0,4,2025-08-06 17:29:32.816
17841406083211195,17965073315850008,2025-03-03 09:57:21,IMAGE,FEED,3,0,224,158,1,0,4,2025-08-08 17:29:41.599
17841406083211195,17965073315850008,2025-03-03 09:57:21,IMAGE,FEED,3,0,230,158,1,0,4,2025-08-11 17:30:48.472
17841406083211195,17965073315850008,2025-03-03 09:57:21,IMAGE,FEED,3,0,234,158,1,0,4,2025-08-14 17:30:40.921
17841406083211195,17965073315850008,2025-03-03 09:57:21,IMAGE,FEED,3,0,235,158,1,0,4,2025-08-17 17:28:52.681
17841406083211195,17965073315850008,2025-03-03 09:57:21,IMAGE,FEED,3,0,241,158,1,0,4,2025-08-18 17:29:03.020
17841406083211195,17965073315850008,2025-03-03 09:57:21,IMAGE,FEED,3,0,243,158,1,0,4,2025-08-20 17:29:54.709
17841406083211195,17965073315850008,2025-03-03 09:57:21,IMAGE,FEED,3,0,246,158,1,0,4,2025-08-21 17:30:35.460
17841406083211195,17965073315850008,2025-03-03 09:57:21,IMAGE,FEED,3,0,250,158,1,0,4,2025-08-22 17:29:39.575
17841406083211195,17965073315850008,2025-03-03 09:57:21,IMAGE,FEED,3,0,251,159,1,0,4,2025-08-23 17:29:46.435
17841406083211195,17965073315850008,2025-03-03 09:57:21,IMAGE,FEED,3,0,253,159,1,0,4,2025-08-24 17:29:21.898
17841406083211195,17965073315850008,2025-03-03 09:57:21,IMAGE,FEED,3,0,268,159,1,0,4,2025-08-25 17:29:53.218
17841406083211195,17965073315850008,2025-03-03 09:57:21,IMAGE,FEED,3,0,272,159,1,0,4,2025-08-26 17:29:23.372
17841406083211195,17965073315850008,2025-03-03 09:57:21,IMAGE,FEED,3,0,277,159,1,0,4,2025-08-27 17:30:31.271
17841406083211195,17965073315850008,2025-03-03 09:57:21,IMAGE,FEED,3,0,279,159,1,0,4,2025-08-28 17:31:46.029
17841406083211195,17965073315850008,2025-03-03 09:57:21,IMAGE,FEED,3,0,280,159,1,0,4,2025-08-30 17:30:35.885
17841406083211195,17965073315850008,2025-03-03 09:57:21,IMAGE,FEED,3,0,288,159,1,0,4,2025-08-31 17:29:08.160
17841406083211195,17965073315850008,2025-03-03 09:57:21,IMAGE,FEED,3,0,339,160,1,0,4,2025-10-01 04:10:09.707
17841406083211195,17965073315850008,2025-03-03 09:57:21,IMAGE,FEED,3,0,341,160,1,0,4,2025-10-02 04:04:43.623
17841406083211195,17965073315850008,2025-03-03 09:57:21,IMAGE,FEED,3,0,342,160,1,0,4,2025-10-05 17:29:46.412
17841406083211195,17965073315850008,2025-03-03 09:57:21,IMAGE,FEED,3,0,343,160,1,0,4,2025-10-06 17:29:02.569
17841406083211195,17965073315850008,2025-03-03 09:57:21,IMAGE,FEED,3,0,344,160,1,0,4,2025-10-08 17:29:55.670
17841406083211195,17965073315850008,2025-03-03 09:57:21,IMAGE,FEED,3,0,351,160,1,0,4,2025-10-09 17:29:07.192
17841406083211195,17965073315850008,2025-03-03 09:57:21,IMAGE,FEED,3,0,353,160,1,0,4,2025-10-12 17:29:04.385
17841406083211195,17965073315850008,2025-03-03 09:57:21,IMAGE,FEED,3,0,358,160,1,0,4,2025-10-13 17:29:08.098
17841406083211195,17965073315850008,2025-03-03 09:57:21,IMAGE,FEED,3,0,359,160,1,0,4,2025-10-14 17:28:35.641
17841406083211195,17965073315850008,2025-03-03 09:57:21,IMAGE,FEED,3,0,360,160,1,0,4,2025-10-15 17:30:08.628
17841406083211195,17965073315850008,2025-03-03 09:57:21,IMAGE,FEED,3,0,361,160,1,0,4,2025-10-16 17:29:14.751
17841406083211195,17965073315850008,2025-03-03 09:57:21,IMAGE,FEED,3,0,364,160,1,0,4,2025-10-17 17:30:11.777
17841406083211195,17965073315850008,2025-03-03 09:57:21,IMAGE,FEED,3,0,368,161,1,0,4,2025-10-18 17:28:43.374
17841406083211195,17965073315850008,2025-03-03 09:57:21,IMAGE,FEED,3,0,369,161,1,0,4,2025-10-20 17:29:38.008
17841406083211195,17965073315850008,2025-03-03 09:57:21,IMAGE,FEED,3,0,370,161,1,0,4,2025-10-21 17:28:55.529
17841406083211195,17965073315850008,2025-03-03 09:57:21,IMAGE,FEED,3,0,371,161,1,0,4,2025-10-22 17:29:11.386
17841406083211195,17965073315850008,2025-03-03 09:57:21,IMAGE,FEED,3,0,373,161,1,0,4,2025-10-23 17:28:45.977
17841406083211195,17965073315850008,2025-03-03 09:57:21,IMAGE,FEED,3,0,382,161,1,0,4,2025-10-24 17:29:06.733
17841406083211195,17965073315850008,2025-03-03 09:57:21,IMAGE,FEED,3,0,383,161,1,0,4,2025-10-27 17:29:04.358
17841406083211195,17965073315850008,2025-03-03 09:57:21,IMAGE,FEED,3,0,407,161,1,0,4,2025-10-28 17:30:01.159
17841406083211195,17965073315850008,2025-03-03 09:57:21,IMAGE,FEED,3,0,408,161,1,0,4,2025-10-29 17:29:48.676
17841406083211195,17965073315850008,2025-03-03 09:57:21,IMAGE,FEED,3,0,412,161,1,0,4,2025-10-31 17:29:18.975
17841406083211195,17965073315850008,2025-03-03 09:57:21,IMAGE,FEED,3,0,413,161,1,0,4,2025-11-02 17:29:16.157
17841406083211195,17965073315850008,2025-03-03 09:57:21,IMAGE,FEED,3,0,414,161,1,0,4,2025-11-03 17:29:06.672
17841406083211195,17965073315850008,2025-03-03 09:57:21,IMAGE,FEED,3,0,416,161,1,0,4,2025-11-04 17:28:36.321
17841406083211195,17965073315850008,2025-03-03 09:57:21,IMAGE,FEED,3,0,419,161,1,0,4,2025-11-06 17:29:01.641
17841406083211195,17965073315850008,2025-03-03 09:57:21,IMAGE,FEED,3,0,420,161,1,0,4,2025-11-07 17:29:28.068
17841406083211195,17965073315850008,2025-03-03 09:57:21,IMAGE,FEED,3,0,422,161,1,0,4,2025-11-09 17:29:04.278
17841406083211195,17965073315850008,2025-03-03 09:57:21,IMAGE,FEED,3,0,423,161,1,0,4,2025-11-10 17:29:32.004
17841406083211195,17965073315850008,2025-03-03 09:57:21,IMAGE,FEED,3,0,424,161,1,0,4,2025-11-11 17:29:22.339
17841406083211195,17965073315850008,2025-03-03 09:57:21,IMAGE,FEED,3,0,426,161,1,0,4,2025-11-12 17:29:20.876
17841406083211195,17965073315850008,2025-03-03 09:57:21,IMAGE,FEED,3,0,428,161,1,0,4,2025-11-13 17:30:02.208
17841406083211195,17965073315850008,2025-03-03 09:57:21,IMAGE,FEED,3,0,429,161,1,0,4,2025-11-14 17:29:25.554
17841406083211195,17965073315850008,2025-03-03 09:57:21,IMAGE,FEED,3,0,432,161,1,0,4,2025-11-16 17:30:12.337
17841406083211195,17965073315850008,2025-03-03 09:57:21,IMAGE,FEED,3,0,436,161,1,0,4,2025-11-17 17:29:30.727
17841406083211195,17965073315850008,2025-03-03 09:57:21,IMAGE,FEED,3,0,437,161,1,0,4,2025-11-19 17:34:55.386
17841406083211195,17965073315850008,2025-03-03 09:57:21,IMAGE,FEED,3,0,439,161,1,0,4,2025-11-21 17:35:17.504
17841406083211195,17965073315850008,2025-03-03 09:57:21,IMAGE,FEED,3,0,440,162,1,0,4,2025-11-25 17:34:17.707
17841406083211195,17965073315850008,2025-03-03 09:57:21,IMAGE,FEED,3,0,441,162,1,0,4,2025-11-26 17:36:48.627
17841406083211195,17965073315850008,2025-03-03 09:57:21,IMAGE,FEED,3,0,442,162,1,0,4,2025-11-30 17:33:23.505
17841406083211195,17965073315850008,2025-03-03 09:57:21,IMAGE,FEED,3,0,444,162,1,0,4,2025-12-01 17:33:33.582
17841406083211195,17965073315850008,2025-03-03 09:57:21,IMAGE,FEED,3,0,445,162,1,0,4,2025-12-03 17:36:09.394
17841406083211195,17965073315850008,2025-03-03 09:57:21,IMAGE,FEED,3,0,446,162,1,0,4,2025-12-05 17:34:22.777
17841406083211195,17965073315850008,2025-03-03 09:57:21,IMAGE,FEED,3,0,447,162,1,0,4,2025-12-08 17:32:58.815
17841406083211195,17965073315850008,2025-03-03 09:57:21,IMAGE,FEED,3,0,450,162,1,0,4,2025-12-09 17:35:08.334
17841406083211195,17965073315850008,2025-03-03 09:57:21,IMAGE,FEED,3,0,451,162,1,0,4,2025-12-11 17:33:27.321
17841406083211195,17965073315850008,2025-03-03 09:57:21,IMAGE,FEED,3,0,453,163,1,0,4,2025-12-12 17:35:06.526
17841406083211195,17965073315850008,2025-03-03 09:57:21,IMAGE,FEED,3,0,457,163,1,0,4,2025-12-17 17:29:13.841
17841406083211195,17965073315850008,2025-03-03 09:57:21,IMAGE,FEED,3,0,459,164,1,0,4,2025-12-22 17:28:52.806
17841406083211195,17965073315850008,2025-03-03 09:57:21,IMAGE,FEED,3,0,460,164,1,0,4,2025-12-24 17:29:21.597
17841406083211195,17965073315850008,2025-03-03 09:57:21,IMAGE,FEED,3,0,466,164,1,0,4,2025-12-25 17:29:40.551
17841406083211195,17990227901890992,2025-10-06 10:30:41,IMAGE,FEED,1,0,59,22,0,0,1,2025-10-06 17:28:39.916
17841406083211195,17990227901890992,2025-10-06 10:30:41,IMAGE,FEED,4,0,152,42,0,0,4,2025-10-07 17:28:23.013
17841406083211195,17990227901890992,2025-10-06 10:30:41,IMAGE,FEED,4,0,257,48,0,0,4,2025-10-08 17:29:40.354
17841406083211195,17990227901890992,2025-10-06 10:30:41,IMAGE,FEED,4,0,323,50,0,0,4,2025-10-09 17:28:46.159
17841406083211195,17990227901890992,2025-10-06 10:30:41,IMAGE,FEED,4,0,390,55,0,0,4,2025-10-10 17:30:06.538
17841406083211195,17990227901890992,2025-10-06 10:30:41,IMAGE,FEED,4,0,430,61,0,0,4,2025-10-11 17:28:30.964
17841406083211195,17990227901890992,2025-10-06 10:30:41,IMAGE,FEED,4,0,443,64,0,0,4,2025-10-12 17:28:49.777
17841406083211195,17990227901890992,2025-10-06 10:30:41,IMAGE,FEED,4,0,498,69,0,0,4,2025-10-13 17:28:53.149
17841406083211195,17990227901890992,2025-10-06 10:30:41,IMAGE,FEED,4,0,553,73,0,0,4,2025-10-14 17:28:21.199
17841406083211195,17990227901890992,2025-10-06 10:30:41,IMAGE,FEED,4,0,614,74,0,0,4,2025-10-15 17:29:48.870
17841406083211195,17990227901890992,2025-10-06 10:30:41,IMAGE,FEED,4,0,654,77,0,0,4,2025-10-16 17:28:56.608
17841406083211195,17990227901890992,2025-10-06 10:30:41,IMAGE,FEED,15,0,727,90,0,0,15,2025-10-17 17:29:48.780
17841406083211195,17990227901890992,2025-10-06 10:30:41,IMAGE,FEED,15,0,737,91,0,0,15,2025-10-18 17:28:28.235
17841406083211195,17990227901890992,2025-10-06 10:30:41,IMAGE,FEED,15,0,757,94,0,0,15,2025-10-19 17:28:32.827
17841406083211195,17990227901890992,2025-10-06 10:30:41,IMAGE,FEED,15,0,784,96,0,0,15,2025-10-20 17:29:18.452
17841406083211195,17990227901890992,2025-10-06 10:30:41,IMAGE,FEED,15,0,794,98,0,0,15,2025-10-21 17:28:38.449
17841406083211195,17990227901890992,2025-10-06 10:30:41,IMAGE,FEED,15,0,819,99,0,0,15,2025-10-22 17:28:54.473
17841406083211195,17990227901890992,2025-10-06 10:30:41,IMAGE,FEED,15,0,853,100,0,0,15,2025-10-23 17:28:30.277
17841406083211195,17990227901890992,2025-10-06 10:30:41,IMAGE,FEED,15,0,870,101,0,0,15,2025-10-24 17:28:52.169
17841406083211195,17990227901890992,2025-10-06 10:30:41,IMAGE,FEED,15,0,891,103,0,0,15,2025-10-25 17:30:00.333
17841406083211195,17990227901890992,2025-10-06 10:30:41,IMAGE,FEED,15,0,894,103,0,0,15,2025-10-26 17:30:15.207
17841406083211195,17990227901890992,2025-10-06 10:30:41,IMAGE,FEED,15,0,896,103,0,0,15,2025-10-27 17:28:46.979
17841406083211195,17990227901890992,2025-10-06 10:30:41,IMAGE,FEED,15,0,927,104,0,0,15,2025-10-28 17:29:42.164
17841406083211195,17990227901890992,2025-10-06 10:30:41,IMAGE,FEED,15,0,950,104,0,0,15,2025-10-29 17:29:27.582
17841406083211195,17990227901890992,2025-10-06 10:30:41,IMAGE,FEED,15,0,983,106,0,0,15,2025-10-30 17:30:15.088
17841406083211195,17990227901890992,2025-10-06 10:30:41,IMAGE,FEED,15,0,992,106,0,0,15,2025-10-31 17:29:01.875
17841406083211195,17990227901890992,2025-10-06 10:30:41,IMAGE,FEED,15,0,994,106,0,0,15,2025-11-01 17:29:16.503
17841406083211195,17990227901890992,2025-10-06 10:30:41,IMAGE,FEED,15,0,1001,106,0,0,15,2025-11-02 17:28:55.088
17841406083211195,17990227901890992,2025-10-06 10:30:41,IMAGE,FEED,15,0,1006,106,0,0,15,2025-11-03 17:28:49.517
17841406083211195,17990227901890992,2025-10-06 10:30:41,IMAGE,FEED,15,0,1018,106,0,0,15,2025-11-04 17:28:20.658
17841406083211195,17990227901890992,2025-10-06 10:30:41,IMAGE,FEED,15,0,1029,106,0,0,15,2025-11-05 17:28:28.345
17841406083211195,17990227901890992,2025-10-06 10:30:41,IMAGE,FEED,15,0,1049,106,0,0,15,2025-11-06 17:28:43.516
17841406083211195,17990227901890992,2025-10-06 10:30:41,IMAGE,FEED,15,0,1060,106,0,0,15,2025-11-07 17:29:01.083
17841406083211195,17990227901890992,2025-10-06 10:30:41,IMAGE,FEED,15,0,1069,106,0,0,15,2025-11-08 17:29:24.252
17841406083211195,17990227901890992,2025-10-06 10:30:41,IMAGE,FEED,15,0,1078,106,0,0,15,2025-11-09 17:28:38.944
17841406083211195,17990227901890992,2025-10-06 10:30:41,IMAGE,FEED,15,0,1093,107,0,0,15,2025-11-10 17:29:07.633
17841406083211195,17990227901890992,2025-10-06 10:30:41,IMAGE,FEED,15,0,1101,107,0,0,15,2025-11-11 17:28:56.848
17841406083211195,17990227901890992,2025-10-06 10:30:41,IMAGE,FEED,15,0,1111,108,0,0,15,2025-11-12 17:28:57.506
17841406083211195,17990227901890992,2025-10-06 10:30:41,IMAGE,FEED,15,0,1119,109,0,0,15,2025-11-13 17:29:19.491
17841406083211195,17990227901890992,2025-10-06 10:30:41,IMAGE,FEED,15,0,1136,109,0,0,15,2025-11-14 17:29:00.534
17841406083211195,17990227901890992,2025-10-06 10:30:41,IMAGE,FEED,15,0,1157,110,0,0,15,2025-11-15 17:30:46.796
17841406083211195,17990227901890992,2025-10-06 10:30:41,IMAGE,FEED,15,0,1164,110,0,0,15,2025-11-16 17:29:40.685
17841406083211195,17990227901890992,2025-10-06 10:30:41,IMAGE,FEED,15,0,1171,110,0,0,15,2025-11-17 17:29:03.596
17841406083211195,17990227901890992,2025-10-06 10:30:41,IMAGE,FEED,15,0,1177,110,0,0,15,2025-11-18 17:28:56.191
17841406083211195,17990227901890992,2025-10-06 10:30:41,IMAGE,FEED,15,0,1204,114,0,0,15,2025-11-19 17:35:38.976
17841406083211195,17990227901890992,2025-10-06 10:30:41,IMAGE,FEED,15,0,1218,115,0,0,15,2025-11-20 17:36:09.335
17841406083211195,17990227901890992,2025-10-06 10:30:41,IMAGE,FEED,15,0,1225,115,0,0,15,2025-11-21 17:35:55.833
17841406083211195,17990227901890992,2025-10-06 10:30:41,IMAGE,FEED,15,0,1234,116,0,0,15,2025-11-22 17:33:59.842
17841406083211195,17990227901890992,2025-10-06 10:30:41,IMAGE,FEED,15,0,1244,116,0,0,15,2025-11-23 17:33:27.466
17841406083211195,17990227901890992,2025-10-06 10:30:41,IMAGE,FEED,15,0,1250,116,0,0,15,2025-11-24 17:36:35.476
17841406083211195,17990227901890992,2025-10-06 10:30:41,IMAGE,FEED,15,0,1256,116,0,0,15,2025-11-25 17:34:52.757
17841406083211195,17990227901890992,2025-10-06 10:30:41,IMAGE,FEED,15,0,1264,117,0,0,15,2025-11-26 17:37:34.789
17841406083211195,17990227901890992,2025-10-06 10:30:41,IMAGE,FEED,15,0,1269,117,0,0,15,2025-11-27 17:34:42.491
17841406083211195,17990227901890992,2025-10-06 10:30:41,IMAGE,FEED,15,0,1271,117,0,0,15,2025-11-28 17:35:39.722
17841406083211195,17990227901890992,2025-10-06 10:30:41,IMAGE,FEED,15,0,1273,117,0,0,15,2025-11-30 17:33:54.612
17841406083211195,17990227901890992,2025-10-06 10:30:41,IMAGE,FEED,15,0,1278,117,0,0,15,2025-12-02 17:35:28.458
17841406083211195,17990227901890992,2025-10-06 10:30:41,IMAGE,FEED,15,0,1287,117,0,0,15,2025-12-03 17:36:45.830
17841406083211195,17990227901890992,2025-10-06 10:30:41,IMAGE,FEED,15,0,1293,117,0,0,15,2025-12-04 17:34:52.043
17841406083211195,17990227901890992,2025-10-06 10:30:41,IMAGE,FEED,15,0,1294,117,0,0,15,2025-12-05 17:34:50.224
17841406083211195,17990227901890992,2025-10-06 10:30:41,IMAGE,FEED,15,0,1296,117,0,0,15,2025-12-06 17:35:26.313
17841406083211195,17990227901890992,2025-10-06 10:30:41,IMAGE,FEED,15,0,1297,117,0,0,15,2025-12-07 17:33:44.778
17841406083211195,17990227901890992,2025-10-06 10:30:41,IMAGE,FEED,15,0,1298,117,0,0,15,2025-12-08 17:33:32.901
17841406083211195,17990227901890992,2025-10-06 10:30:41,IMAGE,FEED,15,0,1304,117,0,0,15,2025-12-09 17:35:43.760
17841406083211195,17990227901890992,2025-10-06 10:30:41,IMAGE,FEED,15,0,1307,117,0,0,15,2025-12-10 17:36:27.777
17841406083211195,17990227901890992,2025-10-06 10:30:41,IMAGE,FEED,15,0,1308,117,0,0,15,2025-12-11 17:33:56.836
17841406083211195,17990227901890992,2025-10-06 10:30:41,IMAGE,FEED,15,0,1309,117,0,0,15,2025-12-12 17:35:50.527
17841406083211195,17990227901890992,2025-10-06 10:30:41,IMAGE,FEED,15,0,1315,118,0,0,15,2025-12-15 06:34:20.221
17841406083211195,17990227901890992,2025-10-06 10:30:41,IMAGE,FEED,15,0,1317,118,0,0,15,2025-12-15 17:37:13.493
17841406083211195,17990227901890992,2025-10-06 10:30:41,IMAGE,FEED,15,0,1321,118,0,0,15,2025-12-17 17:28:51.590
17841406083211195,17990227901890992,2025-10-06 10:30:41,IMAGE,FEED,15,0,1326,118,0,0,15,2025-12-21 17:29:45.205
17841406083211195,17990227901890992,2025-10-06 10:30:41,IMAGE,FEED,15,0,1327,118,0,0,15,2025-12-22 17:28:37.813
17841406083211195,17990227901890992,2025-10-06 10:30:41,IMAGE,FEED,15,0,1330,119,0,0,15,2025-12-25 17:29:11.613
17841406083211195,18024186407379705,2025-02-10 10:36:55,IMAGE,FEED,6,0,214,150,0,0,6,2025-04-17 17:31:52.831
17841406083211195,18024186407379705,2025-02-10 10:36:55,IMAGE,FEED,6,0,214,150,0,0,6,2025-04-18 19:14:47.760
17841406083211195,18024186407379705,2025-02-10 10:36:55,IMAGE,FEED,6,0,216,151,0,0,6,2025-04-22 17:29:17.022
17841406083211195,18024186407379705,2025-02-10 10:36:55,IMAGE,FEED,6,0,217,152,0,0,6,2025-04-24 01:56:09.945
17841406083211195,18024186407379705,2025-02-10 10:36:55,IMAGE,FEED,6,0,218,153,0,0,6,2025-04-25 17:30:04.378
17841406083211195,18024186407379705,2025-02-10 10:36:55,IMAGE,FEED,6,0,219,153,0,0,6,2025-05-05 17:29:55.881
17841406083211195,18024186407379705,2025-02-10 10:36:55,IMAGE,FEED,6,0,221,154,0,0,6,2025-05-08 17:30:01.769
17841406083211195,18024186407379705,2025-02-10 10:36:55,IMAGE,FEED,6,0,223,156,0,0,6,2025-05-12 17:30:45.016
17841406083211195,18024186407379705,2025-02-10 10:36:55,IMAGE,FEED,6,0,224,157,0,0,6,2025-05-18 17:30:29.434
17841406083211195,18024186407379705,2025-02-10 10:36:55,IMAGE,FEED,6,0,225,158,0,0,6,2025-05-21 17:30:13.206
17841406083211195,18024186407379705,2025-02-10 10:36:55,IMAGE,FEED,6,0,226,158,0,0,6,2025-05-24 17:30:46.342
17841406083211195,18024186407379705,2025-02-10 10:36:55,IMAGE,FEED,6,0,227,159,0,0,6,2025-06-05 17:30:24.270
17841406083211195,18024186407379705,2025-02-10 10:36:55,IMAGE,FEED,6,0,231,161,0,0,6,2025-07-03 03:00:11.504
17841406083211195,18024186407379705,2025-02-10 10:36:55,IMAGE,FEED,6,0,233,162,0,0,6,2025-07-03 17:30:08.001
17841406083211195,18024186407379705,2025-02-10 10:36:55,IMAGE,FEED,6,0,237,162,0,0,6,2025-07-04 17:31:09.113
17841406083211195,18024186407379705,2025-02-10 10:36:55,IMAGE,FEED,6,0,238,162,0,0,6,2025-07-07 17:30:48.223
17841406083211195,18024186407379705,2025-02-10 10:36:55,IMAGE,FEED,6,0,239,163,0,0,6,2025-07-10 17:29:25.309
17841406083211195,18024186407379705,2025-02-10 10:36:55,IMAGE,FEED,6,0,245,163,0,0,6,2025-07-15 17:30:00.596
17841406083211195,18024186407379705,2025-02-10 10:36:55,IMAGE,FEED,6,0,246,163,0,0,6,2025-07-20 17:30:24.980
17841406083211195,18024186407379705,2025-02-10 10:36:55,IMAGE,FEED,6,0,250,164,0,0,6,2025-07-21 17:30:54.858
17841406083211195,18024186407379705,2025-02-10 10:36:55,IMAGE,FEED,6,0,251,164,0,0,6,2025-07-31 17:29:05.335
17841406083211195,18024186407379705,2025-02-10 10:36:55,IMAGE,FEED,6,0,255,165,0,0,6,2025-08-03 17:30:00.330
17841406083211195,18024186407379705,2025-02-10 10:36:55,IMAGE,FEED,6,0,256,165,0,0,6,2025-08-04 17:30:35.466
17841406083211195,18024186407379705,2025-02-10 10:36:55,IMAGE,FEED,6,0,257,166,0,0,6,2025-08-06 17:29:35.479
17841406083211195,18024186407379705,2025-02-10 10:36:55,IMAGE,FEED,6,0,258,166,0,0,6,2025-08-08 17:29:44.677
17841406083211195,18024186407379705,2025-02-10 10:36:55,IMAGE,FEED,6,0,264,166,0,0,6,2025-08-11 17:30:52.902
17841406083211195,18024186407379705,2025-02-10 10:36:55,IMAGE,FEED,6,0,266,166,0,0,6,2025-08-14 17:30:47.872
17841406083211195,18024186407379705,2025-02-10 10:36:55,IMAGE,FEED,6,0,267,166,0,0,6,2025-08-17 17:28:55.758
17841406083211195,18024186407379705,2025-02-10 10:36:55,IMAGE,FEED,6,0,272,166,0,0,6,2025-08-18 17:29:09.077
17841406083211195,18024186407379705,2025-02-10 10:36:55,IMAGE,FEED,6,0,274,166,0,0,6,2025-08-20 17:29:54.712
17841406083211195,18024186407379705,2025-02-10 10:36:55,IMAGE,FEED,6,0,277,166,0,0,6,2025-08-21 17:30:35.464
17841406083211195,18024186407379705,2025-02-10 10:36:55,IMAGE,FEED,6,0,278,166,0,0,6,2025-08-22 17:29:39.577
17841406083211195,18024186407379705,2025-02-10 10:36:55,IMAGE,FEED,6,0,279,166,0,0,6,2025-08-23 17:29:46.438
17841406083211195,18024186407379705,2025-02-10 10:36:55,IMAGE,FEED,6,0,281,166,0,0,6,2025-08-24 17:29:21.900
17841406083211195,18024186407379705,2025-02-10 10:36:55,IMAGE,FEED,6,0,289,166,0,0,6,2025-08-25 17:29:53.219
17841406083211195,18024186407379705,2025-02-10 10:36:55,IMAGE,FEED,6,0,297,167,0,0,6,2025-08-26 17:29:23.374
17841406083211195,18024186407379705,2025-02-10 10:36:55,IMAGE,FEED,6,0,304,167,0,0,6,2025-08-27 17:30:31.274
17841406083211195,18024186407379705,2025-02-10 10:36:55,IMAGE,FEED,6,0,306,167,0,0,6,2025-08-28 17:31:46.032
17841406083211195,18024186407379705,2025-02-10 10:36:55,IMAGE,FEED,6,0,307,167,0,0,6,2025-08-30 17:30:35.887
17841406083211195,18024186407379705,2025-02-10 10:36:55,IMAGE,FEED,6,0,312,167,0,0,6,2025-08-31 17:29:08.164
17841406083211195,18024186407379705,2025-02-10 10:36:55,IMAGE,FEED,6,0,360,168,0,0,6,2025-10-02 04:04:43.624
17841406083211195,18024186407379705,2025-02-10 10:36:55,IMAGE,FEED,6,0,361,168,0,0,6,2025-10-02 17:29:46.320
17841406083211195,18024186407379705,2025-02-10 10:36:55,IMAGE,FEED,6,0,363,168,0,0,6,2025-10-04 17:29:53.399
17841406083211195,18024186407379705,2025-02-10 10:36:55,IMAGE,FEED,6,0,364,168,0,0,6,2025-10-06 17:29:02.571
17841406083211195,18024186407379705,2025-02-10 10:36:55,IMAGE,FEED,6,0,365,168,0,0,6,2025-10-08 17:29:55.672
17841406083211195,18024186407379705,2025-02-10 10:36:55,IMAGE,FEED,6,0,371,168,0,0,6,2025-10-09 17:29:07.194
17841406083211195,18024186407379705,2025-02-10 10:36:55,IMAGE,FEED,6,0,372,168,0,0,6,2025-10-12 17:29:04.388
17841406083211195,18024186407379705,2025-02-10 10:36:55,IMAGE,FEED,6,0,376,168,0,0,6,2025-10-14 17:28:35.643
17841406083211195,18024186407379705,2025-02-10 10:36:55,IMAGE,FEED,6,0,377,168,0,0,6,2025-10-15 17:30:08.629
17841406083211195,18024186407379705,2025-02-10 10:36:55,IMAGE,FEED,6,0,378,168,0,0,6,2025-10-16 17:29:14.754
17841406083211195,18024186407379705,2025-02-10 10:36:55,IMAGE,FEED,6,0,379,168,0,0,6,2025-10-17 17:30:11.779
17841406083211195,18024186407379705,2025-02-10 10:36:55,IMAGE,FEED,6,0,380,168,0,0,6,2025-10-18 17:28:43.378
17841406083211195,18024186407379705,2025-02-10 10:36:55,IMAGE,FEED,6,0,381,168,0,0,6,2025-10-20 17:29:38.009
17841406083211195,18024186407379705,2025-02-10 10:36:55,IMAGE,FEED,6,0,382,168,0,0,6,2025-10-21 17:28:55.530
17841406083211195,18024186407379705,2025-02-10 10:36:55,IMAGE,FEED,6,0,383,168,0,0,6,2025-10-22 17:29:11.389
17841406083211195,18024186407379705,2025-02-10 10:36:55,IMAGE,FEED,6,0,385,168,0,0,6,2025-10-23 17:28:47.786
17841406083211195,18024186407379705,2025-02-10 10:36:55,IMAGE,FEED,6,0,388,168,0,0,6,2025-10-27 17:29:08.607
17841406083211195,18024186407379705,2025-02-10 10:36:55,IMAGE,FEED,6,0,422,168,0,0,6,2025-10-28 17:30:05.413
17841406083211195,18024186407379705,2025-02-10 10:36:55,IMAGE,FEED,6,0,423,168,0,0,6,2025-10-29 17:29:55.120
17841406083211195,18024186407379705,2025-02-10 10:36:55,IMAGE,FEED,6,0,429,168,0,0,6,2025-10-31 17:29:25.717
17841406083211195,18024186407379705,2025-02-10 10:36:55,IMAGE,FEED,6,0,432,168,0,0,6,2025-11-02 17:29:29.180
17841406083211195,18024186407379705,2025-02-10 10:36:55,IMAGE,FEED,6,0,433,168,0,0,6,2025-11-04 17:28:42.951
17841406083211195,18024186407379705,2025-02-10 10:36:55,IMAGE,FEED,6,0,436,168,0,0,6,2025-11-06 17:29:06.871
17841406083211195,18024186407379705,2025-02-10 10:36:55,IMAGE,FEED,6,0,437,168,0,0,6,2025-11-07 17:29:28.070
17841406083211195,18024186407379705,2025-02-10 10:36:55,IMAGE,FEED,6,0,439,168,0,0,6,2025-11-09 17:29:04.280
17841406083211195,18024186407379705,2025-02-10 10:36:55,IMAGE,FEED,6,0,440,168,0,0,6,2025-11-10 17:29:32.006
17841406083211195,18024186407379705,2025-02-10 10:36:55,IMAGE,FEED,6,0,441,168,0,0,6,2025-11-11 17:29:22.340
17841406083211195,18024186407379705,2025-02-10 10:36:55,IMAGE,FEED,6,0,443,168,0,0,6,2025-11-12 17:29:20.878
17841406083211195,18024186407379705,2025-02-10 10:36:55,IMAGE,FEED,6,0,444,168,0,0,6,2025-11-13 17:30:02.211
17841406083211195,18024186407379705,2025-02-10 10:36:55,IMAGE,FEED,6,0,445,168,0,0,6,2025-11-14 17:29:25.556
17841406083211195,18024186407379705,2025-02-10 10:36:55,IMAGE,FEED,6,0,449,169,0,0,6,2025-11-16 17:30:12.338
17841406083211195,18024186407379705,2025-02-10 10:36:55,IMAGE,FEED,6,0,453,169,0,0,6,2025-11-21 17:34:52.835
17841406083211195,18024186407379705,2025-02-10 10:36:55,IMAGE,FEED,6,0,454,169,0,0,6,2025-11-25 17:33:52.982
17841406083211195,18024186407379705,2025-02-10 10:36:55,IMAGE,FEED,6,0,455,169,0,0,6,2025-11-26 17:36:02.335
17841406083211195,18024186407379705,2025-02-10 10:36:55,IMAGE,FEED,6,0,456,169,0,0,6,2025-11-30 17:33:04.209
17841406083211195,18024186407379705,2025-02-10 10:36:55,IMAGE,FEED,6,0,458,169,0,0,6,2025-12-03 17:35:49.241
17841406083211195,18024186407379705,2025-02-10 10:36:55,IMAGE,FEED,6,0,459,169,0,0,6,2025-12-04 17:33:52.385
17841406083211195,18024186407379705,2025-02-10 10:36:55,IMAGE,FEED,6,0,460,170,0,0,6,2025-12-05 17:34:03.823
17841406083211195,18024186407379705,2025-02-10 10:36:55,IMAGE,FEED,6,0,461,170,0,0,6,2025-12-06 17:34:25.662
17841406083211195,18024186407379705,2025-02-10 10:36:55,IMAGE,FEED,6,0,462,170,0,0,6,2025-12-08 17:32:36.783
17841406083211195,18024186407379705,2025-02-10 10:36:55,IMAGE,FEED,6,0,464,170,0,0,6,2025-12-09 17:34:43.098
17841406083211195,18024186407379705,2025-02-10 10:36:55,IMAGE,FEED,6,0,465,170,0,0,6,2025-12-12 17:34:34.585
17841406083211195,18024186407379705,2025-02-10 10:36:55,IMAGE,FEED,6,0,467,170,0,0,6,2025-12-24 17:29:27.246
17841406083211195,18024186407379705,2025-02-10 10:36:55,IMAGE,FEED,6,0,472,170,0,0,6,2025-12-25 17:29:48.441
17841406083211195,18026690885632120,2025-02-03 10:34:46,IMAGE,FEED,7,0,211,138,0,0,7,2025-04-17 17:31:52.798
17841406083211195,18026690885632120,2025-02-03 10:34:46,IMAGE,FEED,7,0,212,139,0,0,7,2025-04-18 19:14:47.750
17841406083211195,18026690885632120,2025-02-03 10:34:46,IMAGE,FEED,7,0,214,140,0,0,7,2025-04-20 21:57:33.560
17841406083211195,18026690885632120,2025-02-03 10:34:46,IMAGE,FEED,7,0,215,141,0,0,7,2025-04-22 17:29:16.982
17841406083211195,18026690885632120,2025-02-03 10:34:46,IMAGE,FEED,7,0,216,142,0,0,7,2025-04-27 17:31:03.883
17841406083211195,18026690885632120,2025-02-03 10:34:46,IMAGE,FEED,7,0,218,144,0,0,7,2025-05-08 17:30:01.752
17841406083211195,18026690885632120,2025-02-03 10:34:46,IMAGE,FEED,7,0,220,146,0,0,7,2025-05-18 17:30:29.430
17841406083211195,18026690885632120,2025-02-03 10:34:46,IMAGE,FEED,7,0,221,147,0,0,7,2025-05-24 17:30:46.330
17841406083211195,18026690885632120,2025-02-03 10:34:46,IMAGE,FEED,7,0,222,148,0,0,7,2025-05-25 17:31:08.736
17841406083211195,18026690885632120,2025-02-03 10:34:46,IMAGE,FEED,7,0,223,149,0,0,7,2025-06-04 17:30:08.095
17841406083211195,18026690885632120,2025-02-03 10:34:46,IMAGE,FEED,7,0,224,150,0,0,7,2025-06-05 17:30:24.254
17841406083211195,18026690885632120,2025-02-03 10:34:46,IMAGE,FEED,7,0,232,154,0,0,7,2025-07-04 17:31:09.101
17841406083211195,18026690885632120,2025-02-03 10:34:46,IMAGE,FEED,7,0,233,154,0,0,7,2025-07-15 17:30:00.591
17841406083211195,18026690885632120,2025-02-03 10:34:46,IMAGE,FEED,7,0,234,154,0,0,7,2025-07-19 17:30:14.979
17841406083211195,18026690885632120,2025-02-03 10:34:46,IMAGE,FEED,7,0,235,155,0,0,7,2025-07-31 17:29:05.326
17841406083211195,18026690885632120,2025-02-03 10:34:46,IMAGE,FEED,7,0,239,156,0,0,7,2025-08-03 17:30:00.322
17841406083211195,18026690885632120,2025-02-03 10:34:46,IMAGE,FEED,7,0,240,156,0,0,7,2025-08-04 17:30:35.460
17841406083211195,18026690885632120,2025-02-03 10:34:46,IMAGE,FEED,7,0,241,157,0,0,7,2025-08-06 17:29:35.470
17841406083211195,18026690885632120,2025-02-03 10:34:46,IMAGE,FEED,7,0,242,157,0,0,7,2025-08-08 17:29:44.668
17841406083211195,18026690885632120,2025-02-03 10:34:46,IMAGE,FEED,7,0,247,157,0,0,7,2025-08-11 17:30:52.893
17841406083211195,18026690885632120,2025-02-03 10:34:46,IMAGE,FEED,7,0,249,157,0,0,7,2025-08-14 17:30:47.863
17841406083211195,18026690885632120,2025-02-03 10:34:46,IMAGE,FEED,7,0,251,157,0,0,7,2025-08-17 17:28:55.753
17841406083211195,18026690885632120,2025-02-03 10:34:46,IMAGE,FEED,7,0,257,157,0,0,7,2025-08-18 17:29:09.071
17841406083211195,18026690885632120,2025-02-03 10:34:46,IMAGE,FEED,7,0,259,157,0,0,7,2025-08-20 17:29:54.700
17841406083211195,18026690885632120,2025-02-03 10:34:46,IMAGE,FEED,7,0,260,157,0,0,7,2025-08-21 17:30:35.448
17841406083211195,18026690885632120,2025-02-03 10:34:46,IMAGE,FEED,7,0,262,157,0,0,7,2025-08-23 17:29:46.426
17841406083211195,18026690885632120,2025-02-03 10:34:46,IMAGE,FEED,7,0,264,157,0,0,7,2025-08-24 17:29:21.889
17841406083211195,18026690885632120,2025-02-03 10:34:46,IMAGE,FEED,7,0,272,157,0,0,7,2025-08-25 17:29:53.213
17841406083211195,18026690885632120,2025-02-03 10:34:46,IMAGE,FEED,7,0,278,157,0,0,7,2025-08-26 17:29:23.362
17841406083211195,18026690885632120,2025-02-03 10:34:46,IMAGE,FEED,7,0,284,157,0,0,7,2025-08-27 17:30:31.262
17841406083211195,18026690885632120,2025-02-03 10:34:46,IMAGE,FEED,7,0,285,157,0,0,7,2025-08-28 17:31:46.022
17841406083211195,18026690885632120,2025-02-03 10:34:46,IMAGE,FEED,7,0,286,157,0,0,7,2025-08-30 17:30:35.880
17841406083211195,18026690885632120,2025-02-03 10:34:46,IMAGE,FEED,7,0,287,157,0,0,7,2025-08-31 17:29:08.149
17841406083211195,18026690885632120,2025-02-03 10:34:46,IMAGE,FEED,7,0,328,158,0,0,7,2025-10-02 04:04:43.618
17841406083211195,18026690885632120,2025-02-03 10:34:46,IMAGE,FEED,7,0,329,158,0,0,7,2025-10-02 17:29:46.307
17841406083211195,18026690885632120,2025-02-03 10:34:46,IMAGE,FEED,7,0,331,158,0,0,7,2025-10-06 17:29:02.560
17841406083211195,18026690885632120,2025-02-03 10:34:46,IMAGE,FEED,7,0,332,158,0,0,7,2025-10-08 17:29:55.666
17841406083211195,18026690885632120,2025-02-03 10:34:46,IMAGE,FEED,7,0,338,158,0,0,7,2025-10-09 17:29:07.180
17841406083211195,18026690885632120,2025-02-03 10:34:46,IMAGE,FEED,7,0,339,158,0,0,7,2025-10-12 17:29:04.374
17841406083211195,18026690885632120,2025-02-03 10:34:46,IMAGE,FEED,7,0,344,158,0,0,7,2025-10-14 17:28:35.633
17841406083211195,18026690885632120,2025-02-03 10:34:46,IMAGE,FEED,7,0,345,158,0,0,7,2025-10-15 17:30:08.624
17841406083211195,18026690885632120,2025-02-03 10:34:46,IMAGE,FEED,7,0,346,158,0,0,7,2025-10-16 17:29:14.739
17841406083211195,18026690885632120,2025-02-03 10:34:46,IMAGE,FEED,7,0,347,158,0,0,7,2025-10-17 17:30:13.407
17841406083211195,18026690885632120,2025-02-03 10:34:46,IMAGE,FEED,7,0,348,158,0,0,7,2025-10-18 17:28:45.302
17841406083211195,18026690885632120,2025-02-03 10:34:46,IMAGE,FEED,7,0,349,158,0,0,7,2025-10-20 17:29:42.604
17841406083211195,18026690885632120,2025-02-03 10:34:46,IMAGE,FEED,7,0,355,158,0,0,7,2025-10-21 17:28:58.690
17841406083211195,18026690885632120,2025-02-03 10:34:46,IMAGE,FEED,7,0,356,158,0,0,7,2025-10-22 17:29:13.602
17841406083211195,18026690885632120,2025-02-03 10:34:46,IMAGE,FEED,7,0,358,158,0,0,7,2025-10-23 17:28:47.780
17841406083211195,18026690885632120,2025-02-03 10:34:46,IMAGE,FEED,7,0,363,158,0,0,7,2025-10-27 17:29:08.597
17841406083211195,18026690885632120,2025-02-03 10:34:46,IMAGE,FEED,7,0,383,158,0,0,7,2025-10-28 17:30:05.409
17841406083211195,18026690885632120,2025-02-03 10:34:46,IMAGE,FEED,7,0,384,158,0,0,7,2025-10-29 17:29:55.116
17841406083211195,18026690885632120,2025-02-03 10:34:46,IMAGE,FEED,7,0,389,158,0,0,7,2025-10-31 17:29:25.712
17841406083211195,18026690885632120,2025-02-03 10:34:46,IMAGE,FEED,7,0,391,158,0,0,7,2025-11-02 17:29:29.169
17841406083211195,18026690885632120,2025-02-03 10:34:46,IMAGE,FEED,7,0,392,158,0,0,7,2025-11-03 17:29:12.901
17841406083211195,18026690885632120,2025-02-03 10:34:46,IMAGE,FEED,7,0,393,158,0,0,7,2025-11-04 17:28:42.946
17841406083211195,18026690885632120,2025-02-03 10:34:46,IMAGE,FEED,7,0,395,158,0,0,7,2025-11-06 17:29:06.862
17841406083211195,18026690885632120,2025-02-03 10:34:46,IMAGE,FEED,7,0,397,158,0,0,7,2025-11-07 17:29:28.064
17841406083211195,18026690885632120,2025-02-03 10:34:46,IMAGE,FEED,7,0,399,158,0,0,7,2025-11-09 17:29:04.268
17841406083211195,18026690885632120,2025-02-03 10:34:46,IMAGE,FEED,7,0,401,158,0,0,7,2025-11-10 17:29:31.993
17841406083211195,18026690885632120,2025-02-03 10:34:46,IMAGE,FEED,7,0,402,158,0,0,7,2025-11-11 17:29:22.334
17841406083211195,18026690885632120,2025-02-03 10:34:46,IMAGE,FEED,7,0,404,158,0,0,7,2025-11-12 17:29:20.867
17841406083211195,18026690885632120,2025-02-03 10:34:46,IMAGE,FEED,7,0,406,158,0,0,7,2025-11-13 17:30:02.185
17841406083211195,18026690885632120,2025-02-03 10:34:46,IMAGE,FEED,7,0,407,158,0,0,7,2025-11-14 17:29:25.545
17841406083211195,18026690885632120,2025-02-03 10:34:46,IMAGE,FEED,7,0,411,158,0,0,7,2025-11-16 17:30:12.331
17841406083211195,18026690885632120,2025-02-03 10:34:46,IMAGE,FEED,7,0,415,158,0,0,7,2025-11-21 17:34:52.821
17841406083211195,18026690885632120,2025-02-03 10:34:46,IMAGE,FEED,7,0,416,158,0,0,7,2025-11-25 17:33:52.977
17841406083211195,18026690885632120,2025-02-03 10:34:46,IMAGE,FEED,7,0,417,158,0,0,7,2025-11-26 17:36:02.325
17841406083211195,18026690885632120,2025-02-03 10:34:46,IMAGE,FEED,7,0,418,158,0,0,7,2025-11-30 17:33:04.199
17841406083211195,18026690885632120,2025-02-03 10:34:46,IMAGE,FEED,7,0,420,158,0,0,7,2025-12-03 17:35:49.230
17841406083211195,18026690885632120,2025-02-03 10:34:46,IMAGE,FEED,7,0,421,158,0,0,7,2025-12-04 17:33:52.373
17841406083211195,18026690885632120,2025-02-03 10:34:46,IMAGE,FEED,7,0,422,159,0,0,7,2025-12-05 17:34:03.813
17841406083211195,18026690885632120,2025-02-03 10:34:46,IMAGE,FEED,7,0,423,159,0,0,7,2025-12-08 17:32:36.771
17841406083211195,18026690885632120,2025-02-03 10:34:46,IMAGE,FEED,7,0,425,159,0,0,7,2025-12-12 17:34:34.579
17841406083211195,18026690885632120,2025-02-03 10:34:46,IMAGE,FEED,7,0,428,159,0,0,7,2025-12-24 17:29:27.240
17841406083211195,18026690885632120,2025-02-03 10:34:46,IMAGE,FEED,7,0,433,159,0,0,7,2025-12-25 17:29:48.437
17841406083211195,18026795795443933,2025-04-28 10:03:43,IMAGE,FEED,15,1,171,132,0,1,17,2025-04-28 17:29:52.825
17841406083211195,18026795795443933,2025-04-28 10:03:43,IMAGE,FEED,15,2,263,208,0,1,18,2025-04-29 17:28:58.733
17841406083211195,18026795795443933,2025-04-28 10:03:43,IMAGE,FEED,15,2,283,222,0,1,18,2025-04-30 17:30:51.587
17841406083211195,18026795795443933,2025-04-28 10:03:43,IMAGE,FEED,15,2,296,227,0,1,18,2025-05-01 17:31:29.852
17841406083211195,18026795795443933,2025-04-28 10:03:43,IMAGE,FEED,15,2,301,232,0,1,18,2025-05-02 17:29:24.964
17841406083211195,18026795795443933,2025-04-28 10:03:43,IMAGE,FEED,15,2,309,236,0,1,18,2025-05-03 17:30:31.877
17841406083211195,18026795795443933,2025-04-28 10:03:43,IMAGE,FEED,15,2,316,241,0,1,18,2025-05-04 17:28:46.802
17841406083211195,18026795795443933,2025-04-28 10:03:43,IMAGE,FEED,15,2,326,247,0,1,18,2025-05-05 17:29:48.470
17841406083211195,18026795795443933,2025-04-28 10:03:43,IMAGE,FEED,15,2,338,259,0,1,18,2025-05-06 17:29:33.093
17841406083211195,18026795795443933,2025-04-28 10:03:43,IMAGE,FEED,15,2,347,264,0,1,18,2025-05-07 17:28:45.304
17841406083211195,18026795795443933,2025-04-28 10:03:43,IMAGE,FEED,15,2,353,268,0,1,18,2025-05-08 17:30:01.747
17841406083211195,18026795795443933,2025-04-28 10:03:43,IMAGE,FEED,15,2,361,273,0,1,18,2025-05-10 17:30:36.590
17841406083211195,18026795795443933,2025-04-28 10:03:43,IMAGE,FEED,15,2,364,276,0,1,18,2025-05-11 17:29:45.376
17841406083211195,18026795795443933,2025-04-28 10:03:43,IMAGE,FEED,15,2,368,280,0,1,18,2025-05-12 17:30:45.002
17841406083211195,18026795795443933,2025-04-28 10:03:43,IMAGE,FEED,15,2,372,283,0,1,18,2025-05-13 17:29:33.115
17841406083211195,18026795795443933,2025-04-28 10:03:43,IMAGE,FEED,15,2,373,283,0,1,18,2025-05-15 17:30:17.660
17841406083211195,18026795795443933,2025-04-28 10:03:43,IMAGE,FEED,15,2,374,283,0,1,18,2025-05-16 17:31:00.282
17841406083211195,18026795795443933,2025-04-28 10:03:43,IMAGE,FEED,15,2,375,284,0,1,18,2025-05-17 17:30:06.313
17841406083211195,18026795795443933,2025-04-28 10:03:43,IMAGE,FEED,15,2,377,285,0,1,18,2025-05-18 17:30:27.075
17841406083211195,18026795795443933,2025-04-28 10:03:43,IMAGE,FEED,15,2,378,285,0,1,18,2025-05-19 17:30:02.655
17841406083211195,18026795795443933,2025-04-28 10:03:43,IMAGE,FEED,15,2,380,285,0,1,18,2025-05-20 17:29:17.935
17841406083211195,18026795795443933,2025-04-28 10:03:43,IMAGE,FEED,15,2,381,285,0,1,18,2025-05-21 17:30:08.502
17841406083211195,18026795795443933,2025-04-28 10:03:43,IMAGE,FEED,15,2,382,285,0,1,18,2025-05-22 17:30:10.251
17841406083211195,18026795795443933,2025-04-28 10:03:43,IMAGE,FEED,15,2,384,287,0,1,18,2025-05-23 17:30:42.858
17841406083211195,18026795795443933,2025-04-28 10:03:43,IMAGE,FEED,15,2,388,290,0,1,18,2025-05-24 17:30:42.230
17841406083211195,18026795795443933,2025-04-28 10:03:43,IMAGE,FEED,15,2,390,292,0,1,18,2025-05-25 17:31:05.644
17841406083211195,18026795795443933,2025-04-28 10:03:43,IMAGE,FEED,15,2,391,292,0,1,18,2025-05-26 17:30:22.045
17841406083211195,18026795795443933,2025-04-28 10:03:43,IMAGE,FEED,15,2,394,295,0,1,18,2025-05-27 17:30:25.241
17841406083211195,18026795795443933,2025-04-28 10:03:43,IMAGE,FEED,15,2,396,295,0,1,18,2025-05-28 17:30:33.819
17841406083211195,18026795795443933,2025-04-28 10:03:43,IMAGE,FEED,15,2,397,295,0,1,18,2025-05-30 17:29:56.097
17841406083211195,18026795795443933,2025-04-28 10:03:43,IMAGE,FEED,15,2,399,298,0,1,18,2025-05-31 17:30:02.387
17841406083211195,18026795795443933,2025-04-28 10:03:43,IMAGE,FEED,15,2,400,298,0,1,18,2025-06-01 17:29:49.076
17841406083211195,18026795795443933,2025-04-28 10:03:43,IMAGE,FEED,15,2,403,300,0,1,18,2025-06-02 17:30:36.013
17841406083211195,18026795795443933,2025-04-28 10:03:43,IMAGE,FEED,15,2,404,301,0,1,18,2025-06-03 17:29:40.467
17841406083211195,18026795795443933,2025-04-28 10:03:43,IMAGE,FEED,15,2,408,305,0,1,18,2025-06-05 17:30:15.481
17841406083211195,18026795795443933,2025-04-28 10:03:43,IMAGE,FEED,15,2,429,321,0,1,18,2025-07-03 03:00:02.135
17841406083211195,18026795795443933,2025-04-28 10:03:43,IMAGE,FEED,15,2,432,322,0,1,18,2025-07-03 17:29:59.199
17841406083211195,18026795795443933,2025-04-28 10:03:43,IMAGE,FEED,15,2,436,324,0,1,18,2025-07-04 17:30:58.663
17841406083211195,18026795795443933,2025-04-28 10:03:43,IMAGE,FEED,15,2,440,324,0,1,18,2025-07-05 17:29:52.037
17841406083211195,18026795795443933,2025-04-28 10:03:43,IMAGE,FEED,15,2,441,326,0,1,18,2025-07-07 17:30:38.823
17841406083211195,18026795795443933,2025-04-28 10:03:43,IMAGE,FEED,15,2,442,327,0,1,18,2025-07-08 17:29:53.716
17841406083211195,18026795795443933,2025-04-28 10:03:43,IMAGE,FEED,15,2,444,328,0,1,18,2025-07-09 17:30:26.331
17841406083211195,18026795795443933,2025-04-28 10:03:43,IMAGE,FEED,15,2,447,328,0,1,18,2025-07-10 17:29:17.315
17841406083211195,18026795795443933,2025-04-28 10:03:43,IMAGE,FEED,15,2,448,329,0,1,18,2025-07-11 17:29:41.208
17841406083211195,18026795795443933,2025-04-28 10:03:43,IMAGE,FEED,15,2,451,330,0,1,18,2025-07-16 17:30:13.805
17841406083211195,18026795795443933,2025-04-28 10:03:43,IMAGE,FEED,15,2,455,331,0,1,18,2025-07-21 17:30:54.839
17841406083211195,18026795795443933,2025-04-28 10:03:43,IMAGE,FEED,15,2,458,333,0,1,18,2025-07-22 17:30:46.712
17841406083211195,18026795795443933,2025-04-28 10:03:43,IMAGE,FEED,15,2,459,334,0,1,18,2025-07-23 17:30:26.053
17841406083211195,18026795795443933,2025-04-28 10:03:43,IMAGE,FEED,15,2,463,335,0,1,18,2025-07-27 17:30:43.450
17841406083211195,18026795795443933,2025-04-28 10:03:43,IMAGE,FEED,15,2,464,335,0,1,18,2025-07-29 17:29:59.932
17841406083211195,18026795795443933,2025-04-28 10:03:43,IMAGE,FEED,15,2,469,337,0,1,18,2025-07-30 17:30:21.210
17841406083211195,18026795795443933,2025-04-28 10:03:43,IMAGE,FEED,15,2,470,338,0,1,18,2025-07-31 17:29:02.387
17841406083211195,18026795795443933,2025-04-28 10:03:43,IMAGE,FEED,15,2,477,338,0,1,18,2025-08-03 17:29:51.697
17841406083211195,18026795795443933,2025-04-28 10:03:43,IMAGE,FEED,15,2,478,338,0,1,18,2025-08-04 17:30:32.186
17841406083211195,18026795795443933,2025-04-28 10:03:43,IMAGE,FEED,15,2,479,340,0,1,18,2025-08-05 17:30:39.096
17841406083211195,18026795795443933,2025-04-28 10:03:43,IMAGE,FEED,15,2,481,341,0,1,18,2025-08-06 17:29:32.808
17841406083211195,18026795795443933,2025-04-28 10:03:43,IMAGE,FEED,15,2,483,341,0,1,18,2025-08-08 17:29:41.577
17841406083211195,18026795795443933,2025-04-28 10:03:43,IMAGE,FEED,15,2,494,341,0,1,18,2025-08-10 17:29:54.196
17841406083211195,18026795795443933,2025-04-28 10:03:43,IMAGE,FEED,15,2,496,342,0,1,18,2025-08-11 17:30:48.459
17841406083211195,18026795795443933,2025-04-28 10:03:43,IMAGE,FEED,15,2,501,342,0,1,18,2025-08-12 17:31:33.936
17841406083211195,18026795795443933,2025-04-28 10:03:43,IMAGE,FEED,15,2,504,342,0,1,18,2025-08-14 17:30:40.911
17841406083211195,18026795795443933,2025-04-28 10:03:43,IMAGE,FEED,15,2,510,343,0,1,18,2025-08-16 17:29:42.435
17841406083211195,18026795795443933,2025-04-28 10:03:43,IMAGE,FEED,15,2,511,343,0,1,18,2025-08-17 17:28:52.671
17841406083211195,18026795795443933,2025-04-28 10:03:43,IMAGE,FEED,15,2,520,344,0,1,18,2025-08-18 17:29:03.009
17841406083211195,18026795795443933,2025-04-28 10:03:43,IMAGE,FEED,15,2,525,346,0,1,18,2025-08-19 17:29:48.956
17841406083211195,18026795795443933,2025-04-28 10:03:43,IMAGE,FEED,15,2,526,346,0,1,18,2025-08-20 17:29:49.040
17841406083211195,18026795795443933,2025-04-28 10:03:43,IMAGE,FEED,15,2,535,348,0,1,18,2025-08-21 17:30:28.980
17841406083211195,18026795795443933,2025-04-28 10:03:43,IMAGE,FEED,15,2,536,348,0,1,18,2025-08-22 17:29:32.360
17841406083211195,18026795795443933,2025-04-28 10:03:43,IMAGE,FEED,15,2,537,348,0,1,18,2025-08-23 17:29:39.818
17841406083211195,18026795795443933,2025-04-28 10:03:43,IMAGE,FEED,15,2,539,348,0,1,18,2025-08-24 17:29:14.551
17841406083211195,18026795795443933,2025-04-28 10:03:43,IMAGE,FEED,15,2,567,348,0,1,18,2025-08-25 17:29:45.203
17841406083211195,18026795795443933,2025-04-28 10:03:43,IMAGE,FEED,15,2,577,348,0,1,18,2025-08-26 17:29:15.096
17841406083211195,18026795795443933,2025-04-28 10:03:43,IMAGE,FEED,15,2,581,348,0,1,18,2025-08-27 17:30:23.659
17841406083211195,18026795795443933,2025-04-28 10:03:43,IMAGE,FEED,15,2,584,348,0,1,18,2025-08-28 17:31:28.483
17841406083211195,18026795795443933,2025-04-28 10:03:43,IMAGE,FEED,15,2,585,348,0,1,18,2025-08-30 17:30:25.965
17841406083211195,18026795795443933,2025-04-28 10:03:43,IMAGE,FEED,15,2,594,348,0,1,18,2025-08-31 17:28:56.731
17841406083211195,18026795795443933,2025-04-28 10:03:43,IMAGE,FEED,15,2,691,354,1,1,19,2025-10-01 04:10:01.738
17841406083211195,18026795795443933,2025-04-28 10:03:43,IMAGE,FEED,15,2,694,354,1,1,19,2025-10-02 04:04:36.970
17841406083211195,18026795795443933,2025-04-28 10:03:43,IMAGE,FEED,15,2,695,354,1,1,19,2025-10-03 17:29:21.905
17841406083211195,18026795795443933,2025-04-28 10:03:43,IMAGE,FEED,15,2,696,354,1,1,19,2025-10-04 17:29:46.372
17841406083211195,18026795795443933,2025-04-28 10:03:43,IMAGE,FEED,15,2,699,354,1,1,19,2025-10-05 17:29:33.587
17841406083211195,18026795795443933,2025-04-28 10:03:43,IMAGE,FEED,15,2,699,355,1,1,19,2025-10-06 17:28:55.800
17841406083211195,18026795795443933,2025-04-28 10:03:43,IMAGE,FEED,15,2,701,355,1,1,19,2025-10-07 17:28:36.697
17841406083211195,18026795795443933,2025-04-28 10:03:43,IMAGE,FEED,15,2,702,355,1,1,19,2025-10-08 17:29:48.276
17841406083211195,18026795795443933,2025-04-28 10:03:43,IMAGE,FEED,15,2,710,355,1,1,19,2025-10-09 17:28:59.244
17841406083211195,18026795795443933,2025-04-28 10:03:43,IMAGE,FEED,15,2,713,355,1,1,19,2025-10-12 17:29:04.371
17841406083211195,18026795795443933,2025-04-28 10:03:43,IMAGE,FEED,15,2,719,355,1,1,19,2025-10-13 17:29:08.087
17841406083211195,18026795795443933,2025-04-28 10:03:43,IMAGE,FEED,15,2,720,355,1,1,19,2025-10-14 17:28:35.630
17841406083211195,18026795795443933,2025-04-28 10:03:43,IMAGE,FEED,15,2,721,355,1,1,19,2025-10-15 17:30:08.622
17841406083211195,18026795795443933,2025-04-28 10:03:43,IMAGE,FEED,15,2,724,356,1,1,19,2025-10-16 17:29:14.734
17841406083211195,18026795795443933,2025-04-28 10:03:43,IMAGE,FEED,15,2,729,357,1,1,19,2025-10-17 17:30:11.764
17841406083211195,18026795795443933,2025-04-28 10:03:43,IMAGE,FEED,15,2,730,357,1,1,19,2025-10-18 17:28:43.357
17841406083211195,18026795795443933,2025-04-28 10:03:43,IMAGE,FEED,15,2,732,357,1,1,19,2025-10-20 17:29:38.001
17841406083211195,18026795795443933,2025-04-28 10:03:43,IMAGE,FEED,15,2,733,357,1,1,19,2025-10-21 17:28:55.522
17841406083211195,18026795795443933,2025-04-28 10:03:43,IMAGE,FEED,15,2,737,357,1,1,19,2025-10-22 17:29:11.372
17841406083211195,18026795795443933,2025-04-28 10:03:43,IMAGE,FEED,15,2,739,357,1,1,19,2025-10-23 17:28:45.963
17841406083211195,18026795795443933,2025-04-28 10:03:43,IMAGE,FEED,15,2,745,357,1,1,19,2025-10-26 17:30:37.452
17841406083211195,18026795795443933,2025-04-28 10:03:43,IMAGE,FEED,15,2,749,357,1,1,19,2025-10-27 17:29:04.342
17841406083211195,18026795795443933,2025-04-28 10:03:43,IMAGE,FEED,15,2,767,357,1,1,19,2025-10-28 17:30:01.152
17841406083211195,18026795795443933,2025-04-28 10:03:43,IMAGE,FEED,15,2,769,357,1,1,19,2025-10-29 17:29:48.669
17841406083211195,18026795795443933,2025-04-28 10:03:43,IMAGE,FEED,15,2,772,357,1,1,19,2025-10-31 17:29:18.968
17841406083211195,18026795795443933,2025-04-28 10:03:43,IMAGE,FEED,15,2,773,357,1,1,19,2025-11-02 17:29:16.144
17841406083211195,18026795795443933,2025-04-28 10:03:43,IMAGE,FEED,15,2,774,357,1,1,19,2025-11-03 17:29:06.663
17841406083211195,18026795795443933,2025-04-28 10:03:43,IMAGE,FEED,15,2,777,357,1,1,19,2025-11-04 17:28:36.314
17841406083211195,18026795795443933,2025-04-28 10:03:43,IMAGE,FEED,15,2,782,357,1,1,19,2025-11-06 17:29:01.629
17841406083211195,18026795795443933,2025-04-28 10:03:43,IMAGE,FEED,15,2,786,357,1,1,19,2025-11-07 17:29:19.577
17841406083211195,18026795795443933,2025-04-28 10:03:43,IMAGE,FEED,15,2,792,357,1,1,19,2025-11-09 17:28:56.334
17841406083211195,18026795795443933,2025-04-28 10:03:43,IMAGE,FEED,15,2,796,357,1,1,19,2025-11-10 17:29:23.632
17841406083211195,18026795795443933,2025-04-28 10:03:43,IMAGE,FEED,15,2,797,357,1,1,19,2025-11-11 17:29:14.648
17841406083211195,18026795795443933,2025-04-28 10:03:43,IMAGE,FEED,15,2,799,357,1,1,19,2025-11-12 17:29:12.204
17841406083211195,18026795795443933,2025-04-28 10:03:43,IMAGE,FEED,15,2,801,357,1,1,19,2025-11-13 17:29:47.727
17841406083211195,18026795795443933,2025-04-28 10:03:43,IMAGE,FEED,15,2,804,357,1,1,19,2025-11-14 17:29:17.971
17841406083211195,18026795795443933,2025-04-28 10:03:43,IMAGE,FEED,15,2,806,357,1,1,19,2025-11-16 17:30:03.476
17841406083211195,18026795795443933,2025-04-28 10:03:43,IMAGE,FEED,15,2,811,357,1,1,19,2025-11-17 17:29:22.817
17841406083211195,18026795795443933,2025-04-28 10:03:43,IMAGE,FEED,15,2,814,357,1,1,19,2025-11-18 17:29:13.847
17841406083211195,18026795795443933,2025-04-28 10:03:43,IMAGE,FEED,15,2,815,357,1,1,19,2025-11-19 17:34:55.378
17841406083211195,18026795795443933,2025-04-28 10:03:43,IMAGE,FEED,15,2,816,357,1,1,19,2025-11-21 17:35:17.484
17841406083211195,18026795795443933,2025-04-28 10:03:43,IMAGE,FEED,15,2,817,357,1,1,19,2025-11-24 17:36:00.675
17841406083211195,18026795795443933,2025-04-28 10:03:43,IMAGE,FEED,15,2,819,357,1,1,19,2025-11-30 17:33:23.488
17841406083211195,18026795795443933,2025-04-28 10:03:43,IMAGE,FEED,15,2,821,357,1,1,19,2025-12-01 17:33:33.575
17841406083211195,18026795795443933,2025-04-28 10:03:43,IMAGE,FEED,15,2,823,359,1,1,19,2025-12-02 17:34:52.693
17841406083211195,18026795795443933,2025-04-28 10:03:43,IMAGE,FEED,15,2,824,359,1,1,19,2025-12-03 17:36:09.382
17841406083211195,18026795795443933,2025-04-28 10:03:43,IMAGE,FEED,15,2,828,359,1,1,19,2025-12-05 17:34:22.766
17841406083211195,18026795795443933,2025-04-28 10:03:43,IMAGE,FEED,15,2,830,360,1,1,19,2025-12-07 17:33:15.191
17841406083211195,18026795795443933,2025-04-28 10:03:43,IMAGE,FEED,15,2,831,360,1,1,19,2025-12-09 17:35:08.316
17841406083211195,18026795795443933,2025-04-28 10:03:43,IMAGE,FEED,15,2,833,360,1,1,19,2025-12-11 17:33:27.314
17841406083211195,18026795795443933,2025-04-28 10:03:43,IMAGE,FEED,15,2,842,361,1,1,19,2025-12-12 17:35:06.519
17841406083211195,18026795795443933,2025-04-28 10:03:43,IMAGE,FEED,15,2,844,361,1,1,19,2025-12-17 17:29:13.834
17841406083211195,18026795795443933,2025-04-28 10:03:43,IMAGE,FEED,15,2,846,361,1,1,19,2025-12-21 17:30:09.415
17841406083211195,18026795795443933,2025-04-28 10:03:43,IMAGE,FEED,15,2,847,361,1,1,19,2025-12-22 17:28:52.799
17841406083211195,18026795795443933,2025-04-28 10:03:43,IMAGE,FEED,15,2,848,361,1,1,19,2025-12-24 17:29:21.583
17841406083211195,18026795795443933,2025-04-28 10:03:43,IMAGE,FEED,15,2,850,361,1,1,19,2025-12-25 17:29:40.544
17841406083211195,18027801068617498,2025-01-06 10:07:14,IMAGE,FEED,11,0,277,200,0,0,11,2025-04-17 17:31:54.526
17841406083211195,18027801068617498,2025-01-06 10:07:14,IMAGE,FEED,11,0,277,200,0,0,11,2025-04-18 19:14:48.868
17841406083211195,18027801068617498,2025-01-06 10:07:14,IMAGE,FEED,11,0,279,201,0,0,11,2025-04-20 21:57:35.081
17841406083211195,18027801068617498,2025-01-06 10:07:14,IMAGE,FEED,11,0,280,202,0,0,11,2025-04-22 17:29:19.243
17841406083211195,18027801068617498,2025-01-06 10:07:14,IMAGE,FEED,11,0,281,203,0,0,11,2025-05-05 17:29:58.457
17841406083211195,18027801068617498,2025-01-06 10:07:14,IMAGE,FEED,11,0,282,204,0,0,11,2025-05-16 17:31:02.557
17841406083211195,18027801068617498,2025-01-06 10:07:14,IMAGE,FEED,11,0,283,205,0,0,11,2025-05-21 17:30:13.200
17841406083211195,18027801068617498,2025-01-06 10:07:14,IMAGE,FEED,11,0,284,205,0,0,11,2025-06-05 17:30:24.258
17841406083211195,18027801068617498,2025-01-06 10:07:14,IMAGE,FEED,11,0,285,206,0,0,11,2025-07-15 17:30:02.656
17841406083211195,18027801068617498,2025-01-06 10:07:14,IMAGE,FEED,11,0,286,206,0,0,11,2025-07-28 17:29:25.063
17841406083211195,18027801068617498,2025-01-06 10:07:14,IMAGE,FEED,11,0,287,206,0,0,11,2025-07-31 17:29:05.328
17841406083211195,18027801068617498,2025-01-06 10:07:14,IMAGE,FEED,11,0,288,206,0,0,11,2025-08-03 17:30:00.325
17841406083211195,18027801068617498,2025-01-06 10:07:14,IMAGE,FEED,11,0,289,206,0,0,11,2025-08-06 17:29:35.471
17841406083211195,18027801068617498,2025-01-06 10:07:14,IMAGE,FEED,11,0,290,206,0,0,11,2025-08-08 17:29:44.670
17841406083211195,18027801068617498,2025-01-06 10:07:14,IMAGE,FEED,11,0,298,207,0,0,11,2025-08-10 17:29:57.887
17841406083211195,18027801068617498,2025-01-06 10:07:14,IMAGE,FEED,11,0,299,208,0,0,11,2025-08-11 17:30:52.895
17841406083211195,18027801068617498,2025-01-06 10:07:14,IMAGE,FEED,11,0,301,208,0,0,11,2025-08-17 17:28:55.754
17841406083211195,18027801068617498,2025-01-06 10:07:14,IMAGE,FEED,11,0,307,208,0,0,11,2025-08-18 17:29:09.072
17841406083211195,18027801068617498,2025-01-06 10:07:14,IMAGE,FEED,11,0,310,208,0,0,11,2025-08-20 17:29:54.703
17841406083211195,18027801068617498,2025-01-06 10:07:14,IMAGE,FEED,11,0,311,208,0,0,11,2025-08-21 17:30:35.452
17841406083211195,18027801068617498,2025-01-06 10:07:14,IMAGE,FEED,11,0,312,208,0,0,11,2025-08-22 17:29:39.569
17841406083211195,18027801068617498,2025-01-06 10:07:14,IMAGE,FEED,11,0,313,208,0,0,11,2025-08-23 17:29:46.429
17841406083211195,18027801068617498,2025-01-06 10:07:14,IMAGE,FEED,11,0,315,208,0,0,11,2025-08-24 17:29:21.892
17841406083211195,18027801068617498,2025-01-06 10:07:14,IMAGE,FEED,11,0,321,208,0,0,11,2025-08-25 17:29:53.214
17841406083211195,18027801068617498,2025-01-06 10:07:14,IMAGE,FEED,11,0,326,209,0,0,11,2025-08-26 17:29:23.366
17841406083211195,18027801068617498,2025-01-06 10:07:14,IMAGE,FEED,11,0,329,209,0,0,11,2025-08-28 17:31:46.024
17841406083211195,18027801068617498,2025-01-06 10:07:14,IMAGE,FEED,11,0,330,209,0,0,11,2025-08-30 17:30:35.881
17841406083211195,18027801068617498,2025-01-06 10:07:14,IMAGE,FEED,11,0,331,209,0,0,11,2025-08-31 17:29:08.153
17841406083211195,18027801068617498,2025-01-06 10:07:14,IMAGE,FEED,11,0,369,210,0,0,11,2025-10-02 04:04:44.832
17841406083211195,18027801068617498,2025-01-06 10:07:14,IMAGE,FEED,11,0,370,210,0,0,11,2025-10-02 17:29:48.095
17841406083211195,18027801068617498,2025-01-06 10:07:14,IMAGE,FEED,11,0,371,210,0,0,11,2025-10-08 17:29:57.262
17841406083211195,18027801068617498,2025-01-06 10:07:14,IMAGE,FEED,11,0,377,210,0,0,11,2025-10-09 17:29:08.615
17841406083211195,18027801068617498,2025-01-06 10:07:14,IMAGE,FEED,11,0,378,210,0,0,11,2025-10-12 17:29:06.950
17841406083211195,18027801068617498,2025-01-06 10:07:14,IMAGE,FEED,11,0,385,210,0,0,11,2025-10-14 17:28:37.711
17841406083211195,18027801068617498,2025-01-06 10:07:14,IMAGE,FEED,11,0,386,210,0,0,11,2025-10-15 17:30:10.588
17841406083211195,18027801068617498,2025-01-06 10:07:14,IMAGE,FEED,11,0,387,210,0,0,11,2025-10-16 17:29:16.651
17841406083211195,18027801068617498,2025-01-06 10:07:14,IMAGE,FEED,11,0,390,211,0,0,11,2025-10-18 17:28:45.303
17841406083211195,18027801068617498,2025-01-06 10:07:14,IMAGE,FEED,11,0,391,211,0,0,11,2025-10-20 17:29:42.604
17841406083211195,18027801068617498,2025-01-06 10:07:14,IMAGE,FEED,11,0,392,211,0,0,11,2025-10-21 17:28:58.691
17841406083211195,18027801068617498,2025-01-06 10:07:14,IMAGE,FEED,11,0,393,211,0,0,11,2025-10-22 17:29:13.605
17841406083211195,18027801068617498,2025-01-06 10:07:14,IMAGE,FEED,11,0,395,211,0,0,11,2025-10-27 17:29:08.599
17841406083211195,18027801068617498,2025-01-06 10:07:14,IMAGE,FEED,11,0,429,211,0,0,11,2025-10-28 17:30:05.410
17841406083211195,18027801068617498,2025-01-06 10:07:14,IMAGE,FEED,11,0,430,211,0,0,11,2025-10-29 17:29:55.116
17841406083211195,18027801068617498,2025-01-06 10:07:14,IMAGE,FEED,11,0,432,211,0,0,11,2025-10-31 17:29:25.713
17841406083211195,18027801068617498,2025-01-06 10:07:14,IMAGE,FEED,11,0,433,211,0,0,11,2025-11-02 17:29:29.171
17841406083211195,18027801068617498,2025-01-06 10:07:14,IMAGE,FEED,11,0,435,211,0,0,11,2025-11-03 17:29:12.902
17841406083211195,18027801068617498,2025-01-06 10:07:14,IMAGE,FEED,11,0,436,211,0,0,11,2025-11-04 17:28:42.947
17841406083211195,18027801068617498,2025-01-06 10:07:14,IMAGE,FEED,11,0,438,211,0,0,11,2025-11-06 17:29:06.864
17841406083211195,18027801068617498,2025-01-06 10:07:14,IMAGE,FEED,11,0,439,211,0,0,11,2025-11-09 17:29:04.272
17841406083211195,18027801068617498,2025-01-06 10:07:14,IMAGE,FEED,11,0,442,211,0,0,11,2025-11-10 17:29:31.997
17841406083211195,18027801068617498,2025-01-06 10:07:14,IMAGE,FEED,11,0,443,211,0,0,11,2025-11-11 17:29:22.336
17841406083211195,18027801068617498,2025-01-06 10:07:14,IMAGE,FEED,11,0,445,211,0,0,11,2025-11-12 17:29:20.870
17841406083211195,18027801068617498,2025-01-06 10:07:14,IMAGE,FEED,11,0,449,211,0,0,11,2025-11-13 17:30:02.192
17841406083211195,18027801068617498,2025-01-06 10:07:14,IMAGE,FEED,11,0,450,211,0,0,11,2025-11-14 17:29:26.539
17841406083211195,18027801068617498,2025-01-06 10:07:14,IMAGE,FEED,11,0,451,211,0,0,11,2025-11-16 17:30:13.500
17841406083211195,18027801068617498,2025-01-06 10:07:14,IMAGE,FEED,11,0,455,211,0,0,11,2025-11-21 17:34:52.824
17841406083211195,18027801068617498,2025-01-06 10:07:14,IMAGE,FEED,11,0,457,211,0,0,11,2025-11-25 17:33:52.978
17841406083211195,18027801068617498,2025-01-06 10:07:14,IMAGE,FEED,11,0,458,211,0,0,11,2025-11-26 17:36:02.327
17841406083211195,18027801068617498,2025-01-06 10:07:14,IMAGE,FEED,11,0,459,211,0,0,11,2025-12-03 17:35:49.232
17841406083211195,18027801068617498,2025-01-06 10:07:14,IMAGE,FEED,11,0,460,211,0,0,11,2025-12-05 17:34:03.815
17841406083211195,18027801068617498,2025-01-06 10:07:14,IMAGE,FEED,11,0,461,211,0,0,11,2025-12-08 17:32:36.774
17841406083211195,18027801068617498,2025-01-06 10:07:14,IMAGE,FEED,11,0,462,211,0,0,11,2025-12-09 17:34:43.089
17841406083211195,18027801068617498,2025-01-06 10:07:14,IMAGE,FEED,11,0,464,211,0,0,11,2025-12-11 17:33:08.739
17841406083211195,18027801068617498,2025-01-06 10:07:14,IMAGE,FEED,11,0,465,211,0,0,11,2025-12-12 17:34:34.580
17841406083211195,18027801068617498,2025-01-06 10:07:14,IMAGE,FEED,11,0,466,211,0,0,11,2025-12-17 17:29:18.234
17841406083211195,18027801068617498,2025-01-06 10:07:14,IMAGE,FEED,11,0,467,212,0,0,11,2025-12-24 17:29:27.241
17841406083211195,18027801068617498,2025-01-06 10:07:14,IMAGE,FEED,11,0,469,212,0,0,11,2025-12-25 17:29:48.438
17841406083211195,18028828769535124,2025-01-13 10:05:42,IMAGE,FEED,11,0,287,196,2,0,13,2025-04-17 17:31:54.531
17841406083211195,18028828769535124,2025-01-13 10:05:42,IMAGE,FEED,11,0,287,196,2,0,13,2025-04-18 19:14:48.869
17841406083211195,18028828769535124,2025-01-13 10:05:42,IMAGE,FEED,11,0,289,197,2,0,13,2025-04-20 21:57:35.083
17841406083211195,18028828769535124,2025-01-13 10:05:42,IMAGE,FEED,11,0,290,198,2,0,13,2025-04-22 17:29:19.245
17841406083211195,18028828769535124,2025-01-13 10:05:42,IMAGE,FEED,11,0,291,199,2,0,13,2025-04-27 17:31:06.422
17841406083211195,18028828769535124,2025-01-13 10:05:42,IMAGE,FEED,11,0,295,200,2,0,13,2025-04-28 17:30:03.695
17841406083211195,18028828769535124,2025-01-13 10:05:42,IMAGE,FEED,11,0,296,200,2,0,13,2025-05-02 17:29:32.783
17841406083211195,18028828769535124,2025-01-13 10:05:42,IMAGE,FEED,11,0,297,201,2,0,13,2025-05-05 17:29:58.459
17841406083211195,18028828769535124,2025-01-13 10:05:42,IMAGE,FEED,11,0,298,202,2,0,13,2025-05-22 17:30:13.447
17841406083211195,18028828769535124,2025-01-13 10:05:42,IMAGE,FEED,11,0,299,203,2,0,13,2025-05-25 17:31:08.741
17841406083211195,18028828769535124,2025-01-13 10:05:42,IMAGE,FEED,11,0,300,204,2,0,13,2025-06-04 17:30:08.098
17841406083211195,18028828769535124,2025-01-13 10:05:42,IMAGE,FEED,11,0,301,205,2,0,13,2025-06-05 17:30:24.264
17841406083211195,18028828769535124,2025-01-13 10:05:42,IMAGE,FEED,11,0,305,208,2,0,13,2025-07-03 03:00:13.388
17841406083211195,18028828769535124,2025-01-13 10:05:42,IMAGE,FEED,11,0,306,208,2,0,13,2025-07-04 17:31:10.856
17841406083211195,18028828769535124,2025-01-13 10:05:42,IMAGE,FEED,11,0,307,208,2,0,13,2025-07-08 17:30:06.164
17841406083211195,18028828769535124,2025-01-13 10:05:42,IMAGE,FEED,11,0,308,209,2,0,13,2025-07-15 17:30:02.657
17841406083211195,18028828769535124,2025-01-13 10:05:42,IMAGE,FEED,11,0,309,209,2,0,13,2025-07-16 17:30:16.837
17841406083211195,18028828769535124,2025-01-13 10:05:42,IMAGE,FEED,11,0,310,209,2,0,13,2025-07-28 17:29:25.066
17841406083211195,18028828769535124,2025-01-13 10:05:42,IMAGE,FEED,11,0,311,209,2,0,13,2025-07-31 17:29:05.331
17841406083211195,18028828769535124,2025-01-13 10:05:42,IMAGE,FEED,11,0,312,209,2,0,13,2025-08-03 17:30:00.327
17841406083211195,18028828769535124,2025-01-13 10:05:42,IMAGE,FEED,11,0,314,210,2,0,13,2025-08-06 17:29:35.475
17841406083211195,18028828769535124,2025-01-13 10:05:42,IMAGE,FEED,11,0,315,210,2,0,13,2025-08-08 17:29:44.673
17841406083211195,18028828769535124,2025-01-13 10:05:42,IMAGE,FEED,11,0,322,211,2,0,13,2025-08-11 17:30:52.898
17841406083211195,18028828769535124,2025-01-13 10:05:42,IMAGE,FEED,11,0,324,211,2,0,13,2025-08-14 17:30:47.868
17841406083211195,18028828769535124,2025-01-13 10:05:42,IMAGE,FEED,11,0,325,211,2,0,13,2025-08-17 17:28:55.756
17841406083211195,18028828769535124,2025-01-13 10:05:42,IMAGE,FEED,11,0,334,211,2,0,13,2025-08-18 17:29:09.074
17841406083211195,18028828769535124,2025-01-13 10:05:42,IMAGE,FEED,11,0,337,211,2,0,13,2025-08-20 17:29:54.707
17841406083211195,18028828769535124,2025-01-13 10:05:42,IMAGE,FEED,11,0,338,211,2,0,13,2025-08-21 17:30:35.458
17841406083211195,18028828769535124,2025-01-13 10:05:42,IMAGE,FEED,11,0,340,211,2,0,13,2025-08-22 17:29:39.573
17841406083211195,18028828769535124,2025-01-13 10:05:42,IMAGE,FEED,11,0,341,211,2,0,13,2025-08-23 17:29:46.433
17841406083211195,18028828769535124,2025-01-13 10:05:42,IMAGE,FEED,11,0,343,211,2,0,13,2025-08-24 17:29:21.896
17841406083211195,18028828769535124,2025-01-13 10:05:42,IMAGE,FEED,11,0,352,211,2,0,13,2025-08-25 17:29:53.217
17841406083211195,18028828769535124,2025-01-13 10:05:42,IMAGE,FEED,11,0,356,211,2,0,13,2025-08-26 17:29:23.370
17841406083211195,18028828769535124,2025-01-13 10:05:42,IMAGE,FEED,11,0,358,211,2,0,13,2025-08-28 17:31:46.027
17841406083211195,18028828769535124,2025-01-13 10:05:42,IMAGE,FEED,11,0,359,211,2,0,13,2025-08-30 17:30:35.884
17841406083211195,18028828769535124,2025-01-13 10:05:42,IMAGE,FEED,11,0,360,211,2,0,13,2025-08-31 17:29:08.158
17841406083211195,18028828769535124,2025-01-13 10:05:42,IMAGE,FEED,11,0,406,212,2,0,13,2025-10-02 04:04:44.833
17841406083211195,18028828769535124,2025-01-13 10:05:42,IMAGE,FEED,11,0,407,212,2,0,13,2025-10-02 17:29:48.097
17841406083211195,18028828769535124,2025-01-13 10:05:42,IMAGE,FEED,11,0,409,212,2,0,13,2025-10-04 17:29:55.316
17841406083211195,18028828769535124,2025-01-13 10:05:42,IMAGE,FEED,11,0,410,212,2,0,13,2025-10-08 17:29:57.265
17841406083211195,18028828769535124,2025-01-13 10:05:42,IMAGE,FEED,11,0,418,212,2,0,13,2025-10-09 17:29:08.617
17841406083211195,18028828769535124,2025-01-13 10:05:42,IMAGE,FEED,11,0,419,212,2,0,13,2025-10-12 17:29:06.952
17841406083211195,18028828769535124,2025-01-13 10:05:42,IMAGE,FEED,11,0,428,212,2,0,13,2025-10-14 17:28:37.712
17841406083211195,18028828769535124,2025-01-13 10:05:42,IMAGE,FEED,11,0,429,212,2,0,13,2025-10-15 17:30:10.589
17841406083211195,18028828769535124,2025-01-13 10:05:42,IMAGE,FEED,11,0,430,212,2,0,13,2025-10-16 17:29:16.652
17841406083211195,18028828769535124,2025-01-13 10:05:42,IMAGE,FEED,11,0,433,213,2,0,13,2025-10-17 17:30:13.410
17841406083211195,18028828769535124,2025-01-13 10:05:42,IMAGE,FEED,11,0,437,213,2,0,13,2025-10-18 17:28:45.305
17841406083211195,18028828769535124,2025-01-13 10:05:42,IMAGE,FEED,11,0,438,213,2,0,13,2025-10-20 17:29:42.606
17841406083211195,18028828769535124,2025-01-13 10:05:42,IMAGE,FEED,11,0,439,213,2,0,13,2025-10-21 17:28:58.693
17841406083211195,18028828769535124,2025-01-13 10:05:42,IMAGE,FEED,11,0,440,213,2,0,13,2025-10-22 17:29:13.608
17841406083211195,18028828769535124,2025-01-13 10:05:42,IMAGE,FEED,11,0,442,213,2,0,13,2025-10-27 17:29:08.603
17841406083211195,18028828769535124,2025-01-13 10:05:42,IMAGE,FEED,11,0,488,213,2,0,13,2025-10-28 17:30:05.411
17841406083211195,18028828769535124,2025-01-13 10:05:42,IMAGE,FEED,11,0,489,213,2,0,13,2025-10-29 17:29:55.118
17841406083211195,18028828769535124,2025-01-13 10:05:42,IMAGE,FEED,11,0,492,213,2,0,13,2025-11-02 17:29:29.175
17841406083211195,18028828769535124,2025-01-13 10:05:42,IMAGE,FEED,11,0,494,213,2,0,13,2025-11-03 17:29:12.905
17841406083211195,18028828769535124,2025-01-13 10:05:42,IMAGE,FEED,11,0,496,213,2,0,13,2025-11-04 17:28:42.949
17841406083211195,18028828769535124,2025-01-13 10:05:42,IMAGE,FEED,11,0,498,213,2,0,13,2025-11-09 17:29:04.277
17841406083211195,18028828769535124,2025-01-13 10:05:42,IMAGE,FEED,11,0,501,213,2,0,13,2025-11-10 17:29:32.001
17841406083211195,18028828769535124,2025-01-13 10:05:42,IMAGE,FEED,11,0,502,213,2,0,13,2025-11-11 17:29:22.338
17841406083211195,18028828769535124,2025-01-13 10:05:42,IMAGE,FEED,11,0,504,213,2,0,13,2025-11-12 17:29:20.874
17841406083211195,18028828769535124,2025-01-13 10:05:42,IMAGE,FEED,11,0,507,213,2,0,13,2025-11-13 17:30:02.203
17841406083211195,18028828769535124,2025-01-13 10:05:42,IMAGE,FEED,11,0,508,213,2,0,13,2025-11-14 17:29:25.552
17841406083211195,18028828769535124,2025-01-13 10:05:42,IMAGE,FEED,11,0,511,213,2,0,13,2025-11-16 17:30:12.336
17841406083211195,18028828769535124,2025-01-13 10:05:42,IMAGE,FEED,11,0,515,213,2,0,13,2025-11-21 17:34:52.829
17841406083211195,18028828769535124,2025-01-13 10:05:42,IMAGE,FEED,11,0,516,213,2,0,13,2025-11-25 17:33:52.980
17841406083211195,18028828769535124,2025-01-13 10:05:42,IMAGE,FEED,11,0,517,213,2,0,13,2025-11-26 17:36:02.331
17841406083211195,18028828769535124,2025-01-13 10:05:42,IMAGE,FEED,11,0,518,213,2,0,13,2025-12-03 17:35:49.237
17841406083211195,18028828769535124,2025-01-13 10:05:42,IMAGE,FEED,11,0,519,213,2,0,13,2025-12-05 17:34:03.819
17841406083211195,18028828769535124,2025-01-13 10:05:42,IMAGE,FEED,11,0,520,213,2,0,13,2025-12-08 17:32:36.778
17841406083211195,18028828769535124,2025-01-13 10:05:42,IMAGE,FEED,11,0,521,213,2,0,13,2025-12-12 17:34:34.583
17841406083211195,18028828769535124,2025-01-13 10:05:42,IMAGE,FEED,11,0,522,213,2,0,13,2025-12-15 06:33:28.468
17841406083211195,18028828769535124,2025-01-13 10:05:42,IMAGE,FEED,11,0,523,213,2,0,13,2025-12-24 17:29:27.243
17841406083211195,18028828769535124,2025-01-13 10:05:42,IMAGE,FEED,11,0,528,213,2,0,13,2025-12-25 17:29:48.439
17841406083211195,18029095007556076,2025-02-05 10:36:45,IMAGE,FEED,9,0,0,186,0,0,9,2025-11-13 17:30:02.213
17841406083211195,18029095007556076,2025-02-05 10:36:45,IMAGE,FEED,9,0,227,159,0,0,9,2025-04-17 17:31:52.838
17841406083211195,18029095007556076,2025-02-05 10:36:45,IMAGE,FEED,9,0,228,160,0,0,9,2025-04-18 19:14:47.761
17841406083211195,18029095007556076,2025-02-05 10:36:45,IMAGE,FEED,9,0,231,161,0,0,9,2025-04-22 17:29:17.030
17841406083211195,18029095007556076,2025-02-05 10:36:45,IMAGE,FEED,9,0,232,162,0,0,9,2025-04-25 17:30:04.383
17841406083211195,18029095007556076,2025-02-05 10:36:45,IMAGE,FEED,9,0,233,163,0,0,9,2025-04-27 17:31:03.896
17841406083211195,18029095007556076,2025-02-05 10:36:45,IMAGE,FEED,9,0,234,164,0,0,9,2025-04-30 17:30:59.242
17841406083211195,18029095007556076,2025-02-05 10:36:45,IMAGE,FEED,9,0,235,165,0,0,9,2025-05-08 17:30:01.772
17841406083211195,18029095007556076,2025-02-05 10:36:45,IMAGE,FEED,9,0,237,167,0,0,9,2025-05-18 17:30:29.434
17841406083211195,18029095007556076,2025-02-05 10:36:45,IMAGE,FEED,9,0,238,168,0,0,9,2025-05-20 17:29:20.322
17841406083211195,18029095007556076,2025-02-05 10:36:45,IMAGE,FEED,9,0,239,169,0,0,9,2025-05-24 17:30:46.343
17841406083211195,18029095007556076,2025-02-05 10:36:45,IMAGE,FEED,9,0,240,170,0,0,9,2025-05-25 17:31:08.747
17841406083211195,18029095007556076,2025-02-05 10:36:45,IMAGE,FEED,9,0,241,171,0,0,9,2025-06-03 17:29:46.460
17841406083211195,18029095007556076,2025-02-05 10:36:45,IMAGE,FEED,9,0,242,172,0,0,9,2025-06-05 17:30:24.273
17841406083211195,18029095007556076,2025-02-05 10:36:45,IMAGE,FEED,9,0,253,177,0,0,9,2025-07-03 17:30:08.005
17841406083211195,18029095007556076,2025-02-05 10:36:45,IMAGE,FEED,9,0,257,177,0,0,9,2025-07-15 17:30:00.598
17841406083211195,18029095007556076,2025-02-05 10:36:45,IMAGE,FEED,9,0,258,177,0,0,9,2025-07-16 17:30:13.821
17841406083211195,18029095007556076,2025-02-05 10:36:45,IMAGE,FEED,9,0,259,177,0,0,9,2025-07-18 17:29:56.781
17841406083211195,18029095007556076,2025-02-05 10:36:45,IMAGE,FEED,9,0,260,177,0,0,9,2025-07-21 17:30:54.861
17841406083211195,18029095007556076,2025-02-05 10:36:45,IMAGE,FEED,9,0,261,177,0,0,9,2025-07-26 17:30:16.464
17841406083211195,18029095007556076,2025-02-05 10:36:45,IMAGE,FEED,9,0,262,178,0,0,9,2025-07-28 17:29:25.069
17841406083211195,18029095007556076,2025-02-05 10:36:45,IMAGE,FEED,9,0,263,179,0,0,9,2025-07-29 17:30:07.344
17841406083211195,18029095007556076,2025-02-05 10:36:45,IMAGE,FEED,9,0,264,180,0,0,9,2025-07-31 17:29:05.337
17841406083211195,18029095007556076,2025-02-05 10:36:45,IMAGE,FEED,9,0,268,181,0,0,9,2025-08-03 17:30:00.331
17841406083211195,18029095007556076,2025-02-05 10:36:45,IMAGE,FEED,9,0,270,182,0,0,9,2025-08-04 17:30:35.466
17841406083211195,18029095007556076,2025-02-05 10:36:45,IMAGE,FEED,9,0,271,183,0,0,9,2025-08-06 17:29:35.480
17841406083211195,18029095007556076,2025-02-05 10:36:45,IMAGE,FEED,9,0,272,183,0,0,9,2025-08-08 17:29:44.678
17841406083211195,18029095007556076,2025-02-05 10:36:45,IMAGE,FEED,9,0,277,183,0,0,9,2025-08-11 17:30:52.904
17841406083211195,18029095007556076,2025-02-05 10:36:45,IMAGE,FEED,9,0,279,183,0,0,9,2025-08-14 17:30:47.873
17841406083211195,18029095007556076,2025-02-05 10:36:45,IMAGE,FEED,9,0,280,183,0,0,9,2025-08-17 17:28:55.758
17841406083211195,18029095007556076,2025-02-05 10:36:45,IMAGE,FEED,9,0,286,183,0,0,9,2025-08-18 17:29:09.077
17841406083211195,18029095007556076,2025-02-05 10:36:45,IMAGE,FEED,9,0,288,183,0,0,9,2025-08-20 17:29:54.713
17841406083211195,18029095007556076,2025-02-05 10:36:45,IMAGE,FEED,9,0,290,183,0,0,9,2025-08-21 17:30:35.466
17841406083211195,18029095007556076,2025-02-05 10:36:45,IMAGE,FEED,9,0,291,183,0,0,9,2025-08-22 17:29:39.578
17841406083211195,18029095007556076,2025-02-05 10:36:45,IMAGE,FEED,9,0,292,183,0,0,9,2025-08-23 17:29:46.439
17841406083211195,18029095007556076,2025-02-05 10:36:45,IMAGE,FEED,9,0,294,183,0,0,9,2025-08-24 17:29:21.901
17841406083211195,18029095007556076,2025-02-05 10:36:45,IMAGE,FEED,9,0,302,183,0,0,9,2025-08-25 17:29:53.220
17841406083211195,18029095007556076,2025-02-05 10:36:45,IMAGE,FEED,9,0,308,183,0,0,9,2025-08-26 17:29:23.376
17841406083211195,18029095007556076,2025-02-05 10:36:45,IMAGE,FEED,9,0,314,183,0,0,9,2025-08-27 17:30:31.275
17841406083211195,18029095007556076,2025-02-05 10:36:45,IMAGE,FEED,9,0,315,183,0,0,9,2025-08-28 17:31:46.034
17841406083211195,18029095007556076,2025-02-05 10:36:45,IMAGE,FEED,9,0,316,183,0,0,9,2025-08-30 17:30:35.888
17841406083211195,18029095007556076,2025-02-05 10:36:45,IMAGE,FEED,9,0,318,183,0,0,9,2025-08-31 17:29:08.166
17841406083211195,18029095007556076,2025-02-05 10:36:45,IMAGE,FEED,9,0,361,185,0,0,9,2025-10-02 04:04:43.625
17841406083211195,18029095007556076,2025-02-05 10:36:45,IMAGE,FEED,9,0,362,185,0,0,9,2025-10-02 17:29:46.323
17841406083211195,18029095007556076,2025-02-05 10:36:45,IMAGE,FEED,9,0,364,185,0,0,9,2025-10-04 17:29:53.402
17841406083211195,18029095007556076,2025-02-05 10:36:45,IMAGE,FEED,9,0,367,185,0,0,9,2025-10-06 17:29:02.574
17841406083211195,18029095007556076,2025-02-05 10:36:45,IMAGE,FEED,9,0,368,185,0,0,9,2025-10-08 17:29:55.673
17841406083211195,18029095007556076,2025-02-05 10:36:45,IMAGE,FEED,9,0,374,185,0,0,9,2025-10-09 17:29:07.197
17841406083211195,18029095007556076,2025-02-05 10:36:45,IMAGE,FEED,9,0,375,185,0,0,9,2025-10-12 17:29:04.391
17841406083211195,18029095007556076,2025-02-05 10:36:45,IMAGE,FEED,9,0,380,185,0,0,9,2025-10-14 17:28:35.645
17841406083211195,18029095007556076,2025-02-05 10:36:45,IMAGE,FEED,9,0,381,185,0,0,9,2025-10-15 17:30:08.631
17841406083211195,18029095007556076,2025-02-05 10:36:45,IMAGE,FEED,9,0,382,185,0,0,9,2025-10-16 17:29:14.758
17841406083211195,18029095007556076,2025-02-05 10:36:45,IMAGE,FEED,9,0,383,185,0,0,9,2025-10-17 17:30:11.782
17841406083211195,18029095007556076,2025-02-05 10:36:45,IMAGE,FEED,9,0,384,185,0,0,9,2025-10-18 17:28:43.381
17841406083211195,18029095007556076,2025-02-05 10:36:45,IMAGE,FEED,9,0,385,185,0,0,9,2025-10-20 17:29:38.011
17841406083211195,18029095007556076,2025-02-05 10:36:45,IMAGE,FEED,9,0,386,185,0,0,9,2025-10-21 17:28:58.696
17841406083211195,18029095007556076,2025-02-05 10:36:45,IMAGE,FEED,9,0,387,185,0,0,9,2025-10-22 17:29:13.614
17841406083211195,18029095007556076,2025-02-05 10:36:45,IMAGE,FEED,9,0,389,185,0,0,9,2025-10-23 17:28:47.787
17841406083211195,18029095007556076,2025-02-05 10:36:45,IMAGE,FEED,9,0,393,185,0,0,9,2025-10-26 17:30:40.026
17841406083211195,18029095007556076,2025-02-05 10:36:45,IMAGE,FEED,9,0,394,185,0,0,9,2025-10-27 17:29:08.609
17841406083211195,18029095007556076,2025-02-05 10:36:45,IMAGE,FEED,9,0,423,185,0,0,9,2025-10-28 17:30:05.414
17841406083211195,18029095007556076,2025-02-05 10:36:45,IMAGE,FEED,9,0,424,185,0,0,9,2025-10-29 17:29:55.120
17841406083211195,18029095007556076,2025-02-05 10:36:45,IMAGE,FEED,9,0,428,185,0,0,9,2025-10-31 17:29:25.717
17841406083211195,18029095007556076,2025-02-05 10:36:45,IMAGE,FEED,9,0,431,186,0,0,9,2025-11-02 17:29:29.181
17841406083211195,18029095007556076,2025-02-05 10:36:45,IMAGE,FEED,9,0,432,186,0,0,9,2025-11-03 17:29:12.910
17841406083211195,18029095007556076,2025-02-05 10:36:45,IMAGE,FEED,9,0,433,186,0,0,9,2025-11-04 17:28:42.951
17841406083211195,18029095007556076,2025-02-05 10:36:45,IMAGE,FEED,9,0,436,186,0,0,9,2025-11-06 17:29:06.873
17841406083211195,18029095007556076,2025-02-05 10:36:45,IMAGE,FEED,9,0,437,186,0,0,9,2025-11-07 17:29:28.070
17841406083211195,18029095007556076,2025-02-05 10:36:45,IMAGE,FEED,9,0,439,186,0,0,9,2025-11-09 17:29:04.281
17841406083211195,18029095007556076,2025-02-05 10:36:45,IMAGE,FEED,9,0,441,186,0,0,9,2025-11-10 17:29:32.008
17841406083211195,18029095007556076,2025-02-05 10:36:45,IMAGE,FEED,9,0,442,186,0,0,9,2025-11-11 17:29:22.341
17841406083211195,18029095007556076,2025-02-05 10:36:45,IMAGE,FEED,9,0,444,186,0,0,9,2025-11-12 17:29:20.879
17841406083211195,18029095007556076,2025-02-05 10:36:45,IMAGE,FEED,9,0,446,186,0,0,9,2025-11-14 17:29:25.558
17841406083211195,18029095007556076,2025-02-05 10:36:45,IMAGE,FEED,9,0,449,186,0,0,9,2025-11-16 17:30:12.339
17841406083211195,18029095007556076,2025-02-05 10:36:45,IMAGE,FEED,9,0,454,186,0,0,9,2025-11-21 17:34:52.836
17841406083211195,18029095007556076,2025-02-05 10:36:45,IMAGE,FEED,9,0,456,186,0,0,9,2025-11-25 17:33:52.983
17841406083211195,18029095007556076,2025-02-05 10:36:45,IMAGE,FEED,9,0,457,186,0,0,9,2025-11-26 17:36:02.336
17841406083211195,18029095007556076,2025-02-05 10:36:45,IMAGE,FEED,9,0,458,186,0,0,9,2025-11-30 17:33:04.210
17841406083211195,18029095007556076,2025-02-05 10:36:45,IMAGE,FEED,9,0,460,186,0,0,9,2025-12-03 17:35:49.243
17841406083211195,18029095007556076,2025-02-05 10:36:45,IMAGE,FEED,9,0,461,186,0,0,9,2025-12-05 17:34:03.825
17841406083211195,18029095007556076,2025-02-05 10:36:45,IMAGE,FEED,9,0,462,186,0,0,9,2025-12-08 17:32:36.784
17841406083211195,18029095007556076,2025-02-05 10:36:45,IMAGE,FEED,9,0,464,186,0,0,9,2025-12-12 17:34:34.586
17841406083211195,18029095007556076,2025-02-05 10:36:45,IMAGE,FEED,9,0,467,186,0,0,9,2025-12-24 17:29:27.247
17841406083211195,18029095007556076,2025-02-05 10:36:45,IMAGE,FEED,9,0,471,186,0,0,9,2025-12-25 17:29:48.442
17841406083211195,18032487107437015,2025-06-20 10:23:42,IMAGE,FEED,9,0,269,123,0,14,23,2025-07-03 03:00:02.136
17841406083211195,18032487107437015,2025-06-20 10:23:42,IMAGE,FEED,9,0,274,124,0,14,23,2025-07-03 17:29:59.200
17841406083211195,18032487107437015,2025-06-20 10:23:42,IMAGE,FEED,9,0,284,126,0,14,23,2025-07-04 17:30:58.664
17841406083211195,18032487107437015,2025-06-20 10:23:42,IMAGE,FEED,9,0,294,127,0,14,23,2025-07-05 17:29:52.038
17841406083211195,18032487107437015,2025-06-20 10:23:42,IMAGE,FEED,9,0,295,127,0,14,23,2025-07-06 17:30:30.231
17841406083211195,18032487107437015,2025-06-20 10:23:42,IMAGE,FEED,9,0,302,128,0,14,23,2025-07-07 17:30:38.824
17841406083211195,18032487107437015,2025-06-20 10:23:42,IMAGE,FEED,9,0,307,129,0,14,23,2025-07-08 17:29:53.722
17841406083211195,18032487107437015,2025-06-20 10:23:42,IMAGE,FEED,9,0,309,129,0,14,23,2025-07-09 17:30:26.334
17841406083211195,18032487107437015,2025-06-20 10:23:42,IMAGE,FEED,9,0,317,130,0,14,23,2025-07-10 17:29:17.320
17841406083211195,18032487107437015,2025-06-20 10:23:42,IMAGE,FEED,9,0,319,130,0,14,23,2025-07-11 17:29:41.209
17841406083211195,18032487107437015,2025-06-20 10:23:42,IMAGE,FEED,9,0,320,130,0,14,23,2025-07-13 17:29:26.769
17841406083211195,18032487107437015,2025-06-20 10:23:42,IMAGE,FEED,9,0,325,130,0,14,23,2025-07-14 17:30:26.666
17841406083211195,18032487107437015,2025-06-20 10:23:42,IMAGE,FEED,9,0,326,130,0,14,23,2025-07-15 17:29:51.507
17841406083211195,18032487107437015,2025-06-20 10:23:42,IMAGE,FEED,9,0,328,131,0,14,23,2025-07-16 17:30:05.703
17841406083211195,18032487107437015,2025-06-20 10:23:42,IMAGE,FEED,9,0,340,132,0,14,23,2025-07-17 17:29:49.480
17841406083211195,18032487107437015,2025-06-20 10:23:42,IMAGE,FEED,9,0,342,132,0,14,23,2025-07-18 17:29:48.360
17841406083211195,18032487107437015,2025-06-20 10:23:42,IMAGE,FEED,9,0,344,133,0,14,23,2025-07-21 17:30:41.009
17841406083211195,18032487107437015,2025-06-20 10:23:42,IMAGE,FEED,9,0,350,133,0,14,23,2025-07-22 17:30:36.346
17841406083211195,18032487107437015,2025-06-20 10:23:42,IMAGE,FEED,9,0,355,135,0,14,23,2025-07-23 17:30:15.878
17841406083211195,18032487107437015,2025-06-20 10:23:42,IMAGE,FEED,9,0,363,137,0,14,23,2025-07-24 17:30:01.592
17841406083211195,18032487107437015,2025-06-20 10:23:42,IMAGE,FEED,9,0,366,137,0,14,23,2025-07-27 17:30:34.300
17841406083211195,18032487107437015,2025-06-20 10:23:42,IMAGE,FEED,9,0,376,138,0,17,26,2025-07-28 17:29:11.636
17841406083211195,18032487107437015,2025-06-20 10:23:42,IMAGE,FEED,9,0,381,138,0,17,26,2025-07-29 17:29:46.525
17841406083211195,18032487107437015,2025-06-20 10:23:42,IMAGE,FEED,9,0,388,141,0,17,26,2025-07-31 17:28:52.252
17841406083211195,18032487107437015,2025-06-20 10:23:42,IMAGE,FEED,9,0,393,141,0,17,26,2025-08-01 17:30:02.444
17841406083211195,18032487107437015,2025-06-20 10:23:42,IMAGE,FEED,9,0,394,142,0,17,26,2025-08-03 17:29:40.168
17841406083211195,18032487107437015,2025-06-20 10:23:42,IMAGE,FEED,9,0,395,142,0,17,26,2025-08-04 17:30:20.386
17841406083211195,18032487107437015,2025-06-20 10:23:42,IMAGE,FEED,9,0,397,142,0,17,26,2025-08-05 17:30:25.819
17841406083211195,18032487107437015,2025-06-20 10:23:42,IMAGE,FEED,9,0,400,142,0,17,26,2025-08-06 17:29:21.808
17841406083211195,18032487107437015,2025-06-20 10:23:42,IMAGE,FEED,9,0,410,142,0,17,26,2025-08-07 17:29:51.642
17841406083211195,18032487107437015,2025-06-20 10:23:42,IMAGE,FEED,9,0,411,142,0,17,26,2025-08-08 17:29:30.428
17841406083211195,18032487107437015,2025-06-20 10:23:42,IMAGE,FEED,9,0,426,143,0,17,26,2025-08-09 17:29:16.340
17841406083211195,18032487107437015,2025-06-20 10:23:42,IMAGE,FEED,9,0,429,143,0,17,26,2025-08-10 17:29:41.089
17841406083211195,18032487107437015,2025-06-20 10:23:42,IMAGE,FEED,9,0,432,143,0,17,26,2025-08-11 17:30:32.956
17841406083211195,18032487107437015,2025-06-20 10:23:42,IMAGE,FEED,9,0,444,145,0,17,26,2025-08-12 17:31:22.343
17841406083211195,18032487107437015,2025-06-20 10:23:42,IMAGE,FEED,9,0,449,146,0,17,26,2025-08-13 17:29:54.287
17841406083211195,18032487107437015,2025-06-20 10:23:42,IMAGE,FEED,9,0,450,146,0,17,26,2025-08-14 17:30:30.699
17841406083211195,18032487107437015,2025-06-20 10:23:42,IMAGE,FEED,9,0,464,146,0,17,26,2025-08-15 17:29:20.107
17841406083211195,18032487107437015,2025-06-20 10:23:42,IMAGE,FEED,9,0,467,146,0,17,26,2025-08-16 17:29:29.893
17841406083211195,18032487107437015,2025-06-20 10:23:42,IMAGE,FEED,9,0,470,146,0,17,26,2025-08-17 17:28:43.175
17841406083211195,18032487107437015,2025-06-20 10:23:42,IMAGE,FEED,9,0,482,146,0,17,26,2025-08-18 17:28:55.665
17841406083211195,18032487107437015,2025-06-20 10:23:42,IMAGE,FEED,9,0,485,146,0,17,26,2025-08-19 17:29:34.421
17841406083211195,18032487107437015,2025-06-20 10:23:42,IMAGE,FEED,9,0,488,147,0,17,26,2025-08-20 17:29:40.856
17841406083211195,18032487107437015,2025-06-20 10:23:42,IMAGE,FEED,9,0,497,148,0,17,26,2025-08-21 17:30:19.070
17841406083211195,18032487107437015,2025-06-20 10:23:42,IMAGE,FEED,9,0,508,148,0,17,26,2025-08-22 17:29:22.404
17841406083211195,18032487107437015,2025-06-20 10:23:42,IMAGE,FEED,9,0,512,149,0,17,26,2025-08-23 17:29:30.921
17841406083211195,18032487107437015,2025-06-20 10:23:42,IMAGE,FEED,9,0,514,149,0,17,26,2025-08-24 17:29:05.922
17841406083211195,18032487107437015,2025-06-20 10:23:42,IMAGE,FEED,9,0,555,150,0,17,26,2025-08-25 17:29:34.725
17841406083211195,18032487107437015,2025-06-20 10:23:42,IMAGE,FEED,9,0,566,152,0,17,26,2025-08-26 17:29:05.573
17841406083211195,18032487107437015,2025-06-20 10:23:42,IMAGE,FEED,9,0,573,152,0,17,26,2025-08-27 17:30:15.451
17841406083211195,18032487107437015,2025-06-20 10:23:42,IMAGE,FEED,9,0,581,153,0,17,26,2025-08-28 17:31:18.221
17841406083211195,18032487107437015,2025-06-20 10:23:42,IMAGE,FEED,9,0,591,154,0,17,26,2025-08-29 17:28:45.762
17841406083211195,18032487107437015,2025-06-20 10:23:42,IMAGE,FEED,9,0,599,154,0,17,26,2025-08-30 17:30:09.887
17841406083211195,18032487107437015,2025-06-20 10:23:42,IMAGE,FEED,9,0,610,154,0,17,26,2025-08-31 17:28:47.914
17841406083211195,18032487107437015,2025-06-20 10:23:42,IMAGE,FEED,9,0,752,160,0,17,26,2025-10-01 04:10:01.740
17841406083211195,18032487107437015,2025-06-20 10:23:42,IMAGE,FEED,9,0,757,160,0,17,26,2025-10-02 04:04:36.971
17841406083211195,18032487107437015,2025-06-20 10:23:42,IMAGE,FEED,9,0,763,161,0,17,26,2025-10-02 17:29:39.993
17841406083211195,18032487107437015,2025-06-20 10:23:42,IMAGE,FEED,9,0,769,161,0,17,26,2025-10-04 17:29:46.373
17841406083211195,18032487107437015,2025-06-20 10:23:42,IMAGE,FEED,9,0,777,161,0,17,26,2025-10-05 17:29:33.589
17841406083211195,18032487107437015,2025-06-20 10:23:42,IMAGE,FEED,9,0,779,162,0,17,26,2025-10-06 17:28:55.802
17841406083211195,18032487107437015,2025-06-20 10:23:42,IMAGE,FEED,9,0,785,163,0,17,26,2025-10-07 17:28:36.699
17841406083211195,18032487107437015,2025-06-20 10:23:42,IMAGE,FEED,9,0,786,163,0,17,26,2025-10-08 17:29:48.277
17841406083211195,18032487107437015,2025-06-20 10:23:42,IMAGE,FEED,9,0,795,163,0,17,26,2025-10-09 17:28:59.246
17841406083211195,18032487107437015,2025-06-20 10:23:42,IMAGE,FEED,9,0,796,163,0,17,26,2025-10-10 17:30:14.048
17841406083211195,18032487107437015,2025-06-20 10:23:42,IMAGE,FEED,9,0,798,163,0,17,26,2025-10-12 17:28:57.205
17841406083211195,18032487107437015,2025-06-20 10:23:42,IMAGE,FEED,9,0,806,164,0,17,26,2025-10-13 17:29:00.296
17841406083211195,18032487107437015,2025-06-20 10:23:42,IMAGE,FEED,9,0,808,164,0,17,26,2025-10-14 17:28:28.911
17841406083211195,18032487107437015,2025-06-20 10:23:42,IMAGE,FEED,9,0,809,164,0,17,26,2025-10-15 17:30:00.900
17841406083211195,18032487107437015,2025-06-20 10:23:42,IMAGE,FEED,9,0,812,165,0,17,26,2025-10-16 17:29:06.168
17841406083211195,18032487107437015,2025-06-20 10:23:42,IMAGE,FEED,9,0,821,165,0,17,26,2025-10-17 17:30:04.034
17841406083211195,18032487107437015,2025-06-20 10:23:42,IMAGE,FEED,9,0,823,165,0,17,26,2025-10-18 17:28:35.964
17841406083211195,18032487107437015,2025-06-20 10:23:42,IMAGE,FEED,9,0,825,165,0,17,26,2025-10-20 17:29:27.062
17841406083211195,18032487107437015,2025-06-20 10:23:42,IMAGE,FEED,9,0,826,165,0,17,26,2025-10-21 17:28:47.398
17841406083211195,18032487107437015,2025-06-20 10:23:42,IMAGE,FEED,9,0,829,165,0,17,26,2025-10-22 17:29:00.822
17841406083211195,18032487107437015,2025-06-20 10:23:42,IMAGE,FEED,9,0,833,165,0,17,26,2025-10-23 17:28:36.351
17841406083211195,18032487107437015,2025-06-20 10:23:42,IMAGE,FEED,9,0,839,165,0,17,26,2025-10-27 17:28:53.344
17841406083211195,18032487107437015,2025-06-20 10:23:42,IMAGE,FEED,9,0,842,165,0,17,26,2025-10-28 17:29:49.180
17841406083211195,18032487107437015,2025-06-20 10:23:42,IMAGE,FEED,9,0,843,165,0,17,26,2025-10-29 17:29:38.415
17841406083211195,18032487107437015,2025-06-20 10:23:42,IMAGE,FEED,9,0,846,165,0,17,26,2025-10-31 17:29:10.249
17841406083211195,18032487107437015,2025-06-20 10:23:42,IMAGE,FEED,9,0,847,165,0,17,26,2025-11-02 17:29:05.341
17841406083211195,18032487107437015,2025-06-20 10:23:42,IMAGE,FEED,9,0,848,165,0,17,26,2025-11-03 17:28:57.547
17841406083211195,18032487107437015,2025-06-20 10:23:42,IMAGE,FEED,9,0,850,165,0,17,26,2025-11-04 17:28:28.074
17841406083211195,18032487107437015,2025-06-20 10:23:42,IMAGE,FEED,9,0,856,165,0,17,26,2025-11-06 17:28:50.912
17841406083211195,18032487107437015,2025-06-20 10:23:42,IMAGE,FEED,9,0,858,165,0,17,26,2025-11-07 17:29:10.479
17841406083211195,18032487107437015,2025-06-20 10:23:42,IMAGE,FEED,9,0,865,166,0,17,26,2025-11-09 17:28:46.274
17841406083211195,18032487107437015,2025-06-20 10:23:42,IMAGE,FEED,9,0,867,166,0,17,26,2025-11-10 17:29:14.397
17841406083211195,18032487107437015,2025-06-20 10:23:42,IMAGE,FEED,9,0,871,166,0,17,26,2025-11-11 17:29:05.804
17841406083211195,18032487107437015,2025-06-20 10:23:42,IMAGE,FEED,9,0,874,166,0,17,26,2025-11-12 17:29:04.426
17841406083211195,18032487107437015,2025-06-20 10:23:42,IMAGE,FEED,9,0,877,166,0,17,26,2025-11-13 17:29:31.127
17841406083211195,18032487107437015,2025-06-20 10:23:42,IMAGE,FEED,9,0,880,166,0,17,26,2025-11-14 17:29:08.307
17841406083211195,18032487107437015,2025-06-20 10:23:42,IMAGE,FEED,9,0,886,166,0,17,26,2025-11-16 17:29:49.610
17841406083211195,18032487107437015,2025-06-20 10:23:42,IMAGE,FEED,9,0,891,166,0,17,26,2025-11-17 17:29:12.860
17841406083211195,18032487107437015,2025-06-20 10:23:42,IMAGE,FEED,9,0,892,166,0,17,26,2025-11-18 17:29:03.768
17841406083211195,18032487107437015,2025-06-20 10:23:42,IMAGE,FEED,9,0,895,167,0,17,26,2025-11-19 17:34:55.379
17841406083211195,18032487107437015,2025-06-20 10:23:42,IMAGE,FEED,9,0,896,167,0,17,26,2025-11-21 17:35:17.486
17841406083211195,18032487107437015,2025-06-20 10:23:42,IMAGE,FEED,9,0,897,167,0,17,26,2025-11-24 17:36:00.675
17841406083211195,18032487107437015,2025-06-20 10:23:42,IMAGE,FEED,9,0,899,167,0,17,26,2025-11-25 17:34:17.702
17841406083211195,18032487107437015,2025-06-20 10:23:42,IMAGE,FEED,9,0,900,167,0,17,26,2025-11-26 17:36:48.618
17841406083211195,18032487107437015,2025-06-20 10:23:42,IMAGE,FEED,9,0,901,167,0,17,26,2025-11-28 17:34:54.936
17841406083211195,18032487107437015,2025-06-20 10:23:42,IMAGE,FEED,9,0,903,167,0,17,26,2025-11-30 17:33:23.490
17841406083211195,18032487107437015,2025-06-20 10:23:42,IMAGE,FEED,9,0,905,167,0,17,26,2025-12-02 17:34:52.694
17841406083211195,18032487107437015,2025-06-20 10:23:42,IMAGE,FEED,9,0,907,167,0,17,26,2025-12-03 17:36:09.383
17841406083211195,18032487107437015,2025-06-20 10:23:42,IMAGE,FEED,9,0,910,167,0,17,26,2025-12-05 17:34:22.767
17841406083211195,18032487107437015,2025-06-20 10:23:42,IMAGE,FEED,9,0,911,167,0,17,26,2025-12-07 17:33:15.193
17841406083211195,18032487107437015,2025-06-20 10:23:42,IMAGE,FEED,9,0,914,167,0,17,26,2025-12-08 17:32:58.804
17841406083211195,18032487107437015,2025-06-20 10:23:42,IMAGE,FEED,9,0,916,167,0,17,26,2025-12-11 17:33:27.315
17841406083211195,18032487107437015,2025-06-20 10:23:42,IMAGE,FEED,9,0,917,167,0,17,26,2025-12-12 17:35:06.520
17841406083211195,18032487107437015,2025-06-20 10:23:42,IMAGE,FEED,9,0,920,167,0,17,26,2025-12-15 06:33:48.701
17841406083211195,18032487107437015,2025-06-20 10:23:42,IMAGE,FEED,9,0,921,167,0,17,26,2025-12-17 17:29:02.281
17841406083211195,18032487107437015,2025-06-20 10:23:42,IMAGE,FEED,9,0,922,167,0,17,26,2025-12-20 17:36:15.181
17841406083211195,18032487107437015,2025-06-20 10:23:42,IMAGE,FEED,9,0,923,167,0,17,26,2025-12-21 17:29:53.705
17841406083211195,18032487107437015,2025-06-20 10:23:42,IMAGE,FEED,9,0,924,167,0,17,26,2025-12-22 17:28:44.201
17841406083211195,18032487107437015,2025-06-20 10:23:42,IMAGE,FEED,9,0,925,167,0,17,26,2025-12-24 17:29:12.916
17841406083211195,18032487107437015,2025-06-20 10:23:42,IMAGE,FEED,9,0,926,167,0,17,26,2025-12-25 17:29:25.132
17841406083211195,18040963307146429,2025-03-05 10:23:54,IMAGE,FEED,2,0,145,108,0,0,2,2025-04-17 17:31:52.777
17841406083211195,18040963307146429,2025-03-05 10:23:54,IMAGE,FEED,2,0,146,108,0,0,2,2025-04-18 19:14:47.746
17841406083211195,18040963307146429,2025-03-05 10:23:54,IMAGE,FEED,2,0,148,110,0,0,2,2025-04-24 01:56:09.937
17841406083211195,18040963307146429,2025-03-05 10:23:54,IMAGE,FEED,2,0,149,110,0,0,2,2025-04-25 17:30:04.344
17841406083211195,18040963307146429,2025-03-05 10:23:54,IMAGE,FEED,2,0,150,111,0,0,2,2025-04-27 17:31:03.879
17841406083211195,18040963307146429,2025-03-05 10:23:54,IMAGE,FEED,2,0,151,112,0,0,2,2025-04-28 17:30:00.128
17841406083211195,18040963307146429,2025-03-05 10:23:54,IMAGE,FEED,2,0,152,112,0,0,2,2025-04-30 17:30:59.226
17841406083211195,18040963307146429,2025-03-05 10:23:54,IMAGE,FEED,2,0,153,113,0,0,2,2025-05-04 17:28:52.304
17841406083211195,18040963307146429,2025-03-05 10:23:54,IMAGE,FEED,2,0,154,114,0,0,2,2025-05-05 17:29:55.863
17841406083211195,18040963307146429,2025-03-05 10:23:54,IMAGE,FEED,2,0,156,116,0,0,2,2025-05-07 17:28:45.302
17841406083211195,18040963307146429,2025-03-05 10:23:54,IMAGE,FEED,2,0,157,117,0,0,2,2025-05-08 17:30:01.744
17841406083211195,18040963307146429,2025-03-05 10:23:54,IMAGE,FEED,2,0,158,118,0,0,2,2025-05-10 17:30:36.589
17841406083211195,18040963307146429,2025-03-05 10:23:54,IMAGE,FEED,2,0,159,119,0,0,2,2025-05-11 17:29:45.375
17841406083211195,18040963307146429,2025-03-05 10:23:54,IMAGE,FEED,2,0,160,120,0,0,2,2025-05-15 17:30:17.658
17841406083211195,18040963307146429,2025-03-05 10:23:54,IMAGE,FEED,2,0,161,121,0,0,2,2025-05-17 17:30:06.312
17841406083211195,18040963307146429,2025-03-05 10:23:54,IMAGE,FEED,2,0,162,122,0,0,2,2025-05-24 17:30:42.227
17841406083211195,18040963307146429,2025-03-05 10:23:54,IMAGE,FEED,2,0,163,123,0,0,2,2025-05-25 17:31:05.642
17841406083211195,18040963307146429,2025-03-05 10:23:54,IMAGE,FEED,2,0,164,124,0,0,2,2025-06-03 17:29:40.465
17841406083211195,18040963307146429,2025-03-05 10:23:54,IMAGE,FEED,2,0,165,125,0,0,2,2025-06-05 17:30:15.480
17841406083211195,18040963307146429,2025-03-05 10:23:54,IMAGE,FEED,2,0,167,126,0,0,2,2025-07-03 03:00:11.460
17841406083211195,18040963307146429,2025-03-05 10:23:54,IMAGE,FEED,2,0,168,126,0,0,2,2025-07-03 17:30:07.978
17841406083211195,18040963307146429,2025-03-05 10:23:54,IMAGE,FEED,2,0,172,127,0,0,2,2025-07-04 17:31:09.096
17841406083211195,18040963307146429,2025-03-05 10:23:54,IMAGE,FEED,2,0,173,127,0,0,2,2025-07-07 17:30:48.204
17841406083211195,18040963307146429,2025-03-05 10:23:54,IMAGE,FEED,2,0,174,128,0,0,2,2025-07-15 17:30:00.588
17841406083211195,18040963307146429,2025-03-05 10:23:54,IMAGE,FEED,2,0,175,128,0,0,2,2025-07-16 17:30:13.803
17841406083211195,18040963307146429,2025-03-05 10:23:54,IMAGE,FEED,2,0,178,129,0,0,2,2025-07-21 17:30:54.838
17841406083211195,18040963307146429,2025-03-05 10:23:54,IMAGE,FEED,2,0,181,129,0,0,2,2025-07-23 17:30:26.051
17841406083211195,18040963307146429,2025-03-05 10:23:54,IMAGE,FEED,2,0,181,130,0,0,2,2025-07-29 17:29:59.931
17841406083211195,18040963307146429,2025-03-05 10:23:54,IMAGE,FEED,2,0,183,130,0,0,2,2025-07-31 17:29:02.384
17841406083211195,18040963307146429,2025-03-05 10:23:54,IMAGE,FEED,2,0,185,130,0,0,2,2025-08-03 17:29:51.695
17841406083211195,18040963307146429,2025-03-05 10:23:54,IMAGE,FEED,2,0,187,131,0,0,2,2025-08-04 17:30:32.184
17841406083211195,18040963307146429,2025-03-05 10:23:54,IMAGE,FEED,2,0,190,133,0,0,2,2025-08-06 17:29:32.806
17841406083211195,18040963307146429,2025-03-05 10:23:54,IMAGE,FEED,2,0,191,133,0,0,2,2025-08-07 17:30:03.393
17841406083211195,18040963307146429,2025-03-05 10:23:54,IMAGE,FEED,2,0,192,134,0,0,2,2025-08-08 17:29:41.574
17841406083211195,18040963307146429,2025-03-05 10:23:54,IMAGE,FEED,2,0,198,134,0,0,2,2025-08-11 17:30:48.457
17841406083211195,18040963307146429,2025-03-05 10:23:54,IMAGE,FEED,2,0,202,134,0,0,2,2025-08-14 17:30:40.910
17841406083211195,18040963307146429,2025-03-05 10:23:54,IMAGE,FEED,2,0,203,134,0,0,2,2025-08-17 17:28:52.670
17841406083211195,18040963307146429,2025-03-05 10:23:54,IMAGE,FEED,2,0,209,134,0,0,2,2025-08-18 17:29:03.009
17841406083211195,18040963307146429,2025-03-05 10:23:54,IMAGE,FEED,2,0,212,134,0,0,2,2025-08-20 17:29:49.038
17841406083211195,18040963307146429,2025-03-05 10:23:54,IMAGE,FEED,2,0,216,134,0,0,2,2025-08-21 17:30:28.978
17841406083211195,18040963307146429,2025-03-05 10:23:54,IMAGE,FEED,2,0,220,134,0,0,2,2025-08-22 17:29:39.562
17841406083211195,18040963307146429,2025-03-05 10:23:54,IMAGE,FEED,2,0,221,134,0,0,2,2025-08-23 17:29:46.422
17841406083211195,18040963307146429,2025-03-05 10:23:54,IMAGE,FEED,2,0,223,134,0,0,2,2025-08-24 17:29:21.884
17841406083211195,18040963307146429,2025-03-05 10:23:54,IMAGE,FEED,2,0,239,135,0,0,2,2025-08-25 17:29:53.210
17841406083211195,18040963307146429,2025-03-05 10:23:54,IMAGE,FEED,2,0,242,135,0,0,2,2025-08-26 17:29:23.358
17841406083211195,18040963307146429,2025-03-05 10:23:54,IMAGE,FEED,2,0,247,135,0,0,2,2025-08-27 17:30:31.257
17841406083211195,18040963307146429,2025-03-05 10:23:54,IMAGE,FEED,2,0,249,135,0,0,2,2025-08-28 17:31:46.018
17841406083211195,18040963307146429,2025-03-05 10:23:54,IMAGE,FEED,2,0,250,135,0,0,2,2025-08-30 17:30:35.877
17841406083211195,18040963307146429,2025-03-05 10:23:54,IMAGE,FEED,2,0,257,135,0,0,2,2025-08-31 17:29:08.144
17841406083211195,18040963307146429,2025-03-05 10:23:54,IMAGE,FEED,2,0,317,138,0,0,2,2025-10-01 04:10:09.679
17841406083211195,18040963307146429,2025-03-05 10:23:54,IMAGE,FEED,2,0,320,138,0,0,2,2025-10-02 04:04:43.614
17841406083211195,18040963307146429,2025-03-05 10:23:54,IMAGE,FEED,2,0,322,138,0,0,2,2025-10-06 17:29:02.555
17841406083211195,18040963307146429,2025-03-05 10:23:54,IMAGE,FEED,2,0,323,138,0,0,2,2025-10-08 17:29:55.661
17841406083211195,18040963307146429,2025-03-05 10:23:54,IMAGE,FEED,2,0,330,138,0,0,2,2025-10-09 17:29:07.174
17841406083211195,18040963307146429,2025-03-05 10:23:54,IMAGE,FEED,2,0,332,138,0,0,2,2025-10-12 17:29:04.368
17841406083211195,18040963307146429,2025-03-05 10:23:54,IMAGE,FEED,2,0,336,138,0,0,2,2025-10-14 17:28:35.628
17841406083211195,18040963307146429,2025-03-05 10:23:54,IMAGE,FEED,2,0,337,138,0,0,2,2025-10-15 17:30:08.621
17841406083211195,18040963307146429,2025-03-05 10:23:54,IMAGE,FEED,2,0,338,138,0,0,2,2025-10-16 17:29:14.732
17841406083211195,18040963307146429,2025-03-05 10:23:54,IMAGE,FEED,2,0,343,138,0,0,2,2025-10-17 17:30:11.762
17841406083211195,18040963307146429,2025-03-05 10:23:54,IMAGE,FEED,2,0,347,139,0,0,2,2025-10-18 17:28:43.355
17841406083211195,18040963307146429,2025-03-05 10:23:54,IMAGE,FEED,2,0,348,139,0,0,2,2025-10-20 17:29:38.000
17841406083211195,18040963307146429,2025-03-05 10:23:54,IMAGE,FEED,2,0,349,139,0,0,2,2025-10-21 17:28:55.520
17841406083211195,18040963307146429,2025-03-05 10:23:54,IMAGE,FEED,2,0,350,139,0,0,2,2025-10-22 17:29:11.370
17841406083211195,18040963307146429,2025-03-05 10:23:54,IMAGE,FEED,2,0,352,139,0,0,2,2025-10-23 17:28:45.960
17841406083211195,18040963307146429,2025-03-05 10:23:54,IMAGE,FEED,2,0,361,140,0,0,2,2025-10-27 17:29:04.339
17841406083211195,18040963307146429,2025-03-05 10:23:54,IMAGE,FEED,2,0,389,140,0,0,2,2025-10-28 17:30:01.150
17841406083211195,18040963307146429,2025-03-05 10:23:54,IMAGE,FEED,2,0,390,140,0,0,2,2025-10-29 17:29:48.668
17841406083211195,18040963307146429,2025-03-05 10:23:54,IMAGE,FEED,2,0,394,140,0,0,2,2025-11-02 17:29:16.142
17841406083211195,18040963307146429,2025-03-05 10:23:54,IMAGE,FEED,2,0,395,140,0,0,2,2025-11-04 17:28:36.313
17841406083211195,18040963307146429,2025-03-05 10:23:54,IMAGE,FEED,2,0,399,141,0,0,2,2025-11-06 17:29:01.628
17841406083211195,18040963307146429,2025-03-05 10:23:54,IMAGE,FEED,2,0,401,141,0,0,2,2025-11-07 17:29:19.576
17841406083211195,18040963307146429,2025-03-05 10:23:54,IMAGE,FEED,2,0,403,141,0,0,2,2025-11-09 17:29:04.262
17841406083211195,18040963307146429,2025-03-05 10:23:54,IMAGE,FEED,2,0,404,141,0,0,2,2025-11-10 17:29:31.987
17841406083211195,18040963307146429,2025-03-05 10:23:54,IMAGE,FEED,2,0,405,141,0,0,2,2025-11-11 17:29:22.331
17841406083211195,18040963307146429,2025-03-05 10:23:54,IMAGE,FEED,2,0,407,141,0,0,2,2025-11-12 17:29:20.862
17841406083211195,18040963307146429,2025-03-05 10:23:54,IMAGE,FEED,2,0,408,141,0,0,2,2025-11-13 17:30:02.175
17841406083211195,18040963307146429,2025-03-05 10:23:54,IMAGE,FEED,2,0,409,141,0,0,2,2025-11-14 17:29:25.540
17841406083211195,18040963307146429,2025-03-05 10:23:54,IMAGE,FEED,2,0,411,141,0,0,2,2025-11-16 17:30:12.327
17841406083211195,18040963307146429,2025-03-05 10:23:54,IMAGE,FEED,2,0,415,141,0,0,2,2025-11-19 17:34:55.377
17841406083211195,18040963307146429,2025-03-05 10:23:54,IMAGE,FEED,2,0,417,141,0,0,2,2025-11-21 17:35:17.482
17841406083211195,18040963307146429,2025-03-05 10:23:54,IMAGE,FEED,2,0,418,141,0,0,2,2025-11-25 17:34:17.701
17841406083211195,18040963307146429,2025-03-05 10:23:54,IMAGE,FEED,2,0,419,141,0,0,2,2025-11-26 17:36:48.614
17841406083211195,18040963307146429,2025-03-05 10:23:54,IMAGE,FEED,2,0,420,141,0,0,2,2025-11-30 17:33:23.487
17841406083211195,18040963307146429,2025-03-05 10:23:54,IMAGE,FEED,2,0,422,141,0,0,2,2025-12-01 17:33:33.574
17841406083211195,18040963307146429,2025-03-05 10:23:54,IMAGE,FEED,2,0,424,141,0,0,2,2025-12-03 17:36:09.381
17841406083211195,18040963307146429,2025-03-05 10:23:54,IMAGE,FEED,2,0,425,141,0,0,2,2025-12-05 17:34:22.764
17841406083211195,18040963307146429,2025-03-05 10:23:54,IMAGE,FEED,2,0,426,141,0,0,2,2025-12-08 17:32:58.801
17841406083211195,18040963307146429,2025-03-05 10:23:54,IMAGE,FEED,2,0,429,141,0,0,2,2025-12-09 17:35:08.313
17841406083211195,18040963307146429,2025-03-05 10:23:54,IMAGE,FEED,2,0,430,141,0,0,2,2025-12-11 17:33:27.313
17841406083211195,18040963307146429,2025-03-05 10:23:54,IMAGE,FEED,2,0,432,142,0,0,2,2025-12-12 17:35:06.518
17841406083211195,18040963307146429,2025-03-05 10:23:54,IMAGE,FEED,2,0,434,142,0,0,2,2025-12-17 17:29:13.833
17841406083211195,18040963307146429,2025-03-05 10:23:54,IMAGE,FEED,2,0,436,143,0,0,2,2025-12-22 17:28:52.798
17841406083211195,18040963307146429,2025-03-05 10:23:54,IMAGE,FEED,2,0,437,143,0,0,2,2025-12-23 17:28:54.456
17841406083211195,18040963307146429,2025-03-05 10:23:54,IMAGE,FEED,2,0,438,144,0,0,2,2025-12-24 17:29:21.581
17841406083211195,18040963307146429,2025-03-05 10:23:54,IMAGE,FEED,2,0,443,144,0,0,2,2025-12-25 17:29:40.543
17841406083211195,18045767711213307,2025-02-12 10:19:29,IMAGE,FEED,4,0,241,158,0,0,4,2025-04-17 17:31:52.797
17841406083211195,18045767711213307,2025-02-12 10:19:29,IMAGE,FEED,4,0,241,158,0,0,4,2025-04-18 19:14:47.750
17841406083211195,18045767711213307,2025-02-12 10:19:29,IMAGE,FEED,4,0,243,159,0,0,4,2025-04-22 17:29:16.974
17841406083211195,18045767711213307,2025-02-12 10:19:29,IMAGE,FEED,4,0,244,160,0,0,4,2025-04-24 01:56:09.939
17841406083211195,18045767711213307,2025-02-12 10:19:29,IMAGE,FEED,4,0,245,161,0,0,4,2025-04-25 17:30:04.353
17841406083211195,18045767711213307,2025-02-12 10:19:29,IMAGE,FEED,4,0,246,162,0,0,4,2025-05-05 17:29:55.869
17841406083211195,18045767711213307,2025-02-12 10:19:29,IMAGE,FEED,4,0,247,163,0,0,4,2025-05-08 17:30:01.751
17841406083211195,18045767711213307,2025-02-12 10:19:29,IMAGE,FEED,4,0,249,165,0,0,4,2025-05-11 17:29:45.379
17841406083211195,18045767711213307,2025-02-12 10:19:29,IMAGE,FEED,4,0,250,166,0,0,4,2025-05-18 17:30:27.078
17841406083211195,18045767711213307,2025-02-12 10:19:29,IMAGE,FEED,4,0,251,167,0,0,4,2025-05-21 17:30:13.197
17841406083211195,18045767711213307,2025-02-12 10:19:29,IMAGE,FEED,4,0,252,167,0,0,4,2025-05-24 17:30:46.329
17841406083211195,18045767711213307,2025-02-12 10:19:29,IMAGE,FEED,4,0,253,168,0,0,4,2025-06-05 17:30:24.253
17841406083211195,18045767711213307,2025-02-12 10:19:29,IMAGE,FEED,4,0,259,170,0,0,4,2025-07-03 03:00:11.469
17841406083211195,18045767711213307,2025-02-12 10:19:29,IMAGE,FEED,4,0,260,170,0,0,4,2025-07-03 17:30:07.985
17841406083211195,18045767711213307,2025-02-12 10:19:29,IMAGE,FEED,4,0,264,170,0,0,4,2025-07-04 17:31:09.100
17841406083211195,18045767711213307,2025-02-12 10:19:29,IMAGE,FEED,4,0,265,170,0,0,4,2025-07-15 17:30:00.591
17841406083211195,18045767711213307,2025-02-12 10:19:29,IMAGE,FEED,4,0,266,170,0,0,4,2025-07-19 17:30:13.144
17841406083211195,18045767711213307,2025-02-12 10:19:29,IMAGE,FEED,4,0,268,170,0,0,4,2025-07-21 17:30:54.842
17841406083211195,18045767711213307,2025-02-12 10:19:29,IMAGE,FEED,4,0,270,170,0,0,4,2025-07-31 17:29:05.324
17841406083211195,18045767711213307,2025-02-12 10:19:29,IMAGE,FEED,4,0,273,171,0,0,4,2025-08-03 17:30:00.321
17841406083211195,18045767711213307,2025-02-12 10:19:29,IMAGE,FEED,4,0,274,171,0,0,4,2025-08-04 17:30:35.460
17841406083211195,18045767711213307,2025-02-12 10:19:29,IMAGE,FEED,4,0,275,172,0,0,4,2025-08-08 17:29:44.667
17841406083211195,18045767711213307,2025-02-12 10:19:29,IMAGE,FEED,4,0,283,172,0,0,4,2025-08-11 17:30:52.892
17841406083211195,18045767711213307,2025-02-12 10:19:29,IMAGE,FEED,4,0,286,172,0,0,4,2025-08-14 17:30:47.862
17841406083211195,18045767711213307,2025-02-12 10:19:29,IMAGE,FEED,4,0,287,172,0,0,4,2025-08-17 17:28:55.752
17841406083211195,18045767711213307,2025-02-12 10:19:29,IMAGE,FEED,4,0,292,172,0,0,4,2025-08-18 17:29:09.071
17841406083211195,18045767711213307,2025-02-12 10:19:29,IMAGE,FEED,4,0,295,172,0,0,4,2025-08-20 17:29:54.699
17841406083211195,18045767711213307,2025-02-12 10:19:29,IMAGE,FEED,4,0,299,172,0,0,4,2025-08-21 17:30:35.447
17841406083211195,18045767711213307,2025-02-12 10:19:29,IMAGE,FEED,4,0,300,172,0,0,4,2025-08-22 17:29:39.566
17841406083211195,18045767711213307,2025-02-12 10:19:29,IMAGE,FEED,4,0,301,172,0,0,4,2025-08-23 17:29:46.425
17841406083211195,18045767711213307,2025-02-12 10:19:29,IMAGE,FEED,4,0,303,172,0,0,4,2025-08-24 17:29:21.888
17841406083211195,18045767711213307,2025-02-12 10:19:29,IMAGE,FEED,4,0,311,172,0,0,4,2025-08-25 17:29:53.212
17841406083211195,18045767711213307,2025-02-12 10:19:29,IMAGE,FEED,4,0,320,172,0,0,4,2025-08-26 17:29:23.361
17841406083211195,18045767711213307,2025-02-12 10:19:29,IMAGE,FEED,4,0,326,172,0,0,4,2025-08-27 17:30:31.261
17841406083211195,18045767711213307,2025-02-12 10:19:29,IMAGE,FEED,4,0,328,172,0,0,4,2025-08-28 17:31:46.022
17841406083211195,18045767711213307,2025-02-12 10:19:29,IMAGE,FEED,4,0,329,172,0,0,4,2025-08-30 17:30:35.879
17841406083211195,18045767711213307,2025-02-12 10:19:29,IMAGE,FEED,4,0,334,172,0,0,4,2025-08-31 17:29:08.148
17841406083211195,18045767711213307,2025-02-12 10:19:29,IMAGE,FEED,4,0,383,174,0,0,4,2025-10-02 04:04:43.617
17841406083211195,18045767711213307,2025-02-12 10:19:29,IMAGE,FEED,4,0,384,174,0,0,4,2025-10-02 17:29:46.307
17841406083211195,18045767711213307,2025-02-12 10:19:29,IMAGE,FEED,4,0,386,174,0,0,4,2025-10-04 17:29:53.388
17841406083211195,18045767711213307,2025-02-12 10:19:29,IMAGE,FEED,4,0,387,174,0,0,4,2025-10-06 17:29:02.560
17841406083211195,18045767711213307,2025-02-12 10:19:29,IMAGE,FEED,4,0,388,174,0,0,4,2025-10-08 17:29:55.665
17841406083211195,18045767711213307,2025-02-12 10:19:29,IMAGE,FEED,4,0,394,174,0,0,4,2025-10-09 17:29:07.179
17841406083211195,18045767711213307,2025-02-12 10:19:29,IMAGE,FEED,4,0,395,174,0,0,4,2025-10-12 17:29:04.373
17841406083211195,18045767711213307,2025-02-12 10:19:29,IMAGE,FEED,4,0,399,174,0,0,4,2025-10-14 17:28:35.632
17841406083211195,18045767711213307,2025-02-12 10:19:29,IMAGE,FEED,4,0,400,174,0,0,4,2025-10-15 17:30:08.624
17841406083211195,18045767711213307,2025-02-12 10:19:29,IMAGE,FEED,4,0,401,174,0,0,4,2025-10-16 17:29:14.738
17841406083211195,18045767711213307,2025-02-12 10:19:29,IMAGE,FEED,4,0,403,174,0,0,4,2025-10-17 17:30:11.767
17841406083211195,18045767711213307,2025-02-12 10:19:29,IMAGE,FEED,4,0,405,174,0,0,4,2025-10-18 17:28:43.362
17841406083211195,18045767711213307,2025-02-12 10:19:29,IMAGE,FEED,4,0,406,174,0,0,4,2025-10-20 17:29:38.003
17841406083211195,18045767711213307,2025-02-12 10:19:29,IMAGE,FEED,4,0,407,174,0,0,4,2025-10-21 17:28:55.523
17841406083211195,18045767711213307,2025-02-12 10:19:29,IMAGE,FEED,4,0,408,174,0,0,4,2025-10-22 17:29:11.375
17841406083211195,18045767711213307,2025-02-12 10:19:29,IMAGE,FEED,4,0,410,174,0,0,4,2025-10-23 17:28:45.967
17841406083211195,18045767711213307,2025-02-12 10:19:29,IMAGE,FEED,4,0,416,174,0,0,4,2025-10-27 17:29:08.594
17841406083211195,18045767711213307,2025-02-12 10:19:29,IMAGE,FEED,4,0,448,174,0,0,4,2025-10-28 17:30:05.409
17841406083211195,18045767711213307,2025-02-12 10:19:29,IMAGE,FEED,4,0,449,174,0,0,4,2025-10-29 17:29:55.115
17841406083211195,18045767711213307,2025-02-12 10:19:29,IMAGE,FEED,4,0,455,174,0,0,4,2025-10-31 17:29:25.712
17841406083211195,18045767711213307,2025-02-12 10:19:29,IMAGE,FEED,4,0,457,174,0,0,4,2025-11-02 17:29:29.168
17841406083211195,18045767711213307,2025-02-12 10:19:29,IMAGE,FEED,4,0,458,174,0,0,4,2025-11-03 17:29:12.900
17841406083211195,18045767711213307,2025-02-12 10:19:29,IMAGE,FEED,4,0,459,174,0,0,4,2025-11-04 17:28:42.946
17841406083211195,18045767711213307,2025-02-12 10:19:29,IMAGE,FEED,4,0,462,174,0,0,4,2025-11-06 17:29:06.861
17841406083211195,18045767711213307,2025-02-12 10:19:29,IMAGE,FEED,4,0,463,174,0,0,4,2025-11-07 17:29:28.064
17841406083211195,18045767711213307,2025-02-12 10:19:29,IMAGE,FEED,4,0,466,175,0,0,4,2025-11-09 17:29:04.267
17841406083211195,18045767711213307,2025-02-12 10:19:29,IMAGE,FEED,4,0,467,175,0,0,4,2025-11-10 17:29:31.992
17841406083211195,18045767711213307,2025-02-12 10:19:29,IMAGE,FEED,4,0,468,175,0,0,4,2025-11-11 17:29:22.333
17841406083211195,18045767711213307,2025-02-12 10:19:29,IMAGE,FEED,4,0,471,176,0,0,4,2025-11-12 17:29:20.866
17841406083211195,18045767711213307,2025-02-12 10:19:29,IMAGE,FEED,4,0,472,176,0,0,4,2025-11-13 17:30:02.184
17841406083211195,18045767711213307,2025-02-12 10:19:29,IMAGE,FEED,4,0,473,176,0,0,4,2025-11-14 17:29:25.544
17841406083211195,18045767711213307,2025-02-12 10:19:29,IMAGE,FEED,4,0,478,176,0,0,4,2025-11-16 17:30:12.330
17841406083211195,18045767711213307,2025-02-12 10:19:29,IMAGE,FEED,4,0,482,176,0,0,4,2025-11-21 17:34:52.820
17841406083211195,18045767711213307,2025-02-12 10:19:29,IMAGE,FEED,4,0,483,177,0,0,4,2025-11-25 17:33:52.976
17841406083211195,18045767711213307,2025-02-12 10:19:29,IMAGE,FEED,4,0,484,177,0,0,4,2025-11-26 17:36:02.324
17841406083211195,18045767711213307,2025-02-12 10:19:29,IMAGE,FEED,4,0,485,177,0,0,4,2025-11-30 17:33:04.197
17841406083211195,18045767711213307,2025-02-12 10:19:29,IMAGE,FEED,4,0,487,177,0,0,4,2025-12-03 17:35:49.229
17841406083211195,18045767711213307,2025-02-12 10:19:29,IMAGE,FEED,4,0,488,177,0,0,4,2025-12-04 17:33:52.372
17841406083211195,18045767711213307,2025-02-12 10:19:29,IMAGE,FEED,4,0,489,178,0,0,4,2025-12-05 17:34:03.812
17841406083211195,18045767711213307,2025-02-12 10:19:29,IMAGE,FEED,4,0,490,178,0,0,4,2025-12-08 17:32:36.770
17841406083211195,18045767711213307,2025-02-12 10:19:29,IMAGE,FEED,4,0,492,178,0,0,4,2025-12-12 17:34:34.579
17841406083211195,18045767711213307,2025-02-12 10:19:29,IMAGE,FEED,4,0,496,179,0,0,4,2025-12-24 17:29:21.587
17841406083211195,18045767711213307,2025-02-12 10:19:29,IMAGE,FEED,4,0,500,179,0,0,4,2025-12-25 17:29:48.437
17841406083211195,18050116397192186,2025-02-24 10:12:47,IMAGE,FEED,3,0,231,146,0,0,3,2025-04-17 17:31:52.818
17841406083211195,18050116397192186,2025-02-24 10:12:47,IMAGE,FEED,3,0,231,146,0,0,3,2025-04-18 19:14:47.756
17841406083211195,18050116397192186,2025-02-24 10:12:47,IMAGE,FEED,3,0,235,147,0,0,3,2025-04-20 21:57:33.566
17841406083211195,18050116397192186,2025-02-24 10:12:47,IMAGE,FEED,3,0,236,147,0,0,3,2025-04-24 17:29:59.133
17841406083211195,18050116397192186,2025-02-24 10:12:47,IMAGE,FEED,3,0,237,148,0,0,3,2025-04-25 17:30:04.369
17841406083211195,18050116397192186,2025-02-24 10:12:47,IMAGE,FEED,3,0,238,149,0,0,3,2025-04-26 17:29:17.237
17841406083211195,18050116397192186,2025-02-24 10:12:47,IMAGE,FEED,3,0,239,149,0,0,3,2025-04-27 17:31:03.890
17841406083211195,18050116397192186,2025-02-24 10:12:47,IMAGE,FEED,3,0,240,150,0,0,3,2025-04-29 17:29:04.406
17841406083211195,18050116397192186,2025-02-24 10:12:47,IMAGE,FEED,3,0,243,151,0,0,3,2025-05-01 17:31:37.131
17841406083211195,18050116397192186,2025-02-24 10:12:47,IMAGE,FEED,3,0,244,151,0,0,3,2025-05-04 17:28:52.314
17841406083211195,18050116397192186,2025-02-24 10:12:47,IMAGE,FEED,3,0,247,152,0,0,3,2025-05-05 17:29:55.876
17841406083211195,18050116397192186,2025-02-24 10:12:47,IMAGE,FEED,3,0,252,154,0,0,3,2025-05-06 17:29:33.102
17841406083211195,18050116397192186,2025-02-24 10:12:47,IMAGE,FEED,3,0,253,155,0,0,3,2025-05-07 17:28:45.311
17841406083211195,18050116397192186,2025-02-24 10:12:47,IMAGE,FEED,3,0,254,155,0,0,3,2025-05-08 17:30:01.760
17841406083211195,18050116397192186,2025-02-24 10:12:47,IMAGE,FEED,3,0,256,157,0,0,3,2025-05-10 17:30:36.598
17841406083211195,18050116397192186,2025-02-24 10:12:47,IMAGE,FEED,3,0,257,158,0,0,3,2025-05-11 17:29:45.385
17841406083211195,18050116397192186,2025-02-24 10:12:47,IMAGE,FEED,3,0,258,158,0,0,3,2025-05-13 17:29:33.125
17841406083211195,18050116397192186,2025-02-24 10:12:47,IMAGE,FEED,3,0,259,159,0,0,3,2025-05-16 17:31:00.290
17841406083211195,18050116397192186,2025-02-24 10:12:47,IMAGE,FEED,3,0,261,161,0,0,3,2025-05-17 17:30:06.319
17841406083211195,18050116397192186,2025-02-24 10:12:47,IMAGE,FEED,3,0,262,162,0,0,3,2025-05-18 17:30:27.081
17841406083211195,18050116397192186,2025-02-24 10:12:47,IMAGE,FEED,3,0,263,163,0,0,3,2025-05-20 17:29:17.943
17841406083211195,18050116397192186,2025-02-24 10:12:47,IMAGE,FEED,3,0,264,164,0,0,3,2025-05-21 17:30:08.517
17841406083211195,18050116397192186,2025-02-24 10:12:47,IMAGE,FEED,3,0,265,164,0,0,3,2025-05-24 17:30:42.260
17841406083211195,18050116397192186,2025-02-24 10:12:47,IMAGE,FEED,3,0,267,166,0,0,3,2025-05-28 17:30:33.829
17841406083211195,18050116397192186,2025-02-24 10:12:47,IMAGE,FEED,3,0,268,167,0,0,3,2025-06-03 17:29:46.452
17841406083211195,18050116397192186,2025-02-24 10:12:47,IMAGE,FEED,4,0,271,168,0,0,4,2025-06-05 17:30:24.263
17841406083211195,18050116397192186,2025-02-24 10:12:47,IMAGE,FEED,4,0,279,172,0,0,4,2025-07-03 03:00:11.485
17841406083211195,18050116397192186,2025-02-24 10:12:47,IMAGE,FEED,4,0,281,172,0,0,4,2025-07-03 17:30:07.995
17841406083211195,18050116397192186,2025-02-24 10:12:47,IMAGE,FEED,4,0,285,172,0,0,4,2025-07-07 17:30:48.217
17841406083211195,18050116397192186,2025-02-24 10:12:47,IMAGE,FEED,4,0,286,173,0,0,4,2025-07-08 17:30:04.065
17841406083211195,18050116397192186,2025-02-24 10:12:47,IMAGE,FEED,4,0,287,173,0,0,4,2025-07-12 17:30:18.824
17841406083211195,18050116397192186,2025-02-24 10:12:47,IMAGE,FEED,4,0,288,174,0,0,4,2025-07-16 17:30:13.814
17841406083211195,18050116397192186,2025-02-24 10:12:47,IMAGE,FEED,4,0,290,174,0,0,4,2025-07-17 17:29:57.874
17841406083211195,18050116397192186,2025-02-24 10:12:47,IMAGE,FEED,4,0,291,174,0,0,4,2025-07-19 17:30:13.147
17841406083211195,18050116397192186,2025-02-24 10:12:47,IMAGE,FEED,4,0,293,175,0,0,4,2025-07-21 17:30:54.851
17841406083211195,18050116397192186,2025-02-24 10:12:47,IMAGE,FEED,4,0,294,175,0,0,4,2025-07-24 17:30:11.321
17841406083211195,18050116397192186,2025-02-24 10:12:47,IMAGE,FEED,4,0,296,176,0,0,4,2025-07-26 17:30:13.360
17841406083211195,18050116397192186,2025-02-24 10:12:47,IMAGE,FEED,4,0,303,179,0,0,4,2025-07-28 17:29:22.358
17841406083211195,18050116397192186,2025-02-24 10:12:47,IMAGE,FEED,4,0,304,180,0,0,4,2025-07-31 17:29:02.402
17841406083211195,18050116397192186,2025-02-24 10:12:47,IMAGE,FEED,4,0,309,182,0,0,4,2025-08-02 17:29:47.478
17841406083211195,18050116397192186,2025-02-24 10:12:47,IMAGE,FEED,4,0,310,182,0,0,4,2025-08-03 17:29:51.708
17841406083211195,18050116397192186,2025-02-24 10:12:47,IMAGE,FEED,4,0,311,182,0,0,4,2025-08-04 17:30:32.197
17841406083211195,18050116397192186,2025-02-24 10:12:47,IMAGE,FEED,4,0,313,183,0,0,4,2025-08-06 17:29:32.814
17841406083211195,18050116397192186,2025-02-24 10:12:47,IMAGE,FEED,4,0,314,183,0,0,4,2025-08-07 17:30:03.406
17841406083211195,18050116397192186,2025-02-24 10:12:47,IMAGE,FEED,4,0,315,184,0,0,4,2025-08-08 17:29:41.596
17841406083211195,18050116397192186,2025-02-24 10:12:47,IMAGE,FEED,4,0,324,184,0,0,4,2025-08-11 17:30:48.469
17841406083211195,18050116397192186,2025-02-24 10:12:47,IMAGE,FEED,4,0,329,185,0,0,4,2025-08-14 17:30:47.868
17841406083211195,18050116397192186,2025-02-24 10:12:47,IMAGE,FEED,4,0,332,186,0,0,4,2025-08-16 17:29:48.203
17841406083211195,18050116397192186,2025-02-24 10:12:47,IMAGE,FEED,4,0,333,186,0,0,4,2025-08-17 17:28:55.755
17841406083211195,18050116397192186,2025-02-24 10:12:47,IMAGE,FEED,4,0,339,186,0,0,4,2025-08-18 17:29:09.074
17841406083211195,18050116397192186,2025-02-24 10:12:47,IMAGE,FEED,4,0,341,186,0,0,4,2025-08-20 17:29:54.706
17841406083211195,18050116397192186,2025-02-24 10:12:47,IMAGE,FEED,4,0,345,187,0,0,4,2025-08-21 17:30:35.456
17841406083211195,18050116397192186,2025-02-24 10:12:47,IMAGE,FEED,4,0,353,189,0,0,4,2025-08-22 17:29:39.572
17841406083211195,18050116397192186,2025-02-24 10:12:47,IMAGE,FEED,4,0,354,189,0,0,4,2025-08-23 17:29:46.433
17841406083211195,18050116397192186,2025-02-24 10:12:47,IMAGE,FEED,4,0,356,189,0,0,4,2025-08-24 17:29:21.895
17841406083211195,18050116397192186,2025-02-24 10:12:47,IMAGE,FEED,4,0,370,189,0,0,4,2025-08-25 17:29:53.216
17841406083211195,18050116397192186,2025-02-24 10:12:47,IMAGE,FEED,4,0,375,190,0,0,4,2025-08-26 17:29:23.369
17841406083211195,18050116397192186,2025-02-24 10:12:47,IMAGE,FEED,4,0,380,190,0,0,4,2025-08-27 17:30:31.269
17841406083211195,18050116397192186,2025-02-24 10:12:47,IMAGE,FEED,4,0,382,190,0,0,4,2025-08-28 17:31:46.027
17841406083211195,18050116397192186,2025-02-24 10:12:47,IMAGE,FEED,4,0,383,190,0,0,4,2025-08-29 17:28:59.735
17841406083211195,18050116397192186,2025-02-24 10:12:47,IMAGE,FEED,4,0,384,190,0,0,4,2025-08-30 17:30:35.883
17841406083211195,18050116397192186,2025-02-24 10:12:47,IMAGE,FEED,4,0,390,190,0,0,4,2025-08-31 17:29:08.157
17841406083211195,18050116397192186,2025-02-24 10:12:47,IMAGE,FEED,4,0,461,198,0,0,4,2025-10-01 04:10:09.699
17841406083211195,18050116397192186,2025-02-24 10:12:47,IMAGE,FEED,4,0,463,198,0,0,4,2025-10-02 04:04:43.621
17841406083211195,18050116397192186,2025-02-24 10:12:47,IMAGE,FEED,4,0,464,198,0,0,4,2025-10-02 17:29:46.315
17841406083211195,18050116397192186,2025-02-24 10:12:47,IMAGE,FEED,4,0,465,198,0,0,4,2025-10-06 17:29:02.567
17841406083211195,18050116397192186,2025-02-24 10:12:47,IMAGE,FEED,4,0,468,199,0,0,4,2025-10-08 17:29:55.669
17841406083211195,18050116397192186,2025-02-24 10:12:47,IMAGE,FEED,4,0,475,199,0,0,4,2025-10-09 17:29:07.190
17841406083211195,18050116397192186,2025-02-24 10:12:47,IMAGE,FEED,4,0,478,199,0,0,4,2025-10-12 17:29:04.382
17841406083211195,18050116397192186,2025-02-24 10:12:47,IMAGE,FEED,4,0,481,199,0,0,4,2025-10-14 17:28:35.639
17841406083211195,18050116397192186,2025-02-24 10:12:47,IMAGE,FEED,4,0,483,200,0,0,4,2025-10-15 17:30:08.627
17841406083211195,18050116397192186,2025-02-24 10:12:47,IMAGE,FEED,4,0,484,200,0,0,4,2025-10-16 17:29:14.747
17841406083211195,18050116397192186,2025-02-24 10:12:47,IMAGE,FEED,4,0,487,200,0,0,4,2025-10-17 17:30:11.774
17841406083211195,18050116397192186,2025-02-24 10:12:47,IMAGE,FEED,4,0,489,200,0,0,4,2025-10-18 17:28:43.371
17841406083211195,18050116397192186,2025-02-24 10:12:47,IMAGE,FEED,4,0,490,200,0,0,4,2025-10-20 17:29:38.007
17841406083211195,18050116397192186,2025-02-24 10:12:47,IMAGE,FEED,4,0,498,203,0,0,4,2025-10-21 17:28:55.528
17841406083211195,18050116397192186,2025-02-24 10:12:47,IMAGE,FEED,4,0,499,203,0,0,4,2025-10-22 17:29:11.382
17841406083211195,18050116397192186,2025-02-24 10:12:47,IMAGE,FEED,4,0,501,203,0,0,4,2025-10-23 17:28:45.974
17841406083211195,18050116397192186,2025-02-24 10:12:47,IMAGE,FEED,4,0,514,206,0,0,4,2025-10-27 17:29:04.355
17841406083211195,18050116397192186,2025-02-24 10:12:47,IMAGE,FEED,4,0,551,206,0,0,4,2025-10-28 17:30:01.157
17841406083211195,18050116397192186,2025-02-24 10:12:47,IMAGE,FEED,4,0,552,206,0,0,4,2025-10-29 17:29:48.674
17841406083211195,18050116397192186,2025-02-24 10:12:47,IMAGE,FEED,4,0,558,206,0,0,4,2025-10-31 17:29:18.974
17841406083211195,18050116397192186,2025-02-24 10:12:47,IMAGE,FEED,4,0,559,206,0,0,4,2025-11-02 17:29:16.154
17841406083211195,18050116397192186,2025-02-24 10:12:47,IMAGE,FEED,4,0,560,206,0,0,4,2025-11-03 17:29:12.904
17841406083211195,18050116397192186,2025-02-24 10:12:47,IMAGE,FEED,4,0,563,207,0,0,4,2025-11-04 17:28:42.948
17841406083211195,18050116397192186,2025-02-24 10:12:47,IMAGE,FEED,4,0,583,209,0,0,4,2025-11-06 17:29:06.867
17841406083211195,18050116397192186,2025-02-24 10:12:47,IMAGE,FEED,4,0,584,209,0,0,4,2025-11-07 17:29:28.067
17841406083211195,18050116397192186,2025-02-24 10:12:47,IMAGE,FEED,4,0,591,211,0,0,4,2025-11-08 17:29:51.375
17841406083211195,18050116397192186,2025-02-24 10:12:47,IMAGE,FEED,4,0,593,212,0,0,4,2025-11-09 17:29:04.276
17841406083211195,18050116397192186,2025-02-24 10:12:47,IMAGE,FEED,4,0,594,212,0,0,4,2025-11-10 17:29:32.000
17841406083211195,18050116397192186,2025-02-24 10:12:47,IMAGE,FEED,4,0,597,213,0,0,4,2025-11-11 17:29:22.337
17841406083211195,18050116397192186,2025-02-24 10:12:47,IMAGE,FEED,4,0,600,214,0,0,4,2025-11-12 17:29:20.873
17841406083211195,18050116397192186,2025-02-24 10:12:47,IMAGE,FEED,4,0,601,214,0,0,4,2025-11-13 17:30:02.201
17841406083211195,18050116397192186,2025-02-24 10:12:47,IMAGE,FEED,4,0,602,214,0,0,4,2025-11-14 17:29:25.551
17841406083211195,18050116397192186,2025-02-24 10:12:47,IMAGE,FEED,4,0,605,214,0,0,4,2025-11-16 17:30:12.335
17841406083211195,18050116397192186,2025-02-24 10:12:47,IMAGE,FEED,4,0,609,214,0,0,4,2025-11-19 17:34:29.227
17841406083211195,18050116397192186,2025-02-24 10:12:47,IMAGE,FEED,4,0,612,214,0,0,4,2025-11-21 17:34:52.828
17841406083211195,18050116397192186,2025-02-24 10:12:47,IMAGE,FEED,4,0,614,214,0,0,4,2025-11-23 17:32:38.416
17841406083211195,18050116397192186,2025-02-24 10:12:47,IMAGE,FEED,4,0,615,214,0,0,4,2025-11-24 17:35:31.258
17841406083211195,18050116397192186,2025-02-24 10:12:47,IMAGE,FEED,4,0,616,215,0,0,4,2025-11-25 17:33:52.979
17841406083211195,18050116397192186,2025-02-24 10:12:47,IMAGE,FEED,4,0,622,217,0,0,4,2025-11-26 17:36:02.330
17841406083211195,18050116397192186,2025-02-24 10:12:47,IMAGE,FEED,4,0,623,217,0,0,4,2025-11-28 17:34:15.267
17841406083211195,18050116397192186,2025-02-24 10:12:47,IMAGE,FEED,4,0,626,218,0,0,4,2025-11-29 17:35:21.124
17841406083211195,18050116397192186,2025-02-24 10:12:47,IMAGE,FEED,5,0,630,219,0,0,5,2025-11-30 17:33:04.205
17841406083211195,18050116397192186,2025-02-24 10:12:47,IMAGE,FEED,5,0,632,219,0,0,5,2025-12-01 17:33:15.138
17841406083211195,18050116397192186,2025-02-24 10:12:47,IMAGE,FEED,5,0,634,220,0,0,5,2025-12-03 17:35:49.236
17841406083211195,18050116397192186,2025-02-24 10:12:47,IMAGE,FEED,5,0,636,221,0,0,5,2025-12-05 17:34:03.818
17841406083211195,18050116397192186,2025-02-24 10:12:47,IMAGE,FEED,5,0,638,221,0,0,5,2025-12-08 17:32:36.777
17841406083211195,18050116397192186,2025-02-24 10:12:47,IMAGE,FEED,5,0,644,222,0,0,5,2025-12-11 17:33:08.741
17841406083211195,18050116397192186,2025-02-24 10:12:47,IMAGE,FEED,5,0,646,222,0,0,5,2025-12-12 17:34:34.582
17841406083211195,18050116397192186,2025-02-24 10:12:47,IMAGE,FEED,5,0,649,222,0,0,5,2025-12-17 17:29:13.839
17841406083211195,18050116397192186,2025-02-24 10:12:47,IMAGE,FEED,5,0,650,223,0,0,5,2025-12-18 17:31:24.193
17841406083211195,18050116397192186,2025-02-24 10:12:47,IMAGE,FEED,5,0,651,223,0,0,5,2025-12-20 17:35:37.714
17841406083211195,18050116397192186,2025-02-24 10:12:47,IMAGE,FEED,5,0,653,224,0,0,5,2025-12-21 17:30:09.431
17841406083211195,18050116397192186,2025-02-24 10:12:47,IMAGE,FEED,5,0,654,225,0,0,5,2025-12-22 17:28:52.804
17841406083211195,18050116397192186,2025-02-24 10:12:47,IMAGE,FEED,5,0,656,225,0,0,5,2025-12-24 17:29:21.594
17841406083211195,18050116397192186,2025-02-24 10:12:47,IMAGE,FEED,5,0,661,225,0,0,5,2025-12-25 17:29:40.550
17841406083211195,18053198930019208,2025-01-20 10:30:04,IMAGE,FEED,11,0,216,145,0,0,11,2025-04-17 17:31:52.820
17841406083211195,18053198930019208,2025-01-20 10:30:04,IMAGE,FEED,11,0,216,145,0,0,11,2025-04-18 19:14:48.869
17841406083211195,18053198930019208,2025-01-20 10:30:04,IMAGE,FEED,11,0,218,146,0,0,11,2025-04-20 21:57:35.082
17841406083211195,18053198930019208,2025-01-20 10:30:04,IMAGE,FEED,11,0,219,147,0,0,11,2025-04-22 17:29:19.245
17841406083211195,18053198930019208,2025-01-20 10:30:04,IMAGE,FEED,11,0,220,148,0,0,11,2025-04-24 01:56:11.745
17841406083211195,18053198930019208,2025-01-20 10:30:04,IMAGE,FEED,11,0,221,149,0,0,11,2025-04-27 17:31:06.422
17841406083211195,18053198930019208,2025-01-20 10:30:04,IMAGE,FEED,11,0,222,150,0,0,11,2025-04-29 17:29:06.549
17841406083211195,18053198930019208,2025-01-20 10:30:04,IMAGE,FEED,11,0,223,151,0,0,11,2025-05-08 17:30:05.770
17841406083211195,18053198930019208,2025-01-20 10:30:04,IMAGE,FEED,11,0,224,152,0,0,11,2025-05-14 17:30:08.437
17841406083211195,18053198930019208,2025-01-20 10:30:04,IMAGE,FEED,11,0,225,153,0,0,11,2025-06-05 17:30:24.263
17841406083211195,18053198930019208,2025-01-20 10:30:04,IMAGE,FEED,11,0,228,155,0,0,11,2025-07-03 03:00:11.486
17841406083211195,18053198930019208,2025-01-20 10:30:04,IMAGE,FEED,11,0,229,155,0,0,11,2025-07-15 17:30:02.657
17841406083211195,18053198930019208,2025-01-20 10:30:04,IMAGE,FEED,11,0,230,155,0,0,11,2025-07-16 17:30:16.837
17841406083211195,18053198930019208,2025-01-20 10:30:04,IMAGE,FEED,11,0,231,155,0,0,11,2025-07-21 17:30:57.163
17841406083211195,18053198930019208,2025-01-20 10:30:04,IMAGE,FEED,11,0,232,155,0,0,11,2025-07-28 17:29:25.065
17841406083211195,18053198930019208,2025-01-20 10:30:04,IMAGE,FEED,11,0,233,155,0,0,11,2025-07-31 17:29:05.330
17841406083211195,18053198930019208,2025-01-20 10:30:04,IMAGE,FEED,11,0,235,156,0,0,11,2025-08-03 17:30:00.327
17841406083211195,18053198930019208,2025-01-20 10:30:04,IMAGE,FEED,11,0,236,156,0,0,11,2025-08-06 17:29:35.474
17841406083211195,18053198930019208,2025-01-20 10:30:04,IMAGE,FEED,11,0,237,157,0,0,11,2025-08-08 17:29:44.673
17841406083211195,18053198930019208,2025-01-20 10:30:04,IMAGE,FEED,11,0,245,157,0,0,11,2025-08-11 17:30:52.898
17841406083211195,18053198930019208,2025-01-20 10:30:04,IMAGE,FEED,11,0,247,157,0,0,11,2025-08-17 17:28:55.755
17841406083211195,18053198930019208,2025-01-20 10:30:04,IMAGE,FEED,11,0,257,157,0,0,11,2025-08-18 17:29:09.074
17841406083211195,18053198930019208,2025-01-20 10:30:04,IMAGE,FEED,11,0,260,157,0,0,11,2025-08-20 17:29:54.706
17841406083211195,18053198930019208,2025-01-20 10:30:04,IMAGE,FEED,11,0,261,157,0,0,11,2025-08-21 17:30:35.457
17841406083211195,18053198930019208,2025-01-20 10:30:04,IMAGE,FEED,11,0,263,157,0,0,11,2025-08-22 17:29:39.572
17841406083211195,18053198930019208,2025-01-20 10:30:04,IMAGE,FEED,11,0,264,157,0,0,11,2025-08-23 17:29:46.433
17841406083211195,18053198930019208,2025-01-20 10:30:04,IMAGE,FEED,11,0,266,157,0,0,11,2025-08-24 17:29:21.895
17841406083211195,18053198930019208,2025-01-20 10:30:04,IMAGE,FEED,11,0,274,157,0,0,11,2025-08-25 17:29:53.216
17841406083211195,18053198930019208,2025-01-20 10:30:04,IMAGE,FEED,11,0,279,157,0,0,11,2025-08-26 17:29:23.369
17841406083211195,18053198930019208,2025-01-20 10:30:04,IMAGE,FEED,11,0,283,157,0,0,11,2025-08-27 17:30:31.269
17841406083211195,18053198930019208,2025-01-20 10:30:04,IMAGE,FEED,11,0,284,157,0,0,11,2025-08-28 17:31:46.027
17841406083211195,18053198930019208,2025-01-20 10:30:04,IMAGE,FEED,11,0,285,157,0,0,11,2025-08-29 17:28:59.735
17841406083211195,18053198930019208,2025-01-20 10:30:04,IMAGE,FEED,11,0,286,157,0,0,11,2025-08-30 17:30:35.884
17841406083211195,18053198930019208,2025-01-20 10:30:04,IMAGE,FEED,11,0,287,157,0,0,11,2025-08-31 17:29:08.157
17841406083211195,18053198930019208,2025-01-20 10:30:04,IMAGE,FEED,11,0,325,157,0,0,11,2025-10-02 04:04:44.833
17841406083211195,18053198930019208,2025-01-20 10:30:04,IMAGE,FEED,11,0,326,157,0,0,11,2025-10-02 17:29:48.096
17841406083211195,18053198930019208,2025-01-20 10:30:04,IMAGE,FEED,11,0,327,157,0,0,11,2025-10-04 17:29:55.316
17841406083211195,18053198930019208,2025-01-20 10:30:04,IMAGE,FEED,11,0,328,157,0,0,11,2025-10-08 17:29:57.265
17841406083211195,18053198930019208,2025-01-20 10:30:04,IMAGE,FEED,11,0,335,157,0,0,11,2025-10-09 17:29:08.616
17841406083211195,18053198930019208,2025-01-20 10:30:04,IMAGE,FEED,11,0,336,157,0,0,11,2025-10-12 17:29:06.951
17841406083211195,18053198930019208,2025-01-20 10:30:04,IMAGE,FEED,11,0,346,157,1,0,12,2025-10-13 17:29:09.814
17841406083211195,18053198930019208,2025-01-20 10:30:04,IMAGE,FEED,11,0,347,157,1,0,12,2025-10-14 17:28:37.712
17841406083211195,18053198930019208,2025-01-20 10:30:04,IMAGE,FEED,11,0,349,158,1,0,12,2025-10-15 17:30:10.589
17841406083211195,18053198930019208,2025-01-20 10:30:04,IMAGE,FEED,11,0,350,158,1,0,12,2025-10-16 17:29:16.652
17841406083211195,18053198930019208,2025-01-20 10:30:04,IMAGE,FEED,11,0,352,158,1,0,12,2025-10-17 17:30:13.410
17841406083211195,18053198930019208,2025-01-20 10:30:04,IMAGE,FEED,11,0,355,158,1,0,12,2025-10-18 17:28:45.304
17841406083211195,18053198930019208,2025-01-20 10:30:04,IMAGE,FEED,11,0,356,158,1,0,12,2025-10-20 17:29:42.605
17841406083211195,18053198930019208,2025-01-20 10:30:04,IMAGE,FEED,11,0,357,158,1,0,12,2025-10-21 17:28:58.693
17841406083211195,18053198930019208,2025-01-20 10:30:04,IMAGE,FEED,11,0,358,158,1,0,12,2025-10-22 17:29:13.608
17841406083211195,18053198930019208,2025-01-20 10:30:04,IMAGE,FEED,11,0,360,158,1,0,12,2025-10-23 17:28:47.783
17841406083211195,18053198930019208,2025-01-20 10:30:04,IMAGE,FEED,11,0,364,158,1,0,12,2025-10-27 17:29:08.602
17841406083211195,18053198930019208,2025-01-20 10:30:04,IMAGE,FEED,11,0,389,158,1,0,12,2025-10-28 17:30:05.411
17841406083211195,18053198930019208,2025-01-20 10:30:04,IMAGE,FEED,11,0,390,158,1,0,12,2025-10-29 17:29:55.118
17841406083211195,18053198930019208,2025-01-20 10:30:04,IMAGE,FEED,11,0,395,158,1,0,12,2025-10-31 17:29:25.715
17841406083211195,18053198930019208,2025-01-20 10:30:04,IMAGE,FEED,11,0,396,158,1,0,12,2025-11-02 17:29:29.175
17841406083211195,18053198930019208,2025-01-20 10:30:04,IMAGE,FEED,11,0,398,158,1,0,12,2025-11-03 17:29:12.904
17841406083211195,18053198930019208,2025-01-20 10:30:04,IMAGE,FEED,11,0,400,158,1,0,12,2025-11-04 17:28:42.949
17841406083211195,18053198930019208,2025-01-20 10:30:04,IMAGE,FEED,11,0,402,158,1,0,12,2025-11-06 17:29:06.867
17841406083211195,18053198930019208,2025-01-20 10:30:04,IMAGE,FEED,11,0,404,158,1,0,12,2025-11-09 17:29:04.276
17841406083211195,18053198930019208,2025-01-20 10:30:04,IMAGE,FEED,11,0,405,158,1,0,12,2025-11-10 17:29:32.001
17841406083211195,18053198930019208,2025-01-20 10:30:04,IMAGE,FEED,11,0,406,158,1,0,12,2025-11-11 17:29:22.338
17841406083211195,18053198930019208,2025-01-20 10:30:04,IMAGE,FEED,11,0,408,158,1,0,12,2025-11-12 17:29:20.873
17841406083211195,18053198930019208,2025-01-20 10:30:04,IMAGE,FEED,11,0,411,158,1,0,12,2025-11-13 17:30:02.202
17841406083211195,18053198930019208,2025-01-20 10:30:04,IMAGE,FEED,11,0,412,158,1,0,12,2025-11-14 17:29:25.551
17841406083211195,18053198930019208,2025-01-20 10:30:04,IMAGE,FEED,11,0,415,158,1,0,12,2025-11-16 17:30:12.336
17841406083211195,18053198930019208,2025-01-20 10:30:04,IMAGE,FEED,11,0,419,158,1,0,12,2025-11-21 17:34:52.829
17841406083211195,18053198930019208,2025-01-20 10:30:04,IMAGE,FEED,11,0,420,158,1,0,12,2025-11-25 17:33:52.980
17841406083211195,18053198930019208,2025-01-20 10:30:04,IMAGE,FEED,11,0,421,158,1,0,12,2025-11-26 17:36:02.331
17841406083211195,18053198930019208,2025-01-20 10:30:04,IMAGE,FEED,11,0,422,158,1,0,12,2025-12-03 17:35:49.236
17841406083211195,18053198930019208,2025-01-20 10:30:04,IMAGE,FEED,11,0,423,158,1,0,12,2025-12-04 17:33:52.380
17841406083211195,18053198930019208,2025-01-20 10:30:04,IMAGE,FEED,11,0,424,159,1,0,12,2025-12-05 17:34:03.819
17841406083211195,18053198930019208,2025-01-20 10:30:04,IMAGE,FEED,11,0,425,159,1,0,12,2025-12-06 17:34:25.657
17841406083211195,18053198930019208,2025-01-20 10:30:04,IMAGE,FEED,11,0,426,160,1,0,12,2025-12-08 17:32:36.778
17841406083211195,18053198930019208,2025-01-20 10:30:04,IMAGE,FEED,11,0,428,160,1,0,12,2025-12-09 17:34:43.093
17841406083211195,18053198930019208,2025-01-20 10:30:04,IMAGE,FEED,11,0,429,160,1,0,12,2025-12-12 17:34:34.582
17841406083211195,18053198930019208,2025-01-20 10:30:04,IMAGE,FEED,11,0,432,160,1,0,12,2025-12-24 17:29:27.243
17841406083211195,18053198930019208,2025-01-20 10:30:04,IMAGE,FEED,11,0,437,160,1,0,12,2025-12-25 17:29:48.439
17841406083211195,18053213516017762,2025-04-20 11:17:28,IMAGE,FEED,8,0,257,184,0,5,13,2025-04-20 17:28:58.753
17841406083211195,18053213516017762,2025-04-20 11:17:28,IMAGE,FEED,8,0,264,191,0,5,13,2025-04-20 18:36:26.571
17841406083211195,18053213516017762,2025-04-20 11:17:28,IMAGE,FEED,8,0,271,196,0,5,13,2025-04-20 19:43:57.912
17841406083211195,18053213516017762,2025-04-20 11:17:28,IMAGE,FEED,8,0,272,197,0,5,13,2025-04-20 20:50:46.498
17841406083211195,18053213516017762,2025-04-20 11:17:28,IMAGE,FEED,8,0,275,198,0,5,13,2025-04-20 21:57:28.791
17841406083211195,18053213516017762,2025-04-20 11:17:28,IMAGE,FEED,10,0,413,294,0,5,15,2025-04-21 17:29:09.709
17841406083211195,18053213516017762,2025-04-20 11:17:28,IMAGE,FEED,10,0,414,295,0,5,15,2025-04-21 21:59:38.065
17841406083211195,18053213516017762,2025-04-20 11:17:28,IMAGE,FEED,10,0,416,296,0,5,15,2025-04-22 02:31:24.482
17841406083211195,18053213516017762,2025-04-20 11:17:28,IMAGE,FEED,10,0,417,296,0,5,15,2025-04-22 03:15:11.338
17841406083211195,18053213516017762,2025-04-20 11:17:28,IMAGE,FEED,10,0,419,296,0,5,15,2025-04-22 04:22:44.392
17841406083211195,18053213516017762,2025-04-20 11:17:28,IMAGE,FEED,10,0,420,298,0,5,15,2025-04-22 05:32:55.670
17841406083211195,18053213516017762,2025-04-20 11:17:28,IMAGE,FEED,10,0,421,299,0,5,15,2025-04-22 06:39:40.207
17841406083211195,18053213516017762,2025-04-20 11:17:28,IMAGE,FEED,10,0,435,305,0,5,15,2025-04-22 17:29:09.931
17841406083211195,18053213516017762,2025-04-20 11:17:28,IMAGE,FEED,10,0,442,309,0,5,15,2025-04-24 01:56:04.342
17841406083211195,18053213516017762,2025-04-20 11:17:28,IMAGE,FEED,11,0,455,314,0,5,16,2025-04-24 17:29:51.598
17841406083211195,18053213516017762,2025-04-20 11:17:28,IMAGE,FEED,11,0,462,319,0,5,16,2025-04-25 17:30:04.368
17841406083211195,18053213516017762,2025-04-20 11:17:28,IMAGE,FEED,11,0,467,323,0,5,16,2025-04-26 17:29:17.237
17841406083211195,18053213516017762,2025-04-20 11:17:28,IMAGE,FEED,11,0,469,324,0,5,16,2025-04-27 17:31:03.890
17841406083211195,18053213516017762,2025-04-20 11:17:28,IMAGE,FEED,11,0,480,329,0,5,16,2025-04-28 17:30:00.136
17841406083211195,18053213516017762,2025-04-20 11:17:28,IMAGE,FEED,11,0,482,331,0,5,16,2025-04-29 17:29:04.406
17841406083211195,18053213516017762,2025-04-20 11:17:28,IMAGE,FEED,11,0,485,333,0,5,16,2025-04-30 17:30:59.235
17841406083211195,18053213516017762,2025-04-20 11:17:28,IMAGE,FEED,11,0,490,335,0,5,16,2025-05-01 17:31:37.131
17841406083211195,18053213516017762,2025-04-20 11:17:28,IMAGE,FEED,11,0,497,340,0,5,16,2025-05-02 17:29:30.528
17841406083211195,18053213516017762,2025-04-20 11:17:28,IMAGE,FEED,11,0,499,342,0,5,16,2025-05-03 17:30:39.028
17841406083211195,18053213516017762,2025-04-20 11:17:28,IMAGE,FEED,11,0,507,348,0,5,16,2025-05-04 17:28:52.313
17841406083211195,18053213516017762,2025-04-20 11:17:28,IMAGE,FEED,11,0,511,349,0,5,16,2025-05-05 17:29:55.876
17841406083211195,18053213516017762,2025-04-20 11:17:28,IMAGE,FEED,11,0,517,355,0,5,16,2025-05-06 17:29:33.101
17841406083211195,18053213516017762,2025-04-20 11:17:28,IMAGE,FEED,11,0,520,357,0,5,16,2025-05-07 17:28:45.311
17841406083211195,18053213516017762,2025-04-20 11:17:28,IMAGE,FEED,11,0,524,359,0,5,16,2025-05-08 17:30:01.760
17841406083211195,18053213516017762,2025-04-20 11:17:28,IMAGE,FEED,11,0,530,363,0,5,16,2025-05-09 17:31:06.448
17841406083211195,18053213516017762,2025-04-20 11:17:28,IMAGE,FEED,11,0,531,365,0,5,16,2025-05-11 17:29:45.384
17841406083211195,18053213516017762,2025-04-20 11:17:28,IMAGE,FEED,11,0,533,366,0,5,16,2025-05-12 17:30:45.011
17841406083211195,18053213516017762,2025-04-20 11:17:28,IMAGE,FEED,11,0,537,369,0,5,16,2025-05-13 17:29:33.124
17841406083211195,18053213516017762,2025-04-20 11:17:28,IMAGE,FEED,11,0,540,369,0,5,16,2025-05-14 17:30:05.777
17841406083211195,18053213516017762,2025-04-20 11:17:28,IMAGE,FEED,11,0,542,369,0,5,16,2025-05-15 17:30:17.668
17841406083211195,18053213516017762,2025-04-20 11:17:28,IMAGE,FEED,11,0,543,371,0,5,16,2025-05-16 17:31:00.290
17841406083211195,18053213516017762,2025-04-20 11:17:28,IMAGE,FEED,11,0,546,374,0,5,16,2025-05-17 17:30:06.318
17841406083211195,18053213516017762,2025-04-20 11:17:28,IMAGE,FEED,11,0,548,374,0,5,16,2025-05-18 17:30:27.080
17841406083211195,18053213516017762,2025-04-20 11:17:28,IMAGE,FEED,11,0,551,378,0,5,16,2025-05-19 17:30:02.664
17841406083211195,18053213516017762,2025-04-20 11:17:28,IMAGE,FEED,11,0,554,378,0,5,16,2025-05-22 17:30:10.260
17841406083211195,18053213516017762,2025-04-20 11:17:28,IMAGE,FEED,11,0,556,380,0,5,16,2025-05-24 17:30:42.260
17841406083211195,18053213516017762,2025-04-20 11:17:28,IMAGE,FEED,11,0,558,381,0,5,16,2025-05-25 17:31:05.654
17841406083211195,18053213516017762,2025-04-20 11:17:28,IMAGE,FEED,11,0,561,384,0,5,16,2025-05-26 17:30:22.059
17841406083211195,18053213516017762,2025-04-20 11:17:28,IMAGE,FEED,11,0,564,385,0,5,16,2025-05-27 17:30:25.254
17841406083211195,18053213516017762,2025-04-20 11:17:28,IMAGE,FEED,11,0,566,385,0,5,16,2025-05-28 17:30:33.829
17841406083211195,18053213516017762,2025-04-20 11:17:28,IMAGE,FEED,11,0,568,385,0,5,16,2025-05-30 17:29:56.106
17841406083211195,18053213516017762,2025-04-20 11:17:28,IMAGE,FEED,11,0,569,386,0,5,16,2025-05-31 17:30:02.399
17841406083211195,18053213516017762,2025-04-20 11:17:28,IMAGE,FEED,11,0,572,386,0,5,16,2025-06-01 17:29:49.086
17841406083211195,18053213516017762,2025-04-20 11:17:28,IMAGE,FEED,11,0,573,387,0,5,16,2025-06-02 17:30:36.023
17841406083211195,18053213516017762,2025-04-20 11:17:28,IMAGE,FEED,11,0,574,389,0,5,16,2025-06-03 17:29:40.476
17841406083211195,18053213516017762,2025-04-20 11:17:28,IMAGE,FEED,11,0,576,390,0,5,16,2025-06-05 17:30:15.491
17841406083211195,18053213516017762,2025-04-20 11:17:28,IMAGE,FEED,11,0,614,403,0,5,16,2025-07-03 03:00:02.144
17841406083211195,18053213516017762,2025-04-20 11:17:28,IMAGE,FEED,11,0,615,403,0,5,16,2025-07-03 17:29:59.207
17841406083211195,18053213516017762,2025-04-20 11:17:28,IMAGE,FEED,11,0,617,404,0,5,16,2025-07-04 17:30:58.671
17841406083211195,18053213516017762,2025-04-20 11:17:28,IMAGE,FEED,11,0,621,404,0,5,16,2025-07-06 17:30:30.239
17841406083211195,18053213516017762,2025-04-20 11:17:28,IMAGE,FEED,11,0,623,404,0,5,16,2025-07-07 17:30:38.830
17841406083211195,18053213516017762,2025-04-20 11:17:28,IMAGE,FEED,11,0,625,404,0,5,16,2025-07-09 17:30:35.110
17841406083211195,18053213516017762,2025-04-20 11:17:28,IMAGE,FEED,11,0,629,404,0,5,16,2025-07-10 17:29:25.301
17841406083211195,18053213516017762,2025-04-20 11:17:28,IMAGE,FEED,11,0,631,404,0,5,16,2025-07-11 17:29:52.113
17841406083211195,18053213516017762,2025-04-20 11:17:28,IMAGE,FEED,11,0,633,404,0,5,16,2025-07-14 17:30:36.578
17841406083211195,18053213516017762,2025-04-20 11:17:28,IMAGE,FEED,11,0,642,404,0,5,16,2025-07-15 17:30:00.594
17841406083211195,18053213516017762,2025-04-20 11:17:28,IMAGE,FEED,11,0,643,404,0,5,16,2025-07-16 17:30:13.814
17841406083211195,18053213516017762,2025-04-20 11:17:28,IMAGE,FEED,11,0,648,404,0,5,16,2025-07-17 17:29:57.873
17841406083211195,18053213516017762,2025-04-20 11:17:28,IMAGE,FEED,11,0,653,404,0,5,16,2025-07-18 17:29:56.759
17841406083211195,18053213516017762,2025-04-20 11:17:28,IMAGE,FEED,11,0,660,406,0,5,16,2025-07-20 17:30:24.972
17841406083211195,18053213516017762,2025-04-20 11:17:28,IMAGE,FEED,11,0,661,407,0,5,16,2025-07-21 17:30:54.850
17841406083211195,18053213516017762,2025-04-20 11:17:28,IMAGE,FEED,11,0,667,407,0,5,16,2025-07-23 17:30:26.063
17841406083211195,18053213516017762,2025-04-20 11:17:28,IMAGE,FEED,11,0,672,408,0,5,16,2025-07-24 17:30:11.321
17841406083211195,18053213516017762,2025-04-20 11:17:28,IMAGE,FEED,11,0,674,409,0,5,16,2025-07-27 17:30:43.457
17841406083211195,18053213516017762,2025-04-20 11:17:28,IMAGE,FEED,11,0,680,409,0,5,16,2025-07-29 17:29:59.938
17841406083211195,18053213516017762,2025-04-20 11:17:28,IMAGE,FEED,11,0,688,411,0,5,16,2025-07-31 17:29:02.402
17841406083211195,18053213516017762,2025-04-20 11:17:28,IMAGE,FEED,11,0,694,411,0,5,16,2025-08-01 17:30:15.515
17841406083211195,18053213516017762,2025-04-20 11:17:28,IMAGE,FEED,11,0,695,411,0,5,16,2025-08-02 17:29:47.478
17841406083211195,18053213516017762,2025-04-20 11:17:28,IMAGE,FEED,11,0,698,411,0,5,16,2025-08-03 17:29:51.707
17841406083211195,18053213516017762,2025-04-20 11:17:28,IMAGE,FEED,11,0,699,411,0,5,16,2025-08-05 17:30:39.103
17841406083211195,18053213516017762,2025-04-20 11:17:28,IMAGE,FEED,11,0,700,411,0,5,16,2025-08-06 17:29:32.814
17841406083211195,18053213516017762,2025-04-20 11:17:28,IMAGE,FEED,11,0,702,411,0,5,16,2025-08-08 17:29:41.595
17841406083211195,18053213516017762,2025-04-20 11:17:28,IMAGE,FEED,11,0,709,411,0,5,16,2025-08-10 17:29:54.202
17841406083211195,18053213516017762,2025-04-20 11:17:28,IMAGE,FEED,11,0,710,412,0,5,16,2025-08-11 17:30:48.468
17841406083211195,18053213516017762,2025-04-20 11:17:28,IMAGE,FEED,11,0,715,412,0,5,16,2025-08-12 17:31:33.943
17841406083211195,18053213516017762,2025-04-20 11:17:28,IMAGE,FEED,11,0,717,412,0,5,16,2025-08-14 17:30:40.918
17841406083211195,18053213516017762,2025-04-20 11:17:28,IMAGE,FEED,11,0,742,413,0,5,16,2025-08-15 17:29:31.456
17841406083211195,18053213516017762,2025-04-20 11:17:28,IMAGE,FEED,11,0,749,413,0,5,16,2025-08-16 17:29:42.440
17841406083211195,18053213516017762,2025-04-20 11:17:28,IMAGE,FEED,11,0,750,413,0,5,16,2025-08-17 17:28:52.678
17841406083211195,18053213516017762,2025-04-20 11:17:28,IMAGE,FEED,11,0,764,413,0,5,16,2025-08-18 17:29:03.015
17841406083211195,18053213516017762,2025-04-20 11:17:28,IMAGE,FEED,11,0,784,413,0,5,16,2025-08-19 17:29:48.969
17841406083211195,18053213516017762,2025-04-20 11:17:28,IMAGE,FEED,11,0,793,413,0,5,16,2025-08-20 17:29:49.051
17841406083211195,18053213516017762,2025-04-20 11:17:28,IMAGE,FEED,11,0,804,414,0,5,16,2025-08-21 17:30:28.988
17841406083211195,18053213516017762,2025-04-20 11:17:28,IMAGE,FEED,11,0,814,418,0,5,16,2025-08-22 17:29:32.369
17841406083211195,18053213516017762,2025-04-20 11:17:28,IMAGE,FEED,11,0,815,418,0,5,16,2025-08-23 17:29:39.827
17841406083211195,18053213516017762,2025-04-20 11:17:28,IMAGE,FEED,11,0,820,418,0,5,16,2025-08-24 17:29:14.560
17841406083211195,18053213516017762,2025-04-20 11:17:28,IMAGE,FEED,11,0,841,418,0,5,16,2025-08-25 17:29:45.209
17841406083211195,18053213516017762,2025-04-20 11:17:28,IMAGE,FEED,11,0,857,418,0,5,16,2025-08-26 17:29:15.105
17841406083211195,18053213516017762,2025-04-20 11:17:28,IMAGE,FEED,11,0,865,418,0,5,16,2025-08-27 17:30:23.668
17841406083211195,18053213516017762,2025-04-20 11:17:28,IMAGE,FEED,11,0,868,418,0,5,16,2025-08-28 17:31:28.494
17841406083211195,18053213516017762,2025-04-20 11:17:28,IMAGE,FEED,11,0,871,418,0,5,16,2025-08-30 17:30:25.970
17841406083211195,18053213516017762,2025-04-20 11:17:28,IMAGE,FEED,11,0,881,418,0,5,16,2025-08-31 17:28:56.740
17841406083211195,18053213516017762,2025-04-20 11:17:28,IMAGE,FEED,11,0,1031,425,0,5,16,2025-10-01 04:10:01.755
17841406083211195,18053213516017762,2025-04-20 11:17:28,IMAGE,FEED,11,0,1036,425,0,5,16,2025-10-02 04:04:36.975
17841406083211195,18053213516017762,2025-04-20 11:17:28,IMAGE,FEED,11,0,1039,425,0,5,16,2025-10-02 17:29:39.998
17841406083211195,18053213516017762,2025-04-20 11:17:28,IMAGE,FEED,11,0,1046,426,0,5,16,2025-10-04 17:29:46.380
17841406083211195,18053213516017762,2025-04-20 11:17:28,IMAGE,FEED,11,0,1049,426,0,5,16,2025-10-05 17:29:33.600
17841406083211195,18053213516017762,2025-04-20 11:17:28,IMAGE,FEED,11,0,1050,426,0,5,16,2025-10-06 17:28:55.812
17841406083211195,18053213516017762,2025-04-20 11:17:28,IMAGE,FEED,11,0,1052,426,0,5,16,2025-10-07 17:28:46.426
17841406083211195,18053213516017762,2025-04-20 11:17:28,IMAGE,FEED,11,0,1054,426,0,5,16,2025-10-08 17:29:55.669
17841406083211195,18053213516017762,2025-04-20 11:17:28,IMAGE,FEED,11,0,1062,426,0,5,16,2025-10-09 17:29:07.189
17841406083211195,18053213516017762,2025-04-20 11:17:28,IMAGE,FEED,11,0,1064,426,0,5,16,2025-10-10 17:30:20.763
17841406083211195,18053213516017762,2025-04-20 11:17:28,IMAGE,FEED,11,0,1065,426,0,5,16,2025-10-11 17:28:44.344
17841406083211195,18053213516017762,2025-04-20 11:17:28,IMAGE,FEED,11,0,1067,426,0,5,16,2025-10-12 17:29:04.382
17841406083211195,18053213516017762,2025-04-20 11:17:28,IMAGE,FEED,11,0,1071,426,0,5,16,2025-10-13 17:29:08.096
17841406083211195,18053213516017762,2025-04-20 11:17:28,IMAGE,FEED,11,0,1072,426,0,5,16,2025-10-14 17:28:35.638
17841406083211195,18053213516017762,2025-04-20 11:17:28,IMAGE,FEED,11,0,1073,426,0,5,16,2025-10-15 17:30:08.627
17841406083211195,18053213516017762,2025-04-20 11:17:28,IMAGE,FEED,11,0,1075,426,0,5,16,2025-10-16 17:29:14.747
17841406083211195,18053213516017762,2025-04-20 11:17:28,IMAGE,FEED,11,0,1081,426,0,5,16,2025-10-17 17:30:11.773
17841406083211195,18053213516017762,2025-04-20 11:17:28,IMAGE,FEED,11,0,1084,426,0,5,16,2025-10-18 17:28:43.370
17841406083211195,18053213516017762,2025-04-20 11:17:28,IMAGE,FEED,11,0,1086,426,0,5,16,2025-10-20 17:29:38.007
17841406083211195,18053213516017762,2025-04-20 11:17:28,IMAGE,FEED,11,0,1087,426,0,5,16,2025-10-21 17:28:55.528
17841406083211195,18053213516017762,2025-04-20 11:17:28,IMAGE,FEED,11,0,1088,426,0,5,16,2025-10-22 17:29:11.382
17841406083211195,18053213516017762,2025-04-20 11:17:28,IMAGE,FEED,11,0,1091,426,0,5,16,2025-10-23 17:28:45.973
17841406083211195,18053213516017762,2025-04-20 11:17:28,IMAGE,FEED,11,0,1098,426,0,5,16,2025-10-27 17:29:04.355
17841406083211195,18053213516017762,2025-04-20 11:17:28,IMAGE,FEED,11,0,1113,426,0,5,16,2025-10-28 17:30:01.157
17841406083211195,18053213516017762,2025-04-20 11:17:28,IMAGE,FEED,11,0,1115,426,0,5,16,2025-10-29 17:29:48.674
17841406083211195,18053213516017762,2025-04-20 11:17:28,IMAGE,FEED,11,0,1118,426,0,5,16,2025-10-31 17:29:18.973
17841406083211195,18053213516017762,2025-04-20 11:17:28,IMAGE,FEED,11,0,1119,426,0,5,16,2025-11-02 17:29:16.153
17841406083211195,18053213516017762,2025-04-20 11:17:28,IMAGE,FEED,11,0,1124,426,0,5,16,2025-11-03 17:29:06.669
17841406083211195,18053213516017762,2025-04-20 11:17:28,IMAGE,FEED,11,0,1129,426,0,5,16,2025-11-04 17:28:36.319
17841406083211195,18053213516017762,2025-04-20 11:17:28,IMAGE,FEED,11,0,1134,426,0,5,16,2025-11-05 17:28:45.047
17841406083211195,18053213516017762,2025-04-20 11:17:28,IMAGE,FEED,11,0,1136,426,0,5,16,2025-11-06 17:29:01.637
17841406083211195,18053213516017762,2025-04-20 11:17:28,IMAGE,FEED,11,0,1138,426,0,5,16,2025-11-07 17:29:19.582
17841406083211195,18053213516017762,2025-04-20 11:17:28,IMAGE,FEED,11,0,1145,426,0,5,16,2025-11-09 17:28:56.341
17841406083211195,18053213516017762,2025-04-20 11:17:28,IMAGE,FEED,11,0,1150,426,0,5,16,2025-11-10 17:29:23.642
17841406083211195,18053213516017762,2025-04-20 11:17:28,IMAGE,FEED,11,0,1151,426,0,5,16,2025-11-11 17:29:14.653
17841406083211195,18053213516017762,2025-04-20 11:17:28,IMAGE,FEED,11,0,1154,428,0,5,16,2025-11-12 17:29:12.213
17841406083211195,18053213516017762,2025-04-20 11:17:28,IMAGE,FEED,11,0,1160,428,0,5,16,2025-11-13 17:29:47.736
17841406083211195,18053213516017762,2025-04-20 11:17:28,IMAGE,FEED,11,0,1163,428,0,5,16,2025-11-14 17:29:17.978
17841406083211195,18053213516017762,2025-04-20 11:17:28,IMAGE,FEED,11,0,1165,428,0,5,16,2025-11-15 17:31:07.841
17841406083211195,18053213516017762,2025-04-20 11:17:28,IMAGE,FEED,11,0,1166,428,0,5,16,2025-11-16 17:30:03.483
17841406083211195,18053213516017762,2025-04-20 11:17:28,IMAGE,FEED,11,0,1170,428,0,5,16,2025-11-17 17:29:22.825
17841406083211195,18053213516017762,2025-04-20 11:17:28,IMAGE,FEED,11,0,1172,428,0,5,16,2025-11-18 17:29:13.853
17841406083211195,18053213516017762,2025-04-20 11:17:28,IMAGE,FEED,11,0,1174,428,0,5,16,2025-11-19 17:34:55.383
17841406083211195,18053213516017762,2025-04-20 11:17:28,IMAGE,FEED,11,0,1175,428,0,5,16,2025-11-20 17:35:25.639
17841406083211195,18053213516017762,2025-04-20 11:17:28,IMAGE,FEED,11,0,1180,428,0,5,16,2025-11-21 17:35:17.495
17841406083211195,18053213516017762,2025-04-20 11:17:28,IMAGE,FEED,11,0,1184,429,0,5,16,2025-11-22 17:33:30.630
17841406083211195,18053213516017762,2025-04-20 11:17:28,IMAGE,FEED,11,0,1186,429,0,5,16,2025-11-24 17:36:00.679
17841406083211195,18053213516017762,2025-04-20 11:17:28,IMAGE,FEED,11,0,1191,429,0,5,16,2025-11-25 17:34:17.705
17841406083211195,18053213516017762,2025-04-20 11:17:28,IMAGE,FEED,11,0,1196,429,0,5,16,2025-11-26 17:36:48.623
17841406083211195,18053213516017762,2025-04-20 11:17:28,IMAGE,FEED,11,0,1200,429,0,5,16,2025-11-28 17:34:54.939
17841406083211195,18053213516017762,2025-04-20 11:17:28,IMAGE,FEED,11,0,1201,429,0,5,16,2025-11-29 17:35:45.911
17841406083211195,18053213516017762,2025-04-20 11:17:28,IMAGE,FEED,11,0,1204,429,0,5,16,2025-11-30 17:33:23.499
17841406083211195,18053213516017762,2025-04-20 11:17:28,IMAGE,FEED,11,0,1211,429,0,5,16,2025-12-01 17:33:33.580
17841406083211195,18053213516017762,2025-04-20 11:17:28,IMAGE,FEED,11,0,1214,430,0,5,16,2025-12-02 17:34:52.697
17841406083211195,18053213516017762,2025-04-20 11:17:28,IMAGE,FEED,11,0,1225,430,0,5,16,2025-12-03 17:36:09.390
17841406083211195,18053213516017762,2025-04-20 11:17:28,IMAGE,FEED,11,0,1228,430,0,5,16,2025-12-05 17:34:22.773
17841406083211195,18053213516017762,2025-04-20 11:17:28,IMAGE,FEED,11,0,1229,430,0,5,16,2025-12-08 17:32:58.811
17841406083211195,18053213516017762,2025-04-20 11:17:28,IMAGE,FEED,11,0,1230,430,0,5,16,2025-12-09 17:35:08.330
17841406083211195,18053213516017762,2025-04-20 11:17:28,IMAGE,FEED,11,0,1233,430,0,5,16,2025-12-11 17:33:27.319
17841406083211195,18053213516017762,2025-04-20 11:17:28,IMAGE,FEED,11,0,1234,430,0,5,16,2025-12-12 17:35:06.524
17841406083211195,18053213516017762,2025-04-20 11:17:28,IMAGE,FEED,11,0,1237,430,0,5,16,2025-12-15 06:33:48.706
17841406083211195,18053213516017762,2025-04-20 11:17:28,IMAGE,FEED,11,0,1239,430,0,5,16,2025-12-17 17:29:13.839
17841406083211195,18053213516017762,2025-04-20 11:17:28,IMAGE,FEED,11,0,1241,430,0,5,16,2025-12-21 17:30:09.430
17841406083211195,18053213516017762,2025-04-20 11:17:28,IMAGE,FEED,11,0,1242,430,0,5,16,2025-12-22 17:28:52.804
17841406083211195,18053213516017762,2025-04-20 11:17:28,IMAGE,FEED,11,0,1243,430,0,5,16,2025-12-24 17:29:21.594
17841406083211195,18053213516017762,2025-04-20 11:17:28,IMAGE,FEED,11,0,1246,430,0,5,16,2025-12-25 17:29:40.550
17841406083211195,18059773012980637,2025-02-17 10:28:38,IMAGE,FEED,2,0,220,157,0,0,2,2025-04-17 17:31:52.809
17841406083211195,18059773012980637,2025-02-17 10:28:38,IMAGE,FEED,2,0,220,157,0,0,2,2025-04-18 19:14:47.753
17841406083211195,18059773012980637,2025-02-17 10:28:38,IMAGE,FEED,2,0,222,158,0,0,2,2025-04-19 21:58:31.471
17841406083211195,18059773012980637,2025-02-17 10:28:38,IMAGE,FEED,2,0,223,159,0,0,2,2025-04-24 01:56:09.941
17841406083211195,18059773012980637,2025-02-17 10:28:38,IMAGE,FEED,2,0,224,160,0,0,2,2025-04-24 17:29:59.124
17841406083211195,18059773012980637,2025-02-17 10:28:38,IMAGE,FEED,2,0,225,161,0,0,2,2025-04-25 17:30:04.358
17841406083211195,18059773012980637,2025-02-17 10:28:38,IMAGE,FEED,2,0,226,161,0,0,2,2025-05-05 17:29:55.872
17841406083211195,18059773012980637,2025-02-17 10:28:38,IMAGE,FEED,2,0,227,162,0,0,2,2025-05-08 17:30:01.755
17841406083211195,18059773012980637,2025-02-17 10:28:38,IMAGE,FEED,2,0,229,164,0,0,2,2025-05-14 17:30:05.774
17841406083211195,18059773012980637,2025-02-17 10:28:38,IMAGE,FEED,2,0,230,164,0,0,2,2025-05-18 17:30:27.079
17841406083211195,18059773012980637,2025-02-17 10:28:38,IMAGE,FEED,2,0,231,165,0,0,2,2025-05-21 17:30:08.513
17841406083211195,18059773012980637,2025-02-17 10:28:38,IMAGE,FEED,2,0,232,165,0,0,2,2025-05-24 17:30:46.334
17841406083211195,18059773012980637,2025-02-17 10:28:38,IMAGE,FEED,2,0,233,166,0,0,2,2025-05-25 17:31:08.739
17841406083211195,18059773012980637,2025-02-17 10:28:38,IMAGE,FEED,2,0,234,167,0,0,2,2025-05-28 17:30:39.443
17841406083211195,18059773012980637,2025-02-17 10:28:38,IMAGE,FEED,2,0,235,168,0,0,2,2025-06-05 17:30:24.259
17841406083211195,18059773012980637,2025-02-17 10:28:38,IMAGE,FEED,2,0,239,171,0,0,2,2025-07-03 03:00:11.477
17841406083211195,18059773012980637,2025-02-17 10:28:38,IMAGE,FEED,2,0,240,171,0,0,2,2025-07-03 17:30:07.990
17841406083211195,18059773012980637,2025-02-17 10:28:38,IMAGE,FEED,2,0,246,172,0,0,2,2025-07-04 17:31:09.105
17841406083211195,18059773012980637,2025-02-17 10:28:38,IMAGE,FEED,2,0,247,172,0,0,2,2025-07-09 17:30:35.078
17841406083211195,18059773012980637,2025-02-17 10:28:38,IMAGE,FEED,2,0,248,172,0,0,2,2025-07-12 17:30:18.822
17841406083211195,18059773012980637,2025-02-17 10:28:38,IMAGE,FEED,2,0,249,172,0,0,2,2025-07-15 17:30:00.592
17841406083211195,18059773012980637,2025-02-17 10:28:38,IMAGE,FEED,2,0,250,172,0,0,2,2025-07-16 17:30:13.811
17841406083211195,18059773012980637,2025-02-17 10:28:38,IMAGE,FEED,2,0,251,172,0,0,2,2025-07-21 17:30:54.846
17841406083211195,18059773012980637,2025-02-17 10:28:38,IMAGE,FEED,2,0,254,172,0,0,2,2025-07-28 17:29:22.355
17841406083211195,18059773012980637,2025-02-17 10:28:38,IMAGE,FEED,2,0,255,173,0,0,2,2025-07-31 17:29:02.397
17841406083211195,18059773012980637,2025-02-17 10:28:38,IMAGE,FEED,2,0,259,174,0,0,2,2025-08-04 17:30:32.193
17841406083211195,18059773012980637,2025-02-17 10:28:38,IMAGE,FEED,2,0,261,176,0,0,2,2025-08-08 17:29:44.671
17841406083211195,18059773012980637,2025-02-17 10:28:38,IMAGE,FEED,2,0,269,176,0,0,2,2025-08-11 17:30:52.896
17841406083211195,18059773012980637,2025-02-17 10:28:38,IMAGE,FEED,2,0,274,177,0,0,2,2025-08-17 17:28:55.754
17841406083211195,18059773012980637,2025-02-17 10:28:38,IMAGE,FEED,2,0,281,178,0,0,2,2025-08-18 17:29:09.073
17841406083211195,18059773012980637,2025-02-17 10:28:38,IMAGE,FEED,2,0,283,178,0,0,2,2025-08-20 17:29:54.704
17841406083211195,18059773012980637,2025-02-17 10:28:38,IMAGE,FEED,2,0,287,178,0,0,2,2025-08-21 17:30:35.453
17841406083211195,18059773012980637,2025-02-17 10:28:38,IMAGE,FEED,2,0,291,178,0,0,2,2025-08-22 17:29:39.570
17841406083211195,18059773012980637,2025-02-17 10:28:38,IMAGE,FEED,2,0,292,178,0,0,2,2025-08-23 17:29:46.430
17841406083211195,18059773012980637,2025-02-17 10:28:38,IMAGE,FEED,2,0,294,178,0,0,2,2025-08-24 17:29:21.892
17841406083211195,18059773012980637,2025-02-17 10:28:38,IMAGE,FEED,2,0,306,178,0,0,2,2025-08-25 17:29:53.215
17841406083211195,18059773012980637,2025-02-17 10:28:38,IMAGE,FEED,2,0,314,178,0,0,2,2025-08-26 17:29:23.367
17841406083211195,18059773012980637,2025-02-17 10:28:38,IMAGE,FEED,2,0,320,178,0,0,2,2025-08-27 17:30:31.267
17841406083211195,18059773012980637,2025-02-17 10:28:38,IMAGE,FEED,2,0,322,178,0,0,2,2025-08-28 17:31:46.025
17841406083211195,18059773012980637,2025-02-17 10:28:38,IMAGE,FEED,2,0,323,178,0,0,2,2025-08-30 17:30:35.882
17841406083211195,18059773012980637,2025-02-17 10:28:38,IMAGE,FEED,2,0,328,178,0,0,2,2025-08-31 17:29:08.154
17841406083211195,18059773012980637,2025-02-17 10:28:38,IMAGE,FEED,2,0,384,179,0,0,2,2025-10-02 04:04:43.620
17841406083211195,18059773012980637,2025-02-17 10:28:38,IMAGE,FEED,2,0,385,179,0,0,2,2025-10-02 17:29:46.311
17841406083211195,18059773012980637,2025-02-17 10:28:38,IMAGE,FEED,2,0,387,179,0,0,2,2025-10-06 17:29:02.564
17841406083211195,18059773012980637,2025-02-17 10:28:38,IMAGE,FEED,2,0,389,179,0,0,2,2025-10-08 17:29:55.667
17841406083211195,18059773012980637,2025-02-17 10:28:38,IMAGE,FEED,2,0,397,179,0,0,2,2025-10-09 17:29:07.185
17841406083211195,18059773012980637,2025-02-17 10:28:38,IMAGE,FEED,2,0,398,179,0,0,2,2025-10-12 17:29:04.378
17841406083211195,18059773012980637,2025-02-17 10:28:38,IMAGE,FEED,2,0,402,179,0,0,2,2025-10-14 17:28:35.635
17841406083211195,18059773012980637,2025-02-17 10:28:38,IMAGE,FEED,2,0,403,179,0,0,2,2025-10-15 17:30:08.625
17841406083211195,18059773012980637,2025-02-17 10:28:38,IMAGE,FEED,2,0,404,179,0,0,2,2025-10-16 17:29:14.743
17841406083211195,18059773012980637,2025-02-17 10:28:38,IMAGE,FEED,2,0,406,179,0,0,2,2025-10-17 17:30:11.770
17841406083211195,18059773012980637,2025-02-17 10:28:38,IMAGE,FEED,2,0,408,179,0,0,2,2025-10-18 17:28:43.366
17841406083211195,18059773012980637,2025-02-17 10:28:38,IMAGE,FEED,2,0,409,179,0,0,2,2025-10-20 17:29:38.005
17841406083211195,18059773012980637,2025-02-17 10:28:38,IMAGE,FEED,2,0,410,179,0,0,2,2025-10-21 17:28:55.526
17841406083211195,18059773012980637,2025-02-17 10:28:38,IMAGE,FEED,2,0,411,179,0,0,2,2025-10-22 17:29:11.378
17841406083211195,18059773012980637,2025-02-17 10:28:38,IMAGE,FEED,2,0,413,179,0,0,2,2025-10-23 17:28:45.970
17841406083211195,18059773012980637,2025-02-17 10:28:38,IMAGE,FEED,2,0,422,179,0,0,2,2025-10-27 17:29:04.351
17841406083211195,18059773012980637,2025-02-17 10:28:38,IMAGE,FEED,2,0,445,179,0,0,2,2025-10-28 17:30:05.410
17841406083211195,18059773012980637,2025-02-17 10:28:38,IMAGE,FEED,2,0,446,179,0,0,2,2025-10-29 17:29:55.117
17841406083211195,18059773012980637,2025-02-17 10:28:38,IMAGE,FEED,2,0,452,179,0,0,2,2025-10-31 17:29:25.714
17841406083211195,18059773012980637,2025-02-17 10:28:38,IMAGE,FEED,2,0,454,179,0,0,2,2025-11-02 17:29:29.172
17841406083211195,18059773012980637,2025-02-17 10:28:38,IMAGE,FEED,2,0,455,179,0,0,2,2025-11-03 17:29:12.902
17841406083211195,18059773012980637,2025-02-17 10:28:38,IMAGE,FEED,2,0,457,179,0,0,2,2025-11-04 17:28:42.947
17841406083211195,18059773012980637,2025-02-17 10:28:38,IMAGE,FEED,2,0,459,179,0,0,2,2025-11-06 17:29:06.865
17841406083211195,18059773012980637,2025-02-17 10:28:38,IMAGE,FEED,2,0,460,179,0,0,2,2025-11-07 17:29:28.066
17841406083211195,18059773012980637,2025-02-17 10:28:38,IMAGE,FEED,2,0,462,179,0,0,2,2025-11-09 17:29:04.273
17841406083211195,18059773012980637,2025-02-17 10:28:38,IMAGE,FEED,2,0,463,179,0,0,2,2025-11-10 17:29:31.998
17841406083211195,18059773012980637,2025-02-17 10:28:38,IMAGE,FEED,2,0,464,179,0,0,2,2025-11-11 17:29:22.336
17841406083211195,18059773012980637,2025-02-17 10:28:38,IMAGE,FEED,2,0,467,180,0,0,2,2025-11-12 17:29:20.871
17841406083211195,18059773012980637,2025-02-17 10:28:38,IMAGE,FEED,2,0,468,180,0,0,2,2025-11-13 17:30:02.193
17841406083211195,18059773012980637,2025-02-17 10:28:38,IMAGE,FEED,2,0,469,180,0,0,2,2025-11-14 17:29:25.548
17841406083211195,18059773012980637,2025-02-17 10:28:38,IMAGE,FEED,2,0,474,181,0,0,2,2025-11-16 17:30:12.333
17841406083211195,18059773012980637,2025-02-17 10:28:38,IMAGE,FEED,2,0,478,181,0,0,2,2025-11-21 17:34:52.825
17841406083211195,18059773012980637,2025-02-17 10:28:38,IMAGE,FEED,2,0,479,181,0,0,2,2025-11-25 17:33:52.978
17841406083211195,18059773012980637,2025-02-17 10:28:38,IMAGE,FEED,2,0,480,181,0,0,2,2025-11-30 17:33:04.202
17841406083211195,18059773012980637,2025-02-17 10:28:38,IMAGE,FEED,2,0,482,181,0,0,2,2025-12-01 17:33:15.137
17841406083211195,18059773012980637,2025-02-17 10:28:38,IMAGE,FEED,2,0,483,181,0,0,2,2025-12-03 17:35:49.233
17841406083211195,18059773012980637,2025-02-17 10:28:38,IMAGE,FEED,2,0,484,181,0,0,2,2025-12-05 17:34:03.816
17841406083211195,18059773012980637,2025-02-17 10:28:38,IMAGE,FEED,2,0,485,181,0,0,2,2025-12-08 17:32:36.774
17841406083211195,18059773012980637,2025-02-17 10:28:38,IMAGE,FEED,2,0,490,181,0,0,2,2025-12-12 17:34:34.581
17841406083211195,18059773012980637,2025-02-17 10:28:38,IMAGE,FEED,2,0,494,181,0,0,2,2025-12-20 17:35:37.712
17841406083211195,18059773012980637,2025-02-17 10:28:38,IMAGE,FEED,2,0,495,182,0,0,2,2025-12-24 17:29:21.590
17841406083211195,18059773012980637,2025-02-17 10:28:38,IMAGE,FEED,2,0,499,182,0,0,2,2025-12-25 17:29:40.548
17841406083211195,18059807362819358,2025-02-19 10:11:10,IMAGE,FEED,2,0,168,118,0,0,2,2025-04-17 17:31:52.780
17841406083211195,18059807362819358,2025-02-19 10:11:10,IMAGE,FEED,2,0,168,118,0,0,2,2025-04-18 19:14:47.746
17841406083211195,18059807362819358,2025-02-19 10:11:10,IMAGE,FEED,2,0,171,119,0,0,2,2025-04-22 06:39:46.045
17841406083211195,18059807362819358,2025-02-19 10:11:10,IMAGE,FEED,2,0,172,119,0,0,2,2025-04-24 01:56:09.937
17841406083211195,18059807362819358,2025-02-19 10:11:10,IMAGE,FEED,2,0,174,119,0,0,2,2025-04-24 17:29:59.099
17841406083211195,18059807362819358,2025-02-19 10:11:10,IMAGE,FEED,2,0,175,120,0,0,2,2025-04-25 17:30:04.345
17841406083211195,18059807362819358,2025-02-19 10:11:10,IMAGE,FEED,2,0,176,121,0,0,2,2025-04-27 17:31:03.880
17841406083211195,18059807362819358,2025-02-19 10:11:10,IMAGE,FEED,2,0,180,122,0,0,2,2025-05-02 17:29:30.513
17841406083211195,18059807362819358,2025-02-19 10:11:10,IMAGE,FEED,2,0,181,123,0,0,2,2025-05-04 17:28:52.305
17841406083211195,18059807362819358,2025-02-19 10:11:10,IMAGE,FEED,2,0,182,124,0,0,2,2025-05-08 17:30:01.745
17841406083211195,18059807362819358,2025-02-19 10:11:10,IMAGE,FEED,2,0,184,126,0,0,2,2025-05-14 17:30:05.765
17841406083211195,18059807362819358,2025-02-19 10:11:10,IMAGE,FEED,2,0,185,127,0,0,2,2025-05-18 17:30:27.075
17841406083211195,18059807362819358,2025-02-19 10:11:10,IMAGE,FEED,2,0,186,128,0,0,2,2025-05-20 17:29:17.934
17841406083211195,18059807362819358,2025-02-19 10:11:10,IMAGE,FEED,2,0,187,129,0,0,2,2025-05-22 17:30:10.249
17841406083211195,18059807362819358,2025-02-19 10:11:10,IMAGE,FEED,2,0,188,130,0,0,2,2025-05-24 17:30:42.227
17841406083211195,18059807362819358,2025-02-19 10:11:10,IMAGE,FEED,2,0,189,131,0,0,2,2025-05-28 17:30:39.438
17841406083211195,18059807362819358,2025-02-19 10:11:10,IMAGE,FEED,2,0,190,132,0,0,2,2025-06-05 17:30:24.248
17841406083211195,18059807362819358,2025-02-19 10:11:10,IMAGE,FEED,2,0,199,138,0,0,2,2025-07-03 03:00:11.461
17841406083211195,18059807362819358,2025-02-19 10:11:10,IMAGE,FEED,2,0,200,138,0,0,2,2025-07-03 17:30:07.979
17841406083211195,18059807362819358,2025-02-19 10:11:10,IMAGE,FEED,2,0,207,139,0,0,2,2025-07-04 17:31:09.097
17841406083211195,18059807362819358,2025-02-19 10:11:10,IMAGE,FEED,2,0,208,139,0,0,2,2025-07-06 17:30:40.998
17841406083211195,18059807362819358,2025-02-19 10:11:10,IMAGE,FEED,2,0,209,139,0,0,2,2025-07-09 17:30:35.057
17841406083211195,18059807362819358,2025-02-19 10:11:10,IMAGE,FEED,2,0,210,139,0,0,2,2025-07-10 17:29:25.282
17841406083211195,18059807362819358,2025-02-19 10:11:10,IMAGE,FEED,2,0,212,140,0,0,2,2025-07-15 17:30:00.588
17841406083211195,18059807362819358,2025-02-19 10:11:10,IMAGE,FEED,2,0,213,140,0,0,2,2025-07-16 17:30:13.804
17841406083211195,18059807362819358,2025-02-19 10:11:10,IMAGE,FEED,2,0,214,140,0,0,2,2025-07-20 17:30:24.960
17841406083211195,18059807362819358,2025-02-19 10:11:10,IMAGE,FEED,2,0,215,140,0,0,2,2025-07-21 17:30:54.838
17841406083211195,18059807362819358,2025-02-19 10:11:10,IMAGE,FEED,2,0,218,140,0,0,2,2025-07-22 17:30:46.711
17841406083211195,18059807362819358,2025-02-19 10:11:10,IMAGE,FEED,2,0,218,141,0,0,2,2025-07-28 17:29:22.347
17841406083211195,18059807362819358,2025-02-19 10:11:10,IMAGE,FEED,2,0,219,141,0,0,2,2025-07-30 17:30:21.208
17841406083211195,18059807362819358,2025-02-19 10:11:10,IMAGE,FEED,2,0,223,142,0,0,2,2025-07-31 17:29:02.385
17841406083211195,18059807362819358,2025-02-19 10:11:10,IMAGE,FEED,2,0,228,143,0,0,2,2025-08-03 17:29:51.696
17841406083211195,18059807362819358,2025-02-19 10:11:10,IMAGE,FEED,2,0,229,143,0,0,2,2025-08-04 17:30:32.185
17841406083211195,18059807362819358,2025-02-19 10:11:10,IMAGE,FEED,2,0,231,144,0,0,2,2025-08-05 17:30:39.095
17841406083211195,18059807362819358,2025-02-19 10:11:10,IMAGE,FEED,2,0,232,145,0,0,2,2025-08-06 17:29:32.807
17841406083211195,18059807362819358,2025-02-19 10:11:10,IMAGE,FEED,2,0,233,145,0,0,2,2025-08-08 17:29:41.575
17841406083211195,18059807362819358,2025-02-19 10:11:10,IMAGE,FEED,2,0,245,145,0,0,2,2025-08-11 17:30:52.890
17841406083211195,18059807362819358,2025-02-19 10:11:10,IMAGE,FEED,2,0,249,146,0,0,2,2025-08-17 17:28:55.751
17841406083211195,18059807362819358,2025-02-19 10:11:10,IMAGE,FEED,2,0,255,146,0,0,2,2025-08-18 17:29:09.069
17841406083211195,18059807362819358,2025-02-19 10:11:10,IMAGE,FEED,2,0,257,146,0,0,2,2025-08-20 17:29:54.695
17841406083211195,18059807362819358,2025-02-19 10:11:10,IMAGE,FEED,2,0,261,146,0,0,2,2025-08-21 17:30:35.443
17841406083211195,18059807362819358,2025-02-19 10:11:10,IMAGE,FEED,2,0,265,146,0,0,2,2025-08-23 17:29:46.422
17841406083211195,18059807362819358,2025-02-19 10:11:10,IMAGE,FEED,2,0,267,146,0,0,2,2025-08-24 17:29:21.885
17841406083211195,18059807362819358,2025-02-19 10:11:10,IMAGE,FEED,2,0,280,146,0,0,2,2025-08-25 17:29:53.210
17841406083211195,18059807362819358,2025-02-19 10:11:10,IMAGE,FEED,2,0,287,147,0,0,2,2025-08-26 17:29:23.358
17841406083211195,18059807362819358,2025-02-19 10:11:10,IMAGE,FEED,2,0,293,147,0,0,2,2025-08-27 17:30:31.258
17841406083211195,18059807362819358,2025-02-19 10:11:10,IMAGE,FEED,2,0,295,147,0,0,2,2025-08-28 17:31:46.019
17841406083211195,18059807362819358,2025-02-19 10:11:10,IMAGE,FEED,2,0,296,147,0,0,2,2025-08-30 17:30:35.877
17841406083211195,18059807362819358,2025-02-19 10:11:10,IMAGE,FEED,2,0,301,147,0,0,2,2025-08-31 17:29:08.144
17841406083211195,18059807362819358,2025-02-19 10:11:10,IMAGE,FEED,2,0,356,148,0,0,2,2025-10-02 04:04:43.615
17841406083211195,18059807362819358,2025-02-19 10:11:10,IMAGE,FEED,2,0,357,148,0,0,2,2025-10-02 17:29:46.302
17841406083211195,18059807362819358,2025-02-19 10:11:10,IMAGE,FEED,2,0,358,148,0,0,2,2025-10-04 17:29:53.384
17841406083211195,18059807362819358,2025-02-19 10:11:10,IMAGE,FEED,2,0,359,148,0,0,2,2025-10-06 17:29:02.556
17841406083211195,18059807362819358,2025-02-19 10:11:10,IMAGE,FEED,2,0,360,148,0,0,2,2025-10-08 17:29:55.662
17841406083211195,18059807362819358,2025-02-19 10:11:10,IMAGE,FEED,2,0,367,148,0,0,2,2025-10-09 17:29:07.175
17841406083211195,18059807362819358,2025-02-19 10:11:10,IMAGE,FEED,2,0,369,148,0,0,2,2025-10-12 17:29:04.368
17841406083211195,18059807362819358,2025-02-19 10:11:10,IMAGE,FEED,2,0,373,148,0,0,2,2025-10-14 17:28:35.628
17841406083211195,18059807362819358,2025-02-19 10:11:10,IMAGE,FEED,2,0,374,148,0,0,2,2025-10-15 17:30:08.621
17841406083211195,18059807362819358,2025-02-19 10:11:10,IMAGE,FEED,2,0,375,148,0,0,2,2025-10-16 17:29:14.733
17841406083211195,18059807362819358,2025-02-19 10:11:10,IMAGE,FEED,2,0,378,149,0,0,2,2025-10-17 17:30:11.762
17841406083211195,18059807362819358,2025-02-19 10:11:10,IMAGE,FEED,2,0,380,149,0,0,2,2025-10-18 17:28:43.356
17841406083211195,18059807362819358,2025-02-19 10:11:10,IMAGE,FEED,2,0,381,149,0,0,2,2025-10-20 17:29:38.000
17841406083211195,18059807362819358,2025-02-19 10:11:10,IMAGE,FEED,2,0,382,149,0,0,2,2025-10-21 17:28:55.521
17841406083211195,18059807362819358,2025-02-19 10:11:10,IMAGE,FEED,2,0,383,149,0,0,2,2025-10-22 17:29:11.370
17841406083211195,18059807362819358,2025-02-19 10:11:10,IMAGE,FEED,2,0,386,149,0,0,2,2025-10-23 17:28:45.961
17841406083211195,18059807362819358,2025-02-19 10:11:10,IMAGE,FEED,2,0,392,149,0,0,2,2025-10-24 17:29:06.727
17841406083211195,18059807362819358,2025-02-19 10:11:10,IMAGE,FEED,2,0,395,149,0,0,2,2025-10-27 17:29:04.340
17841406083211195,18059807362819358,2025-02-19 10:11:10,IMAGE,FEED,2,0,425,149,0,0,2,2025-10-28 17:30:01.151
17841406083211195,18059807362819358,2025-02-19 10:11:10,IMAGE,FEED,2,0,426,149,0,0,2,2025-10-29 17:29:55.114
17841406083211195,18059807362819358,2025-02-19 10:11:10,IMAGE,FEED,2,0,432,149,0,0,2,2025-10-31 17:29:25.710
17841406083211195,18059807362819358,2025-02-19 10:11:10,IMAGE,FEED,2,0,433,149,0,0,2,2025-11-02 17:29:29.165
17841406083211195,18059807362819358,2025-02-19 10:11:10,IMAGE,FEED,2,0,434,149,0,0,2,2025-11-03 17:29:12.898
17841406083211195,18059807362819358,2025-02-19 10:11:10,IMAGE,FEED,2,0,436,149,0,0,2,2025-11-04 17:28:42.944
17841406083211195,18059807362819358,2025-02-19 10:11:10,IMAGE,FEED,2,0,439,149,0,0,2,2025-11-06 17:29:06.858
17841406083211195,18059807362819358,2025-02-19 10:11:10,IMAGE,FEED,2,0,440,149,0,0,2,2025-11-07 17:29:28.062
17841406083211195,18059807362819358,2025-02-19 10:11:10,IMAGE,FEED,2,0,442,149,0,0,2,2025-11-09 17:29:04.263
17841406083211195,18059807362819358,2025-02-19 10:11:10,IMAGE,FEED,2,0,443,149,0,0,2,2025-11-10 17:29:31.988
17841406083211195,18059807362819358,2025-02-19 10:11:10,IMAGE,FEED,2,0,444,149,0,0,2,2025-11-11 17:29:22.331
17841406083211195,18059807362819358,2025-02-19 10:11:10,IMAGE,FEED,2,0,447,150,0,0,2,2025-11-12 17:29:20.863
17841406083211195,18059807362819358,2025-02-19 10:11:10,IMAGE,FEED,2,0,448,150,0,0,2,2025-11-13 17:30:02.176
17841406083211195,18059807362819358,2025-02-19 10:11:10,IMAGE,FEED,2,0,449,150,0,0,2,2025-11-14 17:29:25.540
17841406083211195,18059807362819358,2025-02-19 10:11:10,IMAGE,FEED,2,0,453,151,0,0,2,2025-11-16 17:30:12.327
17841406083211195,18059807362819358,2025-02-19 10:11:10,IMAGE,FEED,2,0,457,151,0,0,2,2025-11-21 17:34:52.815
17841406083211195,18059807362819358,2025-02-19 10:11:10,IMAGE,FEED,2,0,458,151,0,0,2,2025-11-25 17:33:52.974
17841406083211195,18059807362819358,2025-02-19 10:11:10,IMAGE,FEED,2,0,459,151,0,0,2,2025-11-26 17:36:02.321
17841406083211195,18059807362819358,2025-02-19 10:11:10,IMAGE,FEED,2,0,460,151,0,0,2,2025-11-30 17:33:04.193
17841406083211195,18059807362819358,2025-02-19 10:11:10,IMAGE,FEED,2,0,462,151,0,0,2,2025-12-01 17:33:15.133
17841406083211195,18059807362819358,2025-02-19 10:11:10,IMAGE,FEED,2,0,463,151,0,0,2,2025-12-03 17:35:49.225
17841406083211195,18059807362819358,2025-02-19 10:11:10,IMAGE,FEED,2,0,464,151,0,0,2,2025-12-04 17:33:52.369
17841406083211195,18059807362819358,2025-02-19 10:11:10,IMAGE,FEED,2,0,465,152,0,0,2,2025-12-05 17:34:03.809
17841406083211195,18059807362819358,2025-02-19 10:11:10,IMAGE,FEED,2,0,467,152,0,0,2,2025-12-08 17:32:36.766
17841406083211195,18059807362819358,2025-02-19 10:11:10,IMAGE,FEED,2,0,472,152,0,0,2,2025-12-12 17:34:34.576
17841406083211195,18059807362819358,2025-02-19 10:11:10,IMAGE,FEED,2,0,475,152,0,0,2,2025-12-24 17:29:21.581
17841406083211195,18059807362819358,2025-02-19 10:11:10,IMAGE,FEED,2,0,479,152,0,0,2,2025-12-25 17:29:40.543
17841406083211195,18064276193077999,2025-04-18 03:12:45,IMAGE,FEED,12,0,337,231,0,5,17,2025-04-18 17:28:55.107
17841406083211195,18064276193077999,2025-04-18 03:12:45,IMAGE,FEED,12,0,338,232,0,5,17,2025-04-18 17:54:00.105
17841406083211195,18064276193077999,2025-04-18 03:12:45,IMAGE,FEED,12,0,343,232,0,5,17,2025-04-18 18:06:20.047
17841406083211195,18064276193077999,2025-04-18 03:12:45,IMAGE,FEED,12,0,349,237,0,5,17,2025-04-18 19:14:42.103
17841406083211195,18064276193077999,2025-04-18 03:12:45,IMAGE,FEED,14,0,385,263,0,5,19,2025-04-19 18:36:33.936
17841406083211195,18064276193077999,2025-04-18 03:12:45,IMAGE,FEED,14,0,386,263,0,5,19,2025-04-19 19:43:55.213
17841406083211195,18064276193077999,2025-04-18 03:12:45,IMAGE,FEED,14,0,387,263,0,5,19,2025-04-19 21:58:25.726
17841406083211195,18064276193077999,2025-04-18 03:12:45,IMAGE,FEED,14,0,400,277,0,5,19,2025-04-20 21:57:28.797
17841406083211195,18064276193077999,2025-04-18 03:12:45,IMAGE,FEED,14,0,419,286,0,5,19,2025-04-22 02:31:24.492
17841406083211195,18064276193077999,2025-04-18 03:12:45,IMAGE,FEED,14,0,421,286,0,5,19,2025-04-22 03:15:11.344
17841406083211195,18064276193077999,2025-04-18 03:12:45,IMAGE,FEED,14,0,422,286,0,5,19,2025-04-22 05:32:55.677
17841406083211195,18064276193077999,2025-04-18 03:12:45,IMAGE,FEED,14,0,424,287,0,5,19,2025-04-22 06:39:40.217
17841406083211195,18064276193077999,2025-04-18 03:12:45,IMAGE,FEED,14,0,433,291,0,5,19,2025-04-22 17:29:09.950
17841406083211195,18064276193077999,2025-04-18 03:12:45,IMAGE,FEED,14,0,441,294,0,5,19,2025-04-24 01:56:04.345
17841406083211195,18064276193077999,2025-04-18 03:12:45,IMAGE,FEED,14,0,448,298,0,5,19,2025-04-24 17:29:51.612
17841406083211195,18064276193077999,2025-04-18 03:12:45,IMAGE,FEED,14,0,457,302,0,5,19,2025-04-25 17:30:04.377
17841406083211195,18064276193077999,2025-04-18 03:12:45,IMAGE,FEED,14,0,463,308,0,5,19,2025-04-26 17:29:17.241
17841406083211195,18064276193077999,2025-04-18 03:12:45,IMAGE,FEED,14,0,465,309,0,5,19,2025-04-27 17:31:03.894
17841406083211195,18064276193077999,2025-04-18 03:12:45,IMAGE,FEED,14,0,480,312,0,5,19,2025-04-28 17:30:00.141
17841406083211195,18064276193077999,2025-04-18 03:12:45,IMAGE,FEED,14,0,485,316,0,5,19,2025-04-29 17:29:04.411
17841406083211195,18064276193077999,2025-04-18 03:12:45,IMAGE,FEED,14,0,490,320,0,5,19,2025-04-30 17:30:59.239
17841406083211195,18064276193077999,2025-04-18 03:12:45,IMAGE,FEED,14,0,494,323,0,5,19,2025-05-01 17:31:37.135
17841406083211195,18064276193077999,2025-04-18 03:12:45,IMAGE,FEED,14,0,499,326,0,5,19,2025-05-02 17:29:30.531
17841406083211195,18064276193077999,2025-04-18 03:12:45,IMAGE,FEED,14,0,502,327,0,5,19,2025-05-03 17:30:39.032
17841406083211195,18064276193077999,2025-04-18 03:12:45,IMAGE,FEED,14,0,508,331,0,5,19,2025-05-04 17:28:52.317
17841406083211195,18064276193077999,2025-04-18 03:12:45,IMAGE,FEED,14,0,512,334,0,5,19,2025-05-05 17:29:55.880
17841406083211195,18064276193077999,2025-04-18 03:12:45,IMAGE,FEED,14,0,520,341,0,5,19,2025-05-06 17:29:33.105
17841406083211195,18064276193077999,2025-04-18 03:12:45,IMAGE,FEED,14,0,524,344,0,5,19,2025-05-07 17:28:45.314
17841406083211195,18064276193077999,2025-04-18 03:12:45,IMAGE,FEED,14,0,526,346,0,5,19,2025-05-08 17:30:01.768
17841406083211195,18064276193077999,2025-04-18 03:12:45,IMAGE,FEED,14,0,534,352,0,5,19,2025-05-09 17:31:06.453
17841406083211195,18064276193077999,2025-04-18 03:12:45,IMAGE,FEED,14,0,536,354,0,5,19,2025-05-10 17:30:36.601
17841406083211195,18064276193077999,2025-04-18 03:12:45,IMAGE,FEED,14,0,537,355,0,5,19,2025-05-11 17:29:45.388
17841406083211195,18064276193077999,2025-04-18 03:12:45,IMAGE,FEED,14,0,538,355,0,5,19,2025-05-12 17:30:45.015
17841406083211195,18064276193077999,2025-04-18 03:12:45,IMAGE,FEED,14,0,543,357,0,5,19,2025-05-13 17:29:33.128
17841406083211195,18064276193077999,2025-04-18 03:12:45,IMAGE,FEED,14,0,545,357,0,5,19,2025-05-14 17:30:05.782
17841406083211195,18064276193077999,2025-04-18 03:12:45,IMAGE,FEED,14,0,549,357,0,5,19,2025-05-15 17:30:17.672
17841406083211195,18064276193077999,2025-04-18 03:12:45,IMAGE,FEED,14,0,551,357,0,5,19,2025-05-16 17:31:00.294
17841406083211195,18064276193077999,2025-04-18 03:12:45,IMAGE,FEED,14,0,554,361,0,5,19,2025-05-17 17:30:06.321
17841406083211195,18064276193077999,2025-04-18 03:12:45,IMAGE,FEED,14,0,556,362,0,5,19,2025-05-18 17:30:27.082
17841406083211195,18064276193077999,2025-04-18 03:12:45,IMAGE,FEED,14,0,559,365,0,5,19,2025-05-19 17:30:02.667
17841406083211195,18064276193077999,2025-04-18 03:12:45,IMAGE,FEED,14,0,561,365,0,5,19,2025-05-22 17:30:10.264
17841406083211195,18064276193077999,2025-04-18 03:12:45,IMAGE,FEED,14,0,564,367,0,5,19,2025-05-24 17:30:42.275
17841406083211195,18064276193077999,2025-04-18 03:12:45,IMAGE,FEED,14,0,566,369,0,5,19,2025-05-25 17:31:05.660
17841406083211195,18064276193077999,2025-04-18 03:12:45,IMAGE,FEED,14,0,570,371,0,5,19,2025-05-26 17:30:22.065
17841406083211195,18064276193077999,2025-04-18 03:12:45,IMAGE,FEED,14,0,573,373,0,5,19,2025-05-27 17:30:25.260
17841406083211195,18064276193077999,2025-04-18 03:12:45,IMAGE,FEED,14,0,576,373,0,5,19,2025-05-28 17:30:33.835
17841406083211195,18064276193077999,2025-04-18 03:12:45,IMAGE,FEED,14,0,578,373,0,5,19,2025-05-29 17:29:32.686
17841406083211195,18064276193077999,2025-04-18 03:12:45,IMAGE,FEED,14,0,579,373,0,5,19,2025-05-30 17:29:56.111
17841406083211195,18064276193077999,2025-04-18 03:12:45,IMAGE,FEED,14,0,580,374,0,5,19,2025-05-31 17:30:02.407
17841406083211195,18064276193077999,2025-04-18 03:12:45,IMAGE,FEED,14,0,584,374,0,5,19,2025-06-01 17:29:49.090
17841406083211195,18064276193077999,2025-04-18 03:12:45,IMAGE,FEED,14,0,585,375,0,5,19,2025-06-02 17:30:36.029
17841406083211195,18064276193077999,2025-04-18 03:12:45,IMAGE,FEED,14,0,586,377,0,5,19,2025-06-03 17:29:40.483
17841406083211195,18064276193077999,2025-04-18 03:12:45,IMAGE,FEED,14,0,588,378,0,5,19,2025-06-05 17:30:15.499
17841406083211195,18064276193077999,2025-04-18 03:12:45,IMAGE,FEED,14,0,637,391,0,5,19,2025-07-03 03:00:02.152
17841406083211195,18064276193077999,2025-04-18 03:12:45,IMAGE,FEED,14,0,638,391,0,5,19,2025-07-03 17:29:59.214
17841406083211195,18064276193077999,2025-04-18 03:12:45,IMAGE,FEED,14,0,639,391,0,5,19,2025-07-04 17:30:58.677
17841406083211195,18064276193077999,2025-04-18 03:12:45,IMAGE,FEED,14,0,645,393,0,5,19,2025-07-06 17:30:30.246
17841406083211195,18064276193077999,2025-04-18 03:12:45,IMAGE,FEED,14,0,646,393,0,5,19,2025-07-07 17:30:38.835
17841406083211195,18064276193077999,2025-04-18 03:12:45,IMAGE,FEED,14,0,648,393,0,5,19,2025-07-09 17:30:35.136
17841406083211195,18064276193077999,2025-04-18 03:12:45,IMAGE,FEED,14,0,652,395,0,5,19,2025-07-10 17:29:25.308
17841406083211195,18064276193077999,2025-04-18 03:12:45,IMAGE,FEED,14,0,654,395,0,5,19,2025-07-11 17:29:52.118
17841406083211195,18064276193077999,2025-04-18 03:12:45,IMAGE,FEED,14,0,657,396,0,5,19,2025-07-14 17:30:36.584
17841406083211195,18064276193077999,2025-04-18 03:12:45,IMAGE,FEED,14,0,668,397,0,5,19,2025-07-15 17:30:00.596
17841406083211195,18064276193077999,2025-04-18 03:12:45,IMAGE,FEED,14,0,669,397,0,5,19,2025-07-16 17:30:13.818
17841406083211195,18064276193077999,2025-04-18 03:12:45,IMAGE,FEED,14,0,677,397,0,5,19,2025-07-17 17:29:57.879
17841406083211195,18064276193077999,2025-04-18 03:12:45,IMAGE,FEED,14,0,682,397,0,5,19,2025-07-18 17:29:56.774
17841406083211195,18064276193077999,2025-04-18 03:12:45,IMAGE,FEED,14,0,688,398,0,5,19,2025-07-19 17:30:13.150
17841406083211195,18064276193077999,2025-04-18 03:12:45,IMAGE,FEED,14,0,689,398,0,5,19,2025-07-21 17:30:54.857
17841406083211195,18064276193077999,2025-04-18 03:12:45,IMAGE,FEED,14,0,695,398,0,5,19,2025-07-23 17:30:26.067
17841406083211195,18064276193077999,2025-04-18 03:12:45,IMAGE,FEED,14,0,702,400,0,5,19,2025-07-24 17:30:11.327
17841406083211195,18064276193077999,2025-04-18 03:12:45,IMAGE,FEED,14,0,705,402,0,5,19,2025-07-25 17:29:48.904
17841406083211195,18064276193077999,2025-04-18 03:12:45,IMAGE,FEED,14,0,706,403,0,5,19,2025-07-27 17:30:43.460
17841406083211195,18064276193077999,2025-04-18 03:12:45,IMAGE,FEED,14,0,720,403,0,5,19,2025-07-29 17:29:59.940
17841406083211195,18064276193077999,2025-04-18 03:12:45,IMAGE,FEED,14,0,727,404,0,5,19,2025-07-30 17:30:21.223
17841406083211195,18064276193077999,2025-04-18 03:12:45,IMAGE,FEED,14,0,729,404,0,5,19,2025-07-31 17:29:02.408
17841406083211195,18064276193077999,2025-04-18 03:12:45,IMAGE,FEED,14,0,736,407,0,5,19,2025-08-01 17:30:15.520
17841406083211195,18064276193077999,2025-04-18 03:12:45,IMAGE,FEED,14,0,737,407,0,5,19,2025-08-02 17:29:47.483
17841406083211195,18064276193077999,2025-04-18 03:12:45,IMAGE,FEED,14,0,740,407,0,5,19,2025-08-03 17:29:51.712
17841406083211195,18064276193077999,2025-04-18 03:12:45,IMAGE,FEED,14,0,747,407,0,5,19,2025-08-05 17:30:39.106
17841406083211195,18064276193077999,2025-04-18 03:12:45,IMAGE,FEED,14,0,748,407,0,5,19,2025-08-06 17:29:32.817
17841406083211195,18064276193077999,2025-04-18 03:12:45,IMAGE,FEED,14,0,752,407,0,5,19,2025-08-08 17:29:41.601
17841406083211195,18064276193077999,2025-04-18 03:12:45,IMAGE,FEED,14,0,761,407,0,5,19,2025-08-10 17:29:54.205
17841406083211195,18064276193077999,2025-04-18 03:12:45,IMAGE,FEED,14,0,762,408,0,5,19,2025-08-11 17:30:48.473
17841406083211195,18064276193077999,2025-04-18 03:12:45,IMAGE,FEED,14,0,769,409,0,5,19,2025-08-14 17:30:40.922
17841406083211195,18064276193077999,2025-04-18 03:12:45,IMAGE,FEED,14,0,793,412,0,5,19,2025-08-15 17:29:31.462
17841406083211195,18064276193077999,2025-04-18 03:12:45,IMAGE,FEED,14,0,799,412,0,5,19,2025-08-16 17:29:42.444
17841406083211195,18064276193077999,2025-04-18 03:12:45,IMAGE,FEED,14,0,800,412,0,5,19,2025-08-17 17:28:52.682
17841406083211195,18064276193077999,2025-04-18 03:12:45,IMAGE,FEED,14,0,813,412,0,5,19,2025-08-18 17:29:03.021
17841406083211195,18064276193077999,2025-04-18 03:12:45,IMAGE,FEED,14,0,830,412,0,5,19,2025-08-19 17:29:48.976
17841406083211195,18064276193077999,2025-04-18 03:12:45,IMAGE,FEED,14,0,840,413,0,5,19,2025-08-20 17:29:49.056
17841406083211195,18064276193077999,2025-04-18 03:12:45,IMAGE,FEED,14,0,850,414,0,5,19,2025-08-21 17:30:28.994
17841406083211195,18064276193077999,2025-04-18 03:12:45,IMAGE,FEED,14,0,859,418,0,5,19,2025-08-22 17:29:32.375
17841406083211195,18064276193077999,2025-04-18 03:12:45,IMAGE,FEED,14,0,860,418,0,5,19,2025-08-23 17:29:39.832
17841406083211195,18064276193077999,2025-04-18 03:12:45,IMAGE,FEED,14,0,871,419,0,5,19,2025-08-24 17:29:14.567
17841406083211195,18064276193077999,2025-04-18 03:12:45,IMAGE,FEED,14,0,895,419,0,5,19,2025-08-25 17:29:45.212
17841406083211195,18064276193077999,2025-04-18 03:12:45,IMAGE,FEED,14,0,911,419,0,5,19,2025-08-26 17:29:15.111
17841406083211195,18064276193077999,2025-04-18 03:12:45,IMAGE,FEED,14,0,921,419,0,5,19,2025-08-27 17:30:23.674
17841406083211195,18064276193077999,2025-04-18 03:12:45,IMAGE,FEED,14,0,925,419,0,5,19,2025-08-28 17:31:28.500
17841406083211195,18064276193077999,2025-04-18 03:12:45,IMAGE,FEED,14,0,932,419,0,5,19,2025-08-30 17:30:25.973
17841406083211195,18064276193077999,2025-04-18 03:12:45,IMAGE,FEED,14,0,942,419,0,5,19,2025-08-31 17:28:56.747
17841406083211195,18064276193077999,2025-04-18 03:12:45,IMAGE,FEED,14,0,1110,429,0,5,19,2025-10-01 04:10:01.765
17841406083211195,18064276193077999,2025-04-18 03:12:45,IMAGE,FEED,14,0,1116,429,0,5,19,2025-10-02 04:04:36.979
17841406083211195,18064276193077999,2025-04-18 03:12:45,IMAGE,FEED,14,0,1120,429,0,5,19,2025-10-02 17:29:40.003
17841406083211195,18064276193077999,2025-04-18 03:12:45,IMAGE,FEED,14,0,1127,430,0,5,19,2025-10-04 17:29:46.386
17841406083211195,18064276193077999,2025-04-18 03:12:45,IMAGE,FEED,14,0,1130,430,0,5,19,2025-10-05 17:29:33.609
17841406083211195,18064276193077999,2025-04-18 03:12:45,IMAGE,FEED,14,0,1131,430,0,5,19,2025-10-07 17:28:46.431
17841406083211195,18064276193077999,2025-04-18 03:12:45,IMAGE,FEED,14,0,1133,430,0,5,19,2025-10-08 17:29:55.671
17841406083211195,18064276193077999,2025-04-18 03:12:45,IMAGE,FEED,14,0,1141,430,0,5,19,2025-10-09 17:29:07.194
17841406083211195,18064276193077999,2025-04-18 03:12:45,IMAGE,FEED,14,0,1143,430,0,5,19,2025-10-10 17:30:20.765
17841406083211195,18064276193077999,2025-04-18 03:12:45,IMAGE,FEED,14,0,1144,430,0,5,19,2025-10-11 17:28:44.350
17841406083211195,18064276193077999,2025-04-18 03:12:45,IMAGE,FEED,14,0,1146,430,0,5,19,2025-10-12 17:29:04.387
17841406083211195,18064276193077999,2025-04-18 03:12:45,IMAGE,FEED,14,0,1152,430,0,5,19,2025-10-13 17:29:08.100
17841406083211195,18064276193077999,2025-04-18 03:12:45,IMAGE,FEED,14,0,1153,430,0,5,19,2025-10-14 17:28:35.642
17841406083211195,18064276193077999,2025-04-18 03:12:45,IMAGE,FEED,14,0,1154,430,0,5,19,2025-10-15 17:30:08.629
17841406083211195,18064276193077999,2025-04-18 03:12:45,IMAGE,FEED,14,0,1156,430,0,5,19,2025-10-16 17:29:14.753
17841406083211195,18064276193077999,2025-04-18 03:12:45,IMAGE,FEED,14,0,1162,430,0,5,19,2025-10-17 17:30:11.779
17841406083211195,18064276193077999,2025-04-18 03:12:45,IMAGE,FEED,14,0,1165,430,0,5,19,2025-10-18 17:28:43.377
17841406083211195,18064276193077999,2025-04-18 03:12:45,IMAGE,FEED,14,0,1167,430,0,5,19,2025-10-20 17:29:38.009
17841406083211195,18064276193077999,2025-04-18 03:12:45,IMAGE,FEED,14,0,1168,430,0,5,19,2025-10-21 17:28:55.530
17841406083211195,18064276193077999,2025-04-18 03:12:45,IMAGE,FEED,14,0,1169,430,0,5,19,2025-10-22 17:29:11.387
17841406083211195,18064276193077999,2025-04-18 03:12:45,IMAGE,FEED,14,0,1172,430,0,5,19,2025-10-23 17:28:45.979
17841406083211195,18064276193077999,2025-04-18 03:12:45,IMAGE,FEED,14,0,1179,430,0,5,19,2025-10-27 17:29:04.359
17841406083211195,18064276193077999,2025-04-18 03:12:45,IMAGE,FEED,14,0,1192,430,0,5,19,2025-10-28 17:30:01.160
17841406083211195,18064276193077999,2025-04-18 03:12:45,IMAGE,FEED,14,0,1194,430,0,5,19,2025-10-29 17:29:48.677
17841406083211195,18064276193077999,2025-04-18 03:12:45,IMAGE,FEED,14,0,1197,430,0,5,19,2025-10-31 17:29:18.976
17841406083211195,18064276193077999,2025-04-18 03:12:45,IMAGE,FEED,14,0,1198,430,0,5,19,2025-11-02 17:29:16.159
17841406083211195,18064276193077999,2025-04-18 03:12:45,IMAGE,FEED,14,0,1203,430,0,5,19,2025-11-03 17:29:06.674
17841406083211195,18064276193077999,2025-04-18 03:12:45,IMAGE,FEED,14,0,1208,430,0,5,19,2025-11-04 17:28:36.322
17841406083211195,18064276193077999,2025-04-18 03:12:45,IMAGE,FEED,14,0,1213,430,0,5,19,2025-11-05 17:28:45.052
17841406083211195,18064276193077999,2025-04-18 03:12:45,IMAGE,FEED,14,0,1215,430,0,5,19,2025-11-06 17:29:01.643
17841406083211195,18064276193077999,2025-04-18 03:12:45,IMAGE,FEED,14,0,1217,430,0,5,19,2025-11-07 17:29:19.586
17841406083211195,18064276193077999,2025-04-18 03:12:45,IMAGE,FEED,14,0,1224,430,0,5,19,2025-11-09 17:28:56.347
17841406083211195,18064276193077999,2025-04-18 03:12:45,IMAGE,FEED,14,0,1229,430,0,5,19,2025-11-10 17:29:23.649
17841406083211195,18064276193077999,2025-04-18 03:12:45,IMAGE,FEED,14,0,1230,430,0,5,19,2025-11-11 17:29:14.656
17841406083211195,18064276193077999,2025-04-18 03:12:45,IMAGE,FEED,14,0,1234,430,0,5,19,2025-11-12 17:29:12.218
17841406083211195,18064276193077999,2025-04-18 03:12:45,IMAGE,FEED,14,0,1240,430,0,5,19,2025-11-13 17:29:47.743
17841406083211195,18064276193077999,2025-04-18 03:12:45,IMAGE,FEED,14,0,1243,430,0,5,19,2025-11-14 17:29:17.982
17841406083211195,18064276193077999,2025-04-18 03:12:45,IMAGE,FEED,14,0,1245,430,0,5,19,2025-11-15 17:31:07.846
17841406083211195,18064276193077999,2025-04-18 03:12:45,IMAGE,FEED,14,0,1246,430,0,5,19,2025-11-16 17:30:03.488
17841406083211195,18064276193077999,2025-04-18 03:12:45,IMAGE,FEED,14,0,1250,430,0,5,19,2025-11-17 17:29:22.830
17841406083211195,18064276193077999,2025-04-18 03:12:45,IMAGE,FEED,14,0,1252,430,0,5,19,2025-11-18 17:29:13.856
17841406083211195,18064276193077999,2025-04-18 03:12:45,IMAGE,FEED,14,0,1254,430,0,5,19,2025-11-19 17:34:55.387
17841406083211195,18064276193077999,2025-04-18 03:12:45,IMAGE,FEED,14,0,1255,430,0,5,19,2025-11-20 17:35:25.642
17841406083211195,18064276193077999,2025-04-18 03:12:45,IMAGE,FEED,14,0,1260,430,0,5,19,2025-11-21 17:35:17.506
17841406083211195,18064276193077999,2025-04-18 03:12:45,IMAGE,FEED,14,0,1263,431,0,5,19,2025-11-22 17:33:30.635
17841406083211195,18064276193077999,2025-04-18 03:12:45,IMAGE,FEED,14,0,1265,431,0,5,19,2025-11-24 17:36:00.682
17841406083211195,18064276193077999,2025-04-18 03:12:45,IMAGE,FEED,14,0,1270,431,0,5,19,2025-11-25 17:34:17.708
17841406083211195,18064276193077999,2025-04-18 03:12:45,IMAGE,FEED,14,0,1273,431,0,5,19,2025-11-26 17:36:48.628
17841406083211195,18064276193077999,2025-04-18 03:12:45,IMAGE,FEED,14,0,1277,431,0,5,19,2025-11-28 17:34:54.941
17841406083211195,18064276193077999,2025-04-18 03:12:45,IMAGE,FEED,14,0,1278,431,0,5,19,2025-11-29 17:35:45.916
17841406083211195,18064276193077999,2025-04-18 03:12:45,IMAGE,FEED,14,0,1280,431,0,5,19,2025-11-30 17:33:23.506
17841406083211195,18064276193077999,2025-04-18 03:12:45,IMAGE,FEED,14,0,1287,431,0,5,19,2025-12-01 17:33:33.583
17841406083211195,18064276193077999,2025-04-18 03:12:45,IMAGE,FEED,14,0,1289,433,0,5,19,2025-12-02 17:34:52.700
17841406083211195,18064276193077999,2025-04-18 03:12:45,IMAGE,FEED,14,0,1301,433,0,5,19,2025-12-03 17:36:09.395
17841406083211195,18064276193077999,2025-04-18 03:12:45,IMAGE,FEED,14,0,1304,433,0,5,19,2025-12-05 17:34:22.778
17841406083211195,18064276193077999,2025-04-18 03:12:45,IMAGE,FEED,14,0,1305,433,0,5,19,2025-12-08 17:32:58.816
17841406083211195,18064276193077999,2025-04-18 03:12:45,IMAGE,FEED,14,0,1306,433,0,5,19,2025-12-09 17:35:08.336
17841406083211195,18064276193077999,2025-04-18 03:12:45,IMAGE,FEED,14,0,1308,433,0,5,19,2025-12-12 17:35:06.527
17841406083211195,18064276193077999,2025-04-18 03:12:45,IMAGE,FEED,14,0,1311,433,0,5,19,2025-12-15 06:33:48.711
17841406083211195,18064276193077999,2025-04-18 03:12:45,IMAGE,FEED,14,0,1314,433,0,5,19,2025-12-15 17:36:32.717
17841406083211195,18064276193077999,2025-04-18 03:12:45,IMAGE,FEED,14,0,1315,433,0,5,19,2025-12-17 17:29:13.842
17841406083211195,18064276193077999,2025-04-18 03:12:45,IMAGE,FEED,14,0,1317,433,0,5,19,2025-12-21 17:30:09.434
17841406083211195,18064276193077999,2025-04-18 03:12:45,IMAGE,FEED,14,0,1318,433,0,5,19,2025-12-22 17:28:52.806
17841406083211195,18064276193077999,2025-04-18 03:12:45,IMAGE,FEED,14,0,1319,433,0,5,19,2025-12-24 17:29:21.598
17841406083211195,18064276193077999,2025-04-18 03:12:45,IMAGE,FEED,14,0,1322,433,0,5,19,2025-12-25 17:29:40.552
17841406083211195,18065982482406248,2025-12-08 10:54:22,IMAGE,FEED,2,0,51,26,0,0,2,2025-12-08 17:33:41.609
17841406083211195,18065982482406248,2025-12-08 10:54:22,IMAGE,FEED,4,0,138,48,0,0,4,2025-12-09 17:35:53.031
17841406083211195,18065982482406248,2025-12-08 10:54:22,IMAGE,FEED,4,0,179,55,0,0,4,2025-12-10 17:36:44.464
17841406083211195,18065982482406248,2025-12-08 10:54:22,IMAGE,FEED,4,0,205,57,0,0,4,2025-12-11 17:34:06.393
17841406083211195,18065982482406248,2025-12-08 10:54:22,IMAGE,FEED,4,0,226,61,0,0,4,2025-12-12 17:36:01.938
17841406083211195,18065982482406248,2025-12-08 10:54:22,IMAGE,FEED,4,0,292,75,0,0,4,2025-12-15 06:34:28.287
17841406083211195,18065982482406248,2025-12-08 10:54:22,IMAGE,FEED,4,0,304,76,0,0,4,2025-12-15 17:37:24.706
17841406083211195,18065982482406248,2025-12-08 10:54:22,IMAGE,FEED,4,0,311,77,0,0,4,2025-12-16 17:35:03.674
17841406083211195,18065982482406248,2025-12-08 10:54:22,IMAGE,FEED,4,0,329,80,0,0,4,2025-12-17 17:28:40.147
17841406083211195,18065982482406248,2025-12-08 10:54:22,IMAGE,FEED,4,0,362,84,0,0,4,2025-12-18 17:30:53.806
17841406083211195,18065982482406248,2025-12-08 10:54:22,IMAGE,FEED,4,0,367,85,0,0,4,2025-12-19 17:30:14.523
17841406083211195,18065982482406248,2025-12-08 10:54:22,IMAGE,FEED,4,0,373,87,0,0,4,2025-12-20 17:37:00.945
17841406083211195,18065982482406248,2025-12-08 10:54:22,IMAGE,FEED,4,0,375,87,0,0,4,2025-12-21 17:29:37.386
17841406083211195,18065982482406248,2025-12-08 10:54:22,IMAGE,FEED,4,0,406,89,0,0,4,2025-12-22 17:28:31.290
17841406083211195,18065982482406248,2025-12-08 10:54:22,IMAGE,FEED,4,0,415,91,0,0,4,2025-12-23 17:28:29.216
17841406083211195,18065982482406248,2025-12-08 10:54:22,IMAGE,FEED,4,0,420,93,0,0,4,2025-12-24 17:28:54.102
17841406083211195,18065982482406248,2025-12-08 10:54:22,IMAGE,FEED,4,0,422,94,0,0,4,2025-12-25 17:29:03.344
17841406083211195,18069165337953698,2025-06-13 10:34:39,IMAGE,FEED,7,0,256,136,0,13,20,2025-07-03 03:00:02.155
17841406083211195,18069165337953698,2025-06-13 10:34:39,IMAGE,FEED,7,0,259,136,0,13,20,2025-07-03 17:29:59.216
17841406083211195,18069165337953698,2025-06-13 10:34:39,IMAGE,FEED,7,0,265,136,0,13,20,2025-07-04 17:30:58.679
17841406083211195,18069165337953698,2025-06-13 10:34:39,IMAGE,FEED,7,0,272,138,0,13,20,2025-07-05 17:29:52.052
17841406083211195,18069165337953698,2025-06-13 10:34:39,IMAGE,FEED,7,0,274,139,0,13,20,2025-07-06 17:30:30.247
17841406083211195,18069165337953698,2025-06-13 10:34:39,IMAGE,FEED,7,0,277,140,0,13,20,2025-07-07 17:30:38.836
17841406083211195,18069165337953698,2025-06-13 10:34:39,IMAGE,FEED,7,0,278,141,0,13,20,2025-07-08 17:29:53.773
17841406083211195,18069165337953698,2025-06-13 10:34:39,IMAGE,FEED,7,0,280,141,0,13,20,2025-07-09 17:30:26.378
17841406083211195,18069165337953698,2025-06-13 10:34:39,IMAGE,FEED,7,0,288,141,0,13,20,2025-07-10 17:29:17.368
17841406083211195,18069165337953698,2025-06-13 10:34:39,IMAGE,FEED,7,0,289,141,0,13,20,2025-07-11 17:29:41.231
17841406083211195,18069165337953698,2025-06-13 10:34:39,IMAGE,FEED,7,0,290,141,0,13,20,2025-07-13 17:29:26.777
17841406083211195,18069165337953698,2025-06-13 10:34:39,IMAGE,FEED,7,0,299,141,0,13,20,2025-07-14 17:30:26.686
17841406083211195,18069165337953698,2025-06-13 10:34:39,IMAGE,FEED,7,0,300,141,0,13,20,2025-07-16 17:30:05.719
17841406083211195,18069165337953698,2025-06-13 10:34:39,IMAGE,FEED,7,0,308,142,0,13,20,2025-07-17 17:29:49.526
17841406083211195,18069165337953698,2025-06-13 10:34:39,IMAGE,FEED,7,0,310,142,0,13,20,2025-07-18 17:29:48.376
17841406083211195,18069165337953698,2025-06-13 10:34:39,IMAGE,FEED,7,0,313,142,0,13,20,2025-07-20 17:30:14.575
17841406083211195,18069165337953698,2025-06-13 10:34:39,IMAGE,FEED,7,0,314,142,0,13,20,2025-07-21 17:30:41.030
17841406083211195,18069165337953698,2025-06-13 10:34:39,IMAGE,FEED,7,0,316,142,0,13,20,2025-07-22 17:30:36.356
17841406083211195,18069165337953698,2025-06-13 10:34:39,IMAGE,FEED,7,0,318,143,0,13,20,2025-07-23 17:30:15.903
17841406083211195,18069165337953698,2025-06-13 10:34:39,IMAGE,FEED,7,0,324,143,0,13,20,2025-07-24 17:30:01.608
17841406083211195,18069165337953698,2025-06-13 10:34:39,IMAGE,FEED,7,0,325,143,0,13,20,2025-07-26 17:30:03.791
17841406083211195,18069165337953698,2025-06-13 10:34:39,IMAGE,FEED,7,0,326,143,0,13,20,2025-07-27 17:30:34.311
17841406083211195,18069165337953698,2025-06-13 10:34:39,IMAGE,FEED,7,0,333,143,0,13,20,2025-07-28 17:29:11.658
17841406083211195,18069165337953698,2025-06-13 10:34:39,IMAGE,FEED,7,0,335,143,0,13,20,2025-07-29 17:29:46.535
17841406083211195,18069165337953698,2025-06-13 10:34:39,IMAGE,FEED,7,0,341,145,0,13,20,2025-07-31 17:28:52.269
17841406083211195,18069165337953698,2025-06-13 10:34:39,IMAGE,FEED,7,0,348,145,0,13,20,2025-08-01 17:30:02.461
17841406083211195,18069165337953698,2025-06-13 10:34:39,IMAGE,FEED,7,0,349,146,0,13,20,2025-08-03 17:29:40.185
17841406083211195,18069165337953698,2025-06-13 10:34:39,IMAGE,FEED,7,0,350,146,0,13,20,2025-08-05 17:30:25.828
17841406083211195,18069165337953698,2025-06-13 10:34:39,IMAGE,FEED,7,0,352,146,0,13,20,2025-08-06 17:29:21.820
17841406083211195,18069165337953698,2025-06-13 10:34:39,IMAGE,FEED,7,0,363,147,0,13,20,2025-08-08 17:29:30.449
17841406083211195,18069165337953698,2025-06-13 10:34:39,IMAGE,FEED,7,0,376,147,0,13,20,2025-08-09 17:29:16.363
17841406083211195,18069165337953698,2025-06-13 10:34:39,IMAGE,FEED,7,0,379,147,0,13,20,2025-08-10 17:29:41.098
17841406083211195,18069165337953698,2025-06-13 10:34:39,IMAGE,FEED,7,0,381,147,0,13,20,2025-08-11 17:30:32.973
17841406083211195,18069165337953698,2025-06-13 10:34:39,IMAGE,FEED,7,0,387,148,0,13,20,2025-08-12 17:31:22.354
17841406083211195,18069165337953698,2025-06-13 10:34:39,IMAGE,FEED,7,0,389,148,0,13,20,2025-08-13 17:29:54.299
17841406083211195,18069165337953698,2025-06-13 10:34:39,IMAGE,FEED,7,0,390,148,0,13,20,2025-08-14 17:30:30.709
17841406083211195,18069165337953698,2025-06-13 10:34:39,IMAGE,FEED,7,0,400,148,0,13,20,2025-08-15 17:29:20.123
17841406083211195,18069165337953698,2025-06-13 10:34:39,IMAGE,FEED,7,0,401,148,0,13,20,2025-08-16 17:29:29.902
17841406083211195,18069165337953698,2025-06-13 10:34:39,IMAGE,FEED,7,0,406,148,0,13,20,2025-08-17 17:28:43.185
17841406083211195,18069165337953698,2025-06-13 10:34:39,IMAGE,FEED,7,0,414,148,0,13,20,2025-08-18 17:28:55.674
17841406083211195,18069165337953698,2025-06-13 10:34:39,IMAGE,FEED,7,0,417,148,0,13,20,2025-08-19 17:29:34.441
17841406083211195,18069165337953698,2025-06-13 10:34:39,IMAGE,FEED,7,0,420,149,0,13,20,2025-08-20 17:29:40.881
17841406083211195,18069165337953698,2025-06-13 10:34:39,IMAGE,FEED,7,0,430,149,0,13,20,2025-08-21 17:30:19.085
17841406083211195,18069165337953698,2025-06-13 10:34:39,IMAGE,FEED,7,0,441,149,0,13,20,2025-08-22 17:29:22.436
17841406083211195,18069165337953698,2025-06-13 10:34:39,IMAGE,FEED,7,0,442,149,0,13,20,2025-08-23 17:29:30.937
17841406083211195,18069165337953698,2025-06-13 10:34:39,IMAGE,FEED,7,0,444,149,0,13,20,2025-08-24 17:29:05.938
17841406083211195,18069165337953698,2025-06-13 10:34:39,IMAGE,FEED,7,0,482,149,0,13,20,2025-08-25 17:29:34.735
17841406083211195,18069165337953698,2025-06-13 10:34:39,IMAGE,FEED,7,0,494,151,0,13,20,2025-08-26 17:29:05.596
17841406083211195,18069165337953698,2025-06-13 10:34:39,IMAGE,FEED,7,0,501,151,0,13,20,2025-08-27 17:30:15.471
17841406083211195,18069165337953698,2025-06-13 10:34:39,IMAGE,FEED,7,0,509,152,0,13,20,2025-08-28 17:31:18.233
17841406083211195,18069165337953698,2025-06-13 10:34:39,IMAGE,FEED,7,0,514,153,0,13,20,2025-08-29 17:28:45.772
17841406083211195,18069165337953698,2025-06-13 10:34:39,IMAGE,FEED,7,0,523,153,0,13,20,2025-08-30 17:30:09.896
17841406083211195,18069165337953698,2025-06-13 10:34:39,IMAGE,FEED,7,0,534,153,0,13,20,2025-08-31 17:28:47.932
17841406083211195,18069165337953698,2025-06-13 10:34:39,IMAGE,FEED,7,0,647,160,0,13,20,2025-10-01 04:10:01.768
17841406083211195,18069165337953698,2025-06-13 10:34:39,IMAGE,FEED,7,0,652,160,0,13,20,2025-10-02 04:04:36.980
17841406083211195,18069165337953698,2025-06-13 10:34:39,IMAGE,FEED,7,0,657,160,0,13,20,2025-10-02 17:29:40.005
17841406083211195,18069165337953698,2025-06-13 10:34:39,IMAGE,FEED,7,0,662,160,0,13,20,2025-10-04 17:29:46.387
17841406083211195,18069165337953698,2025-06-13 10:34:39,IMAGE,FEED,7,0,668,160,0,13,20,2025-10-05 17:29:33.611
17841406083211195,18069165337953698,2025-06-13 10:34:39,IMAGE,FEED,7,0,669,160,0,13,20,2025-10-06 17:28:55.822
17841406083211195,18069165337953698,2025-06-13 10:34:39,IMAGE,FEED,7,0,673,160,0,13,20,2025-10-07 17:28:36.712
17841406083211195,18069165337953698,2025-06-13 10:34:39,IMAGE,FEED,7,0,674,160,0,13,20,2025-10-08 17:29:48.285
17841406083211195,18069165337953698,2025-06-13 10:34:39,IMAGE,FEED,7,0,683,160,0,13,20,2025-10-09 17:28:59.261
17841406083211195,18069165337953698,2025-06-13 10:34:39,IMAGE,FEED,7,0,684,160,0,13,20,2025-10-10 17:30:14.057
17841406083211195,18069165337953698,2025-06-13 10:34:39,IMAGE,FEED,7,0,686,160,0,13,20,2025-10-12 17:28:57.227
17841406083211195,18069165337953698,2025-06-13 10:34:39,IMAGE,FEED,7,0,692,160,0,13,20,2025-10-13 17:29:00.311
17841406083211195,18069165337953698,2025-06-13 10:34:39,IMAGE,FEED,7,0,694,160,0,13,20,2025-10-14 17:28:28.928
17841406083211195,18069165337953698,2025-06-13 10:34:39,IMAGE,FEED,7,0,695,160,0,13,20,2025-10-15 17:30:00.910
17841406083211195,18069165337953698,2025-06-13 10:34:39,IMAGE,FEED,7,0,698,161,0,13,20,2025-10-16 17:29:06.185
17841406083211195,18069165337953698,2025-06-13 10:34:39,IMAGE,FEED,7,0,701,161,0,13,20,2025-10-17 17:30:04.051
17841406083211195,18069165337953698,2025-06-13 10:34:39,IMAGE,FEED,7,0,702,161,0,13,20,2025-10-18 17:28:35.988
17841406083211195,18069165337953698,2025-06-13 10:34:39,IMAGE,FEED,7,0,703,161,0,13,20,2025-10-20 17:29:27.073
17841406083211195,18069165337953698,2025-06-13 10:34:39,IMAGE,FEED,7,0,704,161,0,13,20,2025-10-21 17:28:47.411
17841406083211195,18069165337953698,2025-06-13 10:34:39,IMAGE,FEED,7,0,706,161,0,13,20,2025-10-22 17:29:00.837
17841406083211195,18069165337953698,2025-06-13 10:34:39,IMAGE,FEED,7,0,710,161,0,13,20,2025-10-23 17:28:36.366
17841406083211195,18069165337953698,2025-06-13 10:34:39,IMAGE,FEED,7,0,714,161,0,13,20,2025-10-27 17:28:53.360
17841406083211195,18069165337953698,2025-06-13 10:34:39,IMAGE,FEED,7,0,715,161,0,13,20,2025-10-28 17:29:49.194
17841406083211195,18069165337953698,2025-06-13 10:34:39,IMAGE,FEED,7,0,717,161,0,13,20,2025-10-29 17:29:38.424
17841406083211195,18069165337953698,2025-06-13 10:34:39,IMAGE,FEED,7,0,721,161,0,13,20,2025-10-31 17:29:10.258
17841406083211195,18069165337953698,2025-06-13 10:34:39,IMAGE,FEED,7,0,722,161,0,13,20,2025-11-02 17:29:05.364
17841406083211195,18069165337953698,2025-06-13 10:34:39,IMAGE,FEED,7,0,723,161,0,13,20,2025-11-03 17:28:57.562
17841406083211195,18069165337953698,2025-06-13 10:34:39,IMAGE,FEED,7,0,724,161,0,13,20,2025-11-04 17:28:28.084
17841406083211195,18069165337953698,2025-06-13 10:34:39,IMAGE,FEED,7,0,729,161,0,13,20,2025-11-06 17:28:50.933
17841406083211195,18069165337953698,2025-06-13 10:34:39,IMAGE,FEED,7,0,731,161,0,13,20,2025-11-07 17:29:10.487
17841406083211195,18069165337953698,2025-06-13 10:34:39,IMAGE,FEED,7,0,738,161,0,13,20,2025-11-09 17:28:46.293
17841406083211195,18069165337953698,2025-06-13 10:34:39,IMAGE,FEED,7,0,742,161,0,13,20,2025-11-10 17:29:14.416
17841406083211195,18069165337953698,2025-06-13 10:34:39,IMAGE,FEED,7,0,745,161,0,13,20,2025-11-11 17:29:05.813
17841406083211195,18069165337953698,2025-06-13 10:34:39,IMAGE,FEED,7,0,748,161,0,13,20,2025-11-12 17:29:04.440
17841406083211195,18069165337953698,2025-06-13 10:34:39,IMAGE,FEED,7,0,749,161,0,13,20,2025-11-13 17:29:31.153
17841406083211195,18069165337953698,2025-06-13 10:34:39,IMAGE,FEED,7,0,752,161,0,13,20,2025-11-14 17:29:17.983
17841406083211195,18069165337953698,2025-06-13 10:34:39,IMAGE,FEED,7,0,759,161,0,13,20,2025-11-16 17:30:03.489
17841406083211195,18069165337953698,2025-06-13 10:34:39,IMAGE,FEED,7,0,765,162,0,13,20,2025-11-17 17:29:22.831
17841406083211195,18069165337953698,2025-06-13 10:34:39,IMAGE,FEED,7,0,766,162,0,13,20,2025-11-18 17:29:13.857
17841406083211195,18069165337953698,2025-06-13 10:34:39,IMAGE,FEED,7,0,768,163,0,13,20,2025-11-19 17:34:55.388
17841406083211195,18069165337953698,2025-06-13 10:34:39,IMAGE,FEED,7,0,769,163,0,13,20,2025-11-21 17:35:17.508
17841406083211195,18069165337953698,2025-06-13 10:34:39,IMAGE,FEED,7,0,770,163,0,13,20,2025-11-24 17:36:00.682
17841406083211195,18069165337953698,2025-06-13 10:34:39,IMAGE,FEED,7,0,772,163,0,13,20,2025-11-25 17:34:17.708
17841406083211195,18069165337953698,2025-06-13 10:34:39,IMAGE,FEED,7,0,773,163,0,13,20,2025-11-26 17:36:48.629
17841406083211195,18069165337953698,2025-06-13 10:34:39,IMAGE,FEED,7,0,775,163,0,13,20,2025-11-28 17:34:54.942
17841406083211195,18069165337953698,2025-06-13 10:34:39,IMAGE,FEED,7,0,777,163,0,13,20,2025-11-30 17:33:23.508
17841406083211195,18069165337953698,2025-06-13 10:34:39,IMAGE,FEED,7,0,778,163,0,13,20,2025-12-02 17:34:52.701
17841406083211195,18069165337953698,2025-06-13 10:34:39,IMAGE,FEED,7,0,780,163,0,13,20,2025-12-03 17:36:09.397
17841406083211195,18069165337953698,2025-06-13 10:34:39,IMAGE,FEED,7,0,784,164,0,13,20,2025-12-05 17:34:22.780
17841406083211195,18069165337953698,2025-06-13 10:34:39,IMAGE,FEED,7,0,785,164,0,13,20,2025-12-07 17:33:15.205
17841406083211195,18069165337953698,2025-06-13 10:34:39,IMAGE,FEED,7,0,786,164,0,13,20,2025-12-08 17:32:58.818
17841406083211195,18069165337953698,2025-06-13 10:34:39,IMAGE,FEED,7,0,788,164,0,13,20,2025-12-09 17:35:08.339
17841406083211195,18069165337953698,2025-06-13 10:34:39,IMAGE,FEED,7,0,791,164,0,13,20,2025-12-11 17:33:27.322
17841406083211195,18069165337953698,2025-06-13 10:34:39,IMAGE,FEED,7,0,792,164,0,13,20,2025-12-12 17:35:06.528
17841406083211195,18069165337953698,2025-06-13 10:34:39,IMAGE,FEED,7,0,797,165,0,13,20,2025-12-17 17:29:02.289
17841406083211195,18069165337953698,2025-06-13 10:34:39,IMAGE,FEED,7,0,798,165,0,13,20,2025-12-20 17:36:15.188
17841406083211195,18069165337953698,2025-06-13 10:34:39,IMAGE,FEED,7,0,799,165,0,13,20,2025-12-21 17:29:53.721
17841406083211195,18069165337953698,2025-06-13 10:34:39,IMAGE,FEED,7,0,801,165,0,13,20,2025-12-22 17:28:44.212
17841406083211195,18069165337953698,2025-06-13 10:34:39,IMAGE,FEED,7,0,802,165,0,13,20,2025-12-24 17:29:12.931
17841406083211195,18069165337953698,2025-06-13 10:34:39,IMAGE,FEED,7,0,803,165,0,13,20,2025-12-25 17:29:25.141
17841406083211195,18075396701291078,2025-09-08 10:40:19,IMAGE,FEED,6,0,1066,102,1,0,7,2025-10-01 04:09:53.356
17841406083211195,18075396701291078,2025-09-08 10:40:19,IMAGE,FEED,6,0,1097,102,1,0,7,2025-10-01 17:29:53.159
17841406083211195,18075396701291078,2025-09-08 10:40:19,IMAGE,FEED,6,0,1104,103,1,0,7,2025-10-02 02:39:18.163
17841406083211195,18075396701291078,2025-09-08 10:40:19,IMAGE,FEED,6,0,1107,103,1,0,7,2025-10-02 04:04:29.525
17841406083211195,18075396701291078,2025-09-08 10:40:19,IMAGE,FEED,6,0,1132,103,1,0,7,2025-10-02 17:29:27.082
17841406083211195,18075396701291078,2025-09-08 10:40:19,IMAGE,FEED,6,0,1168,104,1,0,7,2025-10-03 17:29:13.361
17841406083211195,18075396701291078,2025-09-08 10:40:19,IMAGE,FEED,6,0,1172,104,1,0,7,2025-10-04 17:29:36.071
17841406083211195,18075396701291078,2025-09-08 10:40:19,IMAGE,FEED,6,0,1179,105,1,0,7,2025-10-05 17:29:24.325
17841406083211195,18075396701291078,2025-09-08 10:40:19,IMAGE,FEED,6,0,1192,106,1,0,7,2025-10-06 17:28:48.565
17841406083211195,18075396701291078,2025-09-08 10:40:19,IMAGE,FEED,6,0,1214,107,1,0,7,2025-10-07 17:28:29.278
17841406083211195,18075396701291078,2025-09-08 10:40:19,IMAGE,FEED,6,0,1245,107,1,0,7,2025-10-08 17:29:40.363
17841406083211195,18075396701291078,2025-09-08 10:40:19,IMAGE,FEED,6,0,1269,108,1,0,7,2025-10-09 17:28:46.177
17841406083211195,18075396701291078,2025-09-08 10:40:19,IMAGE,FEED,6,0,1279,111,1,0,7,2025-10-10 17:30:06.547
17841406083211195,18075396701291078,2025-09-08 10:40:19,IMAGE,FEED,6,0,1287,111,1,0,7,2025-10-11 17:28:30.972
17841406083211195,18075396701291078,2025-09-08 10:40:19,IMAGE,FEED,6,0,1288,111,1,0,7,2025-10-12 17:28:49.797
17841406083211195,18075396701291078,2025-09-08 10:40:19,IMAGE,FEED,6,0,1298,112,1,0,7,2025-10-13 17:28:53.164
17841406083211195,18075396701291078,2025-09-08 10:40:19,IMAGE,FEED,6,0,1312,113,1,0,7,2025-10-14 17:28:21.216
17841406083211195,18075396701291078,2025-09-08 10:40:19,IMAGE,FEED,6,0,1328,113,1,0,7,2025-10-15 17:29:48.885
17841406083211195,18075396701291078,2025-09-08 10:40:19,IMAGE,FEED,6,0,1337,115,1,0,7,2025-10-16 17:28:56.625
17841406083211195,18075396701291078,2025-09-08 10:40:19,IMAGE,FEED,8,0,1365,118,1,0,9,2025-10-17 17:29:48.798
17841406083211195,18075396701291078,2025-09-08 10:40:19,IMAGE,FEED,8,0,1370,118,1,0,9,2025-10-18 17:28:28.259
17841406083211195,18075396701291078,2025-09-08 10:40:19,IMAGE,FEED,8,0,1372,118,1,0,9,2025-10-19 17:28:32.843
17841406083211195,18075396701291078,2025-09-08 10:40:19,IMAGE,FEED,8,0,1378,119,1,0,9,2025-10-20 17:29:18.468
17841406083211195,18075396701291078,2025-09-08 10:40:19,IMAGE,FEED,8,0,1384,120,1,0,9,2025-10-21 17:28:38.460
17841406083211195,18075396701291078,2025-09-08 10:40:19,IMAGE,FEED,8,0,1392,121,1,0,9,2025-10-22 17:28:54.488
17841406083211195,18075396701291078,2025-09-08 10:40:19,IMAGE,FEED,8,0,1420,121,1,0,9,2025-10-23 17:28:30.292
17841406083211195,18075396701291078,2025-09-08 10:40:19,IMAGE,FEED,8,0,1434,123,1,0,9,2025-10-24 17:28:52.184
17841406083211195,18075396701291078,2025-09-08 10:40:19,IMAGE,FEED,8,0,1444,124,1,0,9,2025-10-25 17:30:00.350
17841406083211195,18075396701291078,2025-09-08 10:40:19,IMAGE,FEED,8,0,1447,124,1,0,9,2025-10-27 17:28:47.003
17841406083211195,18075396701291078,2025-09-08 10:40:19,IMAGE,FEED,8,0,1482,124,1,0,9,2025-10-28 17:29:42.172
17841406083211195,18075396701291078,2025-09-08 10:40:19,IMAGE,FEED,8,0,1487,124,1,0,9,2025-10-29 17:29:27.592
17841406083211195,18075396701291078,2025-09-08 10:40:19,IMAGE,FEED,8,0,1500,125,1,0,9,2025-10-30 17:30:15.097
17841406083211195,18075396701291078,2025-09-08 10:40:19,IMAGE,FEED,8,0,1501,126,1,0,9,2025-10-31 17:29:01.883
17841406083211195,18075396701291078,2025-09-08 10:40:19,IMAGE,FEED,8,0,1502,126,1,0,9,2025-11-01 17:29:16.511
17841406083211195,18075396701291078,2025-09-08 10:40:19,IMAGE,FEED,8,0,1504,126,1,0,9,2025-11-02 17:28:55.107
17841406083211195,18075396701291078,2025-09-08 10:40:19,IMAGE,FEED,8,0,1506,126,1,0,9,2025-11-03 17:28:49.526
17841406083211195,18075396701291078,2025-09-08 10:40:19,IMAGE,FEED,8,0,1512,126,1,0,9,2025-11-04 17:28:20.667
17841406083211195,18075396701291078,2025-09-08 10:40:19,IMAGE,FEED,8,0,1516,126,1,0,9,2025-11-05 17:28:28.354
17841406083211195,18075396701291078,2025-09-08 10:40:19,IMAGE,FEED,8,0,1517,126,1,0,9,2025-11-06 17:28:43.531
17841406083211195,18075396701291078,2025-09-08 10:40:19,IMAGE,FEED,8,0,1525,126,1,0,9,2025-11-07 17:29:01.091
17841406083211195,18075396701291078,2025-09-08 10:40:19,IMAGE,FEED,8,0,1530,126,1,0,9,2025-11-09 17:28:38.970
17841406083211195,18075396701291078,2025-09-08 10:40:19,IMAGE,FEED,8,0,1538,127,1,0,9,2025-11-10 17:29:07.650
17841406083211195,18075396701291078,2025-09-08 10:40:19,IMAGE,FEED,8,0,1545,127,1,0,9,2025-11-11 17:28:56.859
17841406083211195,18075396701291078,2025-09-08 10:40:19,IMAGE,FEED,8,0,1552,128,1,0,9,2025-11-12 17:28:57.520
17841406083211195,18075396701291078,2025-09-08 10:40:19,IMAGE,FEED,8,0,1555,128,1,0,9,2025-11-13 17:29:19.512
17841406083211195,18075396701291078,2025-09-08 10:40:19,IMAGE,FEED,8,0,1567,128,1,0,9,2025-11-14 17:29:00.548
17841406083211195,18075396701291078,2025-09-08 10:40:19,IMAGE,FEED,8,0,1585,129,1,0,9,2025-11-15 17:30:56.076
17841406083211195,18075396701291078,2025-09-08 10:40:19,IMAGE,FEED,8,0,1591,129,1,0,9,2025-11-16 17:29:49.623
17841406083211195,18075396701291078,2025-09-08 10:40:19,IMAGE,FEED,8,0,1595,129,1,0,9,2025-11-17 17:29:12.874
17841406083211195,18075396701291078,2025-09-08 10:40:19,IMAGE,FEED,8,0,1600,129,1,0,9,2025-11-18 17:29:03.779
17841406083211195,18075396701291078,2025-09-08 10:40:19,IMAGE,FEED,8,0,1612,130,1,0,9,2025-11-19 17:35:38.992
17841406083211195,18075396701291078,2025-09-08 10:40:19,IMAGE,FEED,8,0,1619,132,1,0,9,2025-11-20 17:36:09.359
17841406083211195,18075396701291078,2025-09-08 10:40:19,IMAGE,FEED,8,0,1625,132,1,0,9,2025-11-21 17:35:55.888
17841406083211195,18075396701291078,2025-09-08 10:40:19,IMAGE,FEED,8,0,1632,132,1,0,9,2025-11-22 17:33:59.883
17841406083211195,18075396701291078,2025-09-08 10:40:19,IMAGE,FEED,8,0,1642,133,1,0,9,2025-11-23 17:33:27.490
17841406083211195,18075396701291078,2025-09-08 10:40:19,IMAGE,FEED,8,0,1644,133,1,0,9,2025-11-24 17:36:35.489
17841406083211195,18075396701291078,2025-09-08 10:40:19,IMAGE,FEED,8,0,1646,133,1,0,9,2025-11-25 17:34:52.773
17841406083211195,18075396701291078,2025-09-08 10:40:19,IMAGE,FEED,8,0,1656,134,1,0,9,2025-11-26 17:37:34.802
17841406083211195,18075396701291078,2025-09-08 10:40:19,IMAGE,FEED,8,0,1660,134,1,0,9,2025-11-27 17:34:42.523
17841406083211195,18075396701291078,2025-09-08 10:40:19,IMAGE,FEED,8,0,1661,134,1,0,9,2025-11-28 17:35:39.730
17841406083211195,18075396701291078,2025-09-08 10:40:19,IMAGE,FEED,8,0,1662,134,1,0,9,2025-11-30 17:33:54.626
17841406083211195,18075396701291078,2025-09-08 10:40:19,IMAGE,FEED,8,0,1666,134,1,0,9,2025-12-02 17:35:28.478
17841406083211195,18075396701291078,2025-09-08 10:40:19,IMAGE,FEED,8,0,1674,135,1,0,9,2025-12-03 17:36:45.844
17841406083211195,18075396701291078,2025-09-08 10:40:19,IMAGE,FEED,8,0,1683,136,1,0,9,2025-12-04 17:34:52.057
17841406083211195,18075396701291078,2025-09-08 10:40:19,IMAGE,FEED,8,0,1684,136,1,0,9,2025-12-05 17:34:50.238
17841406083211195,18075396701291078,2025-09-08 10:40:19,IMAGE,FEED,8,0,1685,136,1,0,9,2025-12-07 17:33:44.796
17841406083211195,18075396701291078,2025-09-08 10:40:19,IMAGE,FEED,8,0,1686,136,1,0,9,2025-12-08 17:33:32.916
17841406083211195,18075396701291078,2025-09-08 10:40:19,IMAGE,FEED,8,0,1691,136,1,0,9,2025-12-09 17:35:43.790
17841406083211195,18075396701291078,2025-09-08 10:40:19,IMAGE,FEED,8,0,1706,138,1,0,9,2025-12-10 17:36:27.791
17841406083211195,18075396701291078,2025-09-08 10:40:19,IMAGE,FEED,8,0,1708,138,1,0,9,2025-12-11 17:33:56.851
17841406083211195,18075396701291078,2025-09-08 10:40:19,IMAGE,FEED,8,0,1709,138,1,0,9,2025-12-12 17:35:50.536
17841406083211195,18075396701291078,2025-09-08 10:40:19,IMAGE,FEED,8,0,1715,139,1,0,9,2025-12-15 06:34:20.233
17841406083211195,18075396701291078,2025-09-08 10:40:19,IMAGE,FEED,8,0,1717,139,1,0,9,2025-12-15 17:37:13.501
17841406083211195,18075396701291078,2025-09-08 10:40:19,IMAGE,FEED,8,0,1719,140,1,0,9,2025-12-17 17:28:51.600
17841406083211195,18075396701291078,2025-09-08 10:40:19,IMAGE,FEED,8,0,1722,140,1,0,9,2025-12-21 17:29:45.216
17841406083211195,18075396701291078,2025-09-08 10:40:19,IMAGE,FEED,8,0,1723,140,1,0,9,2025-12-25 17:29:11.622
17841406083211195,18079570168572037,2025-02-25 10:02:01,IMAGE,FEED,6,0,259,160,1,0,7,2025-04-17 17:31:52.793
17841406083211195,18079570168572037,2025-02-25 10:02:01,IMAGE,FEED,6,0,259,160,1,0,7,2025-04-18 19:14:47.749
17841406083211195,18079570168572037,2025-02-25 10:02:01,IMAGE,FEED,6,0,264,161,1,0,7,2025-04-20 21:57:33.559
17841406083211195,18079570168572037,2025-02-25 10:02:01,IMAGE,FEED,6,0,265,161,1,0,7,2025-04-24 01:56:09.939
17841406083211195,18079570168572037,2025-02-25 10:02:01,IMAGE,FEED,6,0,266,161,1,0,7,2025-04-24 17:29:59.106
17841406083211195,18079570168572037,2025-02-25 10:02:01,IMAGE,FEED,6,0,267,161,1,0,7,2025-04-25 17:30:04.351
17841406083211195,18079570168572037,2025-02-25 10:02:01,IMAGE,FEED,6,0,268,161,1,0,7,2025-04-27 17:31:03.882
17841406083211195,18079570168572037,2025-02-25 10:02:01,IMAGE,FEED,6,0,270,162,1,0,7,2025-04-28 17:30:00.130
17841406083211195,18079570168572037,2025-02-25 10:02:01,IMAGE,FEED,6,0,271,162,1,0,7,2025-05-05 17:29:55.867
17841406083211195,18079570168572037,2025-02-25 10:02:01,IMAGE,FEED,6,0,276,164,1,0,7,2025-05-08 17:30:01.749
17841406083211195,18079570168572037,2025-02-25 10:02:01,IMAGE,FEED,6,0,279,166,1,0,7,2025-05-10 17:30:36.591
17841406083211195,18079570168572037,2025-02-25 10:02:01,IMAGE,FEED,6,0,280,167,1,0,7,2025-05-11 17:29:45.377
17841406083211195,18079570168572037,2025-02-25 10:02:01,IMAGE,FEED,6,0,281,167,1,0,7,2025-05-14 17:30:05.768
17841406083211195,18079570168572037,2025-02-25 10:02:01,IMAGE,FEED,6,0,282,167,1,0,7,2025-05-17 17:30:06.314
17841406083211195,18079570168572037,2025-02-25 10:02:01,IMAGE,FEED,6,0,283,168,1,0,7,2025-05-20 17:29:17.937
17841406083211195,18079570168572037,2025-02-25 10:02:01,IMAGE,FEED,6,0,284,169,1,0,7,2025-05-21 17:30:08.504
17841406083211195,18079570168572037,2025-02-25 10:02:01,IMAGE,FEED,6,0,285,169,1,0,7,2025-05-24 17:30:42.232
17841406083211195,18079570168572037,2025-02-25 10:02:01,IMAGE,FEED,6,0,287,171,1,0,7,2025-06-01 17:29:53.995
17841406083211195,18079570168572037,2025-02-25 10:02:01,IMAGE,FEED,6,0,288,172,1,0,7,2025-06-05 17:30:24.252
17841406083211195,18079570168572037,2025-02-25 10:02:01,IMAGE,FEED,6,0,293,174,1,0,7,2025-07-03 03:00:11.467
17841406083211195,18079570168572037,2025-02-25 10:02:01,IMAGE,FEED,6,0,295,174,1,0,7,2025-07-03 17:30:07.984
17841406083211195,18079570168572037,2025-02-25 10:02:01,IMAGE,FEED,6,0,300,174,1,0,7,2025-07-07 17:30:48.207
17841406083211195,18079570168572037,2025-02-25 10:02:01,IMAGE,FEED,6,0,301,175,1,0,7,2025-07-09 17:30:35.064
17841406083211195,18079570168572037,2025-02-25 10:02:01,IMAGE,FEED,6,0,302,175,1,0,7,2025-07-16 17:30:13.806
17841406083211195,18079570168572037,2025-02-25 10:02:01,IMAGE,FEED,6,0,304,175,1,0,7,2025-07-21 17:30:54.841
17841406083211195,18079570168572037,2025-02-25 10:02:01,IMAGE,FEED,6,0,305,175,1,0,7,2025-07-26 17:30:13.355
17841406083211195,18079570168572037,2025-02-25 10:02:01,IMAGE,FEED,6,0,306,176,1,0,7,2025-07-28 17:29:22.349
17841406083211195,18079570168572037,2025-02-25 10:02:01,IMAGE,FEED,6,0,307,177,1,0,7,2025-07-31 17:29:02.390
17841406083211195,18079570168572037,2025-02-25 10:02:01,IMAGE,FEED,6,0,311,178,1,0,7,2025-08-02 17:29:47.468
17841406083211195,18079570168572037,2025-02-25 10:02:01,IMAGE,FEED,6,0,312,178,1,0,7,2025-08-03 17:29:51.699
17841406083211195,18079570168572037,2025-02-25 10:02:01,IMAGE,FEED,6,0,314,179,1,0,7,2025-08-04 17:30:32.188
17841406083211195,18079570168572037,2025-02-25 10:02:01,IMAGE,FEED,6,0,317,182,1,0,7,2025-08-06 17:29:32.809
17841406083211195,18079570168572037,2025-02-25 10:02:01,IMAGE,FEED,6,0,318,182,1,0,7,2025-08-07 17:30:03.397
17841406083211195,18079570168572037,2025-02-25 10:02:01,IMAGE,FEED,6,0,319,182,1,0,7,2025-08-08 17:29:41.580
17841406083211195,18079570168572037,2025-02-25 10:02:01,IMAGE,FEED,6,0,329,182,1,0,7,2025-08-09 17:29:27.758
17841406083211195,18079570168572037,2025-02-25 10:02:01,IMAGE,FEED,6,0,330,182,1,0,7,2025-08-10 17:29:54.197
17841406083211195,18079570168572037,2025-02-25 10:02:01,IMAGE,FEED,6,0,331,183,1,0,7,2025-08-11 17:30:48.461
17841406083211195,18079570168572037,2025-02-25 10:02:01,IMAGE,FEED,6,0,337,183,1,0,7,2025-08-17 17:28:55.752
17841406083211195,18079570168572037,2025-02-25 10:02:01,IMAGE,FEED,6,0,343,183,1,0,7,2025-08-18 17:29:09.070
17841406083211195,18079570168572037,2025-02-25 10:02:01,IMAGE,FEED,6,0,345,183,1,0,7,2025-08-20 17:29:54.698
17841406083211195,18079570168572037,2025-02-25 10:02:01,IMAGE,FEED,6,0,348,183,1,0,7,2025-08-21 17:30:35.446
17841406083211195,18079570168572037,2025-02-25 10:02:01,IMAGE,FEED,6,0,358,185,1,0,7,2025-08-22 17:29:39.565
17841406083211195,18079570168572037,2025-02-25 10:02:01,IMAGE,FEED,6,0,359,185,1,0,7,2025-08-23 17:29:46.425
17841406083211195,18079570168572037,2025-02-25 10:02:01,IMAGE,FEED,6,0,361,185,1,0,7,2025-08-24 17:29:21.887
17841406083211195,18079570168572037,2025-02-25 10:02:01,IMAGE,FEED,6,0,375,185,1,0,7,2025-08-25 17:29:53.212
17841406083211195,18079570168572037,2025-02-25 10:02:01,IMAGE,FEED,6,0,380,186,1,0,7,2025-08-26 17:29:23.360
17841406083211195,18079570168572037,2025-02-25 10:02:01,IMAGE,FEED,6,0,386,186,1,0,7,2025-08-27 17:30:31.260
17841406083211195,18079570168572037,2025-02-25 10:02:01,IMAGE,FEED,6,0,388,186,1,0,7,2025-08-28 17:31:46.021
17841406083211195,18079570168572037,2025-02-25 10:02:01,IMAGE,FEED,6,0,389,186,1,0,7,2025-08-30 17:30:35.879
17841406083211195,18079570168572037,2025-02-25 10:02:01,IMAGE,FEED,6,0,397,186,1,0,7,2025-08-31 17:29:08.147
17841406083211195,18079570168572037,2025-02-25 10:02:01,IMAGE,FEED,6,0,462,190,1,0,7,2025-10-01 04:10:09.686
17841406083211195,18079570168572037,2025-02-25 10:02:01,IMAGE,FEED,6,0,464,190,1,0,7,2025-10-02 04:04:43.617
17841406083211195,18079570168572037,2025-02-25 10:02:01,IMAGE,FEED,6,0,465,190,1,0,7,2025-10-02 17:29:46.305
17841406083211195,18079570168572037,2025-02-25 10:02:01,IMAGE,FEED,6,0,466,190,1,0,7,2025-10-06 17:29:02.559
17841406083211195,18079570168572037,2025-02-25 10:02:01,IMAGE,FEED,6,0,468,190,1,0,7,2025-10-08 17:29:55.664
17841406083211195,18079570168572037,2025-02-25 10:02:01,IMAGE,FEED,6,0,475,190,1,0,7,2025-10-09 17:29:07.178
17841406083211195,18079570168572037,2025-02-25 10:02:01,IMAGE,FEED,6,0,477,190,1,0,7,2025-10-12 17:29:04.372
17841406083211195,18079570168572037,2025-02-25 10:02:01,IMAGE,FEED,6,0,480,190,1,0,7,2025-10-14 17:28:35.631
17841406083211195,18079570168572037,2025-02-25 10:02:01,IMAGE,FEED,6,0,481,190,1,0,7,2025-10-15 17:30:08.623
17841406083211195,18079570168572037,2025-02-25 10:02:01,IMAGE,FEED,6,0,482,190,1,0,7,2025-10-16 17:29:14.736
17841406083211195,18079570168572037,2025-02-25 10:02:01,IMAGE,FEED,6,0,485,190,1,0,7,2025-10-17 17:30:11.765
17841406083211195,18079570168572037,2025-02-25 10:02:01,IMAGE,FEED,6,0,487,190,1,0,7,2025-10-18 17:28:43.359
17841406083211195,18079570168572037,2025-02-25 10:02:01,IMAGE,FEED,6,0,488,190,1,0,7,2025-10-20 17:29:38.002
17841406083211195,18079570168572037,2025-02-25 10:02:01,IMAGE,FEED,6,0,489,190,1,0,7,2025-10-21 17:28:55.522
17841406083211195,18079570168572037,2025-02-25 10:02:01,IMAGE,FEED,6,0,490,190,1,0,7,2025-10-22 17:29:11.373
17841406083211195,18079570168572037,2025-02-25 10:02:01,IMAGE,FEED,6,0,492,190,1,0,7,2025-10-23 17:28:45.965
17841406083211195,18079570168572037,2025-02-25 10:02:01,IMAGE,FEED,6,0,503,191,1,0,7,2025-10-27 17:29:04.345
17841406083211195,18079570168572037,2025-02-25 10:02:01,IMAGE,FEED,6,0,524,191,1,0,7,2025-10-28 17:30:01.153
17841406083211195,18079570168572037,2025-02-25 10:02:01,IMAGE,FEED,6,0,525,191,1,0,7,2025-10-29 17:29:48.670
17841406083211195,18079570168572037,2025-02-25 10:02:01,IMAGE,FEED,6,0,531,191,1,0,7,2025-10-31 17:29:18.969
17841406083211195,18079570168572037,2025-02-25 10:02:01,IMAGE,FEED,6,0,532,191,1,0,7,2025-11-02 17:29:16.146
17841406083211195,18079570168572037,2025-02-25 10:02:01,IMAGE,FEED,6,0,533,191,1,0,7,2025-11-03 17:29:06.664
17841406083211195,18079570168572037,2025-02-25 10:02:01,IMAGE,FEED,6,0,534,191,1,0,7,2025-11-04 17:28:42.945
17841406083211195,18079570168572037,2025-02-25 10:02:01,IMAGE,FEED,6,0,538,191,1,0,7,2025-11-06 17:29:06.860
17841406083211195,18079570168572037,2025-02-25 10:02:01,IMAGE,FEED,6,0,539,191,1,0,7,2025-11-07 17:29:28.063
17841406083211195,18079570168572037,2025-02-25 10:02:01,IMAGE,FEED,6,0,541,191,1,0,7,2025-11-09 17:29:04.266
17841406083211195,18079570168572037,2025-02-25 10:02:01,IMAGE,FEED,6,0,542,191,1,0,7,2025-11-10 17:29:31.991
17841406083211195,18079570168572037,2025-02-25 10:02:01,IMAGE,FEED,6,0,543,191,1,0,7,2025-11-11 17:29:22.333
17841406083211195,18079570168572037,2025-02-25 10:02:01,IMAGE,FEED,6,0,545,191,1,0,7,2025-11-12 17:29:20.865
17841406083211195,18079570168572037,2025-02-25 10:02:01,IMAGE,FEED,6,0,547,191,1,0,7,2025-11-13 17:30:02.181
17841406083211195,18079570168572037,2025-02-25 10:02:01,IMAGE,FEED,6,0,548,191,1,0,7,2025-11-14 17:29:25.543
17841406083211195,18079570168572037,2025-02-25 10:02:01,IMAGE,FEED,6,0,551,191,1,0,7,2025-11-16 17:30:12.330
17841406083211195,18079570168572037,2025-02-25 10:02:01,IMAGE,FEED,6,0,555,191,1,0,7,2025-11-19 17:34:29.220
17841406083211195,18079570168572037,2025-02-25 10:02:01,IMAGE,FEED,6,0,557,191,1,0,7,2025-11-21 17:34:52.817
17841406083211195,18079570168572037,2025-02-25 10:02:01,IMAGE,FEED,6,0,558,192,1,0,7,2025-11-25 17:33:52.975
17841406083211195,18079570168572037,2025-02-25 10:02:01,IMAGE,FEED,6,0,559,192,1,0,7,2025-11-26 17:36:02.322
17841406083211195,18079570168572037,2025-02-25 10:02:01,IMAGE,FEED,6,0,560,192,1,0,7,2025-11-30 17:33:04.195
17841406083211195,18079570168572037,2025-02-25 10:02:01,IMAGE,FEED,6,0,562,192,1,0,7,2025-12-01 17:33:15.134
17841406083211195,18079570168572037,2025-02-25 10:02:01,IMAGE,FEED,6,0,563,192,1,0,7,2025-12-03 17:35:49.227
17841406083211195,18079570168572037,2025-02-25 10:02:01,IMAGE,FEED,6,0,564,192,1,0,7,2025-12-05 17:34:03.810
17841406083211195,18079570168572037,2025-02-25 10:02:01,IMAGE,FEED,6,0,566,192,1,0,7,2025-12-08 17:32:36.768
17841406083211195,18079570168572037,2025-02-25 10:02:01,IMAGE,FEED,6,0,570,192,1,0,7,2025-12-11 17:33:08.736
17841406083211195,18079570168572037,2025-02-25 10:02:01,IMAGE,FEED,6,0,571,192,1,0,7,2025-12-12 17:34:34.578
17841406083211195,18079570168572037,2025-02-25 10:02:01,IMAGE,FEED,6,0,574,192,1,0,7,2025-12-18 17:31:24.187
17841406083211195,18079570168572037,2025-02-25 10:02:01,IMAGE,FEED,6,0,575,192,1,0,7,2025-12-22 17:28:52.800
17841406083211195,18079570168572037,2025-02-25 10:02:01,IMAGE,FEED,6,0,578,192,1,0,7,2025-12-24 17:29:21.584
17841406083211195,18079570168572037,2025-02-25 10:02:01,IMAGE,FEED,6,0,583,192,1,0,7,2025-12-25 17:29:40.545
17841406083211195,18081107632627707,2025-03-10 10:10:34,IMAGE,FEED,2,0,169,123,0,0,2,2025-04-17 17:31:52.785
17841406083211195,18081107632627707,2025-03-10 10:10:34,IMAGE,FEED,2,0,170,124,0,0,2,2025-04-18 19:14:47.747
17841406083211195,18081107632627707,2025-03-10 10:10:34,IMAGE,FEED,2,0,174,127,0,0,2,2025-04-22 17:29:16.967
17841406083211195,18081107632627707,2025-03-10 10:10:34,IMAGE,FEED,2,0,175,128,0,0,2,2025-04-24 01:56:09.938
17841406083211195,18081107632627707,2025-03-10 10:10:34,IMAGE,FEED,2,0,176,128,0,0,2,2025-04-25 17:30:04.348
17841406083211195,18081107632627707,2025-03-10 10:10:34,IMAGE,FEED,2,0,177,129,0,0,2,2025-04-27 17:31:03.880
17841406083211195,18081107632627707,2025-03-10 10:10:34,IMAGE,FEED,2,0,179,130,0,0,2,2025-04-28 17:30:00.129
17841406083211195,18081107632627707,2025-03-10 10:10:34,IMAGE,FEED,2,0,180,130,0,0,2,2025-04-30 17:30:59.228
17841406083211195,18081107632627707,2025-03-10 10:10:34,IMAGE,FEED,2,0,181,131,0,0,2,2025-05-05 17:29:55.865
17841406083211195,18081107632627707,2025-03-10 10:10:34,IMAGE,FEED,2,0,184,134,0,0,2,2025-05-08 17:30:01.746
17841406083211195,18081107632627707,2025-03-10 10:10:34,IMAGE,FEED,2,0,185,135,0,0,2,2025-05-13 17:29:33.114
17841406083211195,18081107632627707,2025-03-10 10:10:34,IMAGE,FEED,2,0,186,136,0,0,2,2025-05-17 17:30:06.312
17841406083211195,18081107632627707,2025-03-10 10:10:34,IMAGE,FEED,2,0,187,137,0,0,2,2025-05-20 17:29:17.935
17841406083211195,18081107632627707,2025-03-10 10:10:34,IMAGE,FEED,2,0,188,138,0,0,2,2025-05-24 17:30:42.229
17841406083211195,18081107632627707,2025-03-10 10:10:34,IMAGE,FEED,2,0,189,139,0,0,2,2025-06-05 17:30:15.481
17841406083211195,18081107632627707,2025-03-10 10:10:34,IMAGE,FEED,2,0,192,141,0,0,2,2025-07-03 17:30:07.980
17841406083211195,18081107632627707,2025-03-10 10:10:34,IMAGE,FEED,2,0,196,142,0,0,2,2025-07-04 17:31:09.097
17841406083211195,18081107632627707,2025-03-10 10:10:34,IMAGE,FEED,2,0,197,142,0,0,2,2025-07-16 17:30:13.805
17841406083211195,18081107632627707,2025-03-10 10:10:34,IMAGE,FEED,2,0,203,142,0,0,2,2025-07-20 17:30:24.960
17841406083211195,18081107632627707,2025-03-10 10:10:34,IMAGE,FEED,2,0,204,142,0,0,2,2025-07-21 17:30:54.838
17841406083211195,18081107632627707,2025-03-10 10:10:34,IMAGE,FEED,2,0,206,142,0,0,2,2025-07-26 17:30:13.353
17841406083211195,18081107632627707,2025-03-10 10:10:34,IMAGE,FEED,2,0,207,143,0,0,2,2025-07-29 17:29:59.931
17841406083211195,18081107632627707,2025-03-10 10:10:34,IMAGE,FEED,2,0,209,143,0,0,2,2025-07-31 17:29:02.386
17841406083211195,18081107632627707,2025-03-10 10:10:34,IMAGE,FEED,2,0,211,143,0,0,2,2025-08-03 17:29:51.696
17841406083211195,18081107632627707,2025-03-10 10:10:34,IMAGE,FEED,2,0,212,143,0,0,2,2025-08-04 17:30:32.186
17841406083211195,18081107632627707,2025-03-10 10:10:34,IMAGE,FEED,2,0,213,144,0,0,2,2025-08-06 17:29:32.808
17841406083211195,18081107632627707,2025-03-10 10:10:34,IMAGE,FEED,2,0,215,144,0,0,2,2025-08-08 17:29:41.576
17841406083211195,18081107632627707,2025-03-10 10:10:34,IMAGE,FEED,2,0,220,144,0,0,2,2025-08-11 17:30:48.458
17841406083211195,18081107632627707,2025-03-10 10:10:34,IMAGE,FEED,2,0,226,145,0,0,2,2025-08-17 17:28:52.670
17841406083211195,18081107632627707,2025-03-10 10:10:34,IMAGE,FEED,2,0,231,145,0,0,2,2025-08-18 17:29:03.009
17841406083211195,18081107632627707,2025-03-10 10:10:34,IMAGE,FEED,2,0,233,145,0,0,2,2025-08-20 17:29:49.039
17841406083211195,18081107632627707,2025-03-10 10:10:34,IMAGE,FEED,2,0,236,145,0,0,2,2025-08-21 17:30:28.979
17841406083211195,18081107632627707,2025-03-10 10:10:34,IMAGE,FEED,2,0,237,145,0,0,2,2025-08-23 17:29:39.817
17841406083211195,18081107632627707,2025-03-10 10:10:34,IMAGE,FEED,2,0,239,145,0,0,2,2025-08-24 17:29:14.551
17841406083211195,18081107632627707,2025-03-10 10:10:34,IMAGE,FEED,2,0,258,146,0,0,2,2025-08-25 17:29:45.203
17841406083211195,18081107632627707,2025-03-10 10:10:34,IMAGE,FEED,2,0,261,146,0,0,2,2025-08-26 17:29:15.095
17841406083211195,18081107632627707,2025-03-10 10:10:34,IMAGE,FEED,2,0,266,146,0,0,2,2025-08-27 17:30:31.259
17841406083211195,18081107632627707,2025-03-10 10:10:34,IMAGE,FEED,2,0,268,146,0,0,2,2025-08-28 17:31:46.020
17841406083211195,18081107632627707,2025-03-10 10:10:34,IMAGE,FEED,2,0,270,146,0,0,2,2025-08-30 17:30:35.878
17841406083211195,18081107632627707,2025-03-10 10:10:34,IMAGE,FEED,2,0,277,146,0,0,2,2025-08-31 17:29:08.146
17841406083211195,18081107632627707,2025-03-10 10:10:34,IMAGE,FEED,2,0,327,147,0,0,2,2025-10-01 04:10:09.682
17841406083211195,18081107632627707,2025-03-10 10:10:34,IMAGE,FEED,2,0,329,147,0,0,2,2025-10-02 04:04:43.616
17841406083211195,18081107632627707,2025-03-10 10:10:34,IMAGE,FEED,2,0,330,147,0,0,2,2025-10-02 17:29:46.303
17841406083211195,18081107632627707,2025-03-10 10:10:34,IMAGE,FEED,2,0,331,147,0,0,2,2025-10-04 17:29:53.385
17841406083211195,18081107632627707,2025-03-10 10:10:34,IMAGE,FEED,2,0,332,147,0,0,2,2025-10-06 17:29:02.557
17841406083211195,18081107632627707,2025-03-10 10:10:34,IMAGE,FEED,2,0,334,147,0,0,2,2025-10-08 17:29:55.662
17841406083211195,18081107632627707,2025-03-10 10:10:34,IMAGE,FEED,2,0,342,147,0,0,2,2025-10-09 17:29:07.176
17841406083211195,18081107632627707,2025-03-10 10:10:34,IMAGE,FEED,2,0,343,147,0,0,2,2025-10-12 17:29:04.369
17841406083211195,18081107632627707,2025-03-10 10:10:34,IMAGE,FEED,2,0,347,147,0,0,2,2025-10-14 17:28:35.629
17841406083211195,18081107632627707,2025-03-10 10:10:34,IMAGE,FEED,2,0,348,147,0,0,2,2025-10-15 17:30:08.622
17841406083211195,18081107632627707,2025-03-10 10:10:34,IMAGE,FEED,2,0,349,147,0,0,2,2025-10-16 17:29:14.733
17841406083211195,18081107632627707,2025-03-10 10:10:34,IMAGE,FEED,2,0,353,147,0,0,2,2025-10-17 17:30:11.763
17841406083211195,18081107632627707,2025-03-10 10:10:34,IMAGE,FEED,2,0,356,147,0,0,2,2025-10-18 17:28:43.356
17841406083211195,18081107632627707,2025-03-10 10:10:34,IMAGE,FEED,2,0,357,147,0,0,2,2025-10-20 17:29:38.000
17841406083211195,18081107632627707,2025-03-10 10:10:34,IMAGE,FEED,2,0,358,147,0,0,2,2025-10-21 17:28:55.521
17841406083211195,18081107632627707,2025-03-10 10:10:34,IMAGE,FEED,2,0,359,147,0,0,2,2025-10-22 17:29:11.371
17841406083211195,18081107632627707,2025-03-10 10:10:34,IMAGE,FEED,2,0,361,147,0,0,2,2025-10-23 17:28:45.961
17841406083211195,18081107632627707,2025-03-10 10:10:34,IMAGE,FEED,2,0,369,147,0,0,2,2025-10-27 17:29:04.341
17841406083211195,18081107632627707,2025-03-10 10:10:34,IMAGE,FEED,2,0,392,147,0,0,2,2025-10-28 17:30:01.151
17841406083211195,18081107632627707,2025-03-10 10:10:34,IMAGE,FEED,2,0,393,147,0,0,2,2025-10-29 17:29:48.669
17841406083211195,18081107632627707,2025-03-10 10:10:34,IMAGE,FEED,2,0,398,147,0,0,2,2025-11-02 17:29:16.143
17841406083211195,18081107632627707,2025-03-10 10:10:34,IMAGE,FEED,2,0,399,147,0,0,2,2025-11-03 17:29:06.663
17841406083211195,18081107632627707,2025-03-10 10:10:34,IMAGE,FEED,2,0,401,147,0,0,2,2025-11-04 17:28:36.314
17841406083211195,18081107632627707,2025-03-10 10:10:34,IMAGE,FEED,2,0,405,147,0,0,2,2025-11-06 17:29:01.629
17841406083211195,18081107632627707,2025-03-10 10:10:34,IMAGE,FEED,2,0,407,147,0,0,2,2025-11-07 17:29:19.577
17841406083211195,18081107632627707,2025-03-10 10:10:34,IMAGE,FEED,2,0,410,147,0,0,2,2025-11-09 17:28:56.333
17841406083211195,18081107632627707,2025-03-10 10:10:34,IMAGE,FEED,2,0,411,147,0,0,2,2025-11-10 17:29:31.990
17841406083211195,18081107632627707,2025-03-10 10:10:34,IMAGE,FEED,2,0,412,147,0,0,2,2025-11-11 17:29:22.332
17841406083211195,18081107632627707,2025-03-10 10:10:34,IMAGE,FEED,2,0,414,147,0,0,2,2025-11-12 17:29:20.864
17841406083211195,18081107632627707,2025-03-10 10:10:34,IMAGE,FEED,2,0,416,147,0,0,2,2025-11-13 17:30:02.178
17841406083211195,18081107632627707,2025-03-10 10:10:34,IMAGE,FEED,2,0,417,147,0,0,2,2025-11-14 17:29:25.541
17841406083211195,18081107632627707,2025-03-10 10:10:34,IMAGE,FEED,2,0,419,147,0,0,2,2025-11-16 17:30:12.329
17841406083211195,18081107632627707,2025-03-10 10:10:34,IMAGE,FEED,2,0,423,147,0,0,2,2025-11-19 17:34:55.377
17841406083211195,18081107632627707,2025-03-10 10:10:34,IMAGE,FEED,2,0,425,147,0,0,2,2025-11-21 17:35:17.483
17841406083211195,18081107632627707,2025-03-10 10:10:34,IMAGE,FEED,2,0,426,147,0,0,2,2025-11-26 17:36:48.615
17841406083211195,18081107632627707,2025-03-10 10:10:34,IMAGE,FEED,2,0,427,147,0,0,2,2025-11-30 17:33:23.488
17841406083211195,18081107632627707,2025-03-10 10:10:34,IMAGE,FEED,2,0,429,147,0,0,2,2025-12-01 17:33:33.574
17841406083211195,18081107632627707,2025-03-10 10:10:34,IMAGE,FEED,2,0,430,147,0,0,2,2025-12-03 17:36:09.382
17841406083211195,18081107632627707,2025-03-10 10:10:34,IMAGE,FEED,2,0,431,147,0,0,2,2025-12-05 17:34:22.765
17841406083211195,18081107632627707,2025-03-10 10:10:34,IMAGE,FEED,2,0,433,147,0,0,2,2025-12-08 17:32:58.802
17841406083211195,18081107632627707,2025-03-10 10:10:34,IMAGE,FEED,2,0,434,147,0,0,2,2025-12-11 17:33:27.314
17841406083211195,18081107632627707,2025-03-10 10:10:34,IMAGE,FEED,2,0,436,147,0,0,2,2025-12-12 17:35:06.519
17841406083211195,18081107632627707,2025-03-10 10:10:34,IMAGE,FEED,2,0,438,147,0,0,2,2025-12-17 17:29:13.834
17841406083211195,18081107632627707,2025-03-10 10:10:34,IMAGE,FEED,2,0,439,147,0,0,2,2025-12-20 17:36:15.179
17841406083211195,18081107632627707,2025-03-10 10:10:34,IMAGE,FEED,2,0,440,148,0,0,2,2025-12-24 17:29:21.582
17841406083211195,18081107632627707,2025-03-10 10:10:34,IMAGE,FEED,2,0,445,148,0,0,2,2025-12-25 17:29:40.544
17841406083211195,18081619552735530,2025-05-08 10:27:26,IMAGE,FEED,9,0,92,76,0,14,23,2025-05-08 17:29:54.768
17841406083211195,18081619552735530,2025-05-08 10:27:26,IMAGE,FEED,12,0,170,124,0,14,26,2025-05-09 17:30:57.510
17841406083211195,18081619552735530,2025-05-08 10:27:26,IMAGE,FEED,12,0,175,127,0,14,26,2025-05-10 17:30:27.669
17841406083211195,18081619552735530,2025-05-08 10:27:26,IMAGE,FEED,12,0,180,130,0,14,26,2025-05-11 17:29:37.307
17841406083211195,18081619552735530,2025-05-08 10:27:26,IMAGE,FEED,12,0,193,138,0,14,26,2025-05-12 17:30:45.008
17841406083211195,18081619552735530,2025-05-08 10:27:26,IMAGE,FEED,12,0,198,142,0,14,26,2025-05-13 17:29:33.121
17841406083211195,18081619552735530,2025-05-08 10:27:26,IMAGE,FEED,12,0,203,144,0,14,26,2025-05-14 17:30:05.773
17841406083211195,18081619552735530,2025-05-08 10:27:26,IMAGE,FEED,12,0,210,150,0,14,26,2025-05-15 17:30:17.665
17841406083211195,18081619552735530,2025-05-08 10:27:26,IMAGE,FEED,12,0,211,151,0,14,26,2025-05-16 17:31:00.287
17841406083211195,18081619552735530,2025-05-08 10:27:26,IMAGE,FEED,12,0,215,153,0,14,26,2025-05-17 17:30:06.316
17841406083211195,18081619552735530,2025-05-08 10:27:26,IMAGE,FEED,12,0,217,155,0,14,26,2025-05-18 17:30:27.079
17841406083211195,18081619552735530,2025-05-08 10:27:26,IMAGE,FEED,12,0,222,157,0,14,26,2025-05-19 17:30:02.660
17841406083211195,18081619552735530,2025-05-08 10:27:26,IMAGE,FEED,12,0,223,157,0,14,26,2025-05-20 17:29:17.940
17841406083211195,18081619552735530,2025-05-08 10:27:26,IMAGE,FEED,12,0,225,158,0,14,26,2025-05-21 17:30:08.511
17841406083211195,18081619552735530,2025-05-08 10:27:26,IMAGE,FEED,12,0,226,159,0,14,26,2025-05-22 17:30:10.256
17841406083211195,18081619552735530,2025-05-08 10:27:26,IMAGE,FEED,12,0,230,162,0,14,26,2025-05-25 17:31:05.650
17841406083211195,18081619552735530,2025-05-08 10:27:26,IMAGE,FEED,12,0,234,163,0,14,26,2025-05-26 17:30:22.053
17841406083211195,18081619552735530,2025-05-08 10:27:26,IMAGE,FEED,12,0,235,164,0,14,26,2025-05-28 17:30:33.825
17841406083211195,18081619552735530,2025-05-08 10:27:26,IMAGE,FEED,12,0,236,164,0,14,26,2025-05-30 17:29:56.103
17841406083211195,18081619552735530,2025-05-08 10:27:26,IMAGE,FEED,12,0,238,165,0,14,26,2025-05-31 17:30:02.395
17841406083211195,18081619552735530,2025-05-08 10:27:26,IMAGE,FEED,12,0,239,165,0,14,26,2025-06-01 17:29:49.082
17841406083211195,18081619552735530,2025-05-08 10:27:26,IMAGE,FEED,12,0,240,166,0,14,26,2025-06-02 17:30:36.020
17841406083211195,18081619552735530,2025-05-08 10:27:26,IMAGE,FEED,12,0,241,166,0,14,26,2025-06-04 17:30:00.714
17841406083211195,18081619552735530,2025-05-08 10:27:26,IMAGE,FEED,12,0,244,168,0,14,26,2025-06-05 17:30:15.488
17841406083211195,18081619552735530,2025-05-08 10:27:26,IMAGE,FEED,12,0,265,178,0,14,26,2025-07-03 03:00:02.140
17841406083211195,18081619552735530,2025-05-08 10:27:26,IMAGE,FEED,12,0,266,178,0,14,26,2025-07-03 17:29:59.204
17841406083211195,18081619552735530,2025-05-08 10:27:26,IMAGE,FEED,12,0,267,178,0,14,26,2025-07-04 17:30:58.668
17841406083211195,18081619552735530,2025-05-08 10:27:26,IMAGE,FEED,12,0,272,178,0,14,26,2025-07-05 17:29:52.042
17841406083211195,18081619552735530,2025-05-08 10:27:26,IMAGE,FEED,12,0,273,179,0,14,26,2025-07-09 17:30:26.349
17841406083211195,18081619552735530,2025-05-08 10:27:26,IMAGE,FEED,12,0,275,179,0,14,26,2025-07-15 17:29:51.510
17841406083211195,18081619552735530,2025-05-08 10:27:26,IMAGE,FEED,12,0,276,179,0,14,26,2025-07-16 17:30:05.707
17841406083211195,18081619552735530,2025-05-08 10:27:26,IMAGE,FEED,12,0,279,179,0,14,26,2025-07-21 17:30:41.013
17841406083211195,18081619552735530,2025-05-08 10:27:26,IMAGE,FEED,12,0,281,179,0,14,26,2025-07-22 17:30:46.718
17841406083211195,18081619552735530,2025-05-08 10:27:26,IMAGE,FEED,12,0,282,179,0,14,26,2025-07-23 17:30:26.059
17841406083211195,18081619552735530,2025-05-08 10:27:26,IMAGE,FEED,12,0,288,179,0,14,26,2025-07-26 17:30:13.357
17841406083211195,18081619552735530,2025-05-08 10:27:26,IMAGE,FEED,12,0,289,179,0,14,26,2025-07-27 17:30:43.455
17841406083211195,18081619552735530,2025-05-08 10:27:26,IMAGE,FEED,12,0,290,179,0,14,26,2025-07-28 17:29:22.354
17841406083211195,18081619552735530,2025-05-08 10:27:26,IMAGE,FEED,12,0,292,179,0,14,26,2025-07-29 17:29:59.935
17841406083211195,18081619552735530,2025-05-08 10:27:26,IMAGE,FEED,12,0,301,181,0,14,26,2025-07-31 17:29:02.396
17841406083211195,18081619552735530,2025-05-08 10:27:26,IMAGE,FEED,12,0,308,181,0,14,26,2025-08-03 17:29:51.703
17841406083211195,18081619552735530,2025-05-08 10:27:26,IMAGE,FEED,12,0,309,181,0,14,26,2025-08-06 17:29:32.812
17841406083211195,18081619552735530,2025-05-08 10:27:26,IMAGE,FEED,12,0,312,181,0,14,26,2025-08-08 17:29:41.590
17841406083211195,18081619552735530,2025-05-08 10:27:26,IMAGE,FEED,12,0,323,182,0,14,26,2025-08-10 17:29:54.200
17841406083211195,18081619552735530,2025-05-08 10:27:26,IMAGE,FEED,12,0,324,183,0,14,26,2025-08-11 17:30:48.465
17841406083211195,18081619552735530,2025-05-08 10:27:26,IMAGE,FEED,12,0,330,183,0,14,26,2025-08-12 17:31:33.940
17841406083211195,18081619552735530,2025-05-08 10:27:26,IMAGE,FEED,12,0,334,183,0,14,26,2025-08-14 17:30:40.915
17841406083211195,18081619552735530,2025-05-08 10:27:26,IMAGE,FEED,12,0,343,185,0,14,26,2025-08-16 17:29:42.438
17841406083211195,18081619552735530,2025-05-08 10:27:26,IMAGE,FEED,12,0,344,185,0,14,26,2025-08-17 17:28:52.675
17841406083211195,18081619552735530,2025-05-08 10:27:26,IMAGE,FEED,12,0,348,185,0,14,26,2025-08-18 17:29:03.013
17841406083211195,18081619552735530,2025-05-08 10:27:26,IMAGE,FEED,12,0,351,185,0,14,26,2025-08-19 17:29:48.964
17841406083211195,18081619552735530,2025-05-08 10:27:26,IMAGE,FEED,12,0,352,186,0,14,26,2025-08-20 17:29:49.046
17841406083211195,18081619552735530,2025-05-08 10:27:26,IMAGE,FEED,12,0,361,187,0,14,26,2025-08-21 17:30:28.985
17841406083211195,18081619552735530,2025-05-08 10:27:26,IMAGE,FEED,12,0,362,187,0,14,26,2025-08-23 17:29:39.823
17841406083211195,18081619552735530,2025-05-08 10:27:26,IMAGE,FEED,12,0,364,187,0,14,26,2025-08-24 17:29:14.557
17841406083211195,18081619552735530,2025-05-08 10:27:26,IMAGE,FEED,12,0,397,187,0,14,26,2025-08-25 17:29:45.206
17841406083211195,18081619552735530,2025-05-08 10:27:26,IMAGE,FEED,12,0,403,187,0,14,26,2025-08-26 17:29:15.102
17841406083211195,18081619552735530,2025-05-08 10:27:26,IMAGE,FEED,12,0,406,187,0,14,26,2025-08-27 17:30:23.665
17841406083211195,18081619552735530,2025-05-08 10:27:26,IMAGE,FEED,12,0,411,187,0,14,26,2025-08-28 17:31:28.490
17841406083211195,18081619552735530,2025-05-08 10:27:26,IMAGE,FEED,12,0,412,187,0,14,26,2025-08-29 17:28:53.241
17841406083211195,18081619552735530,2025-05-08 10:27:26,IMAGE,FEED,12,0,414,187,0,14,26,2025-08-30 17:30:25.968
17841406083211195,18081619552735530,2025-05-08 10:27:26,IMAGE,FEED,12,0,428,187,0,14,26,2025-08-31 17:28:56.736
17841406083211195,18081619552735530,2025-05-08 10:27:26,IMAGE,FEED,12,0,520,194,0,14,26,2025-10-01 04:10:01.750
17841406083211195,18081619552735530,2025-05-08 10:27:26,IMAGE,FEED,12,0,523,194,0,14,26,2025-10-02 04:04:36.974
17841406083211195,18081619552735530,2025-05-08 10:27:26,IMAGE,FEED,12,0,525,194,0,14,26,2025-10-02 17:29:39.996
17841406083211195,18081619552735530,2025-05-08 10:27:26,IMAGE,FEED,12,0,526,194,0,14,26,2025-10-04 17:29:46.377
17841406083211195,18081619552735530,2025-05-08 10:27:26,IMAGE,FEED,12,0,528,194,0,14,26,2025-10-06 17:28:55.807
17841406083211195,18081619552735530,2025-05-08 10:27:26,IMAGE,FEED,12,0,532,194,0,14,26,2025-10-08 17:29:48.279
17841406083211195,18081619552735530,2025-05-08 10:27:26,IMAGE,FEED,12,0,540,194,0,14,26,2025-10-09 17:28:59.250
17841406083211195,18081619552735530,2025-05-08 10:27:26,IMAGE,FEED,12,0,543,194,0,14,26,2025-10-12 17:28:57.210
17841406083211195,18081619552735530,2025-05-08 10:27:26,IMAGE,FEED,12,0,546,194,0,14,26,2025-10-13 17:29:00.299
17841406083211195,18081619552735530,2025-05-08 10:27:26,IMAGE,FEED,12,0,547,194,0,14,26,2025-10-14 17:28:28.914
17841406083211195,18081619552735530,2025-05-08 10:27:26,IMAGE,FEED,12,0,548,194,0,14,26,2025-10-15 17:30:00.903
17841406083211195,18081619552735530,2025-05-08 10:27:26,IMAGE,FEED,12,0,553,195,0,14,26,2025-10-16 17:29:06.172
17841406083211195,18081619552735530,2025-05-08 10:27:26,IMAGE,FEED,12,0,557,195,0,14,26,2025-10-17 17:30:04.037
17841406083211195,18081619552735530,2025-05-08 10:27:26,IMAGE,FEED,12,0,559,195,0,14,26,2025-10-18 17:28:35.969
17841406083211195,18081619552735530,2025-05-08 10:27:26,IMAGE,FEED,12,0,560,195,0,14,26,2025-10-20 17:29:38.005
17841406083211195,18081619552735530,2025-05-08 10:27:26,IMAGE,FEED,12,0,561,195,0,14,26,2025-10-21 17:28:55.525
17841406083211195,18081619552735530,2025-05-08 10:27:26,IMAGE,FEED,12,0,562,195,0,14,26,2025-10-22 17:29:11.377
17841406083211195,18081619552735530,2025-05-08 10:27:26,IMAGE,FEED,12,0,564,195,0,14,26,2025-10-23 17:28:45.969
17841406083211195,18081619552735530,2025-05-08 10:27:26,IMAGE,FEED,12,0,570,195,0,14,26,2025-10-27 17:29:04.350
17841406083211195,18081619552735530,2025-05-08 10:27:26,IMAGE,FEED,12,0,584,195,0,14,26,2025-10-28 17:30:01.155
17841406083211195,18081619552735530,2025-05-08 10:27:26,IMAGE,FEED,12,0,586,195,0,14,26,2025-10-29 17:29:48.672
17841406083211195,18081619552735530,2025-05-08 10:27:26,IMAGE,FEED,12,0,590,195,0,14,26,2025-10-31 17:29:18.972
17841406083211195,18081619552735530,2025-05-08 10:27:26,IMAGE,FEED,12,0,591,195,0,14,26,2025-11-02 17:29:16.150
17841406083211195,18081619552735530,2025-05-08 10:27:26,IMAGE,FEED,12,0,592,195,0,14,26,2025-11-03 17:29:06.667
17841406083211195,18081619552735530,2025-05-08 10:27:26,IMAGE,FEED,12,0,595,195,0,14,26,2025-11-04 17:28:36.317
17841406083211195,18081619552735530,2025-05-08 10:27:26,IMAGE,FEED,12,0,600,195,0,14,26,2025-11-06 17:29:01.634
17841406083211195,18081619552735530,2025-05-08 10:27:26,IMAGE,FEED,12,0,604,195,0,14,26,2025-11-07 17:29:19.580
17841406083211195,18081619552735530,2025-05-08 10:27:26,IMAGE,FEED,12,0,610,196,0,14,26,2025-11-09 17:28:56.338
17841406083211195,18081619552735530,2025-05-08 10:27:26,IMAGE,FEED,12,0,615,196,0,14,26,2025-11-10 17:29:23.638
17841406083211195,18081619552735530,2025-05-08 10:27:26,IMAGE,FEED,12,0,616,196,0,14,26,2025-11-11 17:29:14.651
17841406083211195,18081619552735530,2025-05-08 10:27:26,IMAGE,FEED,12,0,618,196,0,14,26,2025-11-12 17:29:12.209
17841406083211195,18081619552735530,2025-05-08 10:27:26,IMAGE,FEED,12,0,619,196,0,14,26,2025-11-13 17:29:47.733
17841406083211195,18081619552735530,2025-05-08 10:27:26,IMAGE,FEED,12,0,623,196,0,14,26,2025-11-14 17:29:17.976
17841406083211195,18081619552735530,2025-05-08 10:27:26,IMAGE,FEED,12,0,625,196,0,14,26,2025-11-15 17:31:07.838
17841406083211195,18081619552735530,2025-05-08 10:27:26,IMAGE,FEED,12,0,626,197,0,14,26,2025-11-16 17:30:03.480
17841406083211195,18081619552735530,2025-05-08 10:27:26,IMAGE,FEED,12,0,630,197,0,14,26,2025-11-17 17:29:22.821
17841406083211195,18081619552735530,2025-05-08 10:27:26,IMAGE,FEED,12,0,631,197,0,14,26,2025-11-18 17:29:13.850
17841406083211195,18081619552735530,2025-05-08 10:27:26,IMAGE,FEED,12,0,632,197,0,14,26,2025-11-19 17:34:55.381
17841406083211195,18081619552735530,2025-05-08 10:27:26,IMAGE,FEED,12,0,633,197,0,14,26,2025-11-21 17:35:17.491
17841406083211195,18081619552735530,2025-05-08 10:27:26,IMAGE,FEED,12,0,634,197,0,14,26,2025-11-24 17:36:00.677
17841406083211195,18081619552735530,2025-05-08 10:27:26,IMAGE,FEED,12,0,636,197,0,14,26,2025-11-25 17:34:17.704
17841406083211195,18081619552735530,2025-05-08 10:27:26,IMAGE,FEED,12,0,637,197,0,14,26,2025-11-26 17:36:48.621
17841406083211195,18081619552735530,2025-05-08 10:27:26,IMAGE,FEED,12,0,638,197,0,14,26,2025-11-30 17:33:23.495
17841406083211195,18081619552735530,2025-05-08 10:27:26,IMAGE,FEED,12,0,639,197,0,14,26,2025-12-01 17:33:33.578
17841406083211195,18081619552735530,2025-05-08 10:27:26,IMAGE,FEED,12,0,640,197,0,14,26,2025-12-02 17:34:52.696
17841406083211195,18081619552735530,2025-05-08 10:27:26,IMAGE,FEED,12,0,642,197,0,14,26,2025-12-03 17:36:09.387
17841406083211195,18081619552735530,2025-05-08 10:27:26,IMAGE,FEED,12,0,645,197,0,14,26,2025-12-05 17:34:22.771
17841406083211195,18081619552735530,2025-05-08 10:27:26,IMAGE,FEED,12,0,646,197,0,14,26,2025-12-07 17:33:15.196
17841406083211195,18081619552735530,2025-05-08 10:27:26,IMAGE,FEED,12,0,647,197,0,14,26,2025-12-09 17:35:08.325
17841406083211195,18081619552735530,2025-05-08 10:27:26,IMAGE,FEED,12,0,648,197,0,14,26,2025-12-11 17:33:27.317
17841406083211195,18081619552735530,2025-05-08 10:27:26,IMAGE,FEED,12,0,650,197,0,14,26,2025-12-12 17:35:06.522
17841406083211195,18081619552735530,2025-05-08 10:27:26,IMAGE,FEED,12,0,652,197,0,14,26,2025-12-17 17:29:13.837
17841406083211195,18081619552735530,2025-05-08 10:27:26,IMAGE,FEED,12,0,653,197,0,14,26,2025-12-21 17:30:09.423
17841406083211195,18081619552735530,2025-05-08 10:27:26,IMAGE,FEED,12,0,654,197,0,14,26,2025-12-22 17:28:52.802
17841406083211195,18081619552735530,2025-05-08 10:27:26,IMAGE,FEED,12,0,655,197,0,14,26,2025-12-24 17:29:21.589
17841406083211195,18081619552735530,2025-05-08 10:27:26,IMAGE,FEED,12,0,657,197,0,14,26,2025-12-25 17:29:40.547
17841406083211195,18082545436896714,2025-08-11 10:17:28,IMAGE,FEED,5,0,89,49,0,0,5,2025-08-11 17:30:22.613
17841406083211195,18082545436896714,2025-08-11 10:17:28,IMAGE,FEED,5,0,171,90,0,0,5,2025-08-12 17:31:14.749
17841406083211195,18082545436896714,2025-08-11 10:17:28,IMAGE,FEED,6,0,206,104,0,0,6,2025-08-13 17:29:54.288
17841406083211195,18082545436896714,2025-08-11 10:17:28,IMAGE,FEED,6,0,229,109,0,0,6,2025-08-14 17:30:30.700
17841406083211195,18082545436896714,2025-08-11 10:17:28,IMAGE,FEED,6,0,281,113,0,0,6,2025-08-15 17:29:20.108
17841406083211195,18082545436896714,2025-08-11 10:17:28,IMAGE,FEED,6,0,315,115,0,0,6,2025-08-16 17:29:29.894
17841406083211195,18082545436896714,2025-08-11 10:17:28,IMAGE,FEED,6,0,342,116,0,0,6,2025-08-17 17:28:43.176
17841406083211195,18082545436896714,2025-08-11 10:17:28,IMAGE,FEED,6,0,393,119,0,0,6,2025-08-18 17:28:55.666
17841406083211195,18082545436896714,2025-08-11 10:17:28,IMAGE,FEED,6,0,416,121,0,0,6,2025-08-19 17:29:34.422
17841406083211195,18082545436896714,2025-08-11 10:17:28,IMAGE,FEED,6,0,442,124,0,0,6,2025-08-20 17:29:40.859
17841406083211195,18082545436896714,2025-08-11 10:17:28,IMAGE,FEED,6,0,500,127,0,0,6,2025-08-21 17:30:19.071
17841406083211195,18082545436896714,2025-08-11 10:17:28,IMAGE,FEED,6,0,531,128,0,0,6,2025-08-22 17:29:22.406
17841406083211195,18082545436896714,2025-08-11 10:17:28,IMAGE,FEED,6,0,546,129,0,0,6,2025-08-23 17:29:30.922
17841406083211195,18082545436896714,2025-08-11 10:17:28,IMAGE,FEED,6,0,552,129,0,0,6,2025-08-24 17:29:05.923
17841406083211195,18082545436896714,2025-08-11 10:17:28,IMAGE,FEED,6,0,593,130,0,0,6,2025-08-25 17:29:34.726
17841406083211195,18082545436896714,2025-08-11 10:17:28,IMAGE,FEED,6,0,624,134,0,0,6,2025-08-26 17:29:05.574
17841406083211195,18082545436896714,2025-08-11 10:17:28,IMAGE,FEED,6,0,638,135,0,0,6,2025-08-27 17:30:15.452
17841406083211195,18082545436896714,2025-08-11 10:17:28,IMAGE,FEED,6,0,673,136,0,0,6,2025-08-28 17:31:18.222
17841406083211195,18082545436896714,2025-08-11 10:17:28,IMAGE,FEED,6,0,695,136,0,0,6,2025-08-29 17:28:45.763
17841406083211195,18082545436896714,2025-08-11 10:17:28,IMAGE,FEED,6,0,711,136,0,0,6,2025-08-30 17:30:09.887
17841406083211195,18082545436896714,2025-08-11 10:17:28,IMAGE,FEED,6,0,732,138,0,0,6,2025-08-31 17:28:47.916
17841406083211195,18082545436896714,2025-08-11 10:17:28,IMAGE,FEED,6,0,1239,180,1,0,7,2025-10-01 04:09:53.331
17841406083211195,18082545436896714,2025-08-11 10:17:28,IMAGE,FEED,6,0,1275,181,1,0,7,2025-10-01 17:29:53.140
17841406083211195,18082545436896714,2025-08-11 10:17:28,IMAGE,FEED,6,0,1283,181,1,0,7,2025-10-02 02:39:18.150
17841406083211195,18082545436896714,2025-08-11 10:17:28,IMAGE,FEED,6,0,1288,181,1,0,7,2025-10-02 04:04:29.511
17841406083211195,18082545436896714,2025-08-11 10:17:28,IMAGE,FEED,6,0,1310,183,1,0,7,2025-10-02 17:29:27.069
17841406083211195,18082545436896714,2025-08-11 10:17:28,IMAGE,FEED,6,0,1333,184,1,0,7,2025-10-03 17:29:13.352
17841406083211195,18082545436896714,2025-08-11 10:17:28,IMAGE,FEED,6,0,1343,185,1,0,7,2025-10-04 17:29:36.056
17841406083211195,18082545436896714,2025-08-11 10:17:28,IMAGE,FEED,6,0,1354,185,1,0,7,2025-10-05 17:29:24.307
17841406083211195,18082545436896714,2025-08-11 10:17:28,IMAGE,FEED,6,0,1360,185,1,0,7,2025-10-06 17:28:48.550
17841406083211195,18082545436896714,2025-08-11 10:17:28,IMAGE,FEED,6,0,1374,187,1,0,7,2025-10-07 17:28:29.264
17841406083211195,18082545436896714,2025-08-11 10:17:28,IMAGE,FEED,6,0,1378,187,1,0,7,2025-10-08 17:29:40.355
17841406083211195,18082545436896714,2025-08-11 10:17:28,IMAGE,FEED,6,0,1389,187,1,0,7,2025-10-09 17:28:46.161
17841406083211195,18082545436896714,2025-08-11 10:17:28,IMAGE,FEED,6,0,1391,188,1,0,7,2025-10-10 17:30:06.539
17841406083211195,18082545436896714,2025-08-11 10:17:28,IMAGE,FEED,6,0,1397,188,1,0,7,2025-10-11 17:28:30.965
17841406083211195,18082545436896714,2025-08-11 10:17:28,IMAGE,FEED,6,0,1398,188,1,0,7,2025-10-12 17:28:49.779
17841406083211195,18082545436896714,2025-08-11 10:17:28,IMAGE,FEED,6,0,1408,188,1,0,7,2025-10-13 17:28:53.151
17841406083211195,18082545436896714,2025-08-11 10:17:28,IMAGE,FEED,6,0,1415,189,1,0,7,2025-10-14 17:28:21.201
17841406083211195,18082545436896714,2025-08-11 10:17:28,IMAGE,FEED,6,0,1421,189,1,0,7,2025-10-15 17:29:48.872
17841406083211195,18082545436896714,2025-08-11 10:17:28,IMAGE,FEED,6,0,1428,190,1,0,7,2025-10-16 17:28:56.610
17841406083211195,18082545436896714,2025-08-11 10:17:28,IMAGE,FEED,6,0,1441,190,1,0,7,2025-10-17 17:29:48.782
17841406083211195,18082545436896714,2025-08-11 10:17:28,IMAGE,FEED,6,0,1442,190,1,0,7,2025-10-18 17:28:28.237
17841406083211195,18082545436896714,2025-08-11 10:17:28,IMAGE,FEED,6,0,1443,190,1,0,7,2025-10-20 17:29:18.453
17841406083211195,18082545436896714,2025-08-11 10:17:28,IMAGE,FEED,6,0,1447,191,1,0,7,2025-10-21 17:28:38.450
17841406083211195,18082545436896714,2025-08-11 10:17:28,IMAGE,FEED,6,0,1453,191,1,0,7,2025-10-22 17:28:54.474
17841406083211195,18082545436896714,2025-08-11 10:17:28,IMAGE,FEED,6,0,1474,191,1,0,7,2025-10-23 17:28:30.278
17841406083211195,18082545436896714,2025-08-11 10:17:28,IMAGE,FEED,6,0,1483,192,1,0,7,2025-10-24 17:28:52.171
17841406083211195,18082545436896714,2025-08-11 10:17:28,IMAGE,FEED,6,0,1486,193,1,0,7,2025-10-25 17:30:00.335
17841406083211195,18082545436896714,2025-08-11 10:17:28,IMAGE,FEED,6,0,1487,193,1,0,7,2025-10-26 17:30:15.209
17841406083211195,18082545436896714,2025-08-11 10:17:28,IMAGE,FEED,6,0,1489,193,1,0,7,2025-10-27 17:28:46.981
17841406083211195,18082545436896714,2025-08-11 10:17:28,IMAGE,FEED,6,0,1521,194,1,0,7,2025-10-28 17:29:42.164
17841406083211195,18082545436896714,2025-08-11 10:17:28,IMAGE,FEED,6,0,1527,195,1,0,7,2025-10-29 17:29:27.583
17841406083211195,18082545436896714,2025-08-11 10:17:28,IMAGE,FEED,6,0,1537,196,1,0,7,2025-10-31 17:29:10.250
17841406083211195,18082545436896714,2025-08-11 10:17:28,IMAGE,FEED,6,0,1540,196,1,0,7,2025-11-01 17:29:23.469
17841406083211195,18082545436896714,2025-08-11 10:17:28,IMAGE,FEED,6,0,1544,197,1,0,7,2025-11-02 17:29:05.342
17841406083211195,18082545436896714,2025-08-11 10:17:28,IMAGE,FEED,6,0,1547,198,1,0,7,2025-11-03 17:28:57.548
17841406083211195,18082545436896714,2025-08-11 10:17:28,IMAGE,FEED,6,0,1552,199,1,0,7,2025-11-04 17:28:28.075
17841406083211195,18082545436896714,2025-08-11 10:17:28,IMAGE,FEED,6,0,1562,200,1,0,7,2025-11-05 17:28:35.571
17841406083211195,18082545436896714,2025-08-11 10:17:28,IMAGE,FEED,6,0,1563,200,1,0,7,2025-11-06 17:28:50.913
17841406083211195,18082545436896714,2025-08-11 10:17:28,IMAGE,FEED,6,0,1569,200,1,0,7,2025-11-07 17:29:10.480
17841406083211195,18082545436896714,2025-08-11 10:17:28,IMAGE,FEED,6,0,1574,200,1,0,7,2025-11-08 17:29:31.829
17841406083211195,18082545436896714,2025-08-11 10:17:28,IMAGE,FEED,6,0,1580,203,1,0,7,2025-11-09 17:28:46.275
17841406083211195,18082545436896714,2025-08-11 10:17:28,IMAGE,FEED,6,0,1586,203,1,0,7,2025-11-10 17:29:14.398
17841406083211195,18082545436896714,2025-08-11 10:17:28,IMAGE,FEED,6,0,1591,204,1,0,7,2025-11-11 17:29:05.805
17841406083211195,18082545436896714,2025-08-11 10:17:28,IMAGE,FEED,6,0,1597,206,1,0,7,2025-11-12 17:29:04.427
17841406083211195,18082545436896714,2025-08-11 10:17:28,IMAGE,FEED,6,0,1601,207,1,0,7,2025-11-13 17:29:31.129
17841406083211195,18082545436896714,2025-08-11 10:17:28,IMAGE,FEED,6,0,1607,207,1,0,7,2025-11-14 17:29:08.308
17841406083211195,18082545436896714,2025-08-11 10:17:28,IMAGE,FEED,6,0,1621,207,1,0,7,2025-11-15 17:30:56.067
17841406083211195,18082545436896714,2025-08-11 10:17:28,IMAGE,FEED,6,0,1622,208,1,0,7,2025-11-16 17:29:49.611
17841406083211195,18082545436896714,2025-08-11 10:17:28,IMAGE,FEED,6,0,1628,208,1,0,7,2025-11-17 17:29:12.861
17841406083211195,18082545436896714,2025-08-11 10:17:28,IMAGE,FEED,6,0,1630,208,1,0,7,2025-11-18 17:29:03.769
17841406083211195,18082545436896714,2025-08-11 10:17:28,IMAGE,FEED,6,0,1638,209,1,0,7,2025-11-19 17:35:11.177
17841406083211195,18082545436896714,2025-08-11 10:17:28,IMAGE,FEED,6,0,1643,210,1,0,7,2025-11-20 17:35:45.150
17841406083211195,18082545436896714,2025-08-11 10:17:28,IMAGE,FEED,6,0,1653,211,1,0,7,2025-11-21 17:35:36.088
17841406083211195,18082545436896714,2025-08-11 10:17:28,IMAGE,FEED,6,0,1664,211,1,0,7,2025-11-22 17:33:42.551
17841406083211195,18082545436896714,2025-08-11 10:17:28,IMAGE,FEED,6,0,1667,212,1,0,7,2025-11-23 17:33:11.044
17841406083211195,18082545436896714,2025-08-11 10:17:28,IMAGE,FEED,6,0,1669,212,1,0,7,2025-11-24 17:36:14.917
17841406083211195,18082545436896714,2025-08-11 10:17:28,IMAGE,FEED,6,0,1671,212,1,0,7,2025-11-25 17:34:34.020
17841406083211195,18082545436896714,2025-08-11 10:17:28,IMAGE,FEED,6,0,1673,212,1,0,7,2025-11-26 17:37:08.497
17841406083211195,18082545436896714,2025-08-11 10:17:28,IMAGE,FEED,6,0,1675,212,1,0,7,2025-11-27 17:34:21.450
17841406083211195,18082545436896714,2025-08-11 10:17:28,IMAGE,FEED,6,0,1676,212,1,0,7,2025-11-28 17:35:14.147
17841406083211195,18082545436896714,2025-08-11 10:17:28,IMAGE,FEED,6,0,1677,213,1,0,7,2025-11-29 17:36:00.636
17841406083211195,18082545436896714,2025-08-11 10:17:28,IMAGE,FEED,6,0,1683,215,1,0,7,2025-11-30 17:33:37.930
17841406083211195,18082545436896714,2025-08-11 10:17:28,IMAGE,FEED,6,0,1690,216,1,0,7,2025-12-01 17:33:45.590
17841406083211195,18082545436896714,2025-08-11 10:17:28,IMAGE,FEED,6,0,1691,216,1,0,7,2025-12-02 17:35:07.720
17841406083211195,18082545436896714,2025-08-11 10:17:28,IMAGE,FEED,6,0,1697,216,1,0,7,2025-12-03 17:36:28.739
17841406083211195,18082545436896714,2025-08-11 10:17:28,IMAGE,FEED,6,0,1701,217,1,0,7,2025-12-04 17:34:30.947
17841406083211195,18082545436896714,2025-08-11 10:17:28,IMAGE,FEED,6,0,1704,217,1,0,7,2025-12-05 17:34:34.760
17841406083211195,18082545436896714,2025-08-11 10:17:28,IMAGE,FEED,6,0,1705,217,1,0,7,2025-12-07 17:33:28.011
17841406083211195,18082545436896714,2025-08-11 10:17:28,IMAGE,FEED,6,0,1709,217,1,0,7,2025-12-08 17:33:12.756
17841406083211195,18082545436896714,2025-08-11 10:17:28,IMAGE,FEED,6,0,1711,217,1,0,7,2025-12-09 17:35:25.115
17841406083211195,18082545436896714,2025-08-11 10:17:28,IMAGE,FEED,6,0,1715,217,1,0,7,2025-12-10 17:36:05.385
17841406083211195,18082545436896714,2025-08-11 10:17:28,IMAGE,FEED,6,0,1716,217,1,0,7,2025-12-11 17:33:40.052
17841406083211195,18082545436896714,2025-08-11 10:17:28,IMAGE,FEED,6,0,1718,217,1,0,7,2025-12-12 17:35:25.283
17841406083211195,18082545436896714,2025-08-11 10:17:28,IMAGE,FEED,6,0,1723,219,1,0,7,2025-12-15 17:36:51.712
17841406083211195,18082545436896714,2025-08-11 10:17:28,IMAGE,FEED,6,0,1725,221,1,0,7,2025-12-16 17:34:30.169
17841406083211195,18082545436896714,2025-08-11 10:17:28,IMAGE,FEED,6,0,1730,221,1,0,7,2025-12-17 17:28:51.592
17841406083211195,18082545436896714,2025-08-11 10:17:28,IMAGE,FEED,6,0,1734,222,1,0,7,2025-12-18 17:31:02.205
17841406083211195,18082545436896714,2025-08-11 10:17:28,IMAGE,FEED,6,0,1734,223,1,0,7,2025-12-20 17:36:30.949
17841406083211195,18082545436896714,2025-08-11 10:17:28,IMAGE,FEED,6,0,1735,225,1,0,7,2025-12-21 17:29:45.206
17841406083211195,18082545436896714,2025-08-11 10:17:28,IMAGE,FEED,6,0,1738,225,1,0,7,2025-12-22 17:28:37.814
17841406083211195,18082545436896714,2025-08-11 10:17:28,IMAGE,FEED,6,0,1738,226,1,0,7,2025-12-23 17:28:36.746
17841406083211195,18082545436896714,2025-08-11 10:17:28,IMAGE,FEED,6,0,1739,227,1,0,7,2025-12-24 17:29:04.441
17841406083211195,18082545436896714,2025-08-11 10:17:28,IMAGE,FEED,7,0,1744,229,1,0,8,2025-12-25 17:29:11.613
17841406083211195,18083396680629763,2025-04-25 07:51:50,IMAGE,FEED,9,0,155,108,0,1,10,2025-04-25 17:29:56.939
17841406083211195,18083396680629763,2025-04-25 07:51:50,IMAGE,FEED,10,0,218,153,0,1,11,2025-04-26 17:29:11.674
17841406083211195,18083396680629763,2025-04-25 07:51:50,IMAGE,FEED,11,0,249,172,0,1,12,2025-04-27 17:30:56.079
17841406083211195,18083396680629763,2025-04-25 07:51:50,IMAGE,FEED,13,1,272,184,0,1,15,2025-04-28 17:30:00.144
17841406083211195,18083396680629763,2025-04-25 07:51:50,IMAGE,FEED,13,1,285,190,0,1,15,2025-04-29 17:29:04.415
17841406083211195,18083396680629763,2025-04-25 07:51:50,IMAGE,FEED,13,1,288,191,0,1,15,2025-04-30 17:30:59.241
17841406083211195,18083396680629763,2025-04-25 07:51:50,IMAGE,FEED,13,1,292,194,0,1,15,2025-05-01 17:31:37.137
17841406083211195,18083396680629763,2025-04-25 07:51:50,IMAGE,FEED,13,1,297,198,0,1,15,2025-05-02 17:29:30.533
17841406083211195,18083396680629763,2025-04-25 07:51:50,IMAGE,FEED,13,1,299,200,0,1,15,2025-05-03 17:30:39.034
17841406083211195,18083396680629763,2025-04-25 07:51:50,IMAGE,FEED,13,1,308,205,0,1,15,2025-05-04 17:28:52.318
17841406083211195,18083396680629763,2025-04-25 07:51:50,IMAGE,FEED,13,1,317,212,0,1,15,2025-05-05 17:29:55.883
17841406083211195,18083396680629763,2025-04-25 07:51:50,IMAGE,FEED,13,1,327,220,0,1,15,2025-05-06 17:29:33.107
17841406083211195,18083396680629763,2025-04-25 07:51:50,IMAGE,FEED,13,1,330,222,0,1,15,2025-05-07 17:28:45.316
17841406083211195,18083396680629763,2025-04-25 07:51:50,IMAGE,FEED,13,1,336,225,0,1,15,2025-05-08 17:30:01.770
17841406083211195,18083396680629763,2025-04-25 07:51:50,IMAGE,FEED,13,1,343,232,0,1,15,2025-05-09 17:31:06.455
17841406083211195,18083396680629763,2025-04-25 07:51:50,IMAGE,FEED,13,1,345,232,0,1,15,2025-05-10 17:30:36.602
17841406083211195,18083396680629763,2025-04-25 07:51:50,IMAGE,FEED,13,1,347,234,0,1,15,2025-05-11 17:29:45.390
17841406083211195,18083396680629763,2025-04-25 07:51:50,IMAGE,FEED,13,1,349,236,0,1,15,2025-05-12 17:30:45.017
17841406083211195,18083396680629763,2025-04-25 07:51:50,IMAGE,FEED,13,1,353,239,0,1,15,2025-05-14 17:30:05.784
17841406083211195,18083396680629763,2025-04-25 07:51:50,IMAGE,FEED,13,1,355,239,0,1,15,2025-05-15 17:30:17.674
17841406083211195,18083396680629763,2025-04-25 07:51:50,IMAGE,FEED,13,1,356,240,0,1,15,2025-05-16 17:31:00.295
17841406083211195,18083396680629763,2025-04-25 07:51:50,IMAGE,FEED,13,1,357,241,0,1,15,2025-05-17 17:30:06.322
17841406083211195,18083396680629763,2025-04-25 07:51:50,IMAGE,FEED,13,1,359,242,0,1,15,2025-05-19 17:30:02.669
17841406083211195,18083396680629763,2025-04-25 07:51:50,IMAGE,FEED,13,1,360,242,0,1,15,2025-05-21 17:30:08.526
17841406083211195,18083396680629763,2025-04-25 07:51:50,IMAGE,FEED,13,1,362,242,0,1,15,2025-05-22 17:30:10.265
17841406083211195,18083396680629763,2025-04-25 07:51:50,IMAGE,FEED,13,1,365,244,0,1,15,2025-05-23 17:30:42.900
17841406083211195,18083396680629763,2025-04-25 07:51:50,IMAGE,FEED,13,1,366,245,0,1,15,2025-05-24 17:30:42.282
17841406083211195,18083396680629763,2025-04-25 07:51:50,IMAGE,FEED,13,1,368,246,0,1,15,2025-05-25 17:31:05.661
17841406083211195,18083396680629763,2025-04-25 07:51:50,IMAGE,FEED,13,1,368,247,0,1,15,2025-05-26 17:30:22.067
17841406083211195,18083396680629763,2025-04-25 07:51:50,IMAGE,FEED,13,1,369,248,0,1,15,2025-05-27 17:30:25.262
17841406083211195,18083396680629763,2025-04-25 07:51:50,IMAGE,FEED,13,1,370,248,0,1,15,2025-05-28 17:30:33.836
17841406083211195,18083396680629763,2025-04-25 07:51:50,IMAGE,FEED,13,1,371,248,0,1,15,2025-05-30 17:29:56.112
17841406083211195,18083396680629763,2025-04-25 07:51:50,IMAGE,FEED,13,1,372,249,0,1,15,2025-05-31 17:30:02.408
17841406083211195,18083396680629763,2025-04-25 07:51:50,IMAGE,FEED,13,1,373,249,0,1,15,2025-06-01 17:29:49.092
17841406083211195,18083396680629763,2025-04-25 07:51:50,IMAGE,FEED,13,1,374,250,0,1,15,2025-06-03 17:29:40.485
17841406083211195,18083396680629763,2025-04-25 07:51:50,IMAGE,FEED,13,1,376,251,0,1,15,2025-06-05 17:30:15.501
17841406083211195,18083396680629763,2025-04-25 07:51:50,IMAGE,FEED,13,1,388,259,0,1,15,2025-07-03 03:00:02.157
17841406083211195,18083396680629763,2025-04-25 07:51:50,IMAGE,FEED,13,1,389,259,0,1,15,2025-07-03 17:29:59.217
17841406083211195,18083396680629763,2025-04-25 07:51:50,IMAGE,FEED,13,1,390,259,0,1,15,2025-07-04 17:30:58.680
17841406083211195,18083396680629763,2025-04-25 07:51:50,IMAGE,FEED,13,1,395,260,0,1,15,2025-07-05 17:29:52.053
17841406083211195,18083396680629763,2025-04-25 07:51:50,IMAGE,FEED,13,1,396,261,0,1,15,2025-07-07 17:30:38.837
17841406083211195,18083396680629763,2025-04-25 07:51:50,IMAGE,FEED,13,1,397,262,0,1,15,2025-07-09 17:30:26.384
17841406083211195,18083396680629763,2025-04-25 07:51:50,IMAGE,FEED,13,1,401,262,0,1,15,2025-07-10 17:29:17.370
17841406083211195,18083396680629763,2025-04-25 07:51:50,IMAGE,FEED,13,1,402,263,0,1,15,2025-07-16 17:30:13.819
17841406083211195,18083396680629763,2025-04-25 07:51:50,IMAGE,FEED,13,1,405,263,0,1,15,2025-07-21 17:30:54.859
17841406083211195,18083396680629763,2025-04-25 07:51:50,IMAGE,FEED,13,1,408,263,0,1,15,2025-07-22 17:30:46.724
17841406083211195,18083396680629763,2025-04-25 07:51:50,IMAGE,FEED,13,1,409,264,0,1,15,2025-07-23 17:30:26.070
17841406083211195,18083396680629763,2025-04-25 07:51:50,IMAGE,FEED,13,1,412,264,0,1,15,2025-07-27 17:30:43.461
17841406083211195,18083396680629763,2025-04-25 07:51:50,IMAGE,FEED,13,1,413,264,0,1,15,2025-07-28 17:29:22.365
17841406083211195,18083396680629763,2025-04-25 07:51:50,IMAGE,FEED,13,1,414,264,0,1,15,2025-07-29 17:29:59.942
17841406083211195,18083396680629763,2025-04-25 07:51:50,IMAGE,FEED,13,1,422,264,0,1,15,2025-07-31 17:29:02.411
17841406083211195,18083396680629763,2025-04-25 07:51:50,IMAGE,FEED,13,1,432,265,0,1,15,2025-08-03 17:29:51.713
17841406083211195,18083396680629763,2025-04-25 07:51:50,IMAGE,FEED,13,1,433,265,0,1,15,2025-08-04 17:30:32.203
17841406083211195,18083396680629763,2025-04-25 07:51:50,IMAGE,FEED,13,1,434,267,0,1,15,2025-08-06 17:29:32.818
17841406083211195,18083396680629763,2025-04-25 07:51:50,IMAGE,FEED,13,1,439,268,0,1,15,2025-08-08 17:29:41.603
17841406083211195,18083396680629763,2025-04-25 07:51:50,IMAGE,FEED,13,1,445,268,0,1,15,2025-08-10 17:29:54.206
17841406083211195,18083396680629763,2025-04-25 07:51:50,IMAGE,FEED,13,1,448,269,0,1,15,2025-08-11 17:30:48.475
17841406083211195,18083396680629763,2025-04-25 07:51:50,IMAGE,FEED,13,1,453,269,0,1,15,2025-08-12 17:31:33.947
17841406083211195,18083396680629763,2025-04-25 07:51:50,IMAGE,FEED,13,1,455,269,0,1,15,2025-08-14 17:30:40.924
17841406083211195,18083396680629763,2025-04-25 07:51:50,IMAGE,FEED,13,1,459,269,0,1,15,2025-08-16 17:29:42.444
17841406083211195,18083396680629763,2025-04-25 07:51:50,IMAGE,FEED,13,1,460,269,0,1,15,2025-08-17 17:28:52.684
17841406083211195,18083396680629763,2025-04-25 07:51:50,IMAGE,FEED,13,1,469,269,0,1,15,2025-08-18 17:29:03.022
17841406083211195,18083396680629763,2025-04-25 07:51:50,IMAGE,FEED,13,1,474,270,0,1,15,2025-08-19 17:29:48.978
17841406083211195,18083396680629763,2025-04-25 07:51:50,IMAGE,FEED,13,1,475,271,0,1,15,2025-08-20 17:29:49.058
17841406083211195,18083396680629763,2025-04-25 07:51:50,IMAGE,FEED,13,1,483,272,0,1,15,2025-08-21 17:30:28.996
17841406083211195,18083396680629763,2025-04-25 07:51:50,IMAGE,FEED,13,1,484,272,0,1,15,2025-08-22 17:29:32.377
17841406083211195,18083396680629763,2025-04-25 07:51:50,IMAGE,FEED,13,1,485,272,0,1,15,2025-08-23 17:29:39.834
17841406083211195,18083396680629763,2025-04-25 07:51:50,IMAGE,FEED,13,1,487,272,0,1,15,2025-08-24 17:29:14.569
17841406083211195,18083396680629763,2025-04-25 07:51:50,IMAGE,FEED,13,1,514,275,0,1,15,2025-08-25 17:29:45.213
17841406083211195,18083396680629763,2025-04-25 07:51:50,IMAGE,FEED,13,1,524,275,0,1,15,2025-08-26 17:29:15.113
17841406083211195,18083396680629763,2025-04-25 07:51:50,IMAGE,FEED,13,1,528,275,0,1,15,2025-08-27 17:30:23.676
17841406083211195,18083396680629763,2025-04-25 07:51:50,IMAGE,FEED,13,1,531,275,0,1,15,2025-08-28 17:31:28.503
17841406083211195,18083396680629763,2025-04-25 07:51:50,IMAGE,FEED,13,1,533,275,0,1,15,2025-08-30 17:30:25.974
17841406083211195,18083396680629763,2025-04-25 07:51:50,IMAGE,FEED,13,1,543,275,0,1,15,2025-08-31 17:28:56.749
17841406083211195,18083396680629763,2025-04-25 07:51:50,IMAGE,FEED,13,1,633,284,0,1,15,2025-10-01 04:10:01.770
17841406083211195,18083396680629763,2025-04-25 07:51:50,IMAGE,FEED,13,1,635,284,0,1,15,2025-10-02 04:04:36.980
17841406083211195,18083396680629763,2025-04-25 07:51:50,IMAGE,FEED,13,1,636,284,0,1,15,2025-10-02 17:29:40.005
17841406083211195,18083396680629763,2025-04-25 07:51:50,IMAGE,FEED,13,1,637,284,0,1,15,2025-10-04 17:29:46.388
17841406083211195,18083396680629763,2025-04-25 07:51:50,IMAGE,FEED,13,1,640,284,0,1,15,2025-10-05 17:29:33.613
17841406083211195,18083396680629763,2025-04-25 07:51:50,IMAGE,FEED,13,1,640,285,0,1,15,2025-10-06 17:28:55.823
17841406083211195,18083396680629763,2025-04-25 07:51:50,IMAGE,FEED,13,1,645,285,0,1,15,2025-10-07 17:28:36.712
17841406083211195,18083396680629763,2025-04-25 07:51:50,IMAGE,FEED,13,1,646,285,0,1,15,2025-10-08 17:29:55.672
17841406083211195,18083396680629763,2025-04-25 07:51:50,IMAGE,FEED,13,1,654,285,0,1,15,2025-10-09 17:29:07.196
17841406083211195,18083396680629763,2025-04-25 07:51:50,IMAGE,FEED,13,1,656,285,0,1,15,2025-10-11 17:28:44.351
17841406083211195,18083396680629763,2025-04-25 07:51:50,IMAGE,FEED,13,1,657,285,0,1,15,2025-10-12 17:29:04.389
17841406083211195,18083396680629763,2025-04-25 07:51:50,IMAGE,FEED,13,1,661,285,0,1,15,2025-10-13 17:29:08.101
17841406083211195,18083396680629763,2025-04-25 07:51:50,IMAGE,FEED,13,1,662,285,0,1,15,2025-10-14 17:28:35.644
17841406083211195,18083396680629763,2025-04-25 07:51:50,IMAGE,FEED,13,1,663,285,0,1,15,2025-10-15 17:30:08.630
17841406083211195,18083396680629763,2025-04-25 07:51:50,IMAGE,FEED,13,1,665,285,0,1,15,2025-10-16 17:29:14.756
17841406083211195,18083396680629763,2025-04-25 07:51:50,IMAGE,FEED,13,1,671,286,0,1,15,2025-10-17 17:30:11.780
17841406083211195,18083396680629763,2025-04-25 07:51:50,IMAGE,FEED,13,1,673,286,0,1,15,2025-10-18 17:28:43.379
17841406083211195,18083396680629763,2025-04-25 07:51:50,IMAGE,FEED,13,1,674,286,0,1,15,2025-10-20 17:29:38.010
17841406083211195,18083396680629763,2025-04-25 07:51:50,IMAGE,FEED,13,1,675,286,0,1,15,2025-10-21 17:28:55.531
17841406083211195,18083396680629763,2025-04-25 07:51:50,IMAGE,FEED,13,1,676,286,0,1,15,2025-10-22 17:29:11.390
17841406083211195,18083396680629763,2025-04-25 07:51:50,IMAGE,FEED,13,1,678,286,0,1,15,2025-10-23 17:28:45.981
17841406083211195,18083396680629763,2025-04-25 07:51:50,IMAGE,FEED,13,1,684,286,0,1,15,2025-10-27 17:29:04.361
17841406083211195,18083396680629763,2025-04-25 07:51:50,IMAGE,FEED,13,1,698,286,0,1,15,2025-10-28 17:30:01.160
17841406083211195,18083396680629763,2025-04-25 07:51:50,IMAGE,FEED,13,1,701,286,0,1,15,2025-10-29 17:29:48.678
17841406083211195,18083396680629763,2025-04-25 07:51:50,IMAGE,FEED,13,1,704,286,0,1,15,2025-10-31 17:29:18.977
17841406083211195,18083396680629763,2025-04-25 07:51:50,IMAGE,FEED,13,1,705,286,0,1,15,2025-11-02 17:29:16.160
17841406083211195,18083396680629763,2025-04-25 07:51:50,IMAGE,FEED,13,1,706,286,0,1,15,2025-11-03 17:29:06.674
17841406083211195,18083396680629763,2025-04-25 07:51:50,IMAGE,FEED,13,1,708,286,0,1,15,2025-11-04 17:28:36.322
17841406083211195,18083396680629763,2025-04-25 07:51:50,IMAGE,FEED,13,1,715,287,0,1,15,2025-11-06 17:29:01.645
17841406083211195,18083396680629763,2025-04-25 07:51:50,IMAGE,FEED,13,1,719,288,0,1,15,2025-11-07 17:29:19.587
17841406083211195,18083396680629763,2025-04-25 07:51:50,IMAGE,FEED,13,1,725,288,0,1,15,2025-11-09 17:28:56.349
17841406083211195,18083396680629763,2025-04-25 07:51:50,IMAGE,FEED,13,1,729,288,0,1,15,2025-11-10 17:29:23.651
17841406083211195,18083396680629763,2025-04-25 07:51:50,IMAGE,FEED,13,1,730,288,0,1,15,2025-11-11 17:29:14.657
17841406083211195,18083396680629763,2025-04-25 07:51:50,IMAGE,FEED,13,1,732,288,0,1,15,2025-11-12 17:29:12.221
17841406083211195,18083396680629763,2025-04-25 07:51:50,IMAGE,FEED,13,1,734,288,0,1,15,2025-11-13 17:29:47.745
17841406083211195,18083396680629763,2025-04-25 07:51:50,IMAGE,FEED,13,1,736,288,0,1,15,2025-11-14 17:29:17.984
17841406083211195,18083396680629763,2025-04-25 07:51:50,IMAGE,FEED,13,1,738,288,0,1,15,2025-11-16 17:30:03.490
17841406083211195,18083396680629763,2025-04-25 07:51:50,IMAGE,FEED,13,1,743,288,0,1,15,2025-11-17 17:29:22.832
17841406083211195,18083396680629763,2025-04-25 07:51:50,IMAGE,FEED,13,1,748,290,0,1,15,2025-11-18 17:29:13.858
17841406083211195,18083396680629763,2025-04-25 07:51:50,IMAGE,FEED,13,1,749,290,0,1,15,2025-11-19 17:34:55.388
17841406083211195,18083396680629763,2025-04-25 07:51:50,IMAGE,FEED,13,1,750,290,0,1,15,2025-11-21 17:35:17.509
17841406083211195,18083396680629763,2025-04-25 07:51:50,IMAGE,FEED,13,1,751,290,0,1,15,2025-11-24 17:36:00.683
17841406083211195,18083396680629763,2025-04-25 07:51:50,IMAGE,FEED,13,1,754,291,0,1,15,2025-11-25 17:34:17.709
17841406083211195,18083396680629763,2025-04-25 07:51:50,IMAGE,FEED,13,1,755,291,0,1,15,2025-11-30 17:33:23.509
17841406083211195,18083396680629763,2025-04-25 07:51:50,IMAGE,FEED,13,1,757,291,0,1,15,2025-12-01 17:33:33.584
17841406083211195,18083396680629763,2025-04-25 07:51:50,IMAGE,FEED,13,1,760,292,0,1,15,2025-12-02 17:34:52.701
17841406083211195,18083396680629763,2025-04-25 07:51:50,IMAGE,FEED,13,1,761,292,0,1,15,2025-12-03 17:36:09.397
17841406083211195,18083396680629763,2025-04-25 07:51:50,IMAGE,FEED,13,1,764,293,0,1,15,2025-12-05 17:34:22.780
17841406083211195,18083396680629763,2025-04-25 07:51:50,IMAGE,FEED,13,1,765,293,0,1,15,2025-12-09 17:35:08.340
17841406083211195,18083396680629763,2025-04-25 07:51:50,IMAGE,FEED,13,1,766,293,0,1,15,2025-12-11 17:33:27.322
17841406083211195,18083396680629763,2025-04-25 07:51:50,IMAGE,FEED,13,1,767,293,0,1,15,2025-12-12 17:35:06.528
17841406083211195,18083396680629763,2025-04-25 07:51:50,IMAGE,FEED,13,1,769,293,0,1,15,2025-12-17 17:29:13.843
17841406083211195,18083396680629763,2025-04-25 07:51:50,IMAGE,FEED,13,1,771,293,0,1,15,2025-12-21 17:30:09.436
17841406083211195,18083396680629763,2025-04-25 07:51:50,IMAGE,FEED,13,1,772,293,0,1,15,2025-12-22 17:28:52.808
17841406083211195,18083396680629763,2025-04-25 07:51:50,IMAGE,FEED,13,1,773,293,0,1,15,2025-12-24 17:29:21.600
17841406083211195,18083396680629763,2025-04-25 07:51:50,IMAGE,FEED,13,1,775,293,0,1,15,2025-12-25 17:29:40.553
17841406083211195,18091440229551063,2025-06-06 01:08:54,IMAGE,FEED,13,0,549,271,0,5,18,2025-07-03 03:00:02.149
17841406083211195,18091440229551063,2025-06-06 01:08:54,IMAGE,FEED,13,0,558,272,0,5,18,2025-07-03 17:29:59.212
17841406083211195,18091440229551063,2025-06-06 01:08:54,IMAGE,FEED,13,0,560,272,0,5,18,2025-07-04 17:30:58.676
17841406083211195,18091440229551063,2025-06-06 01:08:54,IMAGE,FEED,13,0,567,272,0,5,18,2025-07-05 17:29:52.049
17841406083211195,18091440229551063,2025-06-06 01:08:54,IMAGE,FEED,13,0,571,272,0,5,18,2025-07-06 17:30:30.244
17841406083211195,18091440229551063,2025-06-06 01:08:54,IMAGE,FEED,13,0,574,272,0,5,18,2025-07-07 17:30:38.834
17841406083211195,18091440229551063,2025-06-06 01:08:54,IMAGE,FEED,13,0,586,273,0,5,18,2025-07-08 17:29:53.764
17841406083211195,18091440229551063,2025-06-06 01:08:54,IMAGE,FEED,13,0,594,276,0,5,18,2025-07-09 17:30:26.373
17841406083211195,18091440229551063,2025-06-06 01:08:54,IMAGE,FEED,13,0,598,276,0,5,18,2025-07-10 17:29:17.363
17841406083211195,18091440229551063,2025-06-06 01:08:54,IMAGE,FEED,13,0,600,277,0,5,18,2025-07-11 17:29:41.226
17841406083211195,18091440229551063,2025-06-06 01:08:54,IMAGE,FEED,13,0,601,277,0,5,18,2025-07-12 17:30:05.024
17841406083211195,18091440229551063,2025-06-06 01:08:54,IMAGE,FEED,13,0,602,277,0,5,18,2025-07-13 17:29:26.776
17841406083211195,18091440229551063,2025-06-06 01:08:54,IMAGE,FEED,13,0,603,277,0,5,18,2025-07-14 17:30:26.682
17841406083211195,18091440229551063,2025-06-06 01:08:54,IMAGE,FEED,13,0,619,277,0,5,18,2025-07-15 17:29:51.515
17841406083211195,18091440229551063,2025-06-06 01:08:54,IMAGE,FEED,13,0,620,278,0,5,18,2025-07-16 17:30:05.716
17841406083211195,18091440229551063,2025-06-06 01:08:54,IMAGE,FEED,13,0,640,284,0,5,18,2025-07-17 17:29:49.521
17841406083211195,18091440229551063,2025-06-06 01:08:54,IMAGE,FEED,13,0,646,285,0,5,18,2025-07-18 17:29:48.372
17841406083211195,18091440229551063,2025-06-06 01:08:54,IMAGE,FEED,13,0,656,288,0,5,18,2025-07-20 17:30:14.572
17841406083211195,18091440229551063,2025-06-06 01:08:54,IMAGE,FEED,13,0,657,288,0,5,18,2025-07-21 17:30:41.024
17841406083211195,18091440229551063,2025-06-06 01:08:54,IMAGE,FEED,13,0,665,290,0,5,18,2025-07-22 17:30:36.353
17841406083211195,18091440229551063,2025-06-06 01:08:54,IMAGE,FEED,13,0,668,290,0,5,18,2025-07-23 17:30:15.896
17841406083211195,18091440229551063,2025-06-06 01:08:54,IMAGE,FEED,13,0,690,291,0,5,18,2025-07-24 17:30:01.603
17841406083211195,18091440229551063,2025-06-06 01:08:54,IMAGE,FEED,13,0,695,292,0,5,18,2025-07-25 17:29:40.358
17841406083211195,18091440229551063,2025-06-06 01:08:54,IMAGE,FEED,13,0,709,296,0,5,18,2025-07-26 17:30:03.788
17841406083211195,18091440229551063,2025-06-06 01:08:54,IMAGE,FEED,13,0,712,298,0,5,18,2025-07-27 17:30:34.308
17841406083211195,18091440229551063,2025-06-06 01:08:54,IMAGE,FEED,13,0,749,302,0,5,18,2025-07-28 17:29:11.651
17841406083211195,18091440229551063,2025-06-06 01:08:54,IMAGE,FEED,13,0,756,306,0,5,18,2025-07-29 17:29:46.533
17841406083211195,18091440229551063,2025-06-06 01:08:54,IMAGE,FEED,13,0,764,308,0,5,18,2025-07-30 17:30:07.348
17841406083211195,18091440229551063,2025-06-06 01:08:54,IMAGE,FEED,13,0,781,310,0,5,18,2025-07-31 17:28:52.265
17841406083211195,18091440229551063,2025-06-06 01:08:54,IMAGE,FEED,13,0,793,310,0,5,18,2025-08-01 17:30:02.457
17841406083211195,18091440229551063,2025-06-06 01:08:54,IMAGE,FEED,13,0,795,310,0,5,18,2025-08-02 17:29:36.159
17841406083211195,18091440229551063,2025-06-06 01:08:54,IMAGE,FEED,13,0,796,310,0,5,18,2025-08-03 17:29:40.181
17841406083211195,18091440229551063,2025-06-06 01:08:54,IMAGE,FEED,13,0,799,312,0,5,18,2025-08-05 17:30:25.826
17841406083211195,18091440229551063,2025-06-06 01:08:54,IMAGE,FEED,13,0,807,312,0,5,18,2025-08-06 17:29:21.818
17841406083211195,18091440229551063,2025-06-06 01:08:54,IMAGE,FEED,13,0,821,312,0,5,18,2025-08-08 17:29:30.443
17841406083211195,18091440229551063,2025-06-06 01:08:54,IMAGE,FEED,13,0,835,312,0,5,18,2025-08-10 17:29:41.096
17841406083211195,18091440229551063,2025-06-06 01:08:54,IMAGE,FEED,13,0,842,312,0,5,18,2025-08-11 17:30:32.969
17841406083211195,18091440229551063,2025-06-06 01:08:54,IMAGE,FEED,13,0,849,312,0,5,18,2025-08-12 17:31:22.351
17841406083211195,18091440229551063,2025-06-06 01:08:54,IMAGE,FEED,13,0,852,313,0,5,18,2025-08-13 17:29:54.296
17841406083211195,18091440229551063,2025-06-06 01:08:54,IMAGE,FEED,13,0,857,314,0,5,18,2025-08-14 17:30:30.706
17841406083211195,18091440229551063,2025-06-06 01:08:54,IMAGE,FEED,13,0,899,315,0,5,18,2025-08-15 17:29:20.119
17841406083211195,18091440229551063,2025-06-06 01:08:54,IMAGE,FEED,13,0,913,315,0,5,18,2025-08-16 17:29:29.900
17841406083211195,18091440229551063,2025-06-06 01:08:54,IMAGE,FEED,13,0,916,315,0,5,18,2025-08-17 17:28:43.183
17841406083211195,18091440229551063,2025-06-06 01:08:54,IMAGE,FEED,13,0,926,316,0,5,18,2025-08-18 17:28:55.672
17841406083211195,18091440229551063,2025-06-06 01:08:54,IMAGE,FEED,13,0,958,316,0,5,18,2025-08-19 17:29:34.437
17841406083211195,18091440229551063,2025-06-06 01:08:54,IMAGE,FEED,13,0,974,317,0,5,18,2025-08-20 17:29:40.876
17841406083211195,18091440229551063,2025-06-06 01:08:54,IMAGE,FEED,13,0,985,319,0,5,18,2025-08-21 17:30:19.081
17841406083211195,18091440229551063,2025-06-06 01:08:54,IMAGE,FEED,13,0,1006,322,0,5,18,2025-08-22 17:29:22.422
17841406083211195,18091440229551063,2025-06-06 01:08:54,IMAGE,FEED,13,0,1011,322,0,5,18,2025-08-23 17:29:30.934
17841406083211195,18091440229551063,2025-06-06 01:08:54,IMAGE,FEED,13,0,1019,322,0,5,18,2025-08-24 17:29:05.934
17841406083211195,18091440229551063,2025-06-06 01:08:54,IMAGE,FEED,13,0,1056,324,0,5,18,2025-08-25 17:29:34.733
17841406083211195,18091440229551063,2025-06-06 01:08:54,IMAGE,FEED,13,0,1068,326,0,5,18,2025-08-26 17:29:15.109
17841406083211195,18091440229551063,2025-06-06 01:08:54,IMAGE,FEED,13,0,1081,326,0,5,18,2025-08-27 17:30:23.672
17841406083211195,18091440229551063,2025-06-06 01:08:54,IMAGE,FEED,13,0,1095,327,0,5,18,2025-08-28 17:31:28.498
17841406083211195,18091440229551063,2025-06-06 01:08:54,IMAGE,FEED,13,0,1101,327,0,5,18,2025-08-29 17:28:53.245
17841406083211195,18091440229551063,2025-06-06 01:08:54,IMAGE,FEED,13,0,1106,327,0,5,18,2025-08-30 17:30:25.972
17841406083211195,18091440229551063,2025-06-06 01:08:54,IMAGE,FEED,13,0,1115,327,0,5,18,2025-08-31 17:28:56.745
17841406083211195,18091440229551063,2025-06-06 01:08:54,IMAGE,FEED,13,0,1353,340,0,5,18,2025-10-01 04:10:01.763
17841406083211195,18091440229551063,2025-06-06 01:08:54,IMAGE,FEED,13,0,1357,340,0,5,18,2025-10-02 04:04:36.978
17841406083211195,18091440229551063,2025-06-06 01:08:54,IMAGE,FEED,13,0,1362,340,0,5,18,2025-10-02 17:29:40.002
17841406083211195,18091440229551063,2025-06-06 01:08:54,IMAGE,FEED,13,0,1368,340,0,5,18,2025-10-04 17:29:46.384
17841406083211195,18091440229551063,2025-06-06 01:08:54,IMAGE,FEED,13,0,1372,340,0,5,18,2025-10-05 17:29:33.607
17841406083211195,18091440229551063,2025-06-06 01:08:54,IMAGE,FEED,13,0,1373,340,0,5,18,2025-10-06 17:28:55.818
17841406083211195,18091440229551063,2025-06-06 01:08:54,IMAGE,FEED,13,0,1379,340,0,5,18,2025-10-07 17:28:36.709
17841406083211195,18091440229551063,2025-06-06 01:08:54,IMAGE,FEED,13,0,1383,340,0,5,18,2025-10-08 17:29:48.283
17841406083211195,18091440229551063,2025-06-06 01:08:54,IMAGE,FEED,13,0,1392,340,0,5,18,2025-10-09 17:28:59.258
17841406083211195,18091440229551063,2025-06-06 01:08:54,IMAGE,FEED,13,0,1395,340,0,5,18,2025-10-10 17:30:14.055
17841406083211195,18091440229551063,2025-06-06 01:08:54,IMAGE,FEED,13,0,1399,340,0,5,18,2025-10-11 17:28:37.953
17841406083211195,18091440229551063,2025-06-06 01:08:54,IMAGE,FEED,13,0,1404,340,0,5,18,2025-10-12 17:28:57.223
17841406083211195,18091440229551063,2025-06-06 01:08:54,IMAGE,FEED,13,0,1413,340,0,5,18,2025-10-13 17:29:00.309
17841406083211195,18091440229551063,2025-06-06 01:08:54,IMAGE,FEED,13,0,1415,340,0,5,18,2025-10-14 17:28:28.925
17841406083211195,18091440229551063,2025-06-06 01:08:54,IMAGE,FEED,13,0,1416,340,0,5,18,2025-10-15 17:30:00.908
17841406083211195,18091440229551063,2025-06-06 01:08:54,IMAGE,FEED,13,0,1421,341,0,5,18,2025-10-16 17:29:06.181
17841406083211195,18091440229551063,2025-06-06 01:08:54,IMAGE,FEED,13,0,1427,341,0,5,18,2025-10-17 17:30:04.047
17841406083211195,18091440229551063,2025-06-06 01:08:54,IMAGE,FEED,13,0,1432,341,0,5,18,2025-10-18 17:28:35.983
17841406083211195,18091440229551063,2025-06-06 01:08:54,IMAGE,FEED,13,0,1436,341,0,5,18,2025-10-19 17:28:40.304
17841406083211195,18091440229551063,2025-06-06 01:08:54,IMAGE,FEED,13,0,1440,341,0,5,18,2025-10-20 17:29:27.071
17841406083211195,18091440229551063,2025-06-06 01:08:54,IMAGE,FEED,13,0,1442,341,0,5,18,2025-10-21 17:28:47.407
17841406083211195,18091440229551063,2025-06-06 01:08:54,IMAGE,FEED,13,0,1448,341,0,5,18,2025-10-22 17:29:00.833
17841406083211195,18091440229551063,2025-06-06 01:08:54,IMAGE,FEED,13,0,1455,341,0,5,18,2025-10-23 17:28:36.361
17841406083211195,18091440229551063,2025-06-06 01:08:54,IMAGE,FEED,13,0,1460,341,0,5,18,2025-10-27 17:28:53.356
17841406083211195,18091440229551063,2025-06-06 01:08:54,IMAGE,FEED,13,0,1477,341,0,5,18,2025-10-28 17:29:49.191
17841406083211195,18091440229551063,2025-06-06 01:08:54,IMAGE,FEED,13,0,1480,341,0,5,18,2025-10-29 17:29:38.422
17841406083211195,18091440229551063,2025-06-06 01:08:54,IMAGE,FEED,13,0,1482,341,0,5,18,2025-10-31 17:29:10.255
17841406083211195,18091440229551063,2025-06-06 01:08:54,IMAGE,FEED,13,0,1483,341,0,5,18,2025-11-02 17:29:05.356
17841406083211195,18091440229551063,2025-06-06 01:08:54,IMAGE,FEED,13,0,1488,341,0,5,18,2025-11-03 17:28:57.558
17841406083211195,18091440229551063,2025-06-06 01:08:54,IMAGE,FEED,13,0,1495,341,0,5,18,2025-11-04 17:28:28.082
17841406083211195,18091440229551063,2025-06-06 01:08:54,IMAGE,FEED,13,0,1501,341,0,5,18,2025-11-05 17:28:35.577
17841406083211195,18091440229551063,2025-06-06 01:08:54,IMAGE,FEED,13,0,1503,341,0,5,18,2025-11-06 17:28:50.928
17841406083211195,18091440229551063,2025-06-06 01:08:54,IMAGE,FEED,13,0,1506,341,0,5,18,2025-11-07 17:29:10.486
17841406083211195,18091440229551063,2025-06-06 01:08:54,IMAGE,FEED,13,0,1512,341,0,5,18,2025-11-09 17:28:46.288
17841406083211195,18091440229551063,2025-06-06 01:08:54,IMAGE,FEED,13,0,1520,341,0,5,18,2025-11-10 17:29:23.646
17841406083211195,18091440229551063,2025-06-06 01:08:54,IMAGE,FEED,13,0,1525,341,0,5,18,2025-11-11 17:29:14.655
17841406083211195,18091440229551063,2025-06-06 01:08:54,IMAGE,FEED,13,0,1530,341,0,5,18,2025-11-12 17:29:12.217
17841406083211195,18091440229551063,2025-06-06 01:08:54,IMAGE,FEED,13,0,1541,341,0,5,18,2025-11-13 17:29:47.741
17841406083211195,18091440229551063,2025-06-06 01:08:54,IMAGE,FEED,13,0,1546,342,0,5,18,2025-11-14 17:29:17.981
17841406083211195,18091440229551063,2025-06-06 01:08:54,IMAGE,FEED,13,0,1550,342,0,5,18,2025-11-15 17:31:07.845
17841406083211195,18091440229551063,2025-06-06 01:08:54,IMAGE,FEED,13,0,1551,342,0,5,18,2025-11-16 17:30:03.487
17841406083211195,18091440229551063,2025-06-06 01:08:54,IMAGE,FEED,13,0,1555,342,0,5,18,2025-11-17 17:29:22.829
17841406083211195,18091440229551063,2025-06-06 01:08:54,IMAGE,FEED,13,0,1561,343,0,5,18,2025-11-18 17:29:13.855
17841406083211195,18091440229551063,2025-06-06 01:08:54,IMAGE,FEED,13,0,1569,346,0,5,18,2025-11-19 17:35:11.182
17841406083211195,18091440229551063,2025-06-06 01:08:54,IMAGE,FEED,13,0,1570,346,0,5,18,2025-11-20 17:35:45.156
17841406083211195,18091440229551063,2025-06-06 01:08:54,IMAGE,FEED,13,0,1575,346,0,5,18,2025-11-21 17:35:36.098
17841406083211195,18091440229551063,2025-06-06 01:08:54,IMAGE,FEED,13,0,1578,346,0,5,18,2025-11-22 17:33:42.560
17841406083211195,18091440229551063,2025-06-06 01:08:54,IMAGE,FEED,13,0,1580,346,0,5,18,2025-11-24 17:36:14.922
17841406083211195,18091440229551063,2025-06-06 01:08:54,IMAGE,FEED,13,0,1584,346,0,5,18,2025-11-25 17:34:34.025
17841406083211195,18091440229551063,2025-06-06 01:08:54,IMAGE,FEED,13,0,1588,346,0,5,18,2025-11-26 17:37:08.510
17841406083211195,18091440229551063,2025-06-06 01:08:54,IMAGE,FEED,13,0,1595,346,0,5,18,2025-11-28 17:35:14.152
17841406083211195,18091440229551063,2025-06-06 01:08:54,IMAGE,FEED,13,0,1597,346,0,5,18,2025-11-29 17:36:00.644
17841406083211195,18091440229551063,2025-06-06 01:08:54,IMAGE,FEED,13,0,1601,346,0,5,18,2025-11-30 17:33:37.939
17841406083211195,18091440229551063,2025-06-06 01:08:54,IMAGE,FEED,13,0,1609,346,0,5,18,2025-12-01 17:33:45.596
17841406083211195,18091440229551063,2025-06-06 01:08:54,IMAGE,FEED,13,0,1611,346,0,5,18,2025-12-02 17:35:07.733
17841406083211195,18091440229551063,2025-06-06 01:08:54,IMAGE,FEED,13,0,1623,346,0,5,18,2025-12-03 17:36:28.748
17841406083211195,18091440229551063,2025-06-06 01:08:54,IMAGE,FEED,13,0,1635,346,0,5,18,2025-12-05 17:34:34.774
17841406083211195,18091440229551063,2025-06-06 01:08:54,IMAGE,FEED,13,0,1636,346,0,5,18,2025-12-07 17:33:28.020
17841406083211195,18091440229551063,2025-06-06 01:08:54,IMAGE,FEED,13,0,1637,346,0,5,18,2025-12-08 17:33:12.765
17841406083211195,18091440229551063,2025-06-06 01:08:54,IMAGE,FEED,13,0,1643,346,0,5,18,2025-12-09 17:35:25.124
17841406083211195,18091440229551063,2025-06-06 01:08:54,IMAGE,FEED,13,0,1645,346,0,5,18,2025-12-12 17:35:25.288
17841406083211195,18091440229551063,2025-06-06 01:08:54,IMAGE,FEED,13,0,1650,346,0,5,18,2025-12-15 06:33:59.575
17841406083211195,18091440229551063,2025-06-06 01:08:54,IMAGE,FEED,13,0,1655,346,0,5,18,2025-12-17 17:29:02.287
17841406083211195,18091440229551063,2025-06-06 01:08:54,IMAGE,FEED,13,0,1656,346,0,5,18,2025-12-18 17:31:09.510
17841406083211195,18091440229551063,2025-06-06 01:08:54,IMAGE,FEED,13,0,1658,346,0,5,18,2025-12-20 17:36:30.960
17841406083211195,18091440229551063,2025-06-06 01:08:54,IMAGE,FEED,13,0,1659,346,0,5,18,2025-12-21 17:29:53.717
17841406083211195,18091440229551063,2025-06-06 01:08:54,IMAGE,FEED,13,0,1660,346,0,5,18,2025-12-22 17:28:44.210
17841406083211195,18091440229551063,2025-06-06 01:08:54,IMAGE,FEED,13,0,1661,346,0,5,18,2025-12-24 17:29:12.927
17841406083211195,18091440229551063,2025-06-06 01:08:54,IMAGE,FEED,13,0,1663,346,0,5,18,2025-12-25 17:29:25.139
17841406083211195,18091723285552475,2025-02-26 10:14:45,IMAGE,FEED,1,0,206,134,0,0,1,2025-04-17 17:31:52.786
17841406083211195,18091723285552475,2025-02-26 10:14:45,IMAGE,FEED,1,0,206,134,0,0,1,2025-04-18 19:14:47.748
17841406083211195,18091723285552475,2025-02-26 10:14:45,IMAGE,FEED,1,0,208,135,0,0,1,2025-04-20 21:57:33.558
17841406083211195,18091723285552475,2025-02-26 10:14:45,IMAGE,FEED,1,0,209,135,0,0,1,2025-04-25 17:30:04.349
17841406083211195,18091723285552475,2025-02-26 10:14:45,IMAGE,FEED,1,0,210,135,0,0,1,2025-04-27 17:31:03.881
17841406083211195,18091723285552475,2025-02-26 10:14:45,IMAGE,FEED,1,0,212,136,0,0,1,2025-04-28 17:30:00.129
17841406083211195,18091723285552475,2025-02-26 10:14:45,IMAGE,FEED,1,0,213,136,0,0,1,2025-05-04 17:28:52.306
17841406083211195,18091723285552475,2025-02-26 10:14:45,IMAGE,FEED,1,0,214,137,0,0,1,2025-05-05 17:29:55.866
17841406083211195,18091723285552475,2025-02-26 10:14:45,IMAGE,FEED,1,0,217,138,0,0,1,2025-05-08 17:30:01.746
17841406083211195,18091723285552475,2025-02-26 10:14:45,IMAGE,FEED,1,0,220,140,0,0,1,2025-05-10 17:30:36.590
17841406083211195,18091723285552475,2025-02-26 10:14:45,IMAGE,FEED,1,0,221,141,0,0,1,2025-05-11 17:29:45.376
17841406083211195,18091723285552475,2025-02-26 10:14:45,IMAGE,FEED,1,0,222,142,0,0,1,2025-05-14 17:30:05.766
17841406083211195,18091723285552475,2025-02-26 10:14:45,IMAGE,FEED,1,0,223,142,0,0,1,2025-05-16 17:31:00.281
17841406083211195,18091723285552475,2025-02-26 10:14:45,IMAGE,FEED,1,0,224,143,0,0,1,2025-05-17 17:30:06.313
17841406083211195,18091723285552475,2025-02-26 10:14:45,IMAGE,FEED,1,0,225,144,0,0,1,2025-05-18 17:30:27.075
17841406083211195,18091723285552475,2025-02-26 10:14:45,IMAGE,FEED,1,0,226,145,0,0,1,2025-05-20 17:29:17.935
17841406083211195,18091723285552475,2025-02-26 10:14:45,IMAGE,FEED,1,0,227,146,0,0,1,2025-05-21 17:30:08.502
17841406083211195,18091723285552475,2025-02-26 10:14:45,IMAGE,FEED,1,0,228,147,0,0,1,2025-05-23 17:30:42.858
17841406083211195,18091723285552475,2025-02-26 10:14:45,IMAGE,FEED,1,0,230,148,0,0,1,2025-05-24 17:30:42.229
17841406083211195,18091723285552475,2025-02-26 10:14:45,IMAGE,FEED,1,0,232,150,0,0,1,2025-05-28 17:30:33.819
17841406083211195,18091723285552475,2025-02-26 10:14:45,IMAGE,FEED,1,0,233,151,0,0,1,2025-06-01 17:29:53.994
17841406083211195,18091723285552475,2025-02-26 10:14:45,IMAGE,FEED,1,0,234,152,0,0,1,2025-06-05 17:30:24.250
17841406083211195,18091723285552475,2025-02-26 10:14:45,IMAGE,FEED,1,0,239,156,0,0,1,2025-07-03 03:00:11.464
17841406083211195,18091723285552475,2025-02-26 10:14:45,IMAGE,FEED,1,0,241,156,0,0,1,2025-07-03 17:30:07.981
17841406083211195,18091723285552475,2025-02-26 10:14:45,IMAGE,FEED,1,0,246,156,0,0,1,2025-07-04 17:31:09.098
17841406083211195,18091723285552475,2025-02-26 10:14:45,IMAGE,FEED,1,0,247,156,0,0,1,2025-07-08 17:30:04.055
17841406083211195,18091723285552475,2025-02-26 10:14:45,IMAGE,FEED,1,0,248,157,0,0,1,2025-07-15 17:30:00.589
17841406083211195,18091723285552475,2025-02-26 10:14:45,IMAGE,FEED,1,0,249,157,0,0,1,2025-07-16 17:30:13.805
17841406083211195,18091723285552475,2025-02-26 10:14:45,IMAGE,FEED,1,0,251,157,0,0,1,2025-07-21 17:30:54.839
17841406083211195,18091723285552475,2025-02-26 10:14:45,IMAGE,FEED,1,0,252,157,0,0,1,2025-07-26 17:30:13.353
17841406083211195,18091723285552475,2025-02-26 10:14:45,IMAGE,FEED,1,0,253,158,0,0,1,2025-07-28 17:29:22.347
17841406083211195,18091723285552475,2025-02-26 10:14:45,IMAGE,FEED,1,0,254,159,0,0,1,2025-07-31 17:29:02.387
17841406083211195,18091723285552475,2025-02-26 10:14:45,IMAGE,FEED,1,0,258,161,0,0,1,2025-08-03 17:29:51.697
17841406083211195,18091723285552475,2025-02-26 10:14:45,IMAGE,FEED,1,0,260,162,0,0,1,2025-08-04 17:30:32.186
17841406083211195,18091723285552475,2025-02-26 10:14:45,IMAGE,FEED,1,0,261,163,0,0,1,2025-08-06 17:29:32.808
17841406083211195,18091723285552475,2025-02-26 10:14:45,IMAGE,FEED,1,0,262,163,0,0,1,2025-08-08 17:29:41.577
17841406083211195,18091723285552475,2025-02-26 10:14:45,IMAGE,FEED,1,0,272,164,0,0,1,2025-08-11 17:30:48.459
17841406083211195,18091723285552475,2025-02-26 10:14:45,IMAGE,FEED,1,0,278,164,0,0,1,2025-08-17 17:28:55.751
17841406083211195,18091723285552475,2025-02-26 10:14:45,IMAGE,FEED,1,0,284,164,0,0,1,2025-08-18 17:29:09.070
17841406083211195,18091723285552475,2025-02-26 10:14:45,IMAGE,FEED,1,0,286,164,0,0,1,2025-08-19 17:29:55.275
17841406083211195,18091723285552475,2025-02-26 10:14:45,IMAGE,FEED,1,0,286,165,0,0,1,2025-08-20 17:29:54.697
17841406083211195,18091723285552475,2025-02-26 10:14:45,IMAGE,FEED,1,0,289,165,0,0,1,2025-08-21 17:30:35.444
17841406083211195,18091723285552475,2025-02-26 10:14:45,IMAGE,FEED,1,0,295,166,0,0,1,2025-08-23 17:29:46.423
17841406083211195,18091723285552475,2025-02-26 10:14:45,IMAGE,FEED,1,0,297,166,0,0,1,2025-08-24 17:29:21.886
17841406083211195,18091723285552475,2025-02-26 10:14:45,IMAGE,FEED,1,0,311,166,0,0,1,2025-08-25 17:29:53.211
17841406083211195,18091723285552475,2025-02-26 10:14:45,IMAGE,FEED,1,0,315,166,0,0,1,2025-08-26 17:29:23.359
17841406083211195,18091723285552475,2025-02-26 10:14:45,IMAGE,FEED,1,0,321,166,0,0,1,2025-08-27 17:30:31.259
17841406083211195,18091723285552475,2025-02-26 10:14:45,IMAGE,FEED,1,0,323,166,0,0,1,2025-08-28 17:31:46.020
17841406083211195,18091723285552475,2025-02-26 10:14:45,IMAGE,FEED,1,0,325,166,0,0,1,2025-08-29 17:28:59.729
17841406083211195,18091723285552475,2025-02-26 10:14:45,IMAGE,FEED,1,0,326,166,0,0,1,2025-08-30 17:30:35.878
17841406083211195,18091723285552475,2025-02-26 10:14:45,IMAGE,FEED,1,0,333,166,0,0,1,2025-08-31 17:29:08.146
17841406083211195,18091723285552475,2025-02-26 10:14:45,IMAGE,FEED,1,0,390,168,0,0,1,2025-10-01 04:10:09.683
17841406083211195,18091723285552475,2025-02-26 10:14:45,IMAGE,FEED,1,0,392,168,0,0,1,2025-10-02 04:04:43.616
17841406083211195,18091723285552475,2025-02-26 10:14:45,IMAGE,FEED,1,0,393,168,0,0,1,2025-10-02 17:29:46.304
17841406083211195,18091723285552475,2025-02-26 10:14:45,IMAGE,FEED,1,0,394,168,0,0,1,2025-10-06 17:29:02.557
17841406083211195,18091723285552475,2025-02-26 10:14:45,IMAGE,FEED,1,0,396,168,0,0,1,2025-10-08 17:29:55.663
17841406083211195,18091723285552475,2025-02-26 10:14:45,IMAGE,FEED,1,0,403,168,0,0,1,2025-10-09 17:29:07.176
17841406083211195,18091723285552475,2025-02-26 10:14:45,IMAGE,FEED,1,0,405,168,0,0,1,2025-10-10 17:30:20.758
17841406083211195,18091723285552475,2025-02-26 10:14:45,IMAGE,FEED,1,0,406,168,0,0,1,2025-10-12 17:29:04.370
17841406083211195,18091723285552475,2025-02-26 10:14:45,IMAGE,FEED,1,0,410,168,0,0,1,2025-10-14 17:28:35.629
17841406083211195,18091723285552475,2025-02-26 10:14:45,IMAGE,FEED,1,0,411,168,0,0,1,2025-10-15 17:30:08.622
17841406083211195,18091723285552475,2025-02-26 10:14:45,IMAGE,FEED,1,0,412,168,0,0,1,2025-10-16 17:29:14.734
17841406083211195,18091723285552475,2025-02-26 10:14:45,IMAGE,FEED,1,0,415,168,0,0,1,2025-10-17 17:30:11.763
17841406083211195,18091723285552475,2025-02-26 10:14:45,IMAGE,FEED,1,0,417,168,0,0,1,2025-10-18 17:28:43.357
17841406083211195,18091723285552475,2025-02-26 10:14:45,IMAGE,FEED,1,0,418,168,0,0,1,2025-10-20 17:29:38.001
17841406083211195,18091723285552475,2025-02-26 10:14:45,IMAGE,FEED,1,0,419,168,0,0,1,2025-10-21 17:28:55.521
17841406083211195,18091723285552475,2025-02-26 10:14:45,IMAGE,FEED,1,0,420,168,0,0,1,2025-10-22 17:29:11.371
17841406083211195,18091723285552475,2025-02-26 10:14:45,IMAGE,FEED,1,0,422,168,0,0,1,2025-10-23 17:28:45.962
17841406083211195,18091723285552475,2025-02-26 10:14:45,IMAGE,FEED,1,0,431,168,0,0,1,2025-10-27 17:29:04.342
17841406083211195,18091723285552475,2025-02-26 10:14:45,IMAGE,FEED,1,0,453,168,0,0,1,2025-10-28 17:30:01.151
17841406083211195,18091723285552475,2025-02-26 10:14:45,IMAGE,FEED,1,0,454,168,0,0,1,2025-10-29 17:29:48.669
17841406083211195,18091723285552475,2025-02-26 10:14:45,IMAGE,FEED,1,0,460,168,0,0,1,2025-10-31 17:29:18.968
17841406083211195,18091723285552475,2025-02-26 10:14:45,IMAGE,FEED,1,0,461,168,0,0,1,2025-11-02 17:29:16.143
17841406083211195,18091723285552475,2025-02-26 10:14:45,IMAGE,FEED,1,0,462,168,0,0,1,2025-11-03 17:29:06.663
17841406083211195,18091723285552475,2025-02-26 10:14:45,IMAGE,FEED,1,0,463,168,0,0,1,2025-11-04 17:28:36.314
17841406083211195,18091723285552475,2025-02-26 10:14:45,IMAGE,FEED,1,0,467,168,0,0,1,2025-11-06 17:29:06.859
17841406083211195,18091723285552475,2025-02-26 10:14:45,IMAGE,FEED,1,0,468,168,0,0,1,2025-11-07 17:29:28.063
17841406083211195,18091723285552475,2025-02-26 10:14:45,IMAGE,FEED,1,0,470,168,0,0,1,2025-11-09 17:29:04.264
17841406083211195,18091723285552475,2025-02-26 10:14:45,IMAGE,FEED,1,0,472,168,0,0,1,2025-11-10 17:29:31.990
17841406083211195,18091723285552475,2025-02-26 10:14:45,IMAGE,FEED,1,0,473,168,0,0,1,2025-11-11 17:29:22.332
17841406083211195,18091723285552475,2025-02-26 10:14:45,IMAGE,FEED,1,0,475,168,0,0,1,2025-11-12 17:29:20.864
17841406083211195,18091723285552475,2025-02-26 10:14:45,IMAGE,FEED,1,0,477,168,0,0,1,2025-11-13 17:30:02.179
17841406083211195,18091723285552475,2025-02-26 10:14:45,IMAGE,FEED,1,0,478,168,0,0,1,2025-11-14 17:29:25.542
17841406083211195,18091723285552475,2025-02-26 10:14:45,IMAGE,FEED,1,0,481,168,0,0,1,2025-11-16 17:30:12.329
17841406083211195,18091723285552475,2025-02-26 10:14:45,IMAGE,FEED,1,0,485,168,0,0,1,2025-11-19 17:34:29.218
17841406083211195,18091723285552475,2025-02-26 10:14:45,IMAGE,FEED,1,0,487,168,0,0,1,2025-11-21 17:34:52.816
17841406083211195,18091723285552475,2025-02-26 10:14:45,IMAGE,FEED,1,0,488,168,0,0,1,2025-11-25 17:33:52.975
17841406083211195,18091723285552475,2025-02-26 10:14:45,IMAGE,FEED,1,0,489,168,0,0,1,2025-11-26 17:36:02.321
17841406083211195,18091723285552475,2025-02-26 10:14:45,IMAGE,FEED,1,0,490,168,0,0,1,2025-11-30 17:33:04.193
17841406083211195,18091723285552475,2025-02-26 10:14:45,IMAGE,FEED,1,0,492,168,0,0,1,2025-12-01 17:33:15.133
17841406083211195,18091723285552475,2025-02-26 10:14:45,IMAGE,FEED,1,0,493,168,0,0,1,2025-12-03 17:35:49.226
17841406083211195,18091723285552475,2025-02-26 10:14:45,IMAGE,FEED,1,0,494,168,0,0,1,2025-12-05 17:34:03.809
17841406083211195,18091723285552475,2025-02-26 10:14:45,IMAGE,FEED,1,0,495,168,0,0,1,2025-12-08 17:32:36.767
17841406083211195,18091723285552475,2025-02-26 10:14:45,IMAGE,FEED,1,0,498,168,0,0,1,2025-12-11 17:33:08.735
17841406083211195,18091723285552475,2025-02-26 10:14:45,IMAGE,FEED,1,0,499,168,0,0,1,2025-12-12 17:34:34.577
17841406083211195,18091723285552475,2025-02-26 10:14:45,IMAGE,FEED,1,0,502,168,0,0,1,2025-12-17 17:29:13.834
17841406083211195,18091723285552475,2025-02-26 10:14:45,IMAGE,FEED,1,0,503,168,0,0,1,2025-12-22 17:28:52.799
17841406083211195,18091723285552475,2025-02-26 10:14:45,IMAGE,FEED,1,0,507,168,0,0,1,2025-12-24 17:29:21.582
17841406083211195,18091723285552475,2025-02-26 10:14:45,IMAGE,FEED,1,0,512,168,0,0,1,2025-12-25 17:29:40.544
17841406083211195,18102393424528074,2025-05-29 00:35:26,IMAGE,FEED,9,0,156,128,0,1,10,2025-05-29 17:29:19.982
17841406083211195,18102393424528074,2025-05-29 00:35:26,IMAGE,FEED,9,0,228,159,0,1,10,2025-05-30 17:29:46.019
17841406083211195,18102393424528074,2025-05-29 00:35:26,IMAGE,FEED,9,0,241,168,0,1,10,2025-05-31 17:29:51.758
17841406083211195,18102393424528074,2025-05-29 00:35:26,IMAGE,FEED,9,0,256,171,0,1,10,2025-06-01 17:29:49.082
17841406083211195,18102393424528074,2025-05-29 00:35:26,IMAGE,FEED,10,0,277,176,0,1,11,2025-06-02 17:30:36.019
17841406083211195,18102393424528074,2025-05-29 00:35:26,IMAGE,FEED,10,0,288,180,0,1,11,2025-06-03 17:29:40.472
17841406083211195,18102393424528074,2025-05-29 00:35:26,IMAGE,FEED,10,0,296,186,0,1,11,2025-06-04 17:30:00.714
17841406083211195,18102393424528074,2025-05-29 00:35:26,IMAGE,FEED,10,0,299,186,0,1,11,2025-06-05 17:30:15.487
17841406083211195,18102393424528074,2025-05-29 00:35:26,IMAGE,FEED,10,0,417,216,0,1,11,2025-07-03 03:00:02.140
17841406083211195,18102393424528074,2025-05-29 00:35:26,IMAGE,FEED,10,0,419,217,0,1,11,2025-07-03 17:29:59.204
17841406083211195,18102393424528074,2025-05-29 00:35:26,IMAGE,FEED,10,0,422,217,0,1,11,2025-07-04 17:30:58.667
17841406083211195,18102393424528074,2025-05-29 00:35:26,IMAGE,FEED,10,0,423,217,0,1,11,2025-07-05 17:29:52.041
17841406083211195,18102393424528074,2025-05-29 00:35:26,IMAGE,FEED,10,0,426,218,0,1,11,2025-07-06 17:30:30.235
17841406083211195,18102393424528074,2025-05-29 00:35:26,IMAGE,FEED,10,0,429,218,0,1,11,2025-07-07 17:30:38.827
17841406083211195,18102393424528074,2025-05-29 00:35:26,IMAGE,FEED,10,0,443,220,0,1,11,2025-07-08 17:29:53.731
17841406083211195,18102393424528074,2025-05-29 00:35:26,IMAGE,FEED,10,0,446,221,0,1,11,2025-07-09 17:30:26.348
17841406083211195,18102393424528074,2025-05-29 00:35:26,IMAGE,FEED,10,0,450,222,0,1,11,2025-07-10 17:29:17.342
17841406083211195,18102393424528074,2025-05-29 00:35:26,IMAGE,FEED,10,0,451,222,0,1,11,2025-07-11 17:29:41.213
17841406083211195,18102393424528074,2025-05-29 00:35:26,IMAGE,FEED,10,0,456,222,0,1,11,2025-07-13 17:29:26.771
17841406083211195,18102393424528074,2025-05-29 00:35:26,IMAGE,FEED,10,0,457,222,0,1,11,2025-07-14 17:30:26.670
17841406083211195,18102393424528074,2025-05-29 00:35:26,IMAGE,FEED,10,0,461,222,0,1,11,2025-07-15 17:29:51.509
17841406083211195,18102393424528074,2025-05-29 00:35:26,IMAGE,FEED,10,0,462,223,0,1,11,2025-07-16 17:30:05.706
17841406083211195,18102393424528074,2025-05-29 00:35:26,IMAGE,FEED,10,0,471,226,0,1,11,2025-07-17 17:29:49.501
17841406083211195,18102393424528074,2025-05-29 00:35:26,IMAGE,FEED,10,0,477,226,0,1,11,2025-07-18 17:29:48.363
17841406083211195,18102393424528074,2025-05-29 00:35:26,IMAGE,FEED,10,0,485,228,0,1,11,2025-07-20 17:30:14.563
17841406083211195,18102393424528074,2025-05-29 00:35:26,IMAGE,FEED,10,0,486,228,0,1,11,2025-07-21 17:30:41.013
17841406083211195,18102393424528074,2025-05-29 00:35:26,IMAGE,FEED,10,0,493,229,0,1,11,2025-07-22 17:30:36.348
17841406083211195,18102393424528074,2025-05-29 00:35:26,IMAGE,FEED,10,0,496,230,0,1,11,2025-07-23 17:30:15.883
17841406083211195,18102393424528074,2025-05-29 00:35:26,IMAGE,FEED,10,0,510,231,0,1,11,2025-07-24 17:30:01.595
17841406083211195,18102393424528074,2025-05-29 00:35:26,IMAGE,FEED,10,0,513,233,0,1,11,2025-07-25 17:29:40.353
17841406083211195,18102393424528074,2025-05-29 00:35:26,IMAGE,FEED,10,0,518,235,0,1,11,2025-07-26 17:30:03.780
17841406083211195,18102393424528074,2025-05-29 00:35:26,IMAGE,FEED,10,0,519,235,0,1,11,2025-07-27 17:30:34.302
17841406083211195,18102393424528074,2025-05-29 00:35:26,IMAGE,FEED,10,0,541,239,0,1,11,2025-07-28 17:29:11.640
17841406083211195,18102393424528074,2025-05-29 00:35:26,IMAGE,FEED,10,0,548,241,0,1,11,2025-07-29 17:29:46.527
17841406083211195,18102393424528074,2025-05-29 00:35:26,IMAGE,FEED,10,0,552,243,0,1,11,2025-07-30 17:30:07.338
17841406083211195,18102393424528074,2025-05-29 00:35:26,IMAGE,FEED,10,0,558,244,0,1,11,2025-07-31 17:28:52.254
17841406083211195,18102393424528074,2025-05-29 00:35:26,IMAGE,FEED,10,0,571,245,0,1,11,2025-08-01 17:30:02.447
17841406083211195,18102393424528074,2025-05-29 00:35:26,IMAGE,FEED,10,0,573,246,0,1,11,2025-08-03 17:29:40.171
17841406083211195,18102393424528074,2025-05-29 00:35:26,IMAGE,FEED,10,0,576,247,0,1,11,2025-08-05 17:30:25.820
17841406083211195,18102393424528074,2025-05-29 00:35:26,IMAGE,FEED,10,0,581,247,0,1,11,2025-08-06 17:29:21.810
17841406083211195,18102393424528074,2025-05-29 00:35:26,IMAGE,FEED,10,0,588,247,0,1,11,2025-08-08 17:29:30.431
17841406083211195,18102393424528074,2025-05-29 00:35:26,IMAGE,FEED,10,0,596,247,0,1,11,2025-08-10 17:29:41.090
17841406083211195,18102393424528074,2025-05-29 00:35:26,IMAGE,FEED,10,0,600,247,0,1,11,2025-08-11 17:30:32.959
17841406083211195,18102393424528074,2025-05-29 00:35:26,IMAGE,FEED,10,0,605,247,0,1,11,2025-08-12 17:31:22.344
17841406083211195,18102393424528074,2025-05-29 00:35:26,IMAGE,FEED,10,0,609,247,0,1,11,2025-08-13 17:29:54.290
17841406083211195,18102393424528074,2025-05-29 00:35:26,IMAGE,FEED,10,0,612,247,0,1,11,2025-08-14 17:30:30.701
17841406083211195,18102393424528074,2025-05-29 00:35:26,IMAGE,FEED,10,0,659,250,0,1,11,2025-08-15 17:29:31.452
17841406083211195,18102393424528074,2025-05-29 00:35:26,IMAGE,FEED,10,0,672,251,0,1,11,2025-08-16 17:29:42.438
17841406083211195,18102393424528074,2025-05-29 00:35:26,IMAGE,FEED,10,0,677,251,0,1,11,2025-08-17 17:28:52.675
17841406083211195,18102393424528074,2025-05-29 00:35:26,IMAGE,FEED,10,0,687,251,0,1,11,2025-08-18 17:29:03.013
17841406083211195,18102393424528074,2025-05-29 00:35:26,IMAGE,FEED,10,0,716,251,0,1,11,2025-08-19 17:29:48.963
17841406083211195,18102393424528074,2025-05-29 00:35:26,IMAGE,FEED,10,0,731,251,0,1,11,2025-08-20 17:29:49.046
17841406083211195,18102393424528074,2025-05-29 00:35:26,IMAGE,FEED,10,0,744,252,0,1,11,2025-08-21 17:30:28.984
17841406083211195,18102393424528074,2025-05-29 00:35:26,IMAGE,FEED,10,0,755,255,0,1,11,2025-08-22 17:29:32.365
17841406083211195,18102393424528074,2025-05-29 00:35:26,IMAGE,FEED,10,0,761,256,0,1,11,2025-08-23 17:29:39.823
17841406083211195,18102393424528074,2025-05-29 00:35:26,IMAGE,FEED,10,0,767,256,0,1,11,2025-08-24 17:29:14.556
17841406083211195,18102393424528074,2025-05-29 00:35:26,IMAGE,FEED,10,0,804,256,0,1,11,2025-08-25 17:29:45.206
17841406083211195,18102393424528074,2025-05-29 00:35:26,IMAGE,FEED,10,0,815,257,0,1,11,2025-08-26 17:29:15.101
17841406083211195,18102393424528074,2025-05-29 00:35:26,IMAGE,FEED,10,0,825,257,0,1,11,2025-08-27 17:30:23.664
17841406083211195,18102393424528074,2025-05-29 00:35:26,IMAGE,FEED,10,0,835,257,0,1,11,2025-08-28 17:31:28.489
17841406083211195,18102393424528074,2025-05-29 00:35:26,IMAGE,FEED,10,0,840,257,0,1,11,2025-08-29 17:28:53.241
17841406083211195,18102393424528074,2025-05-29 00:35:26,IMAGE,FEED,10,0,845,257,0,1,11,2025-08-30 17:30:25.968
17841406083211195,18102393424528074,2025-05-29 00:35:26,IMAGE,FEED,10,0,854,257,0,1,11,2025-08-31 17:28:56.736
17841406083211195,18102393424528074,2025-05-29 00:35:26,IMAGE,FEED,10,0,1063,271,0,1,11,2025-10-01 04:10:01.749
17841406083211195,18102393424528074,2025-05-29 00:35:26,IMAGE,FEED,10,0,1066,271,0,1,11,2025-10-02 04:04:36.973
17841406083211195,18102393424528074,2025-05-29 00:35:26,IMAGE,FEED,10,0,1070,271,0,1,11,2025-10-02 17:29:39.996
17841406083211195,18102393424528074,2025-05-29 00:35:26,IMAGE,FEED,10,0,1074,271,0,1,11,2025-10-04 17:29:46.376
17841406083211195,18102393424528074,2025-05-29 00:35:26,IMAGE,FEED,10,0,1079,271,0,1,11,2025-10-05 17:29:33.594
17841406083211195,18102393424528074,2025-05-29 00:35:26,IMAGE,FEED,10,0,1080,271,0,1,11,2025-10-06 17:28:55.806
17841406083211195,18102393424528074,2025-05-29 00:35:26,IMAGE,FEED,10,0,1087,272,0,1,11,2025-10-07 17:28:36.702
17841406083211195,18102393424528074,2025-05-29 00:35:26,IMAGE,FEED,10,0,1093,272,0,1,11,2025-10-08 17:29:48.279
17841406083211195,18102393424528074,2025-05-29 00:35:26,IMAGE,FEED,10,0,1102,272,0,1,11,2025-10-09 17:28:59.249
17841406083211195,18102393424528074,2025-05-29 00:35:26,IMAGE,FEED,10,0,1104,272,0,1,11,2025-10-10 17:30:14.050
17841406083211195,18102393424528074,2025-05-29 00:35:26,IMAGE,FEED,10,0,1106,272,0,1,11,2025-10-11 17:28:37.948
17841406083211195,18102393424528074,2025-05-29 00:35:26,IMAGE,FEED,10,0,1107,272,0,1,11,2025-10-12 17:28:57.210
17841406083211195,18102393424528074,2025-05-29 00:35:26,IMAGE,FEED,10,0,1113,272,0,1,11,2025-10-13 17:29:00.299
17841406083211195,18102393424528074,2025-05-29 00:35:26,IMAGE,FEED,10,0,1114,272,0,1,11,2025-10-14 17:28:28.914
17841406083211195,18102393424528074,2025-05-29 00:35:26,IMAGE,FEED,10,0,1115,272,0,1,11,2025-10-15 17:30:00.903
17841406083211195,18102393424528074,2025-05-29 00:35:26,IMAGE,FEED,10,0,1117,272,0,1,11,2025-10-16 17:29:06.172
17841406083211195,18102393424528074,2025-05-29 00:35:26,IMAGE,FEED,10,0,1126,273,0,1,11,2025-10-17 17:30:04.037
17841406083211195,18102393424528074,2025-05-29 00:35:26,IMAGE,FEED,10,0,1133,275,0,1,11,2025-10-18 17:28:35.969
17841406083211195,18102393424528074,2025-05-29 00:35:26,IMAGE,FEED,10,0,1135,275,0,1,11,2025-10-20 17:29:27.063
17841406083211195,18102393424528074,2025-05-29 00:35:26,IMAGE,FEED,10,0,1137,275,0,1,11,2025-10-21 17:28:47.400
17841406083211195,18102393424528074,2025-05-29 00:35:26,IMAGE,FEED,10,0,1140,275,0,1,11,2025-10-22 17:29:00.825
17841406083211195,18102393424528074,2025-05-29 00:35:26,IMAGE,FEED,10,0,1144,275,0,1,11,2025-10-23 17:28:36.353
17841406083211195,18102393424528074,2025-05-29 00:35:26,IMAGE,FEED,10,0,1149,275,0,1,11,2025-10-27 17:28:53.347
17841406083211195,18102393424528074,2025-05-29 00:35:26,IMAGE,FEED,10,0,1164,275,0,1,11,2025-10-28 17:29:49.182
17841406083211195,18102393424528074,2025-05-29 00:35:26,IMAGE,FEED,10,0,1167,275,0,1,11,2025-10-29 17:29:38.417
17841406083211195,18102393424528074,2025-05-29 00:35:26,IMAGE,FEED,10,0,1168,275,0,1,11,2025-10-31 17:29:10.251
17841406083211195,18102393424528074,2025-05-29 00:35:26,IMAGE,FEED,10,0,1169,275,0,1,11,2025-11-02 17:29:05.344
17841406083211195,18102393424528074,2025-05-29 00:35:26,IMAGE,FEED,10,0,1174,275,0,1,11,2025-11-03 17:28:57.550
17841406083211195,18102393424528074,2025-05-29 00:35:26,IMAGE,FEED,10,0,1183,275,0,1,11,2025-11-04 17:28:36.317
17841406083211195,18102393424528074,2025-05-29 00:35:26,IMAGE,FEED,10,0,1188,275,0,1,11,2025-11-05 17:28:45.043
17841406083211195,18102393424528074,2025-05-29 00:35:26,IMAGE,FEED,10,0,1190,275,0,1,11,2025-11-06 17:29:01.634
17841406083211195,18102393424528074,2025-05-29 00:35:26,IMAGE,FEED,10,0,1193,275,0,1,11,2025-11-07 17:29:19.580
17841406083211195,18102393424528074,2025-05-29 00:35:26,IMAGE,FEED,10,0,1199,275,0,1,11,2025-11-09 17:28:56.338
17841406083211195,18102393424528074,2025-05-29 00:35:26,IMAGE,FEED,10,0,1205,275,0,1,11,2025-11-10 17:29:23.638
17841406083211195,18102393424528074,2025-05-29 00:35:26,IMAGE,FEED,10,0,1209,275,0,1,11,2025-11-11 17:29:14.651
17841406083211195,18102393424528074,2025-05-29 00:35:26,IMAGE,FEED,10,0,1215,275,0,1,11,2025-11-12 17:29:12.209
17841406083211195,18102393424528074,2025-05-29 00:35:26,IMAGE,FEED,10,0,1228,276,0,1,11,2025-11-13 17:29:47.732
17841406083211195,18102393424528074,2025-05-29 00:35:26,IMAGE,FEED,10,0,1234,276,0,1,11,2025-11-14 17:29:17.976
17841406083211195,18102393424528074,2025-05-29 00:35:26,IMAGE,FEED,10,0,1237,276,0,1,11,2025-11-15 17:31:07.838
17841406083211195,18102393424528074,2025-05-29 00:35:26,IMAGE,FEED,10,0,1239,277,0,1,11,2025-11-16 17:30:03.480
17841406083211195,18102393424528074,2025-05-29 00:35:26,IMAGE,FEED,10,0,1243,277,0,1,11,2025-11-17 17:29:22.821
17841406083211195,18102393424528074,2025-05-29 00:35:26,IMAGE,FEED,10,0,1246,277,0,1,11,2025-11-18 17:29:13.850
17841406083211195,18102393424528074,2025-05-29 00:35:26,IMAGE,FEED,10,0,1251,278,0,1,11,2025-11-19 17:34:55.381
17841406083211195,18102393424528074,2025-05-29 00:35:26,IMAGE,FEED,10,0,1252,278,0,1,11,2025-11-20 17:35:25.637
17841406083211195,18102393424528074,2025-05-29 00:35:26,IMAGE,FEED,10,0,1258,279,0,1,11,2025-11-21 17:35:17.491
17841406083211195,18102393424528074,2025-05-29 00:35:26,IMAGE,FEED,10,0,1261,280,0,1,11,2025-11-22 17:33:30.628
17841406083211195,18102393424528074,2025-05-29 00:35:26,IMAGE,FEED,10,0,1263,280,0,1,11,2025-11-24 17:36:00.677
17841406083211195,18102393424528074,2025-05-29 00:35:26,IMAGE,FEED,10,0,1267,280,0,1,11,2025-11-25 17:34:17.704
17841406083211195,18102393424528074,2025-05-29 00:35:26,IMAGE,FEED,10,0,1271,280,0,1,11,2025-11-26 17:36:48.621
17841406083211195,18102393424528074,2025-05-29 00:35:26,IMAGE,FEED,10,0,1278,280,0,1,11,2025-11-28 17:34:54.937
17841406083211195,18102393424528074,2025-05-29 00:35:26,IMAGE,FEED,10,0,1280,280,0,1,11,2025-11-29 17:35:45.907
17841406083211195,18102393424528074,2025-05-29 00:35:26,IMAGE,FEED,10,0,1286,281,0,1,11,2025-11-30 17:33:23.495
17841406083211195,18102393424528074,2025-05-29 00:35:26,IMAGE,FEED,10,0,1294,281,0,1,11,2025-12-02 17:34:52.696
17841406083211195,18102393424528074,2025-05-29 00:35:26,IMAGE,FEED,10,0,1308,281,0,1,11,2025-12-03 17:36:09.387
17841406083211195,18102393424528074,2025-05-29 00:35:26,IMAGE,FEED,10,0,1316,281,0,1,11,2025-12-05 17:34:22.771
17841406083211195,18102393424528074,2025-05-29 00:35:26,IMAGE,FEED,10,0,1317,281,0,1,11,2025-12-07 17:33:15.196
17841406083211195,18102393424528074,2025-05-29 00:35:26,IMAGE,FEED,10,0,1318,281,0,1,11,2025-12-08 17:32:58.808
17841406083211195,18102393424528074,2025-05-29 00:35:26,IMAGE,FEED,10,0,1324,281,0,1,11,2025-12-09 17:35:08.325
17841406083211195,18102393424528074,2025-05-29 00:35:26,IMAGE,FEED,10,0,1327,281,0,1,11,2025-12-12 17:35:06.522
17841406083211195,18102393424528074,2025-05-29 00:35:26,IMAGE,FEED,10,0,1331,281,0,1,11,2025-12-15 06:33:48.704
17841406083211195,18102393424528074,2025-05-29 00:35:26,IMAGE,FEED,10,0,1335,281,0,1,11,2025-12-15 17:36:32.712
17841406083211195,18102393424528074,2025-05-29 00:35:26,IMAGE,FEED,10,0,1336,281,0,1,11,2025-12-17 17:29:02.283
17841406083211195,18102393424528074,2025-05-29 00:35:26,IMAGE,FEED,10,0,1340,283,0,1,11,2025-12-18 17:31:09.503
17841406083211195,18102393424528074,2025-05-29 00:35:26,IMAGE,FEED,10,0,1343,283,0,1,11,2025-12-20 17:36:15.183
17841406083211195,18102393424528074,2025-05-29 00:35:26,IMAGE,FEED,10,0,1344,283,0,1,11,2025-12-21 17:29:53.708
17841406083211195,18102393424528074,2025-05-29 00:35:26,IMAGE,FEED,10,0,1345,283,0,1,11,2025-12-22 17:28:44.203
17841406083211195,18102393424528074,2025-05-29 00:35:26,IMAGE,FEED,10,0,1347,283,0,1,11,2025-12-24 17:29:12.919
17841406083211195,18102393424528074,2025-05-29 00:35:26,IMAGE,FEED,10,0,1350,283,0,1,11,2025-12-25 17:29:25.133
17841406083211195,18103909312715023,2025-11-03 06:57:07,IMAGE,FEED,3,0,78,30,0,0,3,2025-11-03 17:28:42.284
17841406083211195,18103909312715023,2025-11-03 06:57:07,IMAGE,FEED,3,0,160,51,0,0,3,2025-11-04 17:28:14.102
17841406083211195,18103909312715023,2025-11-03 06:57:07,IMAGE,FEED,4,0,226,65,0,0,4,2025-11-05 17:28:28.345
17841406083211195,18103909312715023,2025-11-03 06:57:07,IMAGE,FEED,4,0,279,68,0,0,4,2025-11-06 17:28:43.515
17841406083211195,18103909312715023,2025-11-03 06:57:07,IMAGE,FEED,5,0,342,76,0,0,5,2025-11-07 17:29:01.082
17841406083211195,18103909312715023,2025-11-03 06:57:07,IMAGE,FEED,5,0,379,79,0,0,5,2025-11-08 17:29:24.251
17841406083211195,18103909312715023,2025-11-03 06:57:07,IMAGE,FEED,6,0,415,81,0,0,6,2025-11-09 17:28:38.943
17841406083211195,18103909312715023,2025-11-03 06:57:07,IMAGE,FEED,6,0,487,85,0,0,6,2025-11-10 17:29:07.631
17841406083211195,18103909312715023,2025-11-03 06:57:07,IMAGE,FEED,6,0,526,89,0,0,6,2025-11-11 17:28:56.847
17841406083211195,18103909312715023,2025-11-03 06:57:07,IMAGE,FEED,6,0,601,93,0,0,6,2025-11-12 17:28:57.504
17841406083211195,18103909312715023,2025-11-03 06:57:07,IMAGE,FEED,6,0,644,94,0,0,6,2025-11-13 17:29:19.489
17841406083211195,18103909312715023,2025-11-03 06:57:07,IMAGE,FEED,6,0,702,97,0,0,6,2025-11-14 17:29:00.532
17841406083211195,18103909312715023,2025-11-03 06:57:07,IMAGE,FEED,6,0,801,99,0,0,7,2025-11-15 17:30:46.795
17841406083211195,18103909312715023,2025-11-03 06:57:07,IMAGE,FEED,6,0,834,102,0,0,7,2025-11-16 17:29:40.684
17841406083211195,18103909312715023,2025-11-03 06:57:07,IMAGE,FEED,6,0,874,105,0,0,7,2025-11-17 17:29:03.595
17841406083211195,18103909312715023,2025-11-03 06:57:07,IMAGE,FEED,6,0,921,108,0,0,7,2025-11-18 17:28:56.191
17841406083211195,18103909312715023,2025-11-03 06:57:07,IMAGE,FEED,6,0,963,109,0,0,7,2025-11-19 17:35:40.557
17841406083211195,18103909312715023,2025-11-03 06:57:07,IMAGE,FEED,6,0,987,111,0,0,7,2025-11-20 17:36:11.074
17841406083211195,18103909312715023,2025-11-03 06:57:07,IMAGE,FEED,6,0,1007,113,0,0,7,2025-11-21 17:36:02.516
17841406083211195,18103909312715023,2025-11-03 06:57:07,IMAGE,FEED,6,0,1020,114,0,0,7,2025-11-22 17:34:01.728
17841406083211195,18103909312715023,2025-11-03 06:57:07,IMAGE,FEED,6,0,1029,115,0,0,7,2025-11-23 17:33:29.830
17841406083211195,18103909312715023,2025-11-03 06:57:07,IMAGE,FEED,6,0,1048,118,0,0,7,2025-11-24 17:36:37.542
17841406083211195,18103909312715023,2025-11-03 06:57:07,IMAGE,FEED,6,0,1063,119,0,0,7,2025-11-25 17:34:55.734
17841406083211195,18103909312715023,2025-11-03 06:57:07,IMAGE,FEED,6,0,1078,119,0,0,7,2025-11-26 17:37:42.124
17841406083211195,18103909312715023,2025-11-03 06:57:07,IMAGE,FEED,6,0,1093,119,0,0,7,2025-11-27 17:34:45.025
17841406083211195,18103909312715023,2025-11-03 06:57:07,IMAGE,FEED,6,0,1100,120,0,0,7,2025-11-28 17:35:44.386
17841406083211195,18103909312715023,2025-11-03 06:57:07,IMAGE,FEED,6,0,1102,120,0,0,7,2025-11-29 17:36:31.266
17841406083211195,18103909312715023,2025-11-03 06:57:07,IMAGE,FEED,6,0,1103,120,0,0,7,2025-11-30 17:33:58.338
17841406083211195,18103909312715023,2025-11-03 06:57:07,IMAGE,FEED,6,0,1112,121,0,0,7,2025-12-01 17:34:08.915
17841406083211195,18103909312715023,2025-11-03 06:57:07,IMAGE,FEED,6,0,1116,121,0,0,7,2025-12-02 17:35:38.573
17841406083211195,18103909312715023,2025-11-03 06:57:07,IMAGE,FEED,6,0,1134,122,0,0,7,2025-12-03 17:36:55.129
17841406083211195,18103909312715023,2025-11-03 06:57:07,IMAGE,FEED,6,0,1140,122,0,0,7,2025-12-04 17:35:00.177
17841406083211195,18103909312715023,2025-11-03 06:57:07,IMAGE,FEED,6,0,1146,122,0,0,7,2025-12-05 17:34:57.772
17841406083211195,18103909312715023,2025-11-03 06:57:07,IMAGE,FEED,6,0,1158,122,0,0,7,2025-12-06 17:35:35.207
17841406083211195,18103909312715023,2025-11-03 06:57:07,IMAGE,FEED,6,0,1161,122,0,0,7,2025-12-07 17:33:54.983
17841406083211195,18103909312715023,2025-11-03 06:57:07,IMAGE,FEED,6,0,1164,123,0,0,7,2025-12-08 17:33:41.606
17841406083211195,18103909312715023,2025-11-03 06:57:07,IMAGE,FEED,6,0,1174,123,0,0,7,2025-12-09 17:35:53.028
17841406083211195,18103909312715023,2025-11-03 06:57:07,IMAGE,FEED,6,0,1181,123,0,0,7,2025-12-10 17:36:44.462
17841406083211195,18103909312715023,2025-11-03 06:57:07,IMAGE,FEED,6,0,1183,124,0,0,7,2025-12-11 17:34:06.392
17841406083211195,18103909312715023,2025-11-03 06:57:07,IMAGE,FEED,6,0,1184,124,0,0,7,2025-12-12 17:36:01.937
17841406083211195,18103909312715023,2025-11-03 06:57:07,IMAGE,FEED,6,0,1192,126,0,0,7,2025-12-15 06:34:28.285
17841406083211195,18103909312715023,2025-11-03 06:57:07,IMAGE,FEED,6,0,1194,126,0,0,7,2025-12-15 17:37:24.704
17841406083211195,18103909312715023,2025-11-03 06:57:07,IMAGE,FEED,6,0,1200,127,0,0,7,2025-12-16 17:35:03.670
17841406083211195,18103909312715023,2025-11-03 06:57:07,IMAGE,FEED,6,0,1201,128,0,0,7,2025-12-17 17:28:40.146
17841406083211195,18103909312715023,2025-11-03 06:57:07,IMAGE,FEED,6,0,1211,130,0,0,7,2025-12-19 17:30:14.520
17841406083211195,18103909312715023,2025-11-03 06:57:07,IMAGE,FEED,6,0,1212,130,0,0,7,2025-12-21 17:29:37.381
17841406083211195,18103909312715023,2025-11-03 06:57:07,IMAGE,FEED,6,0,1215,130,0,0,7,2025-12-22 17:28:31.288
17841406083211195,18103909312715023,2025-11-03 06:57:07,IMAGE,FEED,6,0,1217,131,0,0,7,2025-12-23 17:28:29.212
17841406083211195,18103909312715023,2025-11-03 06:57:07,IMAGE,FEED,6,0,1218,131,0,0,7,2025-12-25 17:29:03.341
17841406083211195,18134003398438876,2025-07-30 02:12:43,IMAGE,FEED,5,0,207,105,0,0,5,2025-07-30 17:29:59.482
17841406083211195,18134003398438876,2025-07-30 02:12:43,IMAGE,FEED,5,0,276,133,0,0,5,2025-07-31 17:28:52.255
17841406083211195,18134003398438876,2025-07-30 02:12:43,IMAGE,FEED,5,0,304,141,0,0,5,2025-08-01 17:30:02.447
17841406083211195,18134003398438876,2025-07-30 02:12:43,IMAGE,FEED,5,0,312,143,0,0,5,2025-08-02 17:29:36.148
17841406083211195,18134003398438876,2025-07-30 02:12:43,IMAGE,FEED,5,0,339,149,0,0,5,2025-08-03 17:29:40.171
17841406083211195,18134003398438876,2025-07-30 02:12:43,IMAGE,FEED,5,0,346,153,0,0,5,2025-08-04 17:30:20.388
17841406083211195,18134003398438876,2025-07-30 02:12:43,IMAGE,FEED,6,0,362,158,0,0,6,2025-08-05 17:30:25.820
17841406083211195,18134003398438876,2025-07-30 02:12:43,IMAGE,FEED,6,0,380,166,0,0,6,2025-08-06 17:29:21.811
17841406083211195,18134003398438876,2025-07-30 02:12:43,IMAGE,FEED,8,0,406,168,0,0,8,2025-08-07 17:29:51.645
17841406083211195,18134003398438876,2025-07-30 02:12:43,IMAGE,FEED,8,0,412,171,0,0,8,2025-08-08 17:29:30.431
17841406083211195,18134003398438876,2025-07-30 02:12:43,IMAGE,FEED,8,0,430,173,0,0,8,2025-08-09 17:29:16.344
17841406083211195,18134003398438876,2025-07-30 02:12:43,IMAGE,FEED,8,0,431,173,0,0,8,2025-08-10 17:29:41.090
17841406083211195,18134003398438876,2025-07-30 02:12:43,IMAGE,FEED,8,0,446,175,0,0,8,2025-08-11 17:30:32.959
17841406083211195,18134003398438876,2025-07-30 02:12:43,IMAGE,FEED,8,0,468,178,0,0,8,2025-08-12 17:31:22.345
17841406083211195,18134003398438876,2025-07-30 02:12:43,IMAGE,FEED,8,0,483,180,0,0,8,2025-08-13 17:29:54.290
17841406083211195,18134003398438876,2025-07-30 02:12:43,IMAGE,FEED,8,0,488,181,0,0,8,2025-08-14 17:30:30.701
17841406083211195,18134003398438876,2025-07-30 02:12:43,IMAGE,FEED,8,0,510,181,0,0,8,2025-08-15 17:29:20.110
17841406083211195,18134003398438876,2025-07-30 02:12:43,IMAGE,FEED,8,0,524,182,0,0,8,2025-08-16 17:29:29.895
17841406083211195,18134003398438876,2025-07-30 02:12:43,IMAGE,FEED,8,0,534,182,0,0,8,2025-08-17 17:28:43.177
17841406083211195,18134003398438876,2025-07-30 02:12:43,IMAGE,FEED,8,0,561,182,0,0,8,2025-08-18 17:28:55.667
17841406083211195,18134003398438876,2025-07-30 02:12:43,IMAGE,FEED,8,0,571,183,0,0,8,2025-08-19 17:29:34.425
17841406083211195,18134003398438876,2025-07-30 02:12:43,IMAGE,FEED,8,0,583,184,0,0,8,2025-08-20 17:29:40.864
17841406083211195,18134003398438876,2025-07-30 02:12:43,IMAGE,FEED,8,0,607,185,0,0,8,2025-08-21 17:30:19.074
17841406083211195,18134003398438876,2025-07-30 02:12:43,IMAGE,FEED,8,0,636,188,0,0,8,2025-08-22 17:29:22.410
17841406083211195,18134003398438876,2025-07-30 02:12:43,IMAGE,FEED,8,0,648,188,0,0,8,2025-08-23 17:29:30.925
17841406083211195,18134003398438876,2025-07-30 02:12:43,IMAGE,FEED,8,0,651,188,0,0,8,2025-08-24 17:29:05.926
17841406083211195,18134003398438876,2025-07-30 02:12:43,IMAGE,FEED,8,0,677,188,0,0,8,2025-08-25 17:29:34.727
17841406083211195,18134003398438876,2025-07-30 02:12:43,IMAGE,FEED,8,0,700,192,0,0,8,2025-08-26 17:29:05.579
17841406083211195,18134003398438876,2025-07-30 02:12:43,IMAGE,FEED,8,0,713,192,0,0,8,2025-08-27 17:30:15.455
17841406083211195,18134003398438876,2025-07-30 02:12:43,IMAGE,FEED,8,0,744,194,0,0,8,2025-08-28 17:31:18.224
17841406083211195,18134003398438876,2025-07-30 02:12:43,IMAGE,FEED,8,0,765,194,0,0,8,2025-08-29 17:28:45.765
17841406083211195,18134003398438876,2025-07-30 02:12:43,IMAGE,FEED,8,0,776,194,0,0,8,2025-08-30 17:30:09.889
17841406083211195,18134003398438876,2025-07-30 02:12:43,IMAGE,FEED,8,0,789,195,0,0,8,2025-08-31 17:28:47.919
17841406083211195,18134003398438876,2025-07-30 02:12:43,IMAGE,FEED,8,0,1092,204,0,0,8,2025-10-01 04:09:53.338
17841406083211195,18134003398438876,2025-07-30 02:12:43,IMAGE,FEED,8,0,1111,204,0,0,8,2025-10-01 17:29:53.145
17841406083211195,18134003398438876,2025-07-30 02:12:43,IMAGE,FEED,8,0,1116,204,0,0,8,2025-10-02 04:04:29.515
17841406083211195,18134003398438876,2025-07-30 02:12:43,IMAGE,FEED,8,0,1126,205,0,0,8,2025-10-02 17:29:27.072
17841406083211195,18134003398438876,2025-07-30 02:12:43,IMAGE,FEED,8,0,1141,205,0,0,8,2025-10-04 17:29:36.060
17841406083211195,18134003398438876,2025-07-30 02:12:43,IMAGE,FEED,8,0,1158,205,0,0,8,2025-10-05 17:29:24.312
17841406083211195,18134003398438876,2025-07-30 02:12:43,IMAGE,FEED,8,0,1161,205,0,0,8,2025-10-06 17:28:48.554
17841406083211195,18134003398438876,2025-07-30 02:12:43,IMAGE,FEED,8,0,1172,207,0,0,8,2025-10-07 17:28:29.267
17841406083211195,18134003398438876,2025-07-30 02:12:43,IMAGE,FEED,8,0,1173,207,0,0,8,2025-10-08 17:29:40.357
17841406083211195,18134003398438876,2025-07-30 02:12:43,IMAGE,FEED,8,0,1182,207,0,0,8,2025-10-09 17:28:46.165
17841406083211195,18134003398438876,2025-07-30 02:12:43,IMAGE,FEED,8,0,1184,208,0,0,8,2025-10-10 17:30:06.541
17841406083211195,18134003398438876,2025-07-30 02:12:43,IMAGE,FEED,8,0,1187,208,0,0,8,2025-10-12 17:28:49.783
17841406083211195,18134003398438876,2025-07-30 02:12:43,IMAGE,FEED,8,0,1195,208,0,0,8,2025-10-13 17:28:53.155
17841406083211195,18134003398438876,2025-07-30 02:12:43,IMAGE,FEED,8,0,1198,209,0,0,8,2025-10-14 17:28:21.205
17841406083211195,18134003398438876,2025-07-30 02:12:43,IMAGE,FEED,8,0,1203,209,0,0,8,2025-10-15 17:29:48.875
17841406083211195,18134003398438876,2025-07-30 02:12:43,IMAGE,FEED,8,0,1211,210,0,0,8,2025-10-16 17:28:56.614
17841406083211195,18134003398438876,2025-07-30 02:12:43,IMAGE,FEED,8,0,1223,210,0,0,8,2025-10-17 17:29:48.787
17841406083211195,18134003398438876,2025-07-30 02:12:43,IMAGE,FEED,8,0,1226,210,0,0,8,2025-10-18 17:28:28.243
17841406083211195,18134003398438876,2025-07-30 02:12:43,IMAGE,FEED,8,0,1227,210,0,0,8,2025-10-19 17:28:32.833
17841406083211195,18134003398438876,2025-07-30 02:12:43,IMAGE,FEED,8,0,1228,210,0,0,8,2025-10-20 17:29:18.458
17841406083211195,18134003398438876,2025-07-30 02:12:43,IMAGE,FEED,8,0,1231,210,0,0,8,2025-10-21 17:28:38.453
17841406083211195,18134003398438876,2025-07-30 02:12:43,IMAGE,FEED,8,0,1237,210,0,0,8,2025-10-22 17:28:54.479
17841406083211195,18134003398438876,2025-07-30 02:12:43,IMAGE,FEED,8,0,1257,210,0,0,8,2025-10-23 17:28:30.283
17841406083211195,18134003398438876,2025-07-30 02:12:43,IMAGE,FEED,8,0,1264,210,0,0,8,2025-10-24 17:28:58.154
17841406083211195,18134003398438876,2025-07-30 02:12:43,IMAGE,FEED,8,0,1265,210,0,0,8,2025-10-25 17:30:05.419
17841406083211195,18134003398438876,2025-07-30 02:12:43,IMAGE,FEED,8,0,1266,210,0,0,8,2025-10-26 17:30:21.140
17841406083211195,18134003398438876,2025-07-30 02:12:43,IMAGE,FEED,8,0,1267,210,0,0,8,2025-10-27 17:28:53.347
17841406083211195,18134003398438876,2025-07-30 02:12:43,IMAGE,FEED,8,0,1292,210,0,0,8,2025-10-28 17:29:49.182
17841406083211195,18134003398438876,2025-07-30 02:12:43,IMAGE,FEED,8,0,1295,211,0,0,8,2025-10-29 17:29:38.417
17841406083211195,18134003398438876,2025-07-30 02:12:43,IMAGE,FEED,8,0,1303,212,0,0,8,2025-10-31 17:29:10.251
17841406083211195,18134003398438876,2025-07-30 02:12:43,IMAGE,FEED,8,0,1304,212,0,0,8,2025-11-02 17:29:05.344
17841406083211195,18134003398438876,2025-07-30 02:12:43,IMAGE,FEED,8,0,1306,212,0,0,8,2025-11-03 17:28:57.550
17841406083211195,18134003398438876,2025-07-30 02:12:43,IMAGE,FEED,8,0,1310,212,0,0,8,2025-11-04 17:28:28.077
17841406083211195,18134003398438876,2025-07-30 02:12:43,IMAGE,FEED,8,0,1317,212,0,0,8,2025-11-06 17:28:50.917
17841406083211195,18134003398438876,2025-07-30 02:12:43,IMAGE,FEED,8,0,1325,212,0,0,8,2025-11-07 17:29:10.481
17841406083211195,18134003398438876,2025-07-30 02:12:43,IMAGE,FEED,8,0,1331,212,0,0,8,2025-11-09 17:28:46.278
17841406083211195,18134003398438876,2025-07-30 02:12:43,IMAGE,FEED,8,0,1337,212,0,0,8,2025-11-10 17:29:14.401
17841406083211195,18134003398438876,2025-07-30 02:12:43,IMAGE,FEED,8,0,1342,212,0,0,8,2025-11-11 17:29:05.806
17841406083211195,18134003398438876,2025-07-30 02:12:43,IMAGE,FEED,8,0,1346,213,0,0,8,2025-11-12 17:29:04.430
17841406083211195,18134003398438876,2025-07-30 02:12:43,IMAGE,FEED,8,0,1349,213,0,0,8,2025-11-13 17:29:31.134
17841406083211195,18134003398438876,2025-07-30 02:12:43,IMAGE,FEED,8,0,1353,213,0,0,8,2025-11-14 17:29:08.309
17841406083211195,18134003398438876,2025-07-30 02:12:43,IMAGE,FEED,8,0,1367,214,0,0,8,2025-11-16 17:29:49.613
17841406083211195,18134003398438876,2025-07-30 02:12:43,IMAGE,FEED,8,0,1373,214,0,0,8,2025-11-17 17:29:12.864
17841406083211195,18134003398438876,2025-07-30 02:12:43,IMAGE,FEED,8,0,1374,214,0,0,8,2025-11-18 17:29:03.771
17841406083211195,18134003398438876,2025-07-30 02:12:43,IMAGE,FEED,8,0,1381,215,0,0,8,2025-11-19 17:35:11.178
17841406083211195,18134003398438876,2025-07-30 02:12:43,IMAGE,FEED,8,0,1383,215,0,0,8,2025-11-20 17:35:45.152
17841406083211195,18134003398438876,2025-07-30 02:12:43,IMAGE,FEED,8,0,1387,216,0,0,8,2025-11-21 17:35:36.090
17841406083211195,18134003398438876,2025-07-30 02:12:43,IMAGE,FEED,8,0,1390,216,0,0,8,2025-11-22 17:33:42.554
17841406083211195,18134003398438876,2025-07-30 02:12:43,IMAGE,FEED,8,0,1392,216,0,0,8,2025-11-23 17:33:11.046
17841406083211195,18134003398438876,2025-07-30 02:12:43,IMAGE,FEED,8,0,1393,216,0,0,8,2025-11-24 17:36:14.919
17841406083211195,18134003398438876,2025-07-30 02:12:43,IMAGE,FEED,8,0,1395,216,0,0,8,2025-11-25 17:34:34.022
17841406083211195,18134003398438876,2025-07-30 02:12:43,IMAGE,FEED,8,0,1397,216,0,0,8,2025-11-26 17:37:08.500
17841406083211195,18134003398438876,2025-07-30 02:12:43,IMAGE,FEED,8,0,1398,216,0,0,8,2025-11-28 17:35:14.148
17841406083211195,18134003398438876,2025-07-30 02:12:43,IMAGE,FEED,8,0,1400,216,0,0,8,2025-11-30 17:33:37.933
17841406083211195,18134003398438876,2025-07-30 02:12:43,IMAGE,FEED,8,0,1403,216,0,0,8,2025-12-01 17:33:45.592
17841406083211195,18134003398438876,2025-07-30 02:12:43,IMAGE,FEED,8,0,1404,216,0,0,8,2025-12-02 17:35:07.722
17841406083211195,18134003398438876,2025-07-30 02:12:43,IMAGE,FEED,8,0,1409,216,0,0,8,2025-12-03 17:36:28.741
17841406083211195,18134003398438876,2025-07-30 02:12:43,IMAGE,FEED,8,0,1412,217,0,0,8,2025-12-04 17:34:30.949
17841406083211195,18134003398438876,2025-07-30 02:12:43,IMAGE,FEED,8,0,1417,217,0,0,8,2025-12-05 17:34:34.764
17841406083211195,18134003398438876,2025-07-30 02:12:43,IMAGE,FEED,8,0,1418,217,0,0,8,2025-12-07 17:33:28.013
17841406083211195,18134003398438876,2025-07-30 02:12:43,IMAGE,FEED,8,0,1420,217,0,0,8,2025-12-09 17:35:25.117
17841406083211195,18134003398438876,2025-07-30 02:12:43,IMAGE,FEED,8,0,1426,218,0,0,8,2025-12-10 17:36:05.387
17841406083211195,18134003398438876,2025-07-30 02:12:43,IMAGE,FEED,8,0,1427,218,0,0,8,2025-12-12 17:35:25.284
17841406083211195,18134003398438876,2025-07-30 02:12:43,IMAGE,FEED,8,0,1431,218,0,0,8,2025-12-15 17:36:51.713
17841406083211195,18134003398438876,2025-07-30 02:12:43,IMAGE,FEED,8,0,1434,219,0,0,8,2025-12-17 17:28:51.594
17841406083211195,18134003398438876,2025-07-30 02:12:43,IMAGE,FEED,8,0,1436,219,0,0,8,2025-12-20 17:36:30.952
17841406083211195,18134003398438876,2025-07-30 02:12:43,IMAGE,FEED,8,0,1437,219,0,0,8,2025-12-21 17:29:45.210
17841406083211195,18134003398438876,2025-07-30 02:12:43,IMAGE,FEED,8,0,1438,219,0,0,8,2025-12-22 17:28:37.817
17841406083211195,18134003398438876,2025-07-30 02:12:43,IMAGE,FEED,8,0,1439,219,0,0,8,2025-12-25 17:29:25.133
17841406083211195,18141630055402170,2025-06-27 07:13:01,IMAGE,FEED,3,0,400,139,0,1,4,2025-07-03 03:00:02.147
17841406083211195,18141630055402170,2025-06-27 07:13:01,IMAGE,FEED,3,0,415,143,0,1,4,2025-07-03 17:29:59.210
17841406083211195,18141630055402170,2025-06-27 07:13:01,IMAGE,FEED,3,0,431,149,0,1,4,2025-07-04 17:30:58.674
17841406083211195,18141630055402170,2025-06-27 07:13:01,IMAGE,FEED,3,0,449,152,0,1,4,2025-07-05 17:29:52.048
17841406083211195,18141630055402170,2025-06-27 07:13:01,IMAGE,FEED,3,0,462,155,0,1,4,2025-07-06 17:30:30.242
17841406083211195,18141630055402170,2025-06-27 07:13:01,IMAGE,FEED,3,0,476,157,0,1,4,2025-07-07 17:30:38.833
17841406083211195,18141630055402170,2025-06-27 07:13:01,IMAGE,FEED,3,0,507,162,0,1,4,2025-07-08 17:29:53.757
17841406083211195,18141630055402170,2025-06-27 07:13:01,IMAGE,FEED,3,0,535,167,0,1,4,2025-07-09 17:30:26.370
17841406083211195,18141630055402170,2025-06-27 07:13:01,IMAGE,FEED,3,0,552,168,0,1,4,2025-07-10 17:29:17.355
17841406083211195,18141630055402170,2025-06-27 07:13:01,IMAGE,FEED,3,0,562,169,0,1,4,2025-07-11 17:29:41.224
17841406083211195,18141630055402170,2025-06-27 07:13:01,IMAGE,FEED,3,0,564,169,0,1,4,2025-07-12 17:30:05.023
17841406083211195,18141630055402170,2025-06-27 07:13:01,IMAGE,FEED,3,0,565,169,0,1,4,2025-07-13 17:29:26.775
17841406083211195,18141630055402170,2025-06-27 07:13:01,IMAGE,FEED,3,0,583,170,0,1,4,2025-07-14 17:30:26.680
17841406083211195,18141630055402170,2025-06-27 07:13:01,IMAGE,FEED,3,0,596,171,0,1,4,2025-07-15 17:29:51.514
17841406083211195,18141630055402170,2025-06-27 07:13:01,IMAGE,FEED,3,0,601,173,0,1,4,2025-07-16 17:30:05.714
17841406083211195,18141630055402170,2025-06-27 07:13:01,IMAGE,FEED,3,0,645,176,0,1,4,2025-07-17 17:29:49.519
17841406083211195,18141630055402170,2025-06-27 07:13:01,IMAGE,FEED,3,0,656,178,0,1,4,2025-07-18 17:29:48.371
17841406083211195,18141630055402170,2025-06-27 07:13:01,IMAGE,FEED,3,0,666,181,0,1,4,2025-07-20 17:30:14.571
17841406083211195,18141630055402170,2025-06-27 07:13:01,IMAGE,FEED,3,0,672,181,0,1,4,2025-07-21 17:30:41.022
17841406083211195,18141630055402170,2025-06-27 07:13:01,IMAGE,FEED,3,0,688,183,0,1,4,2025-07-22 17:30:36.353
17841406083211195,18141630055402170,2025-06-27 07:13:01,IMAGE,FEED,3,0,709,185,0,1,4,2025-07-23 17:30:15.894
17841406083211195,18141630055402170,2025-06-27 07:13:01,IMAGE,FEED,3,0,740,189,0,1,4,2025-07-24 17:30:01.602
17841406083211195,18141630055402170,2025-06-27 07:13:01,IMAGE,FEED,3,0,753,191,0,1,4,2025-07-25 17:29:40.358
17841406083211195,18141630055402170,2025-06-27 07:13:01,IMAGE,FEED,3,0,786,195,0,1,4,2025-07-26 17:30:03.788
17841406083211195,18141630055402170,2025-06-27 07:13:01,IMAGE,FEED,3,0,789,196,0,1,4,2025-07-27 17:30:34.307
17841406083211195,18141630055402170,2025-06-27 07:13:01,IMAGE,FEED,3,0,847,205,0,1,4,2025-07-28 17:29:11.649
17841406083211195,18141630055402170,2025-06-27 07:13:01,IMAGE,FEED,3,0,859,209,0,1,4,2025-07-29 17:29:46.532
17841406083211195,18141630055402170,2025-06-27 07:13:01,IMAGE,FEED,3,0,875,212,0,1,4,2025-07-30 17:30:07.347
17841406083211195,18141630055402170,2025-06-27 07:13:01,IMAGE,FEED,3,0,892,215,0,1,4,2025-07-31 17:28:52.264
17841406083211195,18141630055402170,2025-06-27 07:13:01,IMAGE,FEED,3,0,903,216,0,1,4,2025-08-01 17:30:02.456
17841406083211195,18141630055402170,2025-06-27 07:13:01,IMAGE,FEED,3,0,910,217,0,1,4,2025-08-02 17:29:36.157
17841406083211195,18141630055402170,2025-06-27 07:13:01,IMAGE,FEED,3,0,912,217,0,1,4,2025-08-03 17:29:40.180
17841406083211195,18141630055402170,2025-06-27 07:13:01,IMAGE,FEED,3,0,919,218,0,1,4,2025-08-04 17:30:20.393
17841406083211195,18141630055402170,2025-06-27 07:13:01,IMAGE,FEED,3,0,924,218,0,1,4,2025-08-05 17:30:25.825
17841406083211195,18141630055402170,2025-06-27 07:13:01,IMAGE,FEED,3,0,932,218,0,1,4,2025-08-06 17:29:21.817
17841406083211195,18141630055402170,2025-06-27 07:13:01,IMAGE,FEED,3,0,948,218,0,1,4,2025-08-07 17:29:51.654
17841406083211195,18141630055402170,2025-06-27 07:13:01,IMAGE,FEED,3,0,950,219,0,1,4,2025-08-08 17:29:30.441
17841406083211195,18141630055402170,2025-06-27 07:13:01,IMAGE,FEED,3,0,970,219,0,1,4,2025-08-09 17:29:16.356
17841406083211195,18141630055402170,2025-06-27 07:13:01,IMAGE,FEED,3,0,974,219,0,1,4,2025-08-10 17:29:41.095
17841406083211195,18141630055402170,2025-06-27 07:13:01,IMAGE,FEED,3,0,987,220,0,1,4,2025-08-11 17:30:32.968
17841406083211195,18141630055402170,2025-06-27 07:13:01,IMAGE,FEED,3,0,1002,221,0,1,4,2025-08-12 17:31:22.350
17841406083211195,18141630055402170,2025-06-27 07:13:01,IMAGE,FEED,3,0,1012,223,0,1,4,2025-08-13 17:29:54.296
17841406083211195,18141630055402170,2025-06-27 07:13:01,IMAGE,FEED,3,0,1016,223,0,1,4,2025-08-14 17:30:30.706
17841406083211195,18141630055402170,2025-06-27 07:13:01,IMAGE,FEED,3,0,1069,226,0,1,4,2025-08-15 17:29:20.119
17841406083211195,18141630055402170,2025-06-27 07:13:01,IMAGE,FEED,3,0,1084,227,0,1,4,2025-08-16 17:29:29.899
17841406083211195,18141630055402170,2025-06-27 07:13:01,IMAGE,FEED,3,0,1091,227,0,1,4,2025-08-17 17:28:43.183
17841406083211195,18141630055402170,2025-06-27 07:13:01,IMAGE,FEED,3,0,1113,227,0,1,4,2025-08-18 17:28:55.672
17841406083211195,18141630055402170,2025-06-27 07:13:01,IMAGE,FEED,3,0,1158,227,0,1,4,2025-08-19 17:29:34.436
17841406083211195,18141630055402170,2025-06-27 07:13:01,IMAGE,FEED,3,0,1178,229,0,1,4,2025-08-20 17:29:40.875
17841406083211195,18141630055402170,2025-06-27 07:13:01,IMAGE,FEED,3,0,1193,230,0,1,4,2025-08-21 17:30:19.081
17841406083211195,18141630055402170,2025-06-27 07:13:01,IMAGE,FEED,3,0,1222,234,0,1,4,2025-08-22 17:29:22.422
17841406083211195,18141630055402170,2025-06-27 07:13:01,IMAGE,FEED,3,0,1229,234,0,1,4,2025-08-23 17:29:30.933
17841406083211195,18141630055402170,2025-06-27 07:13:01,IMAGE,FEED,3,0,1240,235,0,1,4,2025-08-24 17:29:05.934
17841406083211195,18141630055402170,2025-06-27 07:13:01,IMAGE,FEED,3,0,1295,238,0,1,4,2025-08-25 17:29:34.733
17841406083211195,18141630055402170,2025-06-27 07:13:01,IMAGE,FEED,3,0,1310,239,0,1,4,2025-08-26 17:29:05.591
17841406083211195,18141630055402170,2025-06-27 07:13:01,IMAGE,FEED,3,0,1328,239,0,1,4,2025-08-27 17:30:15.467
17841406083211195,18141630055402170,2025-06-27 07:13:01,IMAGE,FEED,3,0,1354,239,0,1,4,2025-08-28 17:31:18.230
17841406083211195,18141630055402170,2025-06-27 07:13:01,IMAGE,FEED,3,0,1367,240,0,1,4,2025-08-29 17:28:45.769
17841406083211195,18141630055402170,2025-06-27 07:13:01,IMAGE,FEED,3,0,1375,240,0,1,4,2025-08-30 17:30:09.893
17841406083211195,18141630055402170,2025-06-27 07:13:01,IMAGE,FEED,3,0,1390,240,0,1,4,2025-08-31 17:28:47.927
17841406083211195,18141630055402170,2025-06-27 07:13:01,IMAGE,FEED,3,0,1746,258,0,1,4,2025-10-01 04:10:01.760
17841406083211195,18141630055402170,2025-06-27 07:13:01,IMAGE,FEED,3,0,1755,258,0,1,4,2025-10-02 04:04:36.977
17841406083211195,18141630055402170,2025-06-27 07:13:01,IMAGE,FEED,3,0,1764,258,0,1,4,2025-10-02 17:29:40.001
17841406083211195,18141630055402170,2025-06-27 07:13:01,IMAGE,FEED,3,0,1777,258,0,1,4,2025-10-04 17:29:46.383
17841406083211195,18141630055402170,2025-06-27 07:13:01,IMAGE,FEED,3,0,1783,258,0,1,4,2025-10-05 17:29:33.604
17841406083211195,18141630055402170,2025-06-27 07:13:01,IMAGE,FEED,3,0,1786,258,0,1,4,2025-10-06 17:28:55.816
17841406083211195,18141630055402170,2025-06-27 07:13:01,IMAGE,FEED,3,0,1794,259,0,1,4,2025-10-07 17:28:36.708
17841406083211195,18141630055402170,2025-06-27 07:13:01,IMAGE,FEED,3,0,1800,260,0,1,4,2025-10-08 17:29:48.282
17841406083211195,18141630055402170,2025-06-27 07:13:01,IMAGE,FEED,3,0,1809,260,0,1,4,2025-10-09 17:28:59.256
17841406083211195,18141630055402170,2025-06-27 07:13:01,IMAGE,FEED,3,0,1812,260,0,1,4,2025-10-10 17:30:14.054
17841406083211195,18141630055402170,2025-06-27 07:13:01,IMAGE,FEED,3,0,1818,260,0,1,4,2025-10-11 17:28:37.953
17841406083211195,18141630055402170,2025-06-27 07:13:01,IMAGE,FEED,3,0,1823,260,0,1,4,2025-10-12 17:28:57.220
17841406083211195,18141630055402170,2025-06-27 07:13:01,IMAGE,FEED,3,0,1836,260,0,1,4,2025-10-13 17:29:00.307
17841406083211195,18141630055402170,2025-06-27 07:13:01,IMAGE,FEED,3,0,1839,260,0,1,4,2025-10-14 17:28:28.923
17841406083211195,18141630055402170,2025-06-27 07:13:01,IMAGE,FEED,3,0,1842,260,0,1,4,2025-10-15 17:30:00.907
17841406083211195,18141630055402170,2025-06-27 07:13:01,IMAGE,FEED,3,0,1852,262,0,1,4,2025-10-16 17:29:06.180
17841406083211195,18141630055402170,2025-06-27 07:13:01,IMAGE,FEED,3,0,1866,262,0,1,4,2025-10-17 17:30:04.046
17841406083211195,18141630055402170,2025-06-27 07:13:01,IMAGE,FEED,3,0,1873,263,0,1,4,2025-10-18 17:28:35.981
17841406083211195,18141630055402170,2025-06-27 07:13:01,IMAGE,FEED,3,0,1882,263,0,1,4,2025-10-19 17:28:40.303
17841406083211195,18141630055402170,2025-06-27 07:13:01,IMAGE,FEED,3,0,1887,263,0,1,4,2025-10-20 17:29:27.070
17841406083211195,18141630055402170,2025-06-27 07:13:01,IMAGE,FEED,3,0,1892,263,0,1,4,2025-10-21 17:28:47.406
17841406083211195,18141630055402170,2025-06-27 07:13:01,IMAGE,FEED,3,0,1898,263,0,1,4,2025-10-22 17:29:00.832
17841406083211195,18141630055402170,2025-06-27 07:13:01,IMAGE,FEED,3,0,1906,263,0,1,4,2025-10-23 17:28:36.360
17841406083211195,18141630055402170,2025-06-27 07:13:01,IMAGE,FEED,3,0,1911,263,0,1,4,2025-10-27 17:28:53.355
17841406083211195,18141630055402170,2025-06-27 07:13:01,IMAGE,FEED,3,0,1922,263,0,1,4,2025-10-28 17:29:49.191
17841406083211195,18141630055402170,2025-06-27 07:13:01,IMAGE,FEED,3,0,1925,263,0,1,4,2025-10-29 17:29:38.422
17841406083211195,18141630055402170,2025-06-27 07:13:01,IMAGE,FEED,3,0,1932,263,0,1,4,2025-10-31 17:29:10.255
17841406083211195,18141630055402170,2025-06-27 07:13:01,IMAGE,FEED,3,0,1935,264,0,1,4,2025-11-02 17:29:05.355
17841406083211195,18141630055402170,2025-06-27 07:13:01,IMAGE,FEED,3,0,1940,264,0,1,4,2025-11-03 17:28:57.558
17841406083211195,18141630055402170,2025-06-27 07:13:01,IMAGE,FEED,3,0,1948,264,0,1,4,2025-11-04 17:28:28.082
17841406083211195,18141630055402170,2025-06-27 07:13:01,IMAGE,FEED,3,0,1959,265,0,1,4,2025-11-05 17:28:35.577
17841406083211195,18141630055402170,2025-06-27 07:13:01,IMAGE,FEED,3,0,1960,265,0,1,4,2025-11-06 17:28:50.928
17841406083211195,18141630055402170,2025-06-27 07:13:01,IMAGE,FEED,3,0,1964,265,0,1,4,2025-11-07 17:29:10.485
17841406083211195,18141630055402170,2025-06-27 07:13:01,IMAGE,FEED,3,0,1969,265,0,1,4,2025-11-09 17:28:46.288
17841406083211195,18141630055402170,2025-06-27 07:13:01,IMAGE,FEED,3,0,1977,265,0,1,4,2025-11-10 17:29:14.411
17841406083211195,18141630055402170,2025-06-27 07:13:01,IMAGE,FEED,3,0,1984,265,0,1,4,2025-11-11 17:29:05.811
17841406083211195,18141630055402170,2025-06-27 07:13:01,IMAGE,FEED,3,0,1990,265,0,1,4,2025-11-12 17:29:04.437
17841406083211195,18141630055402170,2025-06-27 07:13:01,IMAGE,FEED,3,0,2003,267,0,1,4,2025-11-13 17:29:31.146
17841406083211195,18141630055402170,2025-06-27 07:13:01,IMAGE,FEED,3,0,2008,267,0,1,4,2025-11-14 17:29:08.314
17841406083211195,18141630055402170,2025-06-27 07:13:01,IMAGE,FEED,3,0,2014,267,0,1,4,2025-11-15 17:30:56.074
17841406083211195,18141630055402170,2025-06-27 07:13:01,IMAGE,FEED,3,0,2015,267,0,1,4,2025-11-16 17:29:49.620
17841406083211195,18141630055402170,2025-06-27 07:13:01,IMAGE,FEED,3,0,2020,267,0,1,4,2025-11-17 17:29:12.871
17841406083211195,18141630055402170,2025-06-27 07:13:01,IMAGE,FEED,3,0,2033,267,0,1,4,2025-11-18 17:29:03.777
17841406083211195,18141630055402170,2025-06-27 07:13:01,IMAGE,FEED,3,0,2041,268,0,1,4,2025-11-19 17:34:55.384
17841406083211195,18141630055402170,2025-06-27 07:13:01,IMAGE,FEED,3,0,2042,268,0,1,4,2025-11-20 17:35:25.640
17841406083211195,18141630055402170,2025-06-27 07:13:01,IMAGE,FEED,3,0,2049,268,0,1,4,2025-11-21 17:35:17.498
17841406083211195,18141630055402170,2025-06-27 07:13:01,IMAGE,FEED,3,0,2051,269,0,1,4,2025-11-22 17:33:30.632
17841406083211195,18141630055402170,2025-06-27 07:13:01,IMAGE,FEED,3,0,2053,269,0,1,4,2025-11-24 17:36:00.680
17841406083211195,18141630055402170,2025-06-27 07:13:01,IMAGE,FEED,3,0,2057,269,0,1,4,2025-11-25 17:34:17.706
17841406083211195,18141630055402170,2025-06-27 07:13:01,IMAGE,FEED,3,0,2063,269,0,1,4,2025-11-26 17:36:48.625
17841406083211195,18141630055402170,2025-06-27 07:13:01,IMAGE,FEED,3,0,2072,269,0,1,4,2025-11-28 17:34:54.940
17841406083211195,18141630055402170,2025-06-27 07:13:01,IMAGE,FEED,3,0,2077,269,0,1,4,2025-11-29 17:35:45.913
17841406083211195,18141630055402170,2025-06-27 07:13:01,IMAGE,FEED,3,0,2082,270,0,1,4,2025-11-30 17:33:23.502
17841406083211195,18141630055402170,2025-06-27 07:13:01,IMAGE,FEED,3,0,2087,271,0,1,4,2025-12-01 17:33:33.581
17841406083211195,18141630055402170,2025-06-27 07:13:01,IMAGE,FEED,3,0,2089,271,0,1,4,2025-12-02 17:34:52.698
17841406083211195,18141630055402170,2025-06-27 07:13:01,IMAGE,FEED,3,0,2103,271,0,1,4,2025-12-03 17:36:09.392
17841406083211195,18141630055402170,2025-06-27 07:13:01,IMAGE,FEED,3,0,2117,271,0,1,4,2025-12-05 17:34:22.775
17841406083211195,18141630055402170,2025-06-27 07:13:01,IMAGE,FEED,3,0,2118,271,0,1,4,2025-12-07 17:33:15.201
17841406083211195,18141630055402170,2025-06-27 07:13:01,IMAGE,FEED,3,0,2124,272,0,1,4,2025-12-08 17:32:58.813
17841406083211195,18141630055402170,2025-06-27 07:13:01,IMAGE,FEED,3,0,2129,272,0,1,4,2025-12-09 17:35:08.332
17841406083211195,18141630055402170,2025-06-27 07:13:01,IMAGE,FEED,3,0,2131,272,0,1,4,2025-12-11 17:33:27.320
17841406083211195,18141630055402170,2025-06-27 07:13:01,IMAGE,FEED,3,0,2133,272,0,1,4,2025-12-12 17:35:06.525
17841406083211195,18141630055402170,2025-06-27 07:13:01,IMAGE,FEED,3,0,2139,272,0,1,4,2025-12-15 06:33:48.708
17841406083211195,18141630055402170,2025-06-27 07:13:01,IMAGE,FEED,3,0,2145,272,0,1,4,2025-12-17 17:29:02.286
17841406083211195,18141630055402170,2025-06-27 07:13:01,IMAGE,FEED,3,0,2147,272,0,1,4,2025-12-18 17:31:09.509
17841406083211195,18141630055402170,2025-06-27 07:13:01,IMAGE,FEED,3,0,2148,272,0,1,4,2025-12-20 17:36:15.185
17841406083211195,18141630055402170,2025-06-27 07:13:01,IMAGE,FEED,3,0,2149,272,0,1,4,2025-12-21 17:29:53.716
17841406083211195,18141630055402170,2025-06-27 07:13:01,IMAGE,FEED,3,0,2150,272,0,1,4,2025-12-22 17:28:44.210
17841406083211195,18141630055402170,2025-06-27 07:13:01,IMAGE,FEED,3,0,2151,272,0,1,4,2025-12-24 17:29:12.926
17841406083211195,18141630055402170,2025-06-27 07:13:01,IMAGE,FEED,3,0,2153,272,0,1,4,2025-12-25 17:29:25.138
17841406083211195,18185332525353057,2025-12-04 10:20:31,IMAGE,FEED,4,0,79,29,0,0,4,2025-12-04 17:35:00.178
17841406083211195,18185332525353057,2025-12-04 10:20:31,IMAGE,FEED,7,0,129,45,0,0,7,2025-12-05 17:34:57.773
17841406083211195,18185332525353057,2025-12-04 10:20:31,IMAGE,FEED,7,0,168,57,0,0,7,2025-12-06 17:35:35.209
17841406083211195,18185332525353057,2025-12-04 10:20:31,IMAGE,FEED,8,0,190,61,0,0,8,2025-12-07 17:33:54.984
17841406083211195,18185332525353057,2025-12-04 10:20:31,IMAGE,FEED,8,0,211,66,0,0,8,2025-12-08 17:33:41.608
17841406083211195,18185332525353057,2025-12-04 10:20:31,IMAGE,FEED,9,0,260,73,0,0,9,2025-12-09 17:35:53.030
17841406083211195,18185332525353057,2025-12-04 10:20:31,IMAGE,FEED,9,0,300,81,0,0,9,2025-12-10 17:36:44.464
17841406083211195,18185332525353057,2025-12-04 10:20:31,IMAGE,FEED,9,0,321,84,0,0,9,2025-12-11 17:34:06.393
17841406083211195,18185332525353057,2025-12-04 10:20:31,IMAGE,FEED,9,0,339,89,0,0,9,2025-12-12 17:36:01.938
17841406083211195,18185332525353057,2025-12-04 10:20:31,IMAGE,FEED,10,0,378,97,0,0,10,2025-12-15 06:34:28.287
17841406083211195,18185332525353057,2025-12-04 10:20:31,IMAGE,FEED,10,0,389,97,0,0,10,2025-12-15 17:37:24.705
17841406083211195,18185332525353057,2025-12-04 10:20:31,IMAGE,FEED,10,0,397,99,0,0,10,2025-12-16 17:35:03.673
17841406083211195,18185332525353057,2025-12-04 10:20:31,IMAGE,FEED,10,0,408,101,0,0,10,2025-12-17 17:28:40.147
17841406083211195,18185332525353057,2025-12-04 10:20:31,IMAGE,FEED,10,0,431,105,0,0,10,2025-12-18 17:30:53.805
17841406083211195,18185332525353057,2025-12-04 10:20:31,IMAGE,FEED,10,0,436,106,0,0,10,2025-12-19 17:30:14.523
17841406083211195,18185332525353057,2025-12-04 10:20:31,IMAGE,FEED,10,0,439,107,0,0,10,2025-12-20 17:37:00.945
17841406083211195,18185332525353057,2025-12-04 10:20:31,IMAGE,FEED,10,0,441,107,0,0,10,2025-12-21 17:29:37.385
17841406083211195,18185332525353057,2025-12-04 10:20:31,IMAGE,FEED,10,0,454,108,0,0,10,2025-12-22 17:28:31.290
17841406083211195,18185332525353057,2025-12-04 10:20:31,IMAGE,FEED,10,0,462,110,0,0,10,2025-12-23 17:28:29.215
17841406083211195,18185332525353057,2025-12-04 10:20:31,IMAGE,FEED,10,0,464,111,0,0,10,2025-12-24 17:28:54.101
17841406083211195,18185332525353057,2025-12-04 10:20:31,IMAGE,FEED,10,0,465,111,0,0,10,2025-12-25 17:29:03.343
17841406083211195,18331949995215306,2025-12-15 05:02:46,IMAGE,FEED,2,0,40,17,0,0,2,2025-12-15 06:34:28.289
17841406083211195,18331949995215306,2025-12-15 05:02:46,IMAGE,FEED,3,0,97,42,0,0,3,2025-12-15 17:37:24.707
17841406083211195,18331949995215306,2025-12-15 05:02:46,IMAGE,FEED,3,0,126,50,0,0,3,2025-12-16 17:35:03.676
17841406083211195,18331949995215306,2025-12-15 05:02:46,IMAGE,FEED,3,0,153,57,0,0,3,2025-12-17 17:28:40.149
17841406083211195,18331949995215306,2025-12-15 05:02:46,IMAGE,FEED,3,0,198,64,0,0,3,2025-12-18 17:30:53.810
17841406083211195,18331949995215306,2025-12-15 05:02:46,IMAGE,FEED,3,0,216,70,0,0,3,2025-12-19 17:30:14.526
17841406083211195,18331949995215306,2025-12-15 05:02:46,IMAGE,FEED,3,0,231,76,0,0,3,2025-12-20 17:37:00.946
17841406083211195,18331949995215306,2025-12-15 05:02:46,IMAGE,FEED,3,0,236,79,0,0,3,2025-12-21 17:29:37.389
17841406083211195,18331949995215306,2025-12-15 05:02:46,IMAGE,FEED,3,0,266,82,0,0,3,2025-12-22 17:28:31.292
17841406083211195,18331949995215306,2025-12-15 05:02:46,IMAGE,FEED,3,0,279,84,0,0,3,2025-12-23 17:28:29.219
17841406083211195,18331949995215306,2025-12-15 05:02:46,IMAGE,FEED,3,0,286,85,0,0,3,2025-12-24 17:28:54.105
17841406083211195,18331949995215306,2025-12-15 05:02:46,IMAGE,FEED,3,0,294,86,0,0,3,2025-12-25 17:29:03.346
17841406083211195,18502273330006748,2025-04-25 10:01:28,IMAGE,FEED,6,0,100,75,0,1,7,2025-04-25 17:29:56.940
17841406083211195,18502273330006748,2025-04-25 10:01:28,IMAGE,FEED,6,0,144,113,0,1,7,2025-04-26 17:29:11.674
17841406083211195,18502273330006748,2025-04-25 10:01:28,IMAGE,FEED,6,0,165,127,0,1,7,2025-04-27 17:30:56.079
17841406083211195,18502273330006748,2025-04-25 10:01:28,IMAGE,FEED,8,0,187,136,0,1,9,2025-04-28 17:29:52.851
17841406083211195,18502273330006748,2025-04-25 10:01:28,IMAGE,FEED,8,0,191,137,0,1,9,2025-04-29 17:28:58.763
17841406083211195,18502273330006748,2025-04-25 10:01:28,IMAGE,FEED,8,0,197,141,0,1,9,2025-04-30 17:30:51.601
17841406083211195,18502273330006748,2025-04-25 10:01:28,IMAGE,FEED,8,0,204,145,0,1,9,2025-05-01 17:31:29.871
17841406083211195,18502273330006748,2025-04-25 10:01:28,IMAGE,FEED,8,0,211,149,0,1,9,2025-05-02 17:29:24.987
17841406083211195,18502273330006748,2025-04-25 10:01:28,IMAGE,FEED,8,0,213,151,0,1,9,2025-05-03 17:30:31.896
17841406083211195,18502273330006748,2025-04-25 10:01:28,IMAGE,FEED,8,0,218,154,0,1,9,2025-05-04 17:28:46.820
17841406083211195,18502273330006748,2025-04-25 10:01:28,IMAGE,FEED,9,0,226,159,0,1,10,2025-05-05 17:29:55.884
17841406083211195,18502273330006748,2025-04-25 10:01:28,IMAGE,FEED,9,0,235,166,0,1,10,2025-05-06 17:29:33.108
17841406083211195,18502273330006748,2025-04-25 10:01:28,IMAGE,FEED,9,0,239,169,0,1,10,2025-05-07 17:28:45.316
17841406083211195,18502273330006748,2025-04-25 10:01:28,IMAGE,FEED,9,0,242,169,0,1,10,2025-05-08 17:30:01.771
17841406083211195,18502273330006748,2025-04-25 10:01:28,IMAGE,FEED,9,0,250,174,0,1,10,2025-05-09 17:31:06.456
17841406083211195,18502273330006748,2025-04-25 10:01:28,IMAGE,FEED,9,0,251,174,0,1,10,2025-05-10 17:30:36.603
17841406083211195,18502273330006748,2025-04-25 10:01:28,IMAGE,FEED,9,0,253,176,0,1,10,2025-05-11 17:29:45.391
17841406083211195,18502273330006748,2025-04-25 10:01:28,IMAGE,FEED,9,0,255,178,0,1,10,2025-05-12 17:30:45.017
17841406083211195,18502273330006748,2025-04-25 10:01:28,IMAGE,FEED,9,0,258,180,0,1,10,2025-05-13 17:29:33.130
17841406083211195,18502273330006748,2025-04-25 10:01:28,IMAGE,FEED,9,0,259,180,0,1,10,2025-05-14 17:30:05.785
17841406083211195,18502273330006748,2025-04-25 10:01:28,IMAGE,FEED,9,0,261,180,0,1,10,2025-05-15 17:30:17.675
17841406083211195,18502273330006748,2025-04-25 10:01:28,IMAGE,FEED,9,0,262,181,0,1,10,2025-05-17 17:30:06.322
17841406083211195,18502273330006748,2025-04-25 10:01:28,IMAGE,FEED,9,0,263,182,0,1,10,2025-05-18 17:30:27.084
17841406083211195,18502273330006748,2025-04-25 10:01:28,IMAGE,FEED,9,0,264,182,0,1,10,2025-05-19 17:30:02.670
17841406083211195,18502273330006748,2025-04-25 10:01:28,IMAGE,FEED,9,0,266,182,0,1,10,2025-05-20 17:29:17.949
17841406083211195,18502273330006748,2025-04-25 10:01:28,IMAGE,FEED,9,0,267,183,0,1,10,2025-05-21 17:30:08.528
17841406083211195,18502273330006748,2025-04-25 10:01:28,IMAGE,FEED,9,0,269,183,0,1,10,2025-05-22 17:30:10.266
17841406083211195,18502273330006748,2025-04-25 10:01:28,IMAGE,FEED,9,0,272,185,0,1,10,2025-05-23 17:30:42.901
17841406083211195,18502273330006748,2025-04-25 10:01:28,IMAGE,FEED,9,0,274,187,0,1,10,2025-05-24 17:30:42.283
17841406083211195,18502273330006748,2025-04-25 10:01:28,IMAGE,FEED,9,0,276,188,0,1,10,2025-05-25 17:31:05.662
17841406083211195,18502273330006748,2025-04-25 10:01:28,IMAGE,FEED,9,0,277,189,0,1,10,2025-05-26 17:30:22.068
17841406083211195,18502273330006748,2025-04-25 10:01:28,IMAGE,FEED,9,0,279,191,0,1,10,2025-05-27 17:30:25.263
17841406083211195,18502273330006748,2025-04-25 10:01:28,IMAGE,FEED,9,0,281,191,0,1,10,2025-05-28 17:30:33.837
17841406083211195,18502273330006748,2025-04-25 10:01:28,IMAGE,FEED,9,0,282,191,0,1,10,2025-05-30 17:29:56.112
17841406083211195,18502273330006748,2025-04-25 10:01:28,IMAGE,FEED,9,0,283,192,0,1,10,2025-05-31 17:30:02.409
17841406083211195,18502273330006748,2025-04-25 10:01:28,IMAGE,FEED,9,0,284,192,0,1,10,2025-06-01 17:29:49.093
17841406083211195,18502273330006748,2025-04-25 10:01:28,IMAGE,FEED,10,0,287,194,0,1,11,2025-06-03 17:29:40.486
17841406083211195,18502273330006748,2025-04-25 10:01:28,IMAGE,FEED,10,0,291,197,0,1,11,2025-06-05 17:30:15.502
17841406083211195,18502273330006748,2025-04-25 10:01:28,IMAGE,FEED,10,0,305,208,0,1,11,2025-07-03 03:00:02.158
17841406083211195,18502273330006748,2025-04-25 10:01:28,IMAGE,FEED,10,0,308,209,0,1,11,2025-07-03 17:29:59.218
17841406083211195,18502273330006748,2025-04-25 10:01:28,IMAGE,FEED,10,0,311,209,0,1,11,2025-07-04 17:30:58.680
17841406083211195,18502273330006748,2025-04-25 10:01:28,IMAGE,FEED,10,0,315,209,0,1,11,2025-07-05 17:29:52.053
17841406083211195,18502273330006748,2025-04-25 10:01:28,IMAGE,FEED,10,0,318,211,0,1,11,2025-07-09 17:30:26.390
17841406083211195,18502273330006748,2025-04-25 10:01:28,IMAGE,FEED,10,0,322,211,0,1,11,2025-07-16 17:30:13.820
17841406083211195,18502273330006748,2025-04-25 10:01:28,IMAGE,FEED,10,0,326,211,0,1,11,2025-07-21 17:30:54.860
17841406083211195,18502273330006748,2025-04-25 10:01:28,IMAGE,FEED,10,0,329,211,0,1,11,2025-07-22 17:30:46.724
17841406083211195,18502273330006748,2025-04-25 10:01:28,IMAGE,FEED,10,0,330,212,0,1,11,2025-07-23 17:30:26.070
17841406083211195,18502273330006748,2025-04-25 10:01:28,IMAGE,FEED,10,0,333,212,0,1,11,2025-07-26 17:30:13.366
17841406083211195,18502273330006748,2025-04-25 10:01:28,IMAGE,FEED,10,0,334,213,0,1,11,2025-07-27 17:30:43.462
17841406083211195,18502273330006748,2025-04-25 10:01:28,IMAGE,FEED,10,0,335,213,0,1,11,2025-07-28 17:29:22.365
17841406083211195,18502273330006748,2025-04-25 10:01:28,IMAGE,FEED,10,0,336,213,0,1,11,2025-07-29 17:29:59.942
17841406083211195,18502273330006748,2025-04-25 10:01:28,IMAGE,FEED,10,0,344,215,0,1,11,2025-07-31 17:29:02.412
17841406083211195,18502273330006748,2025-04-25 10:01:28,IMAGE,FEED,10,0,352,215,0,1,11,2025-08-03 17:29:51.714
17841406083211195,18502273330006748,2025-04-25 10:01:28,IMAGE,FEED,10,0,353,215,0,1,11,2025-08-04 17:30:32.203
17841406083211195,18502273330006748,2025-04-25 10:01:28,IMAGE,FEED,10,0,354,216,0,1,11,2025-08-06 17:29:32.818
17841406083211195,18502273330006748,2025-04-25 10:01:28,IMAGE,FEED,10,0,360,216,0,1,11,2025-08-08 17:29:41.604
17841406083211195,18502273330006748,2025-04-25 10:01:28,IMAGE,FEED,10,0,371,216,0,1,11,2025-08-10 17:29:54.207
17841406083211195,18502273330006748,2025-04-25 10:01:28,IMAGE,FEED,10,0,374,217,0,1,11,2025-08-11 17:30:48.476
17841406083211195,18502273330006748,2025-04-25 10:01:28,IMAGE,FEED,10,0,379,217,0,1,11,2025-08-12 17:31:33.948
17841406083211195,18502273330006748,2025-04-25 10:01:28,IMAGE,FEED,10,0,382,217,0,1,11,2025-08-14 17:30:40.924
17841406083211195,18502273330006748,2025-04-25 10:01:28,IMAGE,FEED,10,0,387,217,0,1,11,2025-08-16 17:29:42.445
17841406083211195,18502273330006748,2025-04-25 10:01:28,IMAGE,FEED,10,0,388,217,0,1,11,2025-08-17 17:28:52.684
17841406083211195,18502273330006748,2025-04-25 10:01:28,IMAGE,FEED,10,0,397,217,0,1,11,2025-08-18 17:29:03.023
17841406083211195,18502273330006748,2025-04-25 10:01:28,IMAGE,FEED,10,0,401,217,0,1,11,2025-08-19 17:29:48.979
17841406083211195,18502273330006748,2025-04-25 10:01:28,IMAGE,FEED,10,0,402,218,0,1,11,2025-08-20 17:29:49.059
17841406083211195,18502273330006748,2025-04-25 10:01:28,IMAGE,FEED,10,0,412,220,0,1,11,2025-08-21 17:30:28.996
17841406083211195,18502273330006748,2025-04-25 10:01:28,IMAGE,FEED,10,0,413,220,0,1,11,2025-08-22 17:29:32.378
17841406083211195,18502273330006748,2025-04-25 10:01:28,IMAGE,FEED,10,0,414,220,0,1,11,2025-08-23 17:29:39.835
17841406083211195,18502273330006748,2025-04-25 10:01:28,IMAGE,FEED,10,0,416,220,0,1,11,2025-08-24 17:29:14.570
17841406083211195,18502273330006748,2025-04-25 10:01:28,IMAGE,FEED,10,0,444,221,0,1,11,2025-08-25 17:29:45.214
17841406083211195,18502273330006748,2025-04-25 10:01:28,IMAGE,FEED,10,0,454,222,0,1,11,2025-08-26 17:29:15.114
17841406083211195,18502273330006748,2025-04-25 10:01:28,IMAGE,FEED,10,0,458,222,0,1,11,2025-08-27 17:30:23.677
17841406083211195,18502273330006748,2025-04-25 10:01:28,IMAGE,FEED,10,0,461,222,0,1,11,2025-08-28 17:31:28.503
17841406083211195,18502273330006748,2025-04-25 10:01:28,IMAGE,FEED,10,0,462,222,0,1,11,2025-08-29 17:28:53.248
17841406083211195,18502273330006748,2025-04-25 10:01:28,IMAGE,FEED,10,0,466,222,0,1,11,2025-08-30 17:30:25.974
17841406083211195,18502273330006748,2025-04-25 10:01:28,IMAGE,FEED,10,0,476,223,0,1,11,2025-08-31 17:28:56.750
17841406083211195,18502273330006748,2025-04-25 10:01:28,IMAGE,FEED,10,0,580,232,0,1,11,2025-10-01 04:10:01.771
17841406083211195,18502273330006748,2025-04-25 10:01:28,IMAGE,FEED,10,0,581,232,0,1,11,2025-10-02 04:04:36.980
17841406083211195,18502273330006748,2025-04-25 10:01:28,IMAGE,FEED,10,0,583,232,0,1,11,2025-10-02 17:29:40.006
17841406083211195,18502273330006748,2025-04-25 10:01:28,IMAGE,FEED,10,0,585,232,0,1,11,2025-10-04 17:29:46.388
17841406083211195,18502273330006748,2025-04-25 10:01:28,IMAGE,FEED,10,0,588,233,0,1,11,2025-10-06 17:28:55.824
17841406083211195,18502273330006748,2025-04-25 10:01:28,IMAGE,FEED,10,0,590,233,0,1,11,2025-10-08 17:29:48.285
17841406083211195,18502273330006748,2025-04-25 10:01:28,IMAGE,FEED,10,0,598,233,0,1,11,2025-10-09 17:29:07.196
17841406083211195,18502273330006748,2025-04-25 10:01:28,IMAGE,FEED,10,0,600,233,0,1,11,2025-10-11 17:28:44.351
17841406083211195,18502273330006748,2025-04-25 10:01:28,IMAGE,FEED,10,0,601,233,0,1,11,2025-10-12 17:29:04.390
17841406083211195,18502273330006748,2025-04-25 10:01:28,IMAGE,FEED,10,0,605,233,0,1,11,2025-10-13 17:29:08.102
17841406083211195,18502273330006748,2025-04-25 10:01:28,IMAGE,FEED,10,0,606,233,0,1,11,2025-10-14 17:28:35.645
17841406083211195,18502273330006748,2025-04-25 10:01:28,IMAGE,FEED,10,0,607,233,0,1,11,2025-10-15 17:30:08.630
17841406083211195,18502273330006748,2025-04-25 10:01:28,IMAGE,FEED,10,0,609,233,0,1,11,2025-10-16 17:29:14.757
17841406083211195,18502273330006748,2025-04-25 10:01:28,IMAGE,FEED,10,0,616,234,0,1,11,2025-10-17 17:30:11.781
17841406083211195,18502273330006748,2025-04-25 10:01:28,IMAGE,FEED,10,0,618,234,0,1,11,2025-10-18 17:28:43.380
17841406083211195,18502273330006748,2025-04-25 10:01:28,IMAGE,FEED,10,0,619,234,0,1,11,2025-10-20 17:29:38.011
17841406083211195,18502273330006748,2025-04-25 10:01:28,IMAGE,FEED,10,0,621,234,0,1,11,2025-10-21 17:28:55.531
17841406083211195,18502273330006748,2025-04-25 10:01:28,IMAGE,FEED,10,0,622,234,0,1,11,2025-10-22 17:29:11.391
17841406083211195,18502273330006748,2025-04-25 10:01:28,IMAGE,FEED,10,0,624,234,0,1,11,2025-10-23 17:28:45.982
17841406083211195,18502273330006748,2025-04-25 10:01:28,IMAGE,FEED,10,0,630,234,0,1,11,2025-10-27 17:29:04.362
17841406083211195,18502273330006748,2025-04-25 10:01:28,IMAGE,FEED,10,0,651,234,0,1,11,2025-10-28 17:30:01.161
17841406083211195,18502273330006748,2025-04-25 10:01:28,IMAGE,FEED,10,0,654,234,0,1,11,2025-10-29 17:29:48.678
17841406083211195,18502273330006748,2025-04-25 10:01:28,IMAGE,FEED,10,0,657,234,0,1,11,2025-10-31 17:29:18.977
17841406083211195,18502273330006748,2025-04-25 10:01:28,IMAGE,FEED,10,0,658,234,0,1,11,2025-11-02 17:29:16.161
17841406083211195,18502273330006748,2025-04-25 10:01:28,IMAGE,FEED,10,0,659,234,0,1,11,2025-11-03 17:29:06.675
17841406083211195,18502273330006748,2025-04-25 10:01:28,IMAGE,FEED,10,0,661,234,0,1,11,2025-11-04 17:28:36.323
17841406083211195,18502273330006748,2025-04-25 10:01:28,IMAGE,FEED,10,0,667,235,0,1,11,2025-11-06 17:29:01.645
17841406083211195,18502273330006748,2025-04-25 10:01:28,IMAGE,FEED,10,0,670,235,0,1,11,2025-11-07 17:29:19.587
17841406083211195,18502273330006748,2025-04-25 10:01:28,IMAGE,FEED,10,0,676,235,0,1,11,2025-11-09 17:28:56.349
17841406083211195,18502273330006748,2025-04-25 10:01:28,IMAGE,FEED,10,0,680,235,0,1,11,2025-11-10 17:29:23.652
17841406083211195,18502273330006748,2025-04-25 10:01:28,IMAGE,FEED,10,0,681,235,0,1,11,2025-11-11 17:29:14.658
17841406083211195,18502273330006748,2025-04-25 10:01:28,IMAGE,FEED,10,0,683,235,0,1,11,2025-11-12 17:29:12.221
17841406083211195,18502273330006748,2025-04-25 10:01:28,IMAGE,FEED,10,0,685,235,0,1,11,2025-11-13 17:29:47.746
17841406083211195,18502273330006748,2025-04-25 10:01:28,IMAGE,FEED,10,0,687,235,0,1,11,2025-11-14 17:29:17.984
17841406083211195,18502273330006748,2025-04-25 10:01:28,IMAGE,FEED,10,0,689,235,0,1,11,2025-11-16 17:30:03.491
17841406083211195,18502273330006748,2025-04-25 10:01:28,IMAGE,FEED,10,0,694,235,0,1,11,2025-11-17 17:29:22.832
17841406083211195,18502273330006748,2025-04-25 10:01:28,IMAGE,FEED,10,0,699,236,0,1,11,2025-11-18 17:29:13.858
17841406083211195,18502273330006748,2025-04-25 10:01:28,IMAGE,FEED,10,0,700,236,0,1,11,2025-11-19 17:34:55.389
17841406083211195,18502273330006748,2025-04-25 10:01:28,IMAGE,FEED,10,0,702,236,0,1,11,2025-11-21 17:35:17.509
17841406083211195,18502273330006748,2025-04-25 10:01:28,IMAGE,FEED,10,0,703,236,0,1,11,2025-11-24 17:36:00.683
17841406083211195,18502273330006748,2025-04-25 10:01:28,IMAGE,FEED,10,0,706,237,0,1,11,2025-11-30 17:33:23.510
17841406083211195,18502273330006748,2025-04-25 10:01:28,IMAGE,FEED,10,0,709,237,0,1,11,2025-12-01 17:33:33.584
17841406083211195,18502273330006748,2025-04-25 10:01:28,IMAGE,FEED,10,0,715,238,0,1,11,2025-12-02 17:34:52.701
17841406083211195,18502273330006748,2025-04-25 10:01:28,IMAGE,FEED,10,0,716,238,0,1,11,2025-12-03 17:36:09.398
17841406083211195,18502273330006748,2025-04-25 10:01:28,IMAGE,FEED,10,0,718,238,0,1,11,2025-12-05 17:34:22.781
17841406083211195,18502273330006748,2025-04-25 10:01:28,IMAGE,FEED,10,0,719,238,0,1,11,2025-12-07 17:33:15.206
17841406083211195,18502273330006748,2025-04-25 10:01:28,IMAGE,FEED,10,0,720,238,0,1,11,2025-12-09 17:35:08.341
17841406083211195,18502273330006748,2025-04-25 10:01:28,IMAGE,FEED,10,0,721,238,0,1,11,2025-12-11 17:33:27.323
17841406083211195,18502273330006748,2025-04-25 10:01:28,IMAGE,FEED,10,0,723,238,0,1,11,2025-12-12 17:35:06.529
17841406083211195,18502273330006748,2025-04-25 10:01:28,IMAGE,FEED,10,0,725,238,0,1,11,2025-12-15 06:33:48.713
17841406083211195,18502273330006748,2025-04-25 10:01:28,IMAGE,FEED,10,0,729,238,0,1,11,2025-12-17 17:29:13.843
17841406083211195,18502273330006748,2025-04-25 10:01:28,IMAGE,FEED,10,0,731,238,0,1,11,2025-12-21 17:30:09.436
17841406083211195,18502273330006748,2025-04-25 10:01:28,IMAGE,FEED,10,0,732,238,0,1,11,2025-12-22 17:28:52.808
17841406083211195,18502273330006748,2025-04-25 10:01:28,IMAGE,FEED,10,0,733,238,0,1,11,2025-12-24 17:29:21.600
17841406083211195,18502273330006748,2025-04-25 10:01:28,IMAGE,FEED,10,0,735,238,0,1,11,2025-12-25 17:29:40.553
