USER_ID,ID,CREATED_TIME,MEDIA_TYPE,MEDIA_PRODUCT_TYPE,LIKE_COUNT,COMMENT_COUNT,CAROUSEL_ALBUM_VIDEO_VIEWS,CAROUSEL_ALBUM_VIEWS,CAROUSEL_ALBUM_SAVED,CAROUSEL_ALBUM_SHARES,CAROUSEL_ALBUM_IMPRESSIONS,CAROUSEL_ALBUM_REACH,CAROUSEL_ALBUM_ENGAGEMENT,TIMESTAMP
17841406083211195,17900155794324103,2025-11-07 08:43:06,CAROUSEL_ALBUM,FEED,4,0,,152,0,1,,48,5,2025-11-07 17:28:53.870
17841406083211195,17900155794324103,2025-11-07 08:43:06,CAROUSEL_ALBUM,FEED,4,0,,217,0,1,,63,5,2025-11-08 17:29:24.256
17841406083211195,17900155794324103,2025-11-07 08:43:06,CAROUSEL_ALBUM,FEED,6,0,,380,0,2,,129,8,2025-11-09 17:28:38.948
17841406083211195,17900155794324103,2025-11-07 08:43:06,CAROUSEL_ALBUM,FEED,6,0,,529,0,2,,143,8,2025-11-10 17:29:07.637
17841406083211195,17900155794324103,2025-11-07 08:43:06,CAROUSEL_ALBUM,FEED,7,0,,624,0,2,,150,9,2025-11-11 17:28:56.850
17841406083211195,17900155794324103,2025-11-07 08:43:06,CAROUSEL_ALBUM,FEED,14,0,,844,1,2,,168,17,2025-11-12 17:28:57.509
17841406083211195,17900155794324103,2025-11-07 08:43:06,CAROUSEL_ALBUM,FEED,14,0,,1030,1,2,,177,17,2025-11-13 17:29:19.495
17841406083211195,17900155794324103,2025-11-07 08:43:06,CAROUSEL_ALBUM,FEED,19,0,,1179,1,2,,186,22,2025-11-14 17:29:00.537
17841406083211195,17900155794324103,2025-11-07 08:43:06,CAROUSEL_ALBUM,FEED,27,0,,1326,1,2,,195,32,2025-11-15 17:30:46.799
17841406083211195,17900155794324103,2025-11-07 08:43:06,CAROUSEL_ALBUM,FEED,27,0,,1368,1,2,,199,32,2025-11-16 17:29:40.687
17841406083211195,17900155794324103,2025-11-07 08:43:06,CAROUSEL_ALBUM,FEED,27,0,,1417,1,2,,202,32,2025-11-17 17:29:03.599
17841406083211195,17900155794324103,2025-11-07 08:43:06,CAROUSEL_ALBUM,FEED,27,0,,1481,1,2,,205,32,2025-11-18 17:28:56.194
17841406083211195,17900155794324103,2025-11-07 08:43:06,CAROUSEL_ALBUM,FEED,27,0,,1520,1,2,,207,32,2025-11-19 17:35:38.981
17841406083211195,17900155794324103,2025-11-07 08:43:06,CAROUSEL_ALBUM,FEED,28,0,,1550,1,2,,209,34,2025-11-20 17:36:09.344
17841406083211195,17900155794324103,2025-11-07 08:43:06,CAROUSEL_ALBUM,FEED,28,0,,1582,1,2,,212,34,2025-11-21 17:36:02.517
17841406083211195,17900155794324103,2025-11-07 08:43:06,CAROUSEL_ALBUM,FEED,28,0,,1596,1,2,,213,34,2025-11-22 17:34:01.729
17841406083211195,17900155794324103,2025-11-07 08:43:06,CAROUSEL_ALBUM,FEED,28,0,,1609,1,2,,213,34,2025-11-23 17:33:29.830
17841406083211195,17900155794324103,2025-11-07 08:43:06,CAROUSEL_ALBUM,FEED,28,0,,1632,1,2,,215,34,2025-11-24 17:36:37.542
17841406083211195,17900155794324103,2025-11-07 08:43:06,CAROUSEL_ALBUM,FEED,28,0,,1649,1,2,,217,34,2025-11-25 17:34:55.734
17841406083211195,17900155794324103,2025-11-07 08:43:06,CAROUSEL_ALBUM,FEED,28,0,,1672,1,2,,218,34,2025-11-26 17:37:42.124
17841406083211195,17900155794324103,2025-11-07 08:43:06,CAROUSEL_ALBUM,FEED,28,0,,1696,1,2,,218,34,2025-11-27 17:34:45.029
17841406083211195,17900155794324103,2025-11-07 08:43:06,CAROUSEL_ALBUM,FEED,28,0,,1706,1,2,,218,34,2025-11-28 17:35:44.387
17841406083211195,17900155794324103,2025-11-07 08:43:06,CAROUSEL_ALBUM,FEED,28,0,,1709,1,2,,218,34,2025-11-29 17:36:31.266
17841406083211195,17900155794324103,2025-11-07 08:43:06,CAROUSEL_ALBUM,FEED,28,0,,1713,1,2,,219,34,2025-11-30 17:33:58.338
17841406083211195,17900155794324103,2025-11-07 08:43:06,CAROUSEL_ALBUM,FEED,28,0,,1725,1,2,,220,34,2025-12-01 17:34:08.915
17841406083211195,17900155794324103,2025-11-07 08:43:06,CAROUSEL_ALBUM,FEED,28,0,,1736,1,2,,220,34,2025-12-02 17:35:38.573
17841406083211195,17900155794324103,2025-11-07 08:43:06,CAROUSEL_ALBUM,FEED,28,0,,1752,1,2,,221,34,2025-12-03 17:36:55.130
17841406083211195,17900155794324103,2025-11-07 08:43:06,CAROUSEL_ALBUM,FEED,28,0,,1757,1,2,,221,34,2025-12-04 17:35:00.178
17841406083211195,17900155794324103,2025-11-07 08:43:06,CAROUSEL_ALBUM,FEED,28,0,,1761,1,2,,221,34,2025-12-05 17:34:57.773
17841406083211195,17900155794324103,2025-11-07 08:43:06,CAROUSEL_ALBUM,FEED,28,0,,1772,1,2,,222,34,2025-12-06 17:35:35.209
17841406083211195,17900155794324103,2025-11-07 08:43:06,CAROUSEL_ALBUM,FEED,28,0,,1774,1,2,,222,34,2025-12-07 17:33:54.985
17841406083211195,17900155794324103,2025-11-07 08:43:06,CAROUSEL_ALBUM,FEED,28,0,,1778,1,2,,222,34,2025-12-08 17:33:41.610
17841406083211195,17900155794324103,2025-11-07 08:43:06,CAROUSEL_ALBUM,FEED,28,0,,1786,1,2,,222,34,2025-12-09 17:35:53.031
17841406083211195,17900155794324103,2025-11-07 08:43:06,CAROUSEL_ALBUM,FEED,28,0,,1794,1,2,,222,34,2025-12-11 17:34:06.394
17841406083211195,17900155794324103,2025-11-07 08:43:06,CAROUSEL_ALBUM,FEED,28,0,,1795,1,2,,222,34,2025-12-12 17:36:01.938
17841406083211195,17900155794324103,2025-11-07 08:43:06,CAROUSEL_ALBUM,FEED,28,0,,1801,1,2,,222,34,2025-12-15 06:34:28.288
17841406083211195,17900155794324103,2025-11-07 08:43:06,CAROUSEL_ALBUM,FEED,28,0,,1803,1,2,,222,34,2025-12-15 17:37:24.706
17841406083211195,17900155794324103,2025-11-07 08:43:06,CAROUSEL_ALBUM,FEED,28,0,,1809,1,2,,222,34,2025-12-16 17:35:03.674
17841406083211195,17900155794324103,2025-11-07 08:43:06,CAROUSEL_ALBUM,FEED,28,0,,1811,1,2,,223,34,2025-12-17 17:28:40.148
17841406083211195,17900155794324103,2025-11-07 08:43:06,CAROUSEL_ALBUM,FEED,28,0,,1826,1,2,,224,34,2025-12-18 17:30:53.807
17841406083211195,17900155794324103,2025-11-07 08:43:06,CAROUSEL_ALBUM,FEED,28,0,,1827,1,2,,225,34,2025-12-19 17:30:14.524
17841406083211195,17900155794324103,2025-11-07 08:43:06,CAROUSEL_ALBUM,FEED,28,0,,1828,1,2,,225,34,2025-12-21 17:29:37.386
17841406083211195,17900155794324103,2025-11-07 08:43:06,CAROUSEL_ALBUM,FEED,28,0,,1832,1,2,,225,34,2025-12-22 17:28:31.291
17841406083211195,17900155794324103,2025-11-07 08:43:06,CAROUSEL_ALBUM,FEED,28,0,,1837,1,2,,227,34,2025-12-23 17:28:29.217
17841406083211195,17900155794324103,2025-11-07 08:43:06,CAROUSEL_ALBUM,FEED,28,0,,1838,1,2,,227,34,2025-12-25 17:29:03.344
17841406083211195,17944628762953471,2025-03-11 10:03:11,CAROUSEL_ALBUM,FEED,18,0,,534,0,0,,268,18,2025-08-17 17:28:52.678
17841406083211195,17944628762953471,2025-03-11 10:03:11,CAROUSEL_ALBUM,FEED,18,0,,539,0,0,,268,18,2025-08-18 17:29:03.015
17841406083211195,17944628762953471,2025-03-11 10:03:11,CAROUSEL_ALBUM,FEED,18,0,,541,0,0,,268,18,2025-08-20 17:29:49.050
17841406083211195,17944628762953471,2025-03-11 10:03:11,CAROUSEL_ALBUM,FEED,18,0,,544,0,0,,268,18,2025-08-21 17:30:28.988
17841406083211195,17944628762953471,2025-03-11 10:03:11,CAROUSEL_ALBUM,FEED,18,0,,546,0,0,,268,18,2025-08-23 17:29:39.826
17841406083211195,17944628762953471,2025-03-11 10:03:11,CAROUSEL_ALBUM,FEED,18,0,,548,0,0,,268,18,2025-08-24 17:29:14.560
17841406083211195,17944628762953471,2025-03-11 10:03:11,CAROUSEL_ALBUM,FEED,18,0,,567,0,0,,268,18,2025-08-25 17:29:45.209
17841406083211195,17944628762953471,2025-03-11 10:03:11,CAROUSEL_ALBUM,FEED,18,0,,574,0,0,,269,18,2025-08-26 17:29:15.105
17841406083211195,17944628762953471,2025-03-11 10:03:11,CAROUSEL_ALBUM,FEED,18,0,,579,0,0,,269,18,2025-08-27 17:30:23.668
17841406083211195,17944628762953471,2025-03-11 10:03:11,CAROUSEL_ALBUM,FEED,18,0,,582,0,0,,270,18,2025-08-28 17:31:46.026
17841406083211195,17944628762953471,2025-03-11 10:03:11,CAROUSEL_ALBUM,FEED,18,0,,584,0,0,,270,18,2025-08-30 17:30:35.883
17841406083211195,17944628762953471,2025-03-11 10:03:11,CAROUSEL_ALBUM,FEED,18,0,,591,0,0,,270,18,2025-08-31 17:29:08.156
17841406083211195,17944628762953471,2025-03-11 10:03:11,CAROUSEL_ALBUM,FEED,18,0,,649,0,0,,271,18,2025-10-01 04:10:09.698
17841406083211195,17944628762953471,2025-03-11 10:03:11,CAROUSEL_ALBUM,FEED,18,0,,651,0,0,,271,18,2025-10-02 04:04:43.621
17841406083211195,17944628762953471,2025-03-11 10:03:11,CAROUSEL_ALBUM,FEED,18,0,,652,0,0,,271,18,2025-10-02 17:29:46.315
17841406083211195,17944628762953471,2025-03-11 10:03:11,CAROUSEL_ALBUM,FEED,18,0,,653,0,0,,271,18,2025-10-04 17:29:53.395
17841406083211195,17944628762953471,2025-03-11 10:03:11,CAROUSEL_ALBUM,FEED,18,0,,654,0,0,,271,18,2025-10-06 17:29:02.566
17841406083211195,17944628762953471,2025-03-11 10:03:11,CAROUSEL_ALBUM,FEED,18,0,,656,0,0,,271,18,2025-10-08 17:29:55.669
17841406083211195,17944628762953471,2025-03-11 10:03:11,CAROUSEL_ALBUM,FEED,18,0,,664,0,0,,271,18,2025-10-09 17:29:07.189
17841406083211195,17944628762953471,2025-03-11 10:03:11,CAROUSEL_ALBUM,FEED,18,0,,665,0,0,,271,18,2025-10-12 17:29:04.381
17841406083211195,17944628762953471,2025-03-11 10:03:11,CAROUSEL_ALBUM,FEED,18,0,,670,0,0,,271,18,2025-10-13 17:29:08.096
17841406083211195,17944628762953471,2025-03-11 10:03:11,CAROUSEL_ALBUM,FEED,18,0,,674,0,0,,271,18,2025-10-14 17:28:35.638
17841406083211195,17944628762953471,2025-03-11 10:03:11,CAROUSEL_ALBUM,FEED,18,0,,675,0,0,,271,18,2025-10-15 17:30:08.627
17841406083211195,17944628762953471,2025-03-11 10:03:11,CAROUSEL_ALBUM,FEED,18,0,,676,0,0,,271,18,2025-10-16 17:29:14.746
17841406083211195,17944628762953471,2025-03-11 10:03:11,CAROUSEL_ALBUM,FEED,18,0,,680,0,0,,271,18,2025-10-17 17:30:11.773
17841406083211195,17944628762953471,2025-03-11 10:03:11,CAROUSEL_ALBUM,FEED,18,0,,683,0,0,,271,18,2025-10-18 17:28:43.370
17841406083211195,17944628762953471,2025-03-11 10:03:11,CAROUSEL_ALBUM,FEED,18,0,,684,0,0,,271,18,2025-10-20 17:29:38.006
17841406083211195,17944628762953471,2025-03-11 10:03:11,CAROUSEL_ALBUM,FEED,18,0,,685,0,0,,271,18,2025-10-21 17:28:55.527
17841406083211195,17944628762953471,2025-03-11 10:03:11,CAROUSEL_ALBUM,FEED,18,0,,688,0,0,,271,18,2025-10-22 17:29:11.381
17841406083211195,17944628762953471,2025-03-11 10:03:11,CAROUSEL_ALBUM,FEED,18,0,,690,0,0,,271,18,2025-10-23 17:28:45.973
17841406083211195,17944628762953471,2025-03-11 10:03:11,CAROUSEL_ALBUM,FEED,18,0,,698,0,0,,271,18,2025-10-26 17:30:37.465
17841406083211195,17944628762953471,2025-03-11 10:03:11,CAROUSEL_ALBUM,FEED,18,0,,700,0,0,,271,18,2025-10-27 17:29:04.354
17841406083211195,17944628762953471,2025-03-11 10:03:11,CAROUSEL_ALBUM,FEED,18,0,,809,0,0,,271,18,2025-10-28 17:30:01.157
17841406083211195,17944628762953471,2025-03-11 10:03:11,CAROUSEL_ALBUM,FEED,18,0,,810,0,0,,271,18,2025-10-29 17:29:48.674
17841406083211195,17944628762953471,2025-03-11 10:03:11,CAROUSEL_ALBUM,FEED,18,0,,814,0,0,,271,18,2025-10-31 17:29:18.973
17841406083211195,17944628762953471,2025-03-11 10:03:11,CAROUSEL_ALBUM,FEED,18,0,,815,0,0,,271,18,2025-11-02 17:29:16.153
17841406083211195,17944628762953471,2025-03-11 10:03:11,CAROUSEL_ALBUM,FEED,18,0,,816,0,0,,271,18,2025-11-03 17:29:06.668
17841406083211195,17944628762953471,2025-03-11 10:03:11,CAROUSEL_ALBUM,FEED,18,0,,818,0,0,,271,18,2025-11-04 17:28:36.319
17841406083211195,17944628762953471,2025-03-11 10:03:11,CAROUSEL_ALBUM,FEED,18,0,,822,0,0,,271,18,2025-11-05 17:28:45.046
17841406083211195,17944628762953471,2025-03-11 10:03:11,CAROUSEL_ALBUM,FEED,18,0,,823,0,0,,271,18,2025-11-06 17:29:01.637
17841406083211195,17944628762953471,2025-03-11 10:03:11,CAROUSEL_ALBUM,FEED,18,0,,825,0,0,,271,18,2025-11-07 17:29:19.582
17841406083211195,17944628762953471,2025-03-11 10:03:11,CAROUSEL_ALBUM,FEED,18,0,,829,0,0,,271,18,2025-11-09 17:28:56.341
17841406083211195,17944628762953471,2025-03-11 10:03:11,CAROUSEL_ALBUM,FEED,18,0,,830,0,0,,271,18,2025-11-10 17:29:23.642
17841406083211195,17944628762953471,2025-03-11 10:03:11,CAROUSEL_ALBUM,FEED,18,0,,831,0,0,,271,18,2025-11-11 17:29:22.337
17841406083211195,17944628762953471,2025-03-11 10:03:11,CAROUSEL_ALBUM,FEED,18,0,,833,0,0,,271,18,2025-11-12 17:29:20.872
17841406083211195,17944628762953471,2025-03-11 10:03:11,CAROUSEL_ALBUM,FEED,18,0,,836,0,0,,271,18,2025-11-13 17:30:02.200
17841406083211195,17944628762953471,2025-03-11 10:03:11,CAROUSEL_ALBUM,FEED,18,0,,837,0,0,,271,18,2025-11-14 17:29:25.550
17841406083211195,17944628762953471,2025-03-11 10:03:11,CAROUSEL_ALBUM,FEED,18,0,,839,0,0,,271,18,2025-11-16 17:30:12.335
17841406083211195,17944628762953471,2025-03-11 10:03:11,CAROUSEL_ALBUM,FEED,18,0,,844,0,0,,271,18,2025-11-19 17:34:55.383
17841406083211195,17944628762953471,2025-03-11 10:03:11,CAROUSEL_ALBUM,FEED,18,0,,846,0,0,,271,18,2025-11-21 17:35:17.495
17841406083211195,17944628762953471,2025-03-11 10:03:11,CAROUSEL_ALBUM,FEED,18,0,,847,0,0,,271,18,2025-11-26 17:36:48.623
17841406083211195,17944628762953471,2025-03-11 10:03:11,CAROUSEL_ALBUM,FEED,18,0,,848,0,0,,271,18,2025-11-27 17:34:07.787
17841406083211195,17944628762953471,2025-03-11 10:03:11,CAROUSEL_ALBUM,FEED,18,0,,849,0,0,,271,18,2025-11-30 17:33:23.499
17841406083211195,17944628762953471,2025-03-11 10:03:11,CAROUSEL_ALBUM,FEED,18,0,,851,0,0,,271,18,2025-12-01 17:33:33.580
17841406083211195,17944628762953471,2025-03-11 10:03:11,CAROUSEL_ALBUM,FEED,18,0,,853,0,0,,272,18,2025-12-03 17:36:09.390
17841406083211195,17944628762953471,2025-03-11 10:03:11,CAROUSEL_ALBUM,FEED,18,0,,854,0,0,,272,18,2025-12-05 17:34:22.773
17841406083211195,17944628762953471,2025-03-11 10:03:11,CAROUSEL_ALBUM,FEED,18,0,,856,0,0,,272,18,2025-12-08 17:32:58.811
17841406083211195,17944628762953471,2025-03-11 10:03:11,CAROUSEL_ALBUM,FEED,18,0,,860,0,0,,272,18,2025-12-09 17:35:08.329
17841406083211195,17944628762953471,2025-03-11 10:03:11,CAROUSEL_ALBUM,FEED,18,0,,861,0,0,,272,18,2025-12-11 17:33:27.318
17841406083211195,17944628762953471,2025-03-11 10:03:11,CAROUSEL_ALBUM,FEED,18,0,,863,0,0,,272,18,2025-12-12 17:35:06.524
17841406083211195,17944628762953471,2025-03-11 10:03:11,CAROUSEL_ALBUM,FEED,18,0,,866,0,0,,272,18,2025-12-17 17:29:13.839
17841406083211195,17944628762953471,2025-03-11 10:03:11,CAROUSEL_ALBUM,FEED,18,0,,867,0,0,,272,18,2025-12-24 17:29:21.594
17841406083211195,17944628762953471,2025-03-11 10:03:11,CAROUSEL_ALBUM,FEED,18,0,,872,0,0,,272,18,2025-12-25 17:29:40.549
17841406083211195,17944628762953471,2025-03-11 10:03:11,CAROUSEL_ALBUM,FEED,19,0,,436,0,0,326,237,19,2025-04-17 17:31:52.818
17841406083211195,17944628762953471,2025-03-11 10:03:11,CAROUSEL_ALBUM,FEED,19,0,,438,0,0,,238,19,2025-04-18 19:14:47.756
17841406083211195,17944628762953471,2025-03-11 10:03:11,CAROUSEL_ALBUM,FEED,19,0,,442,0,0,,240,19,2025-04-22 03:15:18.675
17841406083211195,17944628762953471,2025-03-11 10:03:11,CAROUSEL_ALBUM,FEED,19,0,,443,0,0,,240,19,2025-04-22 04:22:50.019
17841406083211195,17944628762953471,2025-03-11 10:03:11,CAROUSEL_ALBUM,FEED,19,0,,443,0,0,,241,19,2025-04-22 17:29:17.006
17841406083211195,17944628762953471,2025-03-11 10:03:11,CAROUSEL_ALBUM,FEED,19,0,,446,0,0,,244,19,2025-04-24 01:56:09.942
17841406083211195,17944628762953471,2025-03-11 10:03:11,CAROUSEL_ALBUM,FEED,19,0,,447,0,0,,245,19,2025-04-24 17:29:59.132
17841406083211195,17944628762953471,2025-03-11 10:03:11,CAROUSEL_ALBUM,FEED,19,0,,449,0,0,,246,19,2025-04-25 17:30:04.368
17841406083211195,17944628762953471,2025-03-11 10:03:11,CAROUSEL_ALBUM,FEED,19,0,,451,0,0,,247,19,2025-04-27 17:31:03.890
17841406083211195,17944628762953471,2025-03-11 10:03:11,CAROUSEL_ALBUM,FEED,19,0,,453,0,0,,249,19,2025-04-28 17:30:00.136
17841406083211195,17944628762953471,2025-03-11 10:03:11,CAROUSEL_ALBUM,FEED,19,0,,455,0,0,,250,19,2025-04-29 17:29:04.405
17841406083211195,17944628762953471,2025-03-11 10:03:11,CAROUSEL_ALBUM,FEED,19,0,,456,0,0,,251,19,2025-04-30 17:30:59.235
17841406083211195,17944628762953471,2025-03-11 10:03:11,CAROUSEL_ALBUM,FEED,19,0,,457,0,0,,252,19,2025-05-05 17:29:55.876
17841406083211195,17944628762953471,2025-03-11 10:03:11,CAROUSEL_ALBUM,FEED,19,0,,460,0,0,,255,19,2025-05-07 17:28:45.310
17841406083211195,17944628762953471,2025-03-11 10:03:11,CAROUSEL_ALBUM,FEED,19,0,,461,0,0,,256,19,2025-05-08 17:30:01.759
17841406083211195,17944628762953471,2025-03-11 10:03:11,CAROUSEL_ALBUM,FEED,19,0,,463,0,0,,257,19,2025-05-13 17:29:33.124
17841406083211195,17944628762953471,2025-03-11 10:03:11,CAROUSEL_ALBUM,FEED,19,0,,464,0,0,,258,19,2025-05-17 17:30:06.318
17841406083211195,17944628762953471,2025-03-11 10:03:11,CAROUSEL_ALBUM,FEED,19,0,,465,0,0,,259,19,2025-05-18 17:30:27.080
17841406083211195,17944628762953471,2025-03-11 10:03:11,CAROUSEL_ALBUM,FEED,19,0,,466,0,0,,260,19,2025-05-20 17:29:17.943
17841406083211195,17944628762953471,2025-03-11 10:03:11,CAROUSEL_ALBUM,FEED,19,0,,467,0,0,,261,19,2025-05-24 17:30:42.259
17841406083211195,17944628762953471,2025-03-11 10:03:11,CAROUSEL_ALBUM,FEED,19,0,,468,0,0,,262,19,2025-05-26 17:30:22.058
17841406083211195,17944628762953471,2025-03-11 10:03:11,CAROUSEL_ALBUM,FEED,19,0,,470,0,0,,263,19,2025-06-05 17:30:15.491
17841406083211195,17944628762953471,2025-03-11 10:03:11,CAROUSEL_ALBUM,FEED,19,0,,481,0,0,,265,19,2025-07-03 17:30:07.995
17841406083211195,17944628762953471,2025-03-11 10:03:11,CAROUSEL_ALBUM,FEED,19,0,,487,0,0,,265,19,2025-07-04 17:31:09.108
17841406083211195,17944628762953471,2025-03-11 10:03:11,CAROUSEL_ALBUM,FEED,19,0,,488,0,0,,265,19,2025-07-08 17:30:04.065
17841406083211195,17944628762953471,2025-03-11 10:03:11,CAROUSEL_ALBUM,FEED,19,0,,490,0,0,,265,19,2025-07-09 17:30:35.109
17841406083211195,17944628762953471,2025-03-11 10:03:11,CAROUSEL_ALBUM,FEED,19,0,,491,0,0,,265,19,2025-07-10 17:29:25.301
17841406083211195,17944628762953471,2025-03-11 10:03:11,CAROUSEL_ALBUM,FEED,19,0,,492,0,0,,265,19,2025-07-15 17:30:00.594
17841406083211195,17944628762953471,2025-03-11 10:03:11,CAROUSEL_ALBUM,FEED,19,0,,493,0,0,,265,19,2025-07-16 17:30:13.813
17841406083211195,17944628762953471,2025-03-11 10:03:11,CAROUSEL_ALBUM,FEED,19,0,,500,0,0,,265,19,2025-07-17 17:29:57.873
17841406083211195,17944628762953471,2025-03-11 10:03:11,CAROUSEL_ALBUM,FEED,19,0,,505,0,0,,265,19,2025-07-19 17:30:13.147
17841406083211195,17944628762953471,2025-03-11 10:03:11,CAROUSEL_ALBUM,FEED,19,0,,506,0,0,,265,19,2025-07-21 17:30:54.850
17841406083211195,17944628762953471,2025-03-11 10:03:11,CAROUSEL_ALBUM,FEED,19,0,,508,0,0,,265,19,2025-07-26 17:30:13.359
17841406083211195,17944628762953471,2025-03-11 10:03:11,CAROUSEL_ALBUM,FEED,19,0,,510,0,0,,267,19,2025-07-29 17:29:59.938
17841406083211195,17944628762953471,2025-03-11 10:03:11,CAROUSEL_ALBUM,FEED,19,0,,513,0,0,,267,19,2025-07-30 17:30:21.219
17841406083211195,17944628762953471,2025-03-11 10:03:11,CAROUSEL_ALBUM,FEED,19,0,,514,0,0,,267,19,2025-07-31 17:29:02.401
17841406083211195,17944628762953471,2025-03-11 10:03:11,CAROUSEL_ALBUM,FEED,19,0,,516,0,0,,267,19,2025-08-03 17:29:51.707
17841406083211195,17944628762953471,2025-03-11 10:03:11,CAROUSEL_ALBUM,FEED,19,0,,517,0,0,,267,19,2025-08-04 17:30:32.196
17841406083211195,17944628762953471,2025-03-11 10:03:11,CAROUSEL_ALBUM,FEED,19,0,,518,0,0,,268,19,2025-08-06 17:29:32.814
17841406083211195,17944628762953471,2025-03-11 10:03:11,CAROUSEL_ALBUM,FEED,19,0,,521,0,0,,268,19,2025-08-07 17:30:03.405
17841406083211195,17944628762953471,2025-03-11 10:03:11,CAROUSEL_ALBUM,FEED,19,0,,524,0,0,,268,19,2025-08-08 17:29:41.595
17841406083211195,17944628762953471,2025-03-11 10:03:11,CAROUSEL_ALBUM,FEED,19,0,,529,0,0,,268,19,2025-08-11 17:30:48.468
17841406083211195,17944628762953471,2025-03-11 10:03:11,CAROUSEL_ALBUM,FEED,19,0,,534,0,0,,268,19,2025-08-13 17:30:05.531
17841406083211195,17944873124989038,2025-05-09 10:10:25,CAROUSEL_ALBUM,FEED,7,0,,90,0,14,,63,21,2025-05-09 17:30:57.512
17841406083211195,17944873124989038,2025-05-09 10:10:25,CAROUSEL_ALBUM,FEED,7,0,,139,0,14,,86,21,2025-05-10 17:30:27.671
17841406083211195,17944873124989038,2025-05-09 10:10:25,CAROUSEL_ALBUM,FEED,7,0,,151,0,14,,93,21,2025-05-11 17:29:37.309
17841406083211195,17944873124989038,2025-05-09 10:10:25,CAROUSEL_ALBUM,FEED,7,0,,167,0,14,,99,21,2025-05-12 17:30:35.035
17841406083211195,17944873124989038,2025-05-09 10:10:25,CAROUSEL_ALBUM,FEED,8,0,,178,0,14,,104,22,2025-05-13 17:29:33.122
17841406083211195,17944873124989038,2025-05-09 10:10:25,CAROUSEL_ALBUM,FEED,8,0,,180,0,14,,105,22,2025-05-14 17:30:05.775
17841406083211195,17944873124989038,2025-05-09 10:10:25,CAROUSEL_ALBUM,FEED,8,0,,186,0,14,,109,22,2025-05-16 17:31:00.288
17841406083211195,17944873124989038,2025-05-09 10:10:25,CAROUSEL_ALBUM,FEED,8,0,,187,0,14,,110,22,2025-05-17 17:30:06.317
17841406083211195,17944873124989038,2025-05-09 10:10:25,CAROUSEL_ALBUM,FEED,8,0,,188,0,14,,111,22,2025-05-18 17:30:27.079
17841406083211195,17944873124989038,2025-05-09 10:10:25,CAROUSEL_ALBUM,FEED,8,0,,193,0,14,,114,22,2025-05-19 17:30:02.661
17841406083211195,17944873124989038,2025-05-09 10:10:25,CAROUSEL_ALBUM,FEED,8,0,,195,0,14,,115,22,2025-05-21 17:30:08.513
17841406083211195,17944873124989038,2025-05-09 10:10:25,CAROUSEL_ALBUM,FEED,8,0,,198,0,14,,116,22,2025-05-22 17:30:10.257
17841406083211195,17944873124989038,2025-05-09 10:10:25,CAROUSEL_ALBUM,FEED,8,0,,203,0,14,,120,22,2025-05-23 17:30:42.872
17841406083211195,17944873124989038,2025-05-09 10:10:25,CAROUSEL_ALBUM,FEED,8,0,,204,0,14,,121,22,2025-05-25 17:31:05.651
17841406083211195,17944873124989038,2025-05-09 10:10:25,CAROUSEL_ALBUM,FEED,8,0,,206,0,14,,122,22,2025-05-26 17:30:22.055
17841406083211195,17944873124989038,2025-05-09 10:10:25,CAROUSEL_ALBUM,FEED,8,0,,207,0,14,,123,22,2025-05-28 17:30:33.826
17841406083211195,17944873124989038,2025-05-09 10:10:25,CAROUSEL_ALBUM,FEED,8,0,,208,0,14,,123,22,2025-05-30 17:29:56.104
17841406083211195,17944873124989038,2025-05-09 10:10:25,CAROUSEL_ALBUM,FEED,8,0,,210,0,14,,124,22,2025-05-31 17:30:02.396
17841406083211195,17944873124989038,2025-05-09 10:10:25,CAROUSEL_ALBUM,FEED,8,0,,211,0,14,,124,22,2025-06-01 17:29:49.083
17841406083211195,17944873124989038,2025-05-09 10:10:25,CAROUSEL_ALBUM,FEED,8,0,,212,0,14,,125,22,2025-06-02 17:30:36.020
17841406083211195,17944873124989038,2025-05-09 10:10:25,CAROUSEL_ALBUM,FEED,8,0,,213,0,14,,125,22,2025-06-04 17:30:00.715
17841406083211195,17944873124989038,2025-05-09 10:10:25,CAROUSEL_ALBUM,FEED,8,0,,216,0,14,,127,22,2025-06-05 17:30:15.489
17841406083211195,17944873124989038,2025-05-09 10:10:25,CAROUSEL_ALBUM,FEED,8,0,,232,0,14,,137,22,2025-07-03 03:00:02.141
17841406083211195,17944873124989038,2025-05-09 10:10:25,CAROUSEL_ALBUM,FEED,8,0,,233,0,14,,137,22,2025-07-03 17:29:59.205
17841406083211195,17944873124989038,2025-05-09 10:10:25,CAROUSEL_ALBUM,FEED,8,0,,234,0,14,,137,22,2025-07-04 17:30:58.668
17841406083211195,17944873124989038,2025-05-09 10:10:25,CAROUSEL_ALBUM,FEED,8,0,,239,0,14,,137,22,2025-07-05 17:29:52.042
17841406083211195,17944873124989038,2025-05-09 10:10:25,CAROUSEL_ALBUM,FEED,8,0,,240,0,14,,138,22,2025-07-08 17:29:53.732
17841406083211195,17944873124989038,2025-05-09 10:10:25,CAROUSEL_ALBUM,FEED,8,0,,241,0,14,,138,22,2025-07-09 17:30:26.349
17841406083211195,17944873124989038,2025-05-09 10:10:25,CAROUSEL_ALBUM,FEED,8,0,,243,0,14,,138,22,2025-07-15 17:29:51.510
17841406083211195,17944873124989038,2025-05-09 10:10:25,CAROUSEL_ALBUM,FEED,8,0,,244,0,14,,138,22,2025-07-16 17:30:05.707
17841406083211195,17944873124989038,2025-05-09 10:10:25,CAROUSEL_ALBUM,FEED,8,0,,247,0,14,,138,22,2025-07-21 17:30:41.014
17841406083211195,17944873124989038,2025-05-09 10:10:25,CAROUSEL_ALBUM,FEED,8,0,,249,0,14,,138,22,2025-07-22 17:30:36.348
17841406083211195,17944873124989038,2025-05-09 10:10:25,CAROUSEL_ALBUM,FEED,8,0,,250,0,14,,138,22,2025-07-23 17:30:15.883
17841406083211195,17944873124989038,2025-05-09 10:10:25,CAROUSEL_ALBUM,FEED,8,0,,256,0,14,,138,22,2025-07-27 17:30:43.455
17841406083211195,17944873124989038,2025-05-09 10:10:25,CAROUSEL_ALBUM,FEED,8,0,,257,0,14,,138,22,2025-07-29 17:29:59.936
17841406083211195,17944873124989038,2025-05-09 10:10:25,CAROUSEL_ALBUM,FEED,8,0,,264,0,14,,140,22,2025-07-31 17:29:02.397
17841406083211195,17944873124989038,2025-05-09 10:10:25,CAROUSEL_ALBUM,FEED,8,0,,271,0,14,,140,22,2025-08-06 17:29:32.812
17841406083211195,17944873124989038,2025-05-09 10:10:25,CAROUSEL_ALBUM,FEED,8,0,,274,0,14,,140,22,2025-08-08 17:29:41.591
17841406083211195,17944873124989038,2025-05-09 10:10:25,CAROUSEL_ALBUM,FEED,8,0,,286,0,14,,141,22,2025-08-10 17:29:54.201
17841406083211195,17944873124989038,2025-05-09 10:10:25,CAROUSEL_ALBUM,FEED,8,0,,287,0,14,,141,22,2025-08-11 17:30:48.466
17841406083211195,17944873124989038,2025-05-09 10:10:25,CAROUSEL_ALBUM,FEED,8,0,,294,0,14,,141,22,2025-08-12 17:31:33.941
17841406083211195,17944873124989038,2025-05-09 10:10:25,CAROUSEL_ALBUM,FEED,8,0,,298,0,14,,141,22,2025-08-14 17:30:40.915
17841406083211195,17944873124989038,2025-05-09 10:10:25,CAROUSEL_ALBUM,FEED,8,0,,306,0,14,,141,22,2025-08-16 17:29:42.439
17841406083211195,17944873124989038,2025-05-09 10:10:25,CAROUSEL_ALBUM,FEED,8,0,,307,0,14,,141,22,2025-08-17 17:28:52.676
17841406083211195,17944873124989038,2025-05-09 10:10:25,CAROUSEL_ALBUM,FEED,8,0,,311,0,14,,141,22,2025-08-18 17:29:03.013
17841406083211195,17944873124989038,2025-05-09 10:10:25,CAROUSEL_ALBUM,FEED,8,0,,313,0,14,,141,22,2025-08-19 17:29:48.965
17841406083211195,17944873124989038,2025-05-09 10:10:25,CAROUSEL_ALBUM,FEED,8,0,,314,0,14,,142,22,2025-08-20 17:29:49.047
17841406083211195,17944873124989038,2025-05-09 10:10:25,CAROUSEL_ALBUM,FEED,8,0,,322,0,14,,142,22,2025-08-21 17:30:28.986
17841406083211195,17944873124989038,2025-05-09 10:10:25,CAROUSEL_ALBUM,FEED,8,0,,323,0,14,,142,22,2025-08-23 17:29:39.824
17841406083211195,17944873124989038,2025-05-09 10:10:25,CAROUSEL_ALBUM,FEED,8,0,,325,0,14,,142,22,2025-08-24 17:29:14.557
17841406083211195,17944873124989038,2025-05-09 10:10:25,CAROUSEL_ALBUM,FEED,8,0,,354,0,14,,142,22,2025-08-25 17:29:45.207
17841406083211195,17944873124989038,2025-05-09 10:10:25,CAROUSEL_ALBUM,FEED,8,0,,360,0,14,,142,22,2025-08-26 17:29:15.102
17841406083211195,17944873124989038,2025-05-09 10:10:25,CAROUSEL_ALBUM,FEED,8,0,,363,0,14,,142,22,2025-08-27 17:30:23.665
17841406083211195,17944873124989038,2025-05-09 10:10:25,CAROUSEL_ALBUM,FEED,8,0,,368,0,14,,142,22,2025-08-28 17:31:28.491
17841406083211195,17944873124989038,2025-05-09 10:10:25,CAROUSEL_ALBUM,FEED,8,0,,369,0,14,,142,22,2025-08-29 17:28:53.241
17841406083211195,17944873124989038,2025-05-09 10:10:25,CAROUSEL_ALBUM,FEED,8,0,,371,0,14,,142,22,2025-08-30 17:30:25.968
17841406083211195,17944873124989038,2025-05-09 10:10:25,CAROUSEL_ALBUM,FEED,8,0,,381,0,14,,142,22,2025-08-31 17:28:56.737
17841406083211195,17944873124989038,2025-05-09 10:10:25,CAROUSEL_ALBUM,FEED,8,0,,460,0,14,,148,22,2025-10-01 04:10:01.751
17841406083211195,17944873124989038,2025-05-09 10:10:25,CAROUSEL_ALBUM,FEED,8,0,,463,0,14,,148,22,2025-10-02 04:04:36.974
17841406083211195,17944873124989038,2025-05-09 10:10:25,CAROUSEL_ALBUM,FEED,8,0,,465,0,14,,148,22,2025-10-02 17:29:39.996
17841406083211195,17944873124989038,2025-05-09 10:10:25,CAROUSEL_ALBUM,FEED,8,0,,466,0,14,,148,22,2025-10-04 17:29:46.377
17841406083211195,17944873124989038,2025-05-09 10:10:25,CAROUSEL_ALBUM,FEED,8,0,,468,0,14,,148,22,2025-10-06 17:28:55.807
17841406083211195,17944873124989038,2025-05-09 10:10:25,CAROUSEL_ALBUM,FEED,8,0,,472,0,14,,148,22,2025-10-08 17:29:48.279
17841406083211195,17944873124989038,2025-05-09 10:10:25,CAROUSEL_ALBUM,FEED,8,0,,480,0,14,,148,22,2025-10-09 17:28:59.250
17841406083211195,17944873124989038,2025-05-09 10:10:25,CAROUSEL_ALBUM,FEED,8,0,,483,0,14,,148,22,2025-10-12 17:28:57.211
17841406083211195,17944873124989038,2025-05-09 10:10:25,CAROUSEL_ALBUM,FEED,8,0,,486,0,14,,148,22,2025-10-13 17:29:00.300
17841406083211195,17944873124989038,2025-05-09 10:10:25,CAROUSEL_ALBUM,FEED,8,0,,487,0,14,,148,22,2025-10-14 17:28:28.915
17841406083211195,17944873124989038,2025-05-09 10:10:25,CAROUSEL_ALBUM,FEED,8,0,,488,0,14,,148,22,2025-10-15 17:30:00.903
17841406083211195,17944873124989038,2025-05-09 10:10:25,CAROUSEL_ALBUM,FEED,8,0,,493,0,14,,149,22,2025-10-16 17:29:06.173
17841406083211195,17944873124989038,2025-05-09 10:10:25,CAROUSEL_ALBUM,FEED,8,0,,497,0,14,,149,22,2025-10-17 17:30:04.038
17841406083211195,17944873124989038,2025-05-09 10:10:25,CAROUSEL_ALBUM,FEED,8,0,,500,0,14,,149,22,2025-10-18 17:28:35.970
17841406083211195,17944873124989038,2025-05-09 10:10:25,CAROUSEL_ALBUM,FEED,8,0,,501,0,14,,149,22,2025-10-20 17:29:27.064
17841406083211195,17944873124989038,2025-05-09 10:10:25,CAROUSEL_ALBUM,FEED,8,0,,502,0,14,,149,22,2025-10-21 17:28:55.526
17841406083211195,17944873124989038,2025-05-09 10:10:25,CAROUSEL_ALBUM,FEED,8,0,,503,0,14,,149,22,2025-10-22 17:29:11.378
17841406083211195,17944873124989038,2025-05-09 10:10:25,CAROUSEL_ALBUM,FEED,8,0,,505,0,14,,149,22,2025-10-23 17:28:45.970
17841406083211195,17944873124989038,2025-05-09 10:10:25,CAROUSEL_ALBUM,FEED,8,0,,511,0,14,,149,22,2025-10-27 17:29:04.351
17841406083211195,17944873124989038,2025-05-09 10:10:25,CAROUSEL_ALBUM,FEED,8,0,,526,0,14,,149,22,2025-10-28 17:30:01.155
17841406083211195,17944873124989038,2025-05-09 10:10:25,CAROUSEL_ALBUM,FEED,8,0,,529,0,14,,149,22,2025-10-29 17:29:48.673
17841406083211195,17944873124989038,2025-05-09 10:10:25,CAROUSEL_ALBUM,FEED,8,0,,533,0,14,,149,22,2025-10-31 17:29:18.972
17841406083211195,17944873124989038,2025-05-09 10:10:25,CAROUSEL_ALBUM,FEED,8,0,,534,0,14,,149,22,2025-11-02 17:29:16.151
17841406083211195,17944873124989038,2025-05-09 10:10:25,CAROUSEL_ALBUM,FEED,8,0,,535,0,14,,149,22,2025-11-03 17:29:06.667
17841406083211195,17944873124989038,2025-05-09 10:10:25,CAROUSEL_ALBUM,FEED,8,0,,538,0,14,,149,22,2025-11-04 17:28:36.318
17841406083211195,17944873124989038,2025-05-09 10:10:25,CAROUSEL_ALBUM,FEED,8,0,,543,0,14,,149,22,2025-11-06 17:29:01.635
17841406083211195,17944873124989038,2025-05-09 10:10:25,CAROUSEL_ALBUM,FEED,8,0,,545,0,14,,149,22,2025-11-07 17:29:19.581
17841406083211195,17944873124989038,2025-05-09 10:10:25,CAROUSEL_ALBUM,FEED,8,0,,550,0,14,,149,22,2025-11-09 17:28:56.339
17841406083211195,17944873124989038,2025-05-09 10:10:25,CAROUSEL_ALBUM,FEED,8,0,,554,0,14,,149,22,2025-11-10 17:29:23.639
17841406083211195,17944873124989038,2025-05-09 10:10:25,CAROUSEL_ALBUM,FEED,8,0,,555,0,14,,149,22,2025-11-11 17:29:14.652
17841406083211195,17944873124989038,2025-05-09 10:10:25,CAROUSEL_ALBUM,FEED,8,0,,557,0,14,,149,22,2025-11-12 17:29:12.210
17841406083211195,17944873124989038,2025-05-09 10:10:25,CAROUSEL_ALBUM,FEED,8,0,,558,0,14,,149,22,2025-11-13 17:29:47.733
17841406083211195,17944873124989038,2025-05-09 10:10:25,CAROUSEL_ALBUM,FEED,8,0,,562,0,14,,149,22,2025-11-14 17:29:17.977
17841406083211195,17944873124989038,2025-05-09 10:10:25,CAROUSEL_ALBUM,FEED,8,0,,564,0,14,,149,22,2025-11-15 17:31:07.839
17841406083211195,17944873124989038,2025-05-09 10:10:25,CAROUSEL_ALBUM,FEED,8,0,,566,0,14,,150,22,2025-11-16 17:30:03.481
17841406083211195,17944873124989038,2025-05-09 10:10:25,CAROUSEL_ALBUM,FEED,8,0,,570,0,14,,150,22,2025-11-17 17:29:22.822
17841406083211195,17944873124989038,2025-05-09 10:10:25,CAROUSEL_ALBUM,FEED,8,0,,571,0,14,,150,22,2025-11-18 17:29:13.851
17841406083211195,17944873124989038,2025-05-09 10:10:25,CAROUSEL_ALBUM,FEED,8,0,,572,0,14,,150,22,2025-11-19 17:34:55.382
17841406083211195,17944873124989038,2025-05-09 10:10:25,CAROUSEL_ALBUM,FEED,8,0,,573,0,14,,150,22,2025-11-21 17:35:17.492
17841406083211195,17944873124989038,2025-05-09 10:10:25,CAROUSEL_ALBUM,FEED,8,0,,574,0,14,,150,22,2025-11-24 17:36:00.678
17841406083211195,17944873124989038,2025-05-09 10:10:25,CAROUSEL_ALBUM,FEED,8,0,,576,0,14,,150,22,2025-11-25 17:34:17.704
17841406083211195,17944873124989038,2025-05-09 10:10:25,CAROUSEL_ALBUM,FEED,8,0,,577,0,14,,150,22,2025-11-26 17:36:48.622
17841406083211195,17944873124989038,2025-05-09 10:10:25,CAROUSEL_ALBUM,FEED,8,0,,580,0,14,,151,22,2025-11-30 17:33:23.496
17841406083211195,17944873124989038,2025-05-09 10:10:25,CAROUSEL_ALBUM,FEED,8,0,,581,0,14,,151,22,2025-12-01 17:33:33.579
17841406083211195,17944873124989038,2025-05-09 10:10:25,CAROUSEL_ALBUM,FEED,8,0,,582,0,14,,151,22,2025-12-02 17:34:52.696
17841406083211195,17944873124989038,2025-05-09 10:10:25,CAROUSEL_ALBUM,FEED,8,0,,584,0,14,,151,22,2025-12-03 17:36:09.388
17841406083211195,17944873124989038,2025-05-09 10:10:25,CAROUSEL_ALBUM,FEED,8,0,,587,0,14,,151,22,2025-12-05 17:34:22.772
17841406083211195,17944873124989038,2025-05-09 10:10:25,CAROUSEL_ALBUM,FEED,8,0,,588,0,14,,151,22,2025-12-07 17:33:15.197
17841406083211195,17944873124989038,2025-05-09 10:10:25,CAROUSEL_ALBUM,FEED,8,0,,589,0,14,,151,22,2025-12-09 17:35:08.328
17841406083211195,17944873124989038,2025-05-09 10:10:25,CAROUSEL_ALBUM,FEED,8,0,,590,0,14,,151,22,2025-12-11 17:33:27.318
17841406083211195,17944873124989038,2025-05-09 10:10:25,CAROUSEL_ALBUM,FEED,8,0,,592,0,14,,151,22,2025-12-12 17:35:06.523
17841406083211195,17944873124989038,2025-05-09 10:10:25,CAROUSEL_ALBUM,FEED,8,0,,594,0,14,,151,22,2025-12-17 17:29:02.283
17841406083211195,17944873124989038,2025-05-09 10:10:25,CAROUSEL_ALBUM,FEED,8,0,,595,0,14,,151,22,2025-12-21 17:30:09.424
17841406083211195,17944873124989038,2025-05-09 10:10:25,CAROUSEL_ALBUM,FEED,8,0,,596,0,14,,151,22,2025-12-22 17:28:52.803
17841406083211195,17944873124989038,2025-05-09 10:10:25,CAROUSEL_ALBUM,FEED,8,0,,597,0,14,,151,22,2025-12-24 17:29:21.591
17841406083211195,17944873124989038,2025-05-09 10:10:25,CAROUSEL_ALBUM,FEED,8,0,,599,0,14,,151,22,2025-12-25 17:29:40.548
17841406083211195,18013090022799382,2025-12-01 10:48:16,CAROUSEL_ALBUM,FEED,3,0,,63,0,0,,30,3,2025-12-01 17:34:08.918
17841406083211195,18013090022799382,2025-12-01 10:48:16,CAROUSEL_ALBUM,FEED,3,0,,131,0,0,,46,3,2025-12-02 17:35:38.576
17841406083211195,18013090022799382,2025-12-01 10:48:16,CAROUSEL_ALBUM,FEED,3,0,,182,0,0,,54,3,2025-12-03 17:36:55.134
17841406083211195,18013090022799382,2025-12-01 10:48:16,CAROUSEL_ALBUM,FEED,3,0,,235,0,0,,57,3,2025-12-04 17:35:00.181
17841406083211195,18013090022799382,2025-12-01 10:48:16,CAROUSEL_ALBUM,FEED,3,0,,250,0,0,,59,3,2025-12-05 17:34:57.778
17841406083211195,18013090022799382,2025-12-01 10:48:16,CAROUSEL_ALBUM,FEED,3,0,,285,0,0,,64,3,2025-12-06 17:35:35.216
17841406083211195,18013090022799382,2025-12-01 10:48:16,CAROUSEL_ALBUM,FEED,3,0,,303,0,0,,65,3,2025-12-07 17:33:54.989
17841406083211195,18013090022799382,2025-12-01 10:48:16,CAROUSEL_ALBUM,FEED,3,0,,317,0,0,,65,3,2025-12-08 17:33:41.617
17841406083211195,18013090022799382,2025-12-01 10:48:16,CAROUSEL_ALBUM,FEED,3,0,,345,0,0,,65,3,2025-12-09 17:35:53.036
17841406083211195,18013090022799382,2025-12-01 10:48:16,CAROUSEL_ALBUM,FEED,3,0,,373,0,0,,67,3,2025-12-10 17:36:44.470
17841406083211195,18013090022799382,2025-12-01 10:48:16,CAROUSEL_ALBUM,FEED,3,0,,387,0,0,,68,3,2025-12-11 17:34:06.398
17841406083211195,18013090022799382,2025-12-01 10:48:16,CAROUSEL_ALBUM,FEED,3,0,,402,0,0,,68,3,2025-12-12 17:36:01.941
17841406083211195,18013090022799382,2025-12-01 10:48:16,CAROUSEL_ALBUM,FEED,4,0,,430,0,0,,72,4,2025-12-15 06:34:28.295
17841406083211195,18013090022799382,2025-12-01 10:48:16,CAROUSEL_ALBUM,FEED,4,0,,434,0,0,,73,4,2025-12-15 17:37:24.710
17841406083211195,18013090022799382,2025-12-01 10:48:16,CAROUSEL_ALBUM,FEED,4,0,,438,0,0,,74,4,2025-12-16 17:35:03.682
17841406083211195,18013090022799382,2025-12-01 10:48:16,CAROUSEL_ALBUM,FEED,4,0,,445,0,0,,75,4,2025-12-17 17:28:40.156
17841406083211195,18013090022799382,2025-12-01 10:48:16,CAROUSEL_ALBUM,FEED,4,0,,458,0,0,,76,4,2025-12-18 17:30:53.827
17841406083211195,18013090022799382,2025-12-01 10:48:16,CAROUSEL_ALBUM,FEED,4,0,,460,0,0,,76,4,2025-12-19 17:30:14.537
17841406083211195,18013090022799382,2025-12-01 10:48:16,CAROUSEL_ALBUM,FEED,4,0,,462,0,0,,77,4,2025-12-20 17:37:00.948
17841406083211195,18013090022799382,2025-12-01 10:48:16,CAROUSEL_ALBUM,FEED,4,0,,463,0,0,,77,4,2025-12-21 17:29:37.402
17841406083211195,18013090022799382,2025-12-01 10:48:16,CAROUSEL_ALBUM,FEED,4,0,,476,0,0,,78,4,2025-12-22 17:28:31.297
17841406083211195,18013090022799382,2025-12-01 10:48:16,CAROUSEL_ALBUM,FEED,4,0,,479,0,0,,79,4,2025-12-23 17:28:29.230
17841406083211195,18013090022799382,2025-12-01 10:48:16,CAROUSEL_ALBUM,FEED,4,0,,481,0,0,,80,4,2025-12-24 17:28:54.116
17841406083211195,18013090022799382,2025-12-01 10:48:16,CAROUSEL_ALBUM,FEED,4,0,,482,0,0,,80,4,2025-12-25 17:29:03.352
17841406083211195,18014632061734945,2025-06-25 10:30:03,CAROUSEL_ALBUM,FEED,7,0,,276,0,13,,98,20,2025-07-03 03:00:02.137
17841406083211195,18014632061734945,2025-06-25 10:30:03,CAROUSEL_ALBUM,FEED,7,0,,284,0,13,,100,20,2025-07-03 17:29:59.201
17841406083211195,18014632061734945,2025-06-25 10:30:03,CAROUSEL_ALBUM,FEED,7,0,,299,0,13,,105,20,2025-07-04 17:30:58.665
17841406083211195,18014632061734945,2025-06-25 10:30:03,CAROUSEL_ALBUM,FEED,7,0,,310,0,13,,105,20,2025-07-05 17:29:52.039
17841406083211195,18014632061734945,2025-06-25 10:30:03,CAROUSEL_ALBUM,FEED,7,0,,315,0,13,,106,20,2025-07-06 17:30:30.232
17841406083211195,18014632061734945,2025-06-25 10:30:03,CAROUSEL_ALBUM,FEED,7,0,,332,0,13,,112,20,2025-07-07 17:30:38.825
17841406083211195,18014632061734945,2025-06-25 10:30:03,CAROUSEL_ALBUM,FEED,7,0,,344,0,13,,116,20,2025-07-08 17:29:53.725
17841406083211195,18014632061734945,2025-06-25 10:30:03,CAROUSEL_ALBUM,FEED,7,0,,347,0,13,,117,20,2025-07-09 17:30:26.338
17841406083211195,18014632061734945,2025-06-25 10:30:03,CAROUSEL_ALBUM,FEED,7,0,,355,0,13,,118,20,2025-07-10 17:29:17.328
17841406083211195,18014632061734945,2025-06-25 10:30:03,CAROUSEL_ALBUM,FEED,7,0,,358,0,13,,118,20,2025-07-11 17:29:41.210
17841406083211195,18014632061734945,2025-06-25 10:30:03,CAROUSEL_ALBUM,FEED,7,0,,359,0,13,,118,20,2025-07-13 17:29:26.769
17841406083211195,18014632061734945,2025-06-25 10:30:03,CAROUSEL_ALBUM,FEED,7,0,,365,0,13,,118,20,2025-07-14 17:30:26.667
17841406083211195,18014632061734945,2025-06-25 10:30:03,CAROUSEL_ALBUM,FEED,7,0,,366,0,13,,118,20,2025-07-15 17:29:51.508
17841406083211195,18014632061734945,2025-06-25 10:30:03,CAROUSEL_ALBUM,FEED,7,0,,368,0,13,,118,20,2025-07-16 17:30:05.704
17841406083211195,18014632061734945,2025-06-25 10:30:03,CAROUSEL_ALBUM,FEED,7,0,,386,0,13,,119,20,2025-07-17 17:29:49.483
17841406083211195,18014632061734945,2025-06-25 10:30:03,CAROUSEL_ALBUM,FEED,7,0,,387,0,13,,119,20,2025-07-18 17:29:48.361
17841406083211195,18014632061734945,2025-06-25 10:30:03,CAROUSEL_ALBUM,FEED,7,0,,389,0,13,,120,20,2025-07-20 17:30:14.560
17841406083211195,18014632061734945,2025-06-25 10:30:03,CAROUSEL_ALBUM,FEED,7,0,,391,0,13,,121,20,2025-07-21 17:30:41.011
17841406083211195,18014632061734945,2025-06-25 10:30:03,CAROUSEL_ALBUM,FEED,7,0,,398,0,13,,121,20,2025-07-22 17:30:36.347
17841406083211195,18014632061734945,2025-06-25 10:30:03,CAROUSEL_ALBUM,FEED,7,0,,405,0,13,,122,20,2025-07-23 17:30:15.880
17841406083211195,18014632061734945,2025-06-25 10:30:03,CAROUSEL_ALBUM,FEED,7,0,,413,0,13,,123,20,2025-07-24 17:30:01.593
17841406083211195,18014632061734945,2025-06-25 10:30:03,CAROUSEL_ALBUM,FEED,7,0,,416,0,13,,123,20,2025-07-25 17:29:40.352
17841406083211195,18014632061734945,2025-06-25 10:30:03,CAROUSEL_ALBUM,FEED,7,0,,418,0,13,,124,20,2025-07-27 17:30:34.301
17841406083211195,18014632061734945,2025-06-25 10:30:03,CAROUSEL_ALBUM,FEED,7,0,,429,0,13,,124,20,2025-07-28 17:29:11.638
17841406083211195,18014632061734945,2025-06-25 10:30:03,CAROUSEL_ALBUM,FEED,7,0,,432,0,13,,124,20,2025-07-29 17:29:46.526
17841406083211195,18014632061734945,2025-06-25 10:30:03,CAROUSEL_ALBUM,FEED,7,0,,439,0,13,,127,20,2025-07-31 17:28:52.253
17841406083211195,18014632061734945,2025-06-25 10:30:03,CAROUSEL_ALBUM,FEED,7,0,,443,0,13,,127,20,2025-08-01 17:30:02.445
17841406083211195,18014632061734945,2025-06-25 10:30:03,CAROUSEL_ALBUM,FEED,7,0,,445,0,13,,128,20,2025-08-04 17:30:20.387
17841406083211195,18014632061734945,2025-06-25 10:30:03,CAROUSEL_ALBUM,FEED,7,0,,447,0,13,,128,20,2025-08-05 17:30:25.819
17841406083211195,18014632061734945,2025-06-25 10:30:03,CAROUSEL_ALBUM,FEED,7,0,,449,0,13,,128,20,2025-08-06 17:29:21.809
17841406083211195,18014632061734945,2025-06-25 10:30:03,CAROUSEL_ALBUM,FEED,7,0,,459,0,13,,129,20,2025-08-07 17:29:51.643
17841406083211195,18014632061734945,2025-06-25 10:30:03,CAROUSEL_ALBUM,FEED,7,0,,460,0,13,,129,20,2025-08-08 17:29:30.430
17841406083211195,18014632061734945,2025-06-25 10:30:03,CAROUSEL_ALBUM,FEED,7,0,,473,0,13,,129,20,2025-08-09 17:29:16.342
17841406083211195,18014632061734945,2025-06-25 10:30:03,CAROUSEL_ALBUM,FEED,7,0,,476,0,13,,129,20,2025-08-10 17:29:41.089
17841406083211195,18014632061734945,2025-06-25 10:30:03,CAROUSEL_ALBUM,FEED,7,0,,481,0,13,,129,20,2025-08-11 17:30:32.957
17841406083211195,18014632061734945,2025-06-25 10:30:03,CAROUSEL_ALBUM,FEED,7,0,,491,0,13,,129,20,2025-08-12 17:31:22.344
17841406083211195,18014632061734945,2025-06-25 10:30:03,CAROUSEL_ALBUM,FEED,7,0,,495,0,13,,130,20,2025-08-13 17:29:54.289
17841406083211195,18014632061734945,2025-06-25 10:30:03,CAROUSEL_ALBUM,FEED,7,0,,496,0,13,,130,20,2025-08-14 17:30:30.700
17841406083211195,18014632061734945,2025-06-25 10:30:03,CAROUSEL_ALBUM,FEED,7,0,,508,0,13,,130,20,2025-08-15 17:29:20.109
17841406083211195,18014632061734945,2025-06-25 10:30:03,CAROUSEL_ALBUM,FEED,7,0,,512,0,13,,130,20,2025-08-16 17:29:29.894
17841406083211195,18014632061734945,2025-06-25 10:30:03,CAROUSEL_ALBUM,FEED,7,0,,515,0,13,,130,20,2025-08-17 17:28:43.176
17841406083211195,18014632061734945,2025-06-25 10:30:03,CAROUSEL_ALBUM,FEED,7,0,,526,0,13,,130,20,2025-08-18 17:28:55.666
17841406083211195,18014632061734945,2025-06-25 10:30:03,CAROUSEL_ALBUM,FEED,7,0,,529,0,13,,130,20,2025-08-19 17:29:34.423
17841406083211195,18014632061734945,2025-06-25 10:30:03,CAROUSEL_ALBUM,FEED,7,0,,533,0,13,,131,20,2025-08-20 17:29:40.859
17841406083211195,18014632061734945,2025-06-25 10:30:03,CAROUSEL_ALBUM,FEED,7,0,,541,0,13,,131,20,2025-08-21 17:30:19.071
17841406083211195,18014632061734945,2025-06-25 10:30:03,CAROUSEL_ALBUM,FEED,7,0,,553,0,13,,132,20,2025-08-22 17:29:22.406
17841406083211195,18014632061734945,2025-06-25 10:30:03,CAROUSEL_ALBUM,FEED,7,0,,556,0,13,,132,20,2025-08-23 17:29:30.922
17841406083211195,18014632061734945,2025-06-25 10:30:03,CAROUSEL_ALBUM,FEED,7,0,,558,0,13,,132,20,2025-08-24 17:29:05.923
17841406083211195,18014632061734945,2025-06-25 10:30:03,CAROUSEL_ALBUM,FEED,7,0,,593,0,13,,132,20,2025-08-25 17:29:34.726
17841406083211195,18014632061734945,2025-06-25 10:30:03,CAROUSEL_ALBUM,FEED,7,0,,606,0,13,,133,20,2025-08-26 17:29:05.575
17841406083211195,18014632061734945,2025-06-25 10:30:03,CAROUSEL_ALBUM,FEED,7,0,,613,0,13,,133,20,2025-08-27 17:30:15.452
17841406083211195,18014632061734945,2025-06-25 10:30:03,CAROUSEL_ALBUM,FEED,7,0,,624,0,13,,133,20,2025-08-28 17:31:18.222
17841406083211195,18014632061734945,2025-06-25 10:30:03,CAROUSEL_ALBUM,FEED,7,0,,633,0,13,,133,20,2025-08-29 17:28:45.763
17841406083211195,18014632061734945,2025-06-25 10:30:03,CAROUSEL_ALBUM,FEED,7,0,,640,0,13,,133,20,2025-08-30 17:30:09.888
17841406083211195,18014632061734945,2025-06-25 10:30:03,CAROUSEL_ALBUM,FEED,7,0,,652,0,13,,133,20,2025-08-31 17:28:47.916
17841406083211195,18014632061734945,2025-06-25 10:30:03,CAROUSEL_ALBUM,FEED,7,0,,812,0,13,,138,20,2025-10-01 04:10:01.742
17841406083211195,18014632061734945,2025-06-25 10:30:03,CAROUSEL_ALBUM,FEED,7,0,,817,0,13,,138,20,2025-10-02 04:04:36.972
17841406083211195,18014632061734945,2025-06-25 10:30:03,CAROUSEL_ALBUM,FEED,7,0,,824,0,13,,138,20,2025-10-02 17:29:39.994
17841406083211195,18014632061734945,2025-06-25 10:30:03,CAROUSEL_ALBUM,FEED,7,0,,831,0,13,,138,20,2025-10-04 17:29:46.374
17841406083211195,18014632061734945,2025-06-25 10:30:03,CAROUSEL_ALBUM,FEED,7,0,,838,0,13,,138,20,2025-10-05 17:29:33.591
17841406083211195,18014632061734945,2025-06-25 10:30:03,CAROUSEL_ALBUM,FEED,7,0,,839,0,13,,138,20,2025-10-06 17:28:55.803
17841406083211195,18014632061734945,2025-06-25 10:30:03,CAROUSEL_ALBUM,FEED,7,0,,845,0,13,,140,20,2025-10-07 17:28:36.700
17841406083211195,18014632061734945,2025-06-25 10:30:03,CAROUSEL_ALBUM,FEED,7,0,,846,0,13,,140,20,2025-10-08 17:29:48.277
17841406083211195,18014632061734945,2025-06-25 10:30:03,CAROUSEL_ALBUM,FEED,7,0,,855,0,13,,140,20,2025-10-09 17:28:59.247
17841406083211195,18014632061734945,2025-06-25 10:30:03,CAROUSEL_ALBUM,FEED,7,0,,856,0,13,,140,20,2025-10-10 17:30:14.049
17841406083211195,18014632061734945,2025-06-25 10:30:03,CAROUSEL_ALBUM,FEED,7,0,,858,0,13,,140,20,2025-10-12 17:28:57.207
17841406083211195,18014632061734945,2025-06-25 10:30:03,CAROUSEL_ALBUM,FEED,7,0,,866,0,13,,140,20,2025-10-13 17:29:00.297
17841406083211195,18014632061734945,2025-06-25 10:30:03,CAROUSEL_ALBUM,FEED,7,0,,869,0,13,,140,20,2025-10-14 17:28:28.912
17841406083211195,18014632061734945,2025-06-25 10:30:03,CAROUSEL_ALBUM,FEED,7,0,,871,0,13,,140,20,2025-10-15 17:30:00.901
17841406083211195,18014632061734945,2025-06-25 10:30:03,CAROUSEL_ALBUM,FEED,7,0,,874,0,13,,141,20,2025-10-16 17:29:06.170
17841406083211195,18014632061734945,2025-06-25 10:30:03,CAROUSEL_ALBUM,FEED,7,0,,883,0,13,,141,20,2025-10-17 17:30:04.035
17841406083211195,18014632061734945,2025-06-25 10:30:03,CAROUSEL_ALBUM,FEED,7,0,,886,0,13,,142,20,2025-10-18 17:28:35.966
17841406083211195,18014632061734945,2025-06-25 10:30:03,CAROUSEL_ALBUM,FEED,7,0,,887,0,13,,142,20,2025-10-19 17:28:40.294
17841406083211195,18014632061734945,2025-06-25 10:30:03,CAROUSEL_ALBUM,FEED,7,0,,889,0,13,,142,20,2025-10-20 17:29:27.062
17841406083211195,18014632061734945,2025-06-25 10:30:03,CAROUSEL_ALBUM,FEED,7,0,,890,0,13,,142,20,2025-10-21 17:28:47.398
17841406083211195,18014632061734945,2025-06-25 10:30:03,CAROUSEL_ALBUM,FEED,7,0,,894,0,13,,142,20,2025-10-22 17:29:00.823
17841406083211195,18014632061734945,2025-06-25 10:30:03,CAROUSEL_ALBUM,FEED,7,0,,898,0,13,,142,20,2025-10-23 17:28:36.352
17841406083211195,18014632061734945,2025-06-25 10:30:03,CAROUSEL_ALBUM,FEED,7,0,,901,0,13,,142,20,2025-10-27 17:28:53.345
17841406083211195,18014632061734945,2025-06-25 10:30:03,CAROUSEL_ALBUM,FEED,7,0,,902,0,13,,142,20,2025-10-28 17:29:49.181
17841406083211195,18014632061734945,2025-06-25 10:30:03,CAROUSEL_ALBUM,FEED,7,0,,903,0,13,,142,20,2025-10-29 17:29:38.416
17841406083211195,18014632061734945,2025-06-25 10:30:03,CAROUSEL_ALBUM,FEED,7,0,,907,0,13,,142,20,2025-10-31 17:29:10.250
17841406083211195,18014632061734945,2025-06-25 10:30:03,CAROUSEL_ALBUM,FEED,7,0,,908,0,13,,142,20,2025-11-02 17:29:05.342
17841406083211195,18014632061734945,2025-06-25 10:30:03,CAROUSEL_ALBUM,FEED,7,0,,909,0,13,,142,20,2025-11-03 17:28:57.549
17841406083211195,18014632061734945,2025-06-25 10:30:03,CAROUSEL_ALBUM,FEED,7,0,,910,0,13,,142,20,2025-11-04 17:28:28.075
17841406083211195,18014632061734945,2025-06-25 10:30:03,CAROUSEL_ALBUM,FEED,7,0,,916,0,13,,142,20,2025-11-06 17:28:50.914
17841406083211195,18014632061734945,2025-06-25 10:30:03,CAROUSEL_ALBUM,FEED,7,0,,918,0,13,,142,20,2025-11-07 17:29:10.480
17841406083211195,18014632061734945,2025-06-25 10:30:03,CAROUSEL_ALBUM,FEED,7,0,,924,0,13,,142,20,2025-11-09 17:28:46.276
17841406083211195,18014632061734945,2025-06-25 10:30:03,CAROUSEL_ALBUM,FEED,7,0,,928,0,13,,142,20,2025-11-10 17:29:14.398
17841406083211195,18014632061734945,2025-06-25 10:30:03,CAROUSEL_ALBUM,FEED,7,0,,933,0,13,,142,20,2025-11-11 17:29:05.805
17841406083211195,18014632061734945,2025-06-25 10:30:03,CAROUSEL_ALBUM,FEED,7,0,,936,0,13,,142,20,2025-11-12 17:29:04.428
17841406083211195,18014632061734945,2025-06-25 10:30:03,CAROUSEL_ALBUM,FEED,7,0,,939,0,13,,142,20,2025-11-13 17:29:31.130
17841406083211195,18014632061734945,2025-06-25 10:30:03,CAROUSEL_ALBUM,FEED,7,0,,942,0,13,,142,20,2025-11-14 17:29:08.308
17841406083211195,18014632061734945,2025-06-25 10:30:03,CAROUSEL_ALBUM,FEED,7,0,,948,0,13,,142,20,2025-11-16 17:29:49.612
17841406083211195,18014632061734945,2025-06-25 10:30:03,CAROUSEL_ALBUM,FEED,7,0,,953,0,13,,142,20,2025-11-18 17:29:03.770
17841406083211195,18014632061734945,2025-06-25 10:30:03,CAROUSEL_ALBUM,FEED,7,0,,957,0,13,,143,20,2025-11-19 17:34:55.380
17841406083211195,18014632061734945,2025-06-25 10:30:03,CAROUSEL_ALBUM,FEED,7,0,,958,0,13,,143,20,2025-11-20 17:35:25.636
17841406083211195,18014632061734945,2025-06-25 10:30:03,CAROUSEL_ALBUM,FEED,7,0,,959,0,13,,143,20,2025-11-21 17:35:17.488
17841406083211195,18014632061734945,2025-06-25 10:30:03,CAROUSEL_ALBUM,FEED,7,0,,960,0,13,,143,20,2025-11-24 17:36:00.676
17841406083211195,18014632061734945,2025-06-25 10:30:03,CAROUSEL_ALBUM,FEED,7,0,,962,0,13,,143,20,2025-11-25 17:34:17.703
17841406083211195,18014632061734945,2025-06-25 10:30:03,CAROUSEL_ALBUM,FEED,7,0,,963,0,13,,143,20,2025-11-26 17:36:48.619
17841406083211195,18014632061734945,2025-06-25 10:30:03,CAROUSEL_ALBUM,FEED,7,0,,964,0,13,,143,20,2025-11-28 17:34:54.936
17841406083211195,18014632061734945,2025-06-25 10:30:03,CAROUSEL_ALBUM,FEED,7,0,,966,0,13,,143,20,2025-11-30 17:33:23.493
17841406083211195,18014632061734945,2025-06-25 10:30:03,CAROUSEL_ALBUM,FEED,7,0,,967,0,13,,143,20,2025-12-02 17:34:52.695
17841406083211195,18014632061734945,2025-06-25 10:30:03,CAROUSEL_ALBUM,FEED,7,0,,969,0,13,,143,20,2025-12-03 17:36:09.385
17841406083211195,18014632061734945,2025-06-25 10:30:03,CAROUSEL_ALBUM,FEED,7,0,,974,0,13,,144,20,2025-12-05 17:34:22.769
17841406083211195,18014632061734945,2025-06-25 10:30:03,CAROUSEL_ALBUM,FEED,7,0,,975,0,13,,144,20,2025-12-07 17:33:15.194
17841406083211195,18014632061734945,2025-06-25 10:30:03,CAROUSEL_ALBUM,FEED,7,0,,979,0,13,,144,20,2025-12-08 17:32:58.806
17841406083211195,18014632061734945,2025-06-25 10:30:03,CAROUSEL_ALBUM,FEED,7,0,,981,0,13,,144,20,2025-12-09 17:35:08.321
17841406083211195,18014632061734945,2025-06-25 10:30:03,CAROUSEL_ALBUM,FEED,7,0,,984,0,13,,144,20,2025-12-11 17:33:27.316
17841406083211195,18014632061734945,2025-06-25 10:30:03,CAROUSEL_ALBUM,FEED,7,0,,986,0,13,,144,20,2025-12-12 17:35:06.521
17841406083211195,18014632061734945,2025-06-25 10:30:03,CAROUSEL_ALBUM,FEED,7,0,,989,0,13,,144,20,2025-12-15 06:33:48.702
17841406083211195,18014632061734945,2025-06-25 10:30:03,CAROUSEL_ALBUM,FEED,7,0,,990,0,13,,144,20,2025-12-17 17:29:02.282
17841406083211195,18014632061734945,2025-06-25 10:30:03,CAROUSEL_ALBUM,FEED,7,0,,991,0,13,,144,20,2025-12-20 17:36:15.182
17841406083211195,18014632061734945,2025-06-25 10:30:03,CAROUSEL_ALBUM,FEED,7,0,,992,0,13,,144,20,2025-12-21 17:29:53.706
17841406083211195,18014632061734945,2025-06-25 10:30:03,CAROUSEL_ALBUM,FEED,7,0,,993,0,13,,144,20,2025-12-22 17:28:44.202
17841406083211195,18014632061734945,2025-06-25 10:30:03,CAROUSEL_ALBUM,FEED,7,0,,994,0,13,,144,20,2025-12-24 17:29:12.917
17841406083211195,18014632061734945,2025-06-25 10:30:03,CAROUSEL_ALBUM,FEED,7,0,,995,0,13,,144,20,2025-12-25 17:29:25.132
17841406083211195,18024943724470891,2025-04-16 02:03:37,CAROUSEL_ALBUM,FEED,14,3,,416,0,3,,269,20,2025-05-07 17:28:45.315
17841406083211195,18024943724470891,2025-04-16 02:03:37,CAROUSEL_ALBUM,FEED,14,3,,417,0,3,,269,20,2025-05-08 17:30:01.770
17841406083211195,18024943724470891,2025-04-16 02:03:37,CAROUSEL_ALBUM,FEED,14,3,,422,0,3,,273,20,2025-05-10 17:30:36.602
17841406083211195,18024943724470891,2025-04-16 02:03:37,CAROUSEL_ALBUM,FEED,14,3,,424,0,3,,276,20,2025-05-12 17:30:45.016
17841406083211195,18024943724470891,2025-04-16 02:03:37,CAROUSEL_ALBUM,FEED,14,3,,427,0,3,,278,20,2025-05-14 17:30:05.784
17841406083211195,18024943724470891,2025-04-16 02:03:37,CAROUSEL_ALBUM,FEED,14,3,,430,0,3,,279,20,2025-05-16 17:31:00.295
17841406083211195,18024943724470891,2025-04-16 02:03:37,CAROUSEL_ALBUM,FEED,14,3,,431,0,3,,280,20,2025-05-17 17:30:06.321
17841406083211195,18024943724470891,2025-04-16 02:03:37,CAROUSEL_ALBUM,FEED,14,3,,432,0,3,,281,20,2025-05-19 17:30:02.669
17841406083211195,18024943724470891,2025-04-16 02:03:37,CAROUSEL_ALBUM,FEED,14,3,,433,0,3,,283,20,2025-05-21 17:30:08.526
17841406083211195,18024943724470891,2025-04-16 02:03:37,CAROUSEL_ALBUM,FEED,14,3,,436,0,3,,283,20,2025-05-22 17:30:10.265
17841406083211195,18024943724470891,2025-04-16 02:03:37,CAROUSEL_ALBUM,FEED,14,3,,438,0,3,,285,20,2025-05-24 17:30:42.277
17841406083211195,18024943724470891,2025-04-16 02:03:37,CAROUSEL_ALBUM,FEED,14,3,,439,0,3,,286,20,2025-05-25 17:31:05.661
17841406083211195,18024943724470891,2025-04-16 02:03:37,CAROUSEL_ALBUM,FEED,14,3,,440,0,3,,286,20,2025-05-27 17:30:25.261
17841406083211195,18024943724470891,2025-04-16 02:03:37,CAROUSEL_ALBUM,FEED,14,3,,441,0,3,,287,20,2025-05-28 17:30:33.836
17841406083211195,18024943724470891,2025-04-16 02:03:37,CAROUSEL_ALBUM,FEED,14,3,,442,0,3,,287,20,2025-05-30 17:29:56.111
17841406083211195,18024943724470891,2025-04-16 02:03:37,CAROUSEL_ALBUM,FEED,14,3,,443,0,3,,287,20,2025-05-31 17:30:02.408
17841406083211195,18024943724470891,2025-04-16 02:03:37,CAROUSEL_ALBUM,FEED,14,3,,444,0,3,,287,20,2025-06-01 17:29:49.092
17841406083211195,18024943724470891,2025-04-16 02:03:37,CAROUSEL_ALBUM,FEED,14,3,,445,0,3,,288,20,2025-06-03 17:29:40.484
17841406083211195,18024943724470891,2025-04-16 02:03:37,CAROUSEL_ALBUM,FEED,14,3,,446,0,3,,288,20,2025-06-04 17:30:00.719
17841406083211195,18024943724470891,2025-04-16 02:03:37,CAROUSEL_ALBUM,FEED,14,3,,447,0,3,,290,20,2025-06-05 17:30:15.500
17841406083211195,18024943724470891,2025-04-16 02:03:37,CAROUSEL_ALBUM,FEED,14,3,,457,0,3,,295,20,2025-07-03 03:00:02.156
17841406083211195,18024943724470891,2025-04-16 02:03:37,CAROUSEL_ALBUM,FEED,14,3,,458,0,3,,295,20,2025-07-04 17:31:09.114
17841406083211195,18024943724470891,2025-04-16 02:03:37,CAROUSEL_ALBUM,FEED,14,3,,464,0,3,,296,20,2025-07-06 17:30:41.016
17841406083211195,18024943724470891,2025-04-16 02:03:37,CAROUSEL_ALBUM,FEED,14,3,,465,0,3,,296,20,2025-07-07 17:30:48.224
17841406083211195,18024943724470891,2025-04-16 02:03:37,CAROUSEL_ALBUM,FEED,14,3,,465,0,3,,298,20,2025-07-09 17:30:35.140
17841406083211195,18024943724470891,2025-04-16 02:03:37,CAROUSEL_ALBUM,FEED,14,3,,469,0,3,,298,20,2025-07-10 17:29:25.311
17841406083211195,18024943724470891,2025-04-16 02:03:37,CAROUSEL_ALBUM,FEED,14,3,,470,0,3,,299,20,2025-07-16 17:30:13.819
17841406083211195,18024943724470891,2025-04-16 02:03:37,CAROUSEL_ALBUM,FEED,14,3,,472,0,3,,299,20,2025-07-21 17:30:54.859
17841406083211195,18024943724470891,2025-04-16 02:03:37,CAROUSEL_ALBUM,FEED,14,3,,473,0,3,,299,20,2025-07-23 17:30:26.069
17841406083211195,18024943724470891,2025-04-16 02:03:37,CAROUSEL_ALBUM,FEED,14,3,,476,0,3,,299,20,2025-07-27 17:30:43.461
17841406083211195,18024943724470891,2025-04-16 02:03:37,CAROUSEL_ALBUM,FEED,14,3,,479,0,6,,300,23,2025-07-28 17:29:22.364
17841406083211195,18024943724470891,2025-04-16 02:03:37,CAROUSEL_ALBUM,FEED,14,3,,480,0,6,,300,23,2025-07-29 17:29:59.942
17841406083211195,18024943724470891,2025-04-16 02:03:37,CAROUSEL_ALBUM,FEED,14,3,,482,0,6,,301,23,2025-07-31 17:29:02.410
17841406083211195,18024943724470891,2025-04-16 02:03:37,CAROUSEL_ALBUM,FEED,14,3,,489,0,6,,302,23,2025-08-03 17:29:51.713
17841406083211195,18024943724470891,2025-04-16 02:03:37,CAROUSEL_ALBUM,FEED,14,3,,491,0,6,,303,23,2025-08-04 17:30:32.202
17841406083211195,18024943724470891,2025-04-16 02:03:37,CAROUSEL_ALBUM,FEED,14,3,,493,0,6,,305,23,2025-08-06 17:29:32.818
17841406083211195,18024943724470891,2025-04-16 02:03:37,CAROUSEL_ALBUM,FEED,14,3,,494,0,6,,305,23,2025-08-08 17:29:41.602
17841406083211195,18024943724470891,2025-04-16 02:03:37,CAROUSEL_ALBUM,FEED,14,3,,503,0,6,,305,23,2025-08-11 17:30:48.474
17841406083211195,18024943724470891,2025-04-16 02:03:37,CAROUSEL_ALBUM,FEED,14,3,,514,0,6,,306,23,2025-08-14 17:30:40.923
17841406083211195,18024943724470891,2025-04-16 02:03:37,CAROUSEL_ALBUM,FEED,14,3,,515,0,6,,306,23,2025-08-16 17:29:42.444
17841406083211195,18024943724470891,2025-04-16 02:03:37,CAROUSEL_ALBUM,FEED,14,3,,516,0,6,,306,23,2025-08-17 17:28:52.683
17841406083211195,18024943724470891,2025-04-16 02:03:37,CAROUSEL_ALBUM,FEED,14,3,,525,0,6,,306,23,2025-08-18 17:29:03.022
17841406083211195,18024943724470891,2025-04-16 02:03:37,CAROUSEL_ALBUM,FEED,14,3,,529,0,6,,306,23,2025-08-19 17:29:48.978
17841406083211195,18024943724470891,2025-04-16 02:03:37,CAROUSEL_ALBUM,FEED,14,3,,530,0,6,,307,23,2025-08-20 17:29:49.058
17841406083211195,18024943724470891,2025-04-16 02:03:37,CAROUSEL_ALBUM,FEED,14,3,,535,0,6,,307,23,2025-08-21 17:30:28.995
17841406083211195,18024943724470891,2025-04-16 02:03:37,CAROUSEL_ALBUM,FEED,14,3,,536,0,6,,307,23,2025-08-23 17:29:39.833
17841406083211195,18024943724470891,2025-04-16 02:03:37,CAROUSEL_ALBUM,FEED,14,3,,538,0,6,,307,23,2025-08-24 17:29:14.569
17841406083211195,18024943724470891,2025-04-16 02:03:37,CAROUSEL_ALBUM,FEED,14,3,,561,0,6,,308,23,2025-08-25 17:29:45.213
17841406083211195,18024943724470891,2025-04-16 02:03:37,CAROUSEL_ALBUM,FEED,14,3,,570,0,6,,308,23,2025-08-26 17:29:15.112
17841406083211195,18024943724470891,2025-04-16 02:03:37,CAROUSEL_ALBUM,FEED,14,3,,574,0,6,,308,23,2025-08-27 17:30:23.675
17841406083211195,18024943724470891,2025-04-16 02:03:37,CAROUSEL_ALBUM,FEED,14,3,,576,0,6,,308,23,2025-08-28 17:31:28.502
17841406083211195,18024943724470891,2025-04-16 02:03:37,CAROUSEL_ALBUM,FEED,14,3,,578,0,6,,308,23,2025-08-30 17:30:25.974
17841406083211195,18024943724470891,2025-04-16 02:03:37,CAROUSEL_ALBUM,FEED,14,3,,587,0,6,,308,23,2025-08-31 17:28:56.748
17841406083211195,18024943724470891,2025-04-16 02:03:37,CAROUSEL_ALBUM,FEED,14,3,,662,0,6,,314,23,2025-10-01 04:10:01.769
17841406083211195,18024943724470891,2025-04-16 02:03:37,CAROUSEL_ALBUM,FEED,14,3,,664,0,6,,314,23,2025-10-02 04:04:43.625
17841406083211195,18024943724470891,2025-04-16 02:03:37,CAROUSEL_ALBUM,FEED,14,3,,665,0,6,,314,23,2025-10-02 17:29:46.321
17841406083211195,18024943724470891,2025-04-16 02:03:37,CAROUSEL_ALBUM,FEED,14,3,,666,0,6,,314,23,2025-10-04 17:29:53.400
17841406083211195,18024943724470891,2025-04-16 02:03:37,CAROUSEL_ALBUM,FEED,14,3,,669,0,6,,314,23,2025-10-08 17:29:55.672
17841406083211195,18024943724470891,2025-04-16 02:03:37,CAROUSEL_ALBUM,FEED,14,3,,677,0,6,,314,23,2025-10-09 17:29:07.195
17841406083211195,18024943724470891,2025-04-16 02:03:37,CAROUSEL_ALBUM,FEED,14,3,,679,0,6,,314,23,2025-10-12 17:29:04.389
17841406083211195,18024943724470891,2025-04-16 02:03:37,CAROUSEL_ALBUM,FEED,14,3,,683,0,6,,314,23,2025-10-13 17:29:08.101
17841406083211195,18024943724470891,2025-04-16 02:03:37,CAROUSEL_ALBUM,FEED,14,3,,684,0,6,,314,23,2025-10-14 17:28:35.644
17841406083211195,18024943724470891,2025-04-16 02:03:37,CAROUSEL_ALBUM,FEED,14,3,,685,0,6,,314,23,2025-10-15 17:30:08.630
17841406083211195,18024943724470891,2025-04-16 02:03:37,CAROUSEL_ALBUM,FEED,14,3,,687,0,6,,314,23,2025-10-16 17:29:14.755
17841406083211195,18024943724470891,2025-04-16 02:03:37,CAROUSEL_ALBUM,FEED,14,3,,692,0,6,,314,23,2025-10-17 17:30:11.780
17841406083211195,18024943724470891,2025-04-16 02:03:37,CAROUSEL_ALBUM,FEED,14,3,,694,0,6,,314,23,2025-10-18 17:28:43.379
17841406083211195,18024943724470891,2025-04-16 02:03:37,CAROUSEL_ALBUM,FEED,14,3,,695,0,6,,314,23,2025-10-20 17:29:38.010
17841406083211195,18024943724470891,2025-04-16 02:03:37,CAROUSEL_ALBUM,FEED,14,3,,696,0,6,,314,23,2025-10-21 17:28:55.531
17841406083211195,18024943724470891,2025-04-16 02:03:37,CAROUSEL_ALBUM,FEED,14,3,,697,0,6,,314,23,2025-10-22 17:29:11.389
17841406083211195,18024943724470891,2025-04-16 02:03:37,CAROUSEL_ALBUM,FEED,14,3,,699,0,6,,314,23,2025-10-23 17:28:45.981
17841406083211195,18024943724470891,2025-04-16 02:03:37,CAROUSEL_ALBUM,FEED,14,3,,705,0,6,,314,23,2025-10-27 17:29:04.361
17841406083211195,18024943724470891,2025-04-16 02:03:37,CAROUSEL_ALBUM,FEED,14,3,,722,0,6,,314,23,2025-10-28 17:30:01.160
17841406083211195,18024943724470891,2025-04-16 02:03:37,CAROUSEL_ALBUM,FEED,14,3,,726,0,6,,314,23,2025-10-29 17:29:48.677
17841406083211195,18024943724470891,2025-04-16 02:03:37,CAROUSEL_ALBUM,FEED,14,3,,730,0,6,,314,23,2025-10-31 17:29:18.977
17841406083211195,18024943724470891,2025-04-16 02:03:37,CAROUSEL_ALBUM,FEED,14,3,,731,0,6,,314,23,2025-11-02 17:29:16.160
17841406083211195,18024943724470891,2025-04-16 02:03:37,CAROUSEL_ALBUM,FEED,14,3,,732,0,6,,314,23,2025-11-03 17:29:06.674
17841406083211195,18024943724470891,2025-04-16 02:03:37,CAROUSEL_ALBUM,FEED,14,3,,733,0,6,,314,23,2025-11-04 17:28:36.322
17841406083211195,18024943724470891,2025-04-16 02:03:37,CAROUSEL_ALBUM,FEED,14,3,,738,0,6,,314,23,2025-11-06 17:29:01.644
17841406083211195,18024943724470891,2025-04-16 02:03:37,CAROUSEL_ALBUM,FEED,14,3,,741,0,6,,314,23,2025-11-07 17:29:19.586
17841406083211195,18024943724470891,2025-04-16 02:03:37,CAROUSEL_ALBUM,FEED,14,3,,748,0,6,,314,23,2025-11-09 17:28:56.348
17841406083211195,18024943724470891,2025-04-16 02:03:37,CAROUSEL_ALBUM,FEED,14,3,,750,0,6,,314,23,2025-11-10 17:29:23.650
17841406083211195,18024943724470891,2025-04-16 02:03:37,CAROUSEL_ALBUM,FEED,14,3,,751,0,6,,314,23,2025-11-11 17:29:14.657
17841406083211195,18024943724470891,2025-04-16 02:03:37,CAROUSEL_ALBUM,FEED,14,3,,753,0,6,,314,23,2025-11-12 17:29:12.220
17841406083211195,18024943724470891,2025-04-16 02:03:37,CAROUSEL_ALBUM,FEED,14,3,,754,0,6,,314,23,2025-11-13 17:29:47.744
17841406083211195,18024943724470891,2025-04-16 02:03:37,CAROUSEL_ALBUM,FEED,14,3,,756,0,6,,314,23,2025-11-14 17:29:17.983
17841406083211195,18024943724470891,2025-04-16 02:03:37,CAROUSEL_ALBUM,FEED,14,3,,758,0,6,,314,23,2025-11-16 17:30:03.490
17841406083211195,18024943724470891,2025-04-16 02:03:37,CAROUSEL_ALBUM,FEED,14,3,,762,0,6,,314,23,2025-11-17 17:29:22.831
17841406083211195,18024943724470891,2025-04-16 02:03:37,CAROUSEL_ALBUM,FEED,14,3,,764,0,6,,314,23,2025-11-18 17:29:13.858
17841406083211195,18024943724470891,2025-04-16 02:03:37,CAROUSEL_ALBUM,FEED,14,3,,765,0,6,,314,23,2025-11-19 17:34:55.388
17841406083211195,18024943724470891,2025-04-16 02:03:37,CAROUSEL_ALBUM,FEED,14,3,,766,0,6,,314,23,2025-11-21 17:35:17.508
17841406083211195,18024943724470891,2025-04-16 02:03:37,CAROUSEL_ALBUM,FEED,14,3,,767,0,6,,314,23,2025-11-24 17:36:00.683
17841406083211195,18024943724470891,2025-04-16 02:03:37,CAROUSEL_ALBUM,FEED,14,3,,770,0,6,,315,23,2025-11-25 17:34:17.708
17841406083211195,18024943724470891,2025-04-16 02:03:37,CAROUSEL_ALBUM,FEED,14,3,,771,0,6,,315,23,2025-11-26 17:36:48.629
17841406083211195,18024943724470891,2025-04-16 02:03:37,CAROUSEL_ALBUM,FEED,14,3,,772,0,6,,315,23,2025-11-30 17:33:23.509
17841406083211195,18024943724470891,2025-04-16 02:03:37,CAROUSEL_ALBUM,FEED,14,3,,774,0,6,,315,23,2025-12-01 17:33:33.584
17841406083211195,18024943724470891,2025-04-16 02:03:37,CAROUSEL_ALBUM,FEED,14,3,,776,0,6,,315,23,2025-12-03 17:36:09.397
17841406083211195,18024943724470891,2025-04-16 02:03:37,CAROUSEL_ALBUM,FEED,14,3,,777,0,6,,315,23,2025-12-04 17:34:15.578
17841406083211195,18024943724470891,2025-04-16 02:03:37,CAROUSEL_ALBUM,FEED,14,3,,778,0,6,,315,23,2025-12-05 17:34:22.780
17841406083211195,18024943724470891,2025-04-16 02:03:37,CAROUSEL_ALBUM,FEED,14,3,,779,0,6,,315,23,2025-12-12 17:35:06.528
17841406083211195,18024943724470891,2025-04-16 02:03:37,CAROUSEL_ALBUM,FEED,14,3,,781,0,6,,315,23,2025-12-15 06:33:48.712
17841406083211195,18024943724470891,2025-04-16 02:03:37,CAROUSEL_ALBUM,FEED,14,3,,782,0,6,,315,23,2025-12-17 17:29:13.843
17841406083211195,18024943724470891,2025-04-16 02:03:37,CAROUSEL_ALBUM,FEED,14,3,,784,0,6,,315,23,2025-12-20 17:36:15.188
17841406083211195,18024943724470891,2025-04-16 02:03:37,CAROUSEL_ALBUM,FEED,14,3,,785,0,6,,315,23,2025-12-21 17:30:09.435
17841406083211195,18024943724470891,2025-04-16 02:03:37,CAROUSEL_ALBUM,FEED,14,3,,786,0,6,,315,23,2025-12-22 17:28:52.807
17841406083211195,18024943724470891,2025-04-16 02:03:37,CAROUSEL_ALBUM,FEED,14,3,,787,0,6,,315,23,2025-12-24 17:29:21.599
17841406083211195,18024943724470891,2025-04-16 02:03:37,CAROUSEL_ALBUM,FEED,14,3,,789,0,6,,315,23,2025-12-25 17:29:40.553
17841406083211195,18024943724470891,2025-04-16 02:03:37,CAROUSEL_ALBUM,FEED,14,4,,306,0,3,255,210,21,2025-04-17 17:31:46.635
17841406083211195,18024943724470891,2025-04-16 02:03:37,CAROUSEL_ALBUM,FEED,14,4,,328,0,3,,220,21,2025-04-18 19:14:47.761
17841406083211195,18024943724470891,2025-04-16 02:03:37,CAROUSEL_ALBUM,FEED,14,4,,335,0,3,,222,21,2025-04-19 21:58:31.478
17841406083211195,18024943724470891,2025-04-16 02:03:37,CAROUSEL_ALBUM,FEED,14,4,,344,0,3,,228,21,2025-04-20 21:57:33.571
17841406083211195,18024943724470891,2025-04-16 02:03:37,CAROUSEL_ALBUM,FEED,14,4,,357,0,3,,234,21,2025-04-22 05:33:02.549
17841406083211195,18024943724470891,2025-04-16 02:03:37,CAROUSEL_ALBUM,FEED,14,4,,358,0,3,,234,21,2025-04-22 06:39:46.066
17841406083211195,18024943724470891,2025-04-16 02:03:37,CAROUSEL_ALBUM,FEED,14,4,,359,0,3,,235,21,2025-04-22 17:29:17.023
17841406083211195,18024943724470891,2025-04-16 02:03:37,CAROUSEL_ALBUM,FEED,14,4,,366,0,3,,239,21,2025-04-24 01:56:09.946
17841406083211195,18024943724470891,2025-04-16 02:03:37,CAROUSEL_ALBUM,FEED,14,4,,370,0,3,,241,21,2025-04-24 17:29:59.149
17841406083211195,18024943724470891,2025-04-16 02:03:37,CAROUSEL_ALBUM,FEED,14,4,,378,0,3,,243,21,2025-04-25 17:30:04.379
17841406083211195,18024943724470891,2025-04-16 02:03:37,CAROUSEL_ALBUM,FEED,14,4,,381,0,3,,246,21,2025-04-27 17:31:03.895
17841406083211195,18024943724470891,2025-04-16 02:03:37,CAROUSEL_ALBUM,FEED,14,4,,389,0,3,,248,21,2025-04-28 17:30:00.143
17841406083211195,18024943724470891,2025-04-16 02:03:37,CAROUSEL_ALBUM,FEED,14,4,,392,0,3,,249,21,2025-04-30 17:30:59.240
17841406083211195,18024943724470891,2025-04-16 02:03:37,CAROUSEL_ALBUM,FEED,14,4,,395,0,3,,251,21,2025-05-01 17:31:37.136
17841406083211195,18024943724470891,2025-04-16 02:03:37,CAROUSEL_ALBUM,FEED,14,4,,397,0,3,,253,21,2025-05-02 17:29:30.533
17841406083211195,18024943724470891,2025-04-16 02:03:37,CAROUSEL_ALBUM,FEED,14,4,,399,0,3,,254,21,2025-05-03 17:30:39.033
17841406083211195,18024943724470891,2025-04-16 02:03:37,CAROUSEL_ALBUM,FEED,14,4,,403,0,3,,258,21,2025-05-04 17:28:52.318
17841406083211195,18024943724470891,2025-04-16 02:03:37,CAROUSEL_ALBUM,FEED,14,4,,408,0,3,,261,21,2025-05-05 17:29:55.882
17841406083211195,18024943724470891,2025-04-16 02:03:37,CAROUSEL_ALBUM,FEED,14,4,,413,0,3,,268,21,2025-05-06 17:29:33.107
17841406083211195,18027254183673103,2025-05-14 10:01:30,CAROUSEL_ALBUM,FEED,8,0,,148,0,13,,98,21,2025-05-14 17:29:56.889
17841406083211195,18027254183673103,2025-05-14 10:01:30,CAROUSEL_ALBUM,FEED,8,0,,248,0,13,,149,21,2025-05-15 17:30:07.086
17841406083211195,18027254183673103,2025-05-14 10:01:30,CAROUSEL_ALBUM,FEED,8,0,,288,0,13,,167,21,2025-05-16 17:31:00.284
17841406083211195,18027254183673103,2025-05-14 10:01:30,CAROUSEL_ALBUM,FEED,8,0,,299,0,13,,169,21,2025-05-17 17:30:06.314
17841406083211195,18027254183673103,2025-05-14 10:01:30,CAROUSEL_ALBUM,FEED,8,0,,301,0,13,,171,21,2025-05-18 17:30:27.077
17841406083211195,18027254183673103,2025-05-14 10:01:30,CAROUSEL_ALBUM,FEED,8,0,,312,0,13,,174,21,2025-05-19 17:30:02.657
17841406083211195,18027254183673103,2025-05-14 10:01:30,CAROUSEL_ALBUM,FEED,8,0,,319,0,13,,175,21,2025-05-20 17:29:17.937
17841406083211195,18027254183673103,2025-05-14 10:01:30,CAROUSEL_ALBUM,FEED,8,0,,322,0,13,,176,21,2025-05-21 17:30:08.506
17841406083211195,18027254183673103,2025-05-14 10:01:30,CAROUSEL_ALBUM,FEED,8,0,,327,0,13,,180,21,2025-05-22 17:30:10.253
17841406083211195,18027254183673103,2025-05-14 10:01:30,CAROUSEL_ALBUM,FEED,8,0,,331,0,13,,183,21,2025-05-23 17:30:42.865
17841406083211195,18027254183673103,2025-05-14 10:01:30,CAROUSEL_ALBUM,FEED,8,0,,335,0,13,,186,21,2025-05-24 17:30:42.237
17841406083211195,18027254183673103,2025-05-14 10:01:30,CAROUSEL_ALBUM,FEED,8,0,,337,0,13,,187,21,2025-05-25 17:31:05.646
17841406083211195,18027254183673103,2025-05-14 10:01:30,CAROUSEL_ALBUM,FEED,8,0,,344,0,13,,189,21,2025-05-26 17:30:22.048
17841406083211195,18027254183673103,2025-05-14 10:01:30,CAROUSEL_ALBUM,FEED,8,0,,346,0,13,,191,21,2025-05-28 17:30:33.822
17841406083211195,18027254183673103,2025-05-14 10:01:30,CAROUSEL_ALBUM,FEED,8,0,,347,0,13,,191,21,2025-05-30 17:29:56.100
17841406083211195,18027254183673103,2025-05-14 10:01:30,CAROUSEL_ALBUM,FEED,8,0,,348,0,13,,192,21,2025-05-31 17:30:02.390
17841406083211195,18027254183673103,2025-05-14 10:01:30,CAROUSEL_ALBUM,FEED,8,0,,349,0,13,,193,21,2025-06-01 17:29:49.079
17841406083211195,18027254183673103,2025-05-14 10:01:30,CAROUSEL_ALBUM,FEED,8,0,,351,0,13,,195,21,2025-06-02 17:30:36.016
17841406083211195,18027254183673103,2025-05-14 10:01:30,CAROUSEL_ALBUM,FEED,8,0,,352,0,13,,196,21,2025-06-03 17:29:40.469
17841406083211195,18027254183673103,2025-05-14 10:01:30,CAROUSEL_ALBUM,FEED,8,0,,353,0,13,,197,21,2025-06-04 17:30:00.713
17841406083211195,18027254183673103,2025-05-14 10:01:30,CAROUSEL_ALBUM,FEED,8,0,,354,0,13,,198,21,2025-06-05 17:30:15.484
17841406083211195,18027254183673103,2025-05-14 10:01:30,CAROUSEL_ALBUM,FEED,8,0,,372,0,13,,208,21,2025-07-03 03:00:02.137
17841406083211195,18027254183673103,2025-05-14 10:01:30,CAROUSEL_ALBUM,FEED,8,0,,373,0,13,,208,21,2025-07-03 17:29:59.201
17841406083211195,18027254183673103,2025-05-14 10:01:30,CAROUSEL_ALBUM,FEED,8,0,,374,0,13,,208,21,2025-07-04 17:30:58.665
17841406083211195,18027254183673103,2025-05-14 10:01:30,CAROUSEL_ALBUM,FEED,8,0,,375,0,13,,208,21,2025-07-05 17:29:52.039
17841406083211195,18027254183673103,2025-05-14 10:01:30,CAROUSEL_ALBUM,FEED,8,0,,376,0,13,,209,21,2025-07-09 17:30:26.338
17841406083211195,18027254183673103,2025-05-14 10:01:30,CAROUSEL_ALBUM,FEED,8,0,,380,0,13,,210,21,2025-07-15 17:29:51.508
17841406083211195,18027254183673103,2025-05-14 10:01:30,CAROUSEL_ALBUM,FEED,8,0,,381,0,13,,210,21,2025-07-16 17:30:05.704
17841406083211195,18027254183673103,2025-05-14 10:01:30,CAROUSEL_ALBUM,FEED,8,0,,384,0,13,,210,21,2025-07-21 17:30:41.010
17841406083211195,18027254183673103,2025-05-14 10:01:30,CAROUSEL_ALBUM,FEED,8,0,,386,0,13,,210,21,2025-07-22 17:30:36.347
17841406083211195,18027254183673103,2025-05-14 10:01:30,CAROUSEL_ALBUM,FEED,8,0,,387,0,13,,210,21,2025-07-23 17:30:15.879
17841406083211195,18027254183673103,2025-05-14 10:01:30,CAROUSEL_ALBUM,FEED,8,0,,394,0,13,,210,21,2025-07-28 17:29:11.637
17841406083211195,18027254183673103,2025-05-14 10:01:30,CAROUSEL_ALBUM,FEED,8,0,,395,0,13,,210,21,2025-07-29 17:29:46.525
17841406083211195,18027254183673103,2025-05-14 10:01:30,CAROUSEL_ALBUM,FEED,8,0,,399,0,13,,212,21,2025-07-31 17:29:02.391
17841406083211195,18027254183673103,2025-05-14 10:01:30,CAROUSEL_ALBUM,FEED,8,0,,406,0,13,,212,21,2025-08-06 17:29:32.810
17841406083211195,18027254183673103,2025-05-14 10:01:30,CAROUSEL_ALBUM,FEED,8,0,,408,0,13,,212,21,2025-08-08 17:29:41.581
17841406083211195,18027254183673103,2025-05-14 10:01:30,CAROUSEL_ALBUM,FEED,8,0,,417,0,13,,213,21,2025-08-10 17:29:54.198
17841406083211195,18027254183673103,2025-05-14 10:01:30,CAROUSEL_ALBUM,FEED,8,0,,418,0,13,,213,21,2025-08-11 17:30:48.461
17841406083211195,18027254183673103,2025-05-14 10:01:30,CAROUSEL_ALBUM,FEED,8,0,,424,0,13,,214,21,2025-08-12 17:31:33.938
17841406083211195,18027254183673103,2025-05-14 10:01:30,CAROUSEL_ALBUM,FEED,8,0,,426,0,13,,214,21,2025-08-14 17:30:40.912
17841406083211195,18027254183673103,2025-05-14 10:01:30,CAROUSEL_ALBUM,FEED,8,0,,434,0,13,,214,21,2025-08-16 17:29:42.436
17841406083211195,18027254183673103,2025-05-14 10:01:30,CAROUSEL_ALBUM,FEED,8,0,,436,0,13,,214,21,2025-08-17 17:28:52.672
17841406083211195,18027254183673103,2025-05-14 10:01:30,CAROUSEL_ALBUM,FEED,8,0,,440,0,13,,214,21,2025-08-18 17:29:03.011
17841406083211195,18027254183673103,2025-05-14 10:01:30,CAROUSEL_ALBUM,FEED,8,0,,443,0,13,,214,21,2025-08-19 17:29:48.960
17841406083211195,18027254183673103,2025-05-14 10:01:30,CAROUSEL_ALBUM,FEED,8,0,,444,0,13,,214,21,2025-08-20 17:29:49.042
17841406083211195,18027254183673103,2025-05-14 10:01:30,CAROUSEL_ALBUM,FEED,8,0,,451,0,13,,214,21,2025-08-21 17:30:28.982
17841406083211195,18027254183673103,2025-05-14 10:01:30,CAROUSEL_ALBUM,FEED,8,0,,452,0,13,,214,21,2025-08-22 17:29:32.362
17841406083211195,18027254183673103,2025-05-14 10:01:30,CAROUSEL_ALBUM,FEED,8,0,,454,0,13,,214,21,2025-08-23 17:29:39.820
17841406083211195,18027254183673103,2025-05-14 10:01:30,CAROUSEL_ALBUM,FEED,8,0,,456,0,13,,214,21,2025-08-24 17:29:14.553
17841406083211195,18027254183673103,2025-05-14 10:01:30,CAROUSEL_ALBUM,FEED,8,0,,485,0,13,,214,21,2025-08-25 17:29:45.205
17841406083211195,18027254183673103,2025-05-14 10:01:30,CAROUSEL_ALBUM,FEED,8,0,,493,0,13,,215,21,2025-08-26 17:29:15.098
17841406083211195,18027254183673103,2025-05-14 10:01:30,CAROUSEL_ALBUM,FEED,8,0,,496,0,13,,215,21,2025-08-27 17:30:23.662
17841406083211195,18027254183673103,2025-05-14 10:01:30,CAROUSEL_ALBUM,FEED,8,0,,501,0,13,,215,21,2025-08-28 17:31:28.486
17841406083211195,18027254183673103,2025-05-14 10:01:30,CAROUSEL_ALBUM,FEED,8,0,,502,0,13,,215,21,2025-08-29 17:28:53.239
17841406083211195,18027254183673103,2025-05-14 10:01:30,CAROUSEL_ALBUM,FEED,8,0,,504,0,13,,215,21,2025-08-30 17:30:25.967
17841406083211195,18027254183673103,2025-05-14 10:01:30,CAROUSEL_ALBUM,FEED,8,0,,511,0,13,,215,21,2025-08-31 17:28:56.734
17841406083211195,18027254183673103,2025-05-14 10:01:30,CAROUSEL_ALBUM,FEED,8,0,,584,0,13,,220,21,2025-10-01 04:10:01.742
17841406083211195,18027254183673103,2025-05-14 10:01:30,CAROUSEL_ALBUM,FEED,8,0,,586,0,13,,220,21,2025-10-02 04:04:36.971
17841406083211195,18027254183673103,2025-05-14 10:01:30,CAROUSEL_ALBUM,FEED,8,0,,588,0,13,,220,21,2025-10-02 17:29:39.993
17841406083211195,18027254183673103,2025-05-14 10:01:30,CAROUSEL_ALBUM,FEED,8,0,,589,0,13,,220,21,2025-10-04 17:29:46.374
17841406083211195,18027254183673103,2025-05-14 10:01:30,CAROUSEL_ALBUM,FEED,8,0,,591,0,13,,220,21,2025-10-06 17:28:55.803
17841406083211195,18027254183673103,2025-05-14 10:01:30,CAROUSEL_ALBUM,FEED,8,0,,593,0,13,,220,21,2025-10-08 17:29:48.277
17841406083211195,18027254183673103,2025-05-14 10:01:30,CAROUSEL_ALBUM,FEED,8,0,,602,0,13,,220,21,2025-10-09 17:28:59.246
17841406083211195,18027254183673103,2025-05-14 10:01:30,CAROUSEL_ALBUM,FEED,8,0,,603,0,13,,220,21,2025-10-11 17:28:37.947
17841406083211195,18027254183673103,2025-05-14 10:01:30,CAROUSEL_ALBUM,FEED,8,0,,604,0,13,,220,21,2025-10-12 17:28:57.206
17841406083211195,18027254183673103,2025-05-14 10:01:30,CAROUSEL_ALBUM,FEED,8,0,,607,0,13,,220,21,2025-10-13 17:29:00.297
17841406083211195,18027254183673103,2025-05-14 10:01:30,CAROUSEL_ALBUM,FEED,8,0,,608,0,13,,220,21,2025-10-14 17:28:28.912
17841406083211195,18027254183673103,2025-05-14 10:01:30,CAROUSEL_ALBUM,FEED,8,0,,609,0,13,,220,21,2025-10-15 17:30:00.901
17841406083211195,18027254183673103,2025-05-14 10:01:30,CAROUSEL_ALBUM,FEED,8,0,,613,0,13,,221,21,2025-10-16 17:29:06.170
17841406083211195,18027254183673103,2025-05-14 10:01:30,CAROUSEL_ALBUM,FEED,8,0,,618,0,13,,221,21,2025-10-17 17:30:04.034
17841406083211195,18027254183673103,2025-05-14 10:01:30,CAROUSEL_ALBUM,FEED,8,0,,619,0,13,,221,21,2025-10-18 17:28:35.965
17841406083211195,18027254183673103,2025-05-14 10:01:30,CAROUSEL_ALBUM,FEED,8,0,,620,0,13,,221,21,2025-10-20 17:29:27.062
17841406083211195,18027254183673103,2025-05-14 10:01:30,CAROUSEL_ALBUM,FEED,8,0,,621,0,13,,221,21,2025-10-21 17:28:47.398
17841406083211195,18027254183673103,2025-05-14 10:01:30,CAROUSEL_ALBUM,FEED,8,0,,622,0,13,,221,21,2025-10-22 17:29:00.823
17841406083211195,18027254183673103,2025-05-14 10:01:30,CAROUSEL_ALBUM,FEED,8,0,,624,0,13,,221,21,2025-10-23 17:28:45.966
17841406083211195,18027254183673103,2025-05-14 10:01:30,CAROUSEL_ALBUM,FEED,8,0,,629,0,13,,221,21,2025-10-27 17:29:04.346
17841406083211195,18027254183673103,2025-05-14 10:01:30,CAROUSEL_ALBUM,FEED,8,0,,647,0,13,,221,21,2025-10-28 17:30:01.153
17841406083211195,18027254183673103,2025-05-14 10:01:30,CAROUSEL_ALBUM,FEED,8,0,,650,0,13,,221,21,2025-10-29 17:29:48.670
17841406083211195,18027254183673103,2025-05-14 10:01:30,CAROUSEL_ALBUM,FEED,8,0,,655,0,13,,221,21,2025-10-31 17:29:18.970
17841406083211195,18027254183673103,2025-05-14 10:01:30,CAROUSEL_ALBUM,FEED,8,0,,656,0,13,,221,21,2025-11-02 17:29:16.147
17841406083211195,18027254183673103,2025-05-14 10:01:30,CAROUSEL_ALBUM,FEED,8,0,,657,0,13,,221,21,2025-11-03 17:29:06.665
17841406083211195,18027254183673103,2025-05-14 10:01:30,CAROUSEL_ALBUM,FEED,8,0,,662,0,13,,221,21,2025-11-04 17:28:36.316
17841406083211195,18027254183673103,2025-05-14 10:01:30,CAROUSEL_ALBUM,FEED,8,0,,668,0,13,,221,21,2025-11-06 17:29:01.631
17841406083211195,18027254183673103,2025-05-14 10:01:30,CAROUSEL_ALBUM,FEED,8,0,,670,0,13,,221,21,2025-11-07 17:29:19.579
17841406083211195,18027254183673103,2025-05-14 10:01:30,CAROUSEL_ALBUM,FEED,8,0,,675,0,13,,221,21,2025-11-09 17:28:56.336
17841406083211195,18027254183673103,2025-05-14 10:01:30,CAROUSEL_ALBUM,FEED,8,0,,680,0,13,,221,21,2025-11-10 17:29:23.635
17841406083211195,18027254183673103,2025-05-14 10:01:30,CAROUSEL_ALBUM,FEED,8,0,,681,0,13,,221,21,2025-11-11 17:29:14.650
17841406083211195,18027254183673103,2025-05-14 10:01:30,CAROUSEL_ALBUM,FEED,8,0,,683,0,13,,221,21,2025-11-12 17:29:12.207
17841406083211195,18027254183673103,2025-05-14 10:01:30,CAROUSEL_ALBUM,FEED,8,0,,684,0,13,,221,21,2025-11-13 17:29:47.729
17841406083211195,18027254183673103,2025-05-14 10:01:30,CAROUSEL_ALBUM,FEED,8,0,,689,0,13,,222,21,2025-11-14 17:29:17.974
17841406083211195,18027254183673103,2025-05-14 10:01:30,CAROUSEL_ALBUM,FEED,8,0,,691,0,13,,222,21,2025-11-15 17:31:07.836
17841406083211195,18027254183673103,2025-05-14 10:01:30,CAROUSEL_ALBUM,FEED,8,0,,693,0,13,,223,21,2025-11-16 17:30:03.478
17841406083211195,18027254183673103,2025-05-14 10:01:30,CAROUSEL_ALBUM,FEED,8,0,,696,0,13,,223,21,2025-11-17 17:29:22.819
17841406083211195,18027254183673103,2025-05-14 10:01:30,CAROUSEL_ALBUM,FEED,8,0,,698,0,13,,223,21,2025-11-18 17:29:13.848
17841406083211195,18027254183673103,2025-05-14 10:01:30,CAROUSEL_ALBUM,FEED,8,0,,700,0,13,,224,21,2025-11-19 17:34:55.379
17841406083211195,18027254183673103,2025-05-14 10:01:30,CAROUSEL_ALBUM,FEED,8,0,,701,0,13,,224,21,2025-11-21 17:35:17.487
17841406083211195,18027254183673103,2025-05-14 10:01:30,CAROUSEL_ALBUM,FEED,8,0,,702,0,13,,224,21,2025-11-24 17:36:00.676
17841406083211195,18027254183673103,2025-05-14 10:01:30,CAROUSEL_ALBUM,FEED,8,0,,704,0,13,,224,21,2025-11-25 17:34:17.702
17841406083211195,18027254183673103,2025-05-14 10:01:30,CAROUSEL_ALBUM,FEED,8,0,,705,0,13,,224,21,2025-11-30 17:33:23.491
17841406083211195,18027254183673103,2025-05-14 10:01:30,CAROUSEL_ALBUM,FEED,8,0,,707,0,13,,224,21,2025-12-02 17:34:52.694
17841406083211195,18027254183673103,2025-05-14 10:01:30,CAROUSEL_ALBUM,FEED,8,0,,710,0,13,,224,21,2025-12-03 17:36:09.384
17841406083211195,18027254183673103,2025-05-14 10:01:30,CAROUSEL_ALBUM,FEED,8,0,,714,0,13,,224,21,2025-12-05 17:34:22.768
17841406083211195,18027254183673103,2025-05-14 10:01:30,CAROUSEL_ALBUM,FEED,8,0,,715,0,13,,224,21,2025-12-07 17:33:15.193
17841406083211195,18027254183673103,2025-05-14 10:01:30,CAROUSEL_ALBUM,FEED,8,0,,716,0,13,,224,21,2025-12-09 17:35:08.320
17841406083211195,18027254183673103,2025-05-14 10:01:30,CAROUSEL_ALBUM,FEED,8,0,,718,0,13,,224,21,2025-12-11 17:33:27.316
17841406083211195,18027254183673103,2025-05-14 10:01:30,CAROUSEL_ALBUM,FEED,8,0,,719,0,13,,224,21,2025-12-12 17:35:06.520
17841406083211195,18027254183673103,2025-05-14 10:01:30,CAROUSEL_ALBUM,FEED,8,0,,721,0,13,,224,21,2025-12-15 06:33:48.701
17841406083211195,18027254183673103,2025-05-14 10:01:30,CAROUSEL_ALBUM,FEED,8,0,,722,0,13,,224,21,2025-12-17 17:29:02.281
17841406083211195,18027254183673103,2025-05-14 10:01:30,CAROUSEL_ALBUM,FEED,8,0,,723,0,13,,224,21,2025-12-21 17:29:53.706
17841406083211195,18027254183673103,2025-05-14 10:01:30,CAROUSEL_ALBUM,FEED,8,0,,725,0,13,,224,21,2025-12-24 17:29:21.585
17841406083211195,18027254183673103,2025-05-14 10:01:30,CAROUSEL_ALBUM,FEED,8,0,,726,0,13,,224,21,2025-12-25 17:29:40.545
17841406083211195,18044310170460807,2025-10-27 04:11:00,CAROUSEL_ALBUM,FEED,5,0,,117,0,0,,41,5,2025-10-27 17:28:39.914
17841406083211195,18044310170460807,2025-10-27 04:11:00,CAROUSEL_ALBUM,FEED,5,0,,246,0,0,,61,5,2025-10-28 17:29:42.165
17841406083211195,18044310170460807,2025-10-27 04:11:00,CAROUSEL_ALBUM,FEED,5,0,,386,0,0,,74,5,2025-10-29 17:29:27.584
17841406083211195,18044310170460807,2025-10-27 04:11:00,CAROUSEL_ALBUM,FEED,5,0,,466,0,0,,76,5,2025-10-30 17:30:15.090
17841406083211195,18044310170460807,2025-10-27 04:11:00,CAROUSEL_ALBUM,FEED,6,0,,509,0,0,,79,6,2025-10-31 17:29:01.876
17841406083211195,18044310170460807,2025-10-27 04:11:00,CAROUSEL_ALBUM,FEED,6,0,,524,0,0,,81,6,2025-11-01 17:29:16.504
17841406083211195,18044310170460807,2025-10-27 04:11:00,CAROUSEL_ALBUM,FEED,6,0,,537,0,0,,82,6,2025-11-02 17:28:55.091
17841406083211195,18044310170460807,2025-10-27 04:11:00,CAROUSEL_ALBUM,FEED,6,0,,566,0,0,,86,6,2025-11-03 17:28:49.518
17841406083211195,18044310170460807,2025-10-27 04:11:00,CAROUSEL_ALBUM,FEED,7,0,,606,0,0,,90,7,2025-11-04 17:28:20.660
17841406083211195,18044310170460807,2025-10-27 04:11:00,CAROUSEL_ALBUM,FEED,7,0,,641,0,0,,91,7,2025-11-05 17:28:28.347
17841406083211195,18044310170460807,2025-10-27 04:11:00,CAROUSEL_ALBUM,FEED,7,0,,679,0,0,,93,7,2025-11-06 17:28:43.519
17841406083211195,18044310170460807,2025-10-27 04:11:00,CAROUSEL_ALBUM,FEED,7,0,,702,0,0,,94,7,2025-11-07 17:29:01.085
17841406083211195,18044310170460807,2025-10-27 04:11:00,CAROUSEL_ALBUM,FEED,7,0,,723,0,0,,96,7,2025-11-08 17:29:24.254
17841406083211195,18044310170460807,2025-10-27 04:11:00,CAROUSEL_ALBUM,FEED,7,0,,740,0,0,,97,7,2025-11-09 17:28:38.947
17841406083211195,18044310170460807,2025-10-27 04:11:00,CAROUSEL_ALBUM,FEED,7,0,,780,0,0,,97,7,2025-11-10 17:29:07.636
17841406083211195,18044310170460807,2025-10-27 04:11:00,CAROUSEL_ALBUM,FEED,7,0,,794,0,0,,98,7,2025-11-11 17:28:56.849
17841406083211195,18044310170460807,2025-10-27 04:11:00,CAROUSEL_ALBUM,FEED,7,0,,829,0,0,,100,7,2025-11-12 17:28:57.508
17841406083211195,18044310170460807,2025-10-27 04:11:00,CAROUSEL_ALBUM,FEED,7,0,,856,0,0,,102,7,2025-11-13 17:29:19.494
17841406083211195,18044310170460807,2025-10-27 04:11:00,CAROUSEL_ALBUM,FEED,7,0,,886,0,0,,102,7,2025-11-14 17:29:00.536
17841406083211195,18044310170460807,2025-10-27 04:11:00,CAROUSEL_ALBUM,FEED,7,0,,922,0,0,,103,7,2025-11-15 17:30:46.798
17841406083211195,18044310170460807,2025-10-27 04:11:00,CAROUSEL_ALBUM,FEED,7,0,,941,0,0,,103,7,2025-11-16 17:29:40.687
17841406083211195,18044310170460807,2025-10-27 04:11:00,CAROUSEL_ALBUM,FEED,7,0,,962,0,0,,104,7,2025-11-17 17:29:03.599
17841406083211195,18044310170460807,2025-10-27 04:11:00,CAROUSEL_ALBUM,FEED,7,0,,991,0,0,,105,7,2025-11-18 17:28:56.193
17841406083211195,18044310170460807,2025-10-27 04:11:00,CAROUSEL_ALBUM,FEED,7,0,,1018,0,0,,108,7,2025-11-19 17:35:38.980
17841406083211195,18044310170460807,2025-10-27 04:11:00,CAROUSEL_ALBUM,FEED,7,0,,1032,0,0,,108,7,2025-11-20 17:36:09.342
17841406083211195,18044310170460807,2025-10-27 04:11:00,CAROUSEL_ALBUM,FEED,7,0,,1045,0,0,,108,7,2025-11-21 17:35:55.849
17841406083211195,18044310170460807,2025-10-27 04:11:00,CAROUSEL_ALBUM,FEED,7,0,,1055,0,0,,108,7,2025-11-22 17:33:59.848
17841406083211195,18044310170460807,2025-10-27 04:11:00,CAROUSEL_ALBUM,FEED,7,0,,1064,0,0,,108,7,2025-11-23 17:33:27.470
17841406083211195,18044310170460807,2025-10-27 04:11:00,CAROUSEL_ALBUM,FEED,7,0,,1077,0,0,,110,7,2025-11-24 17:36:35.478
17841406083211195,18044310170460807,2025-10-27 04:11:00,CAROUSEL_ALBUM,FEED,7,0,,1089,0,0,,111,7,2025-11-25 17:34:52.760
17841406083211195,18044310170460807,2025-10-27 04:11:00,CAROUSEL_ALBUM,FEED,7,0,,1104,0,0,,111,7,2025-11-26 17:37:34.791
17841406083211195,18044310170460807,2025-10-27 04:11:00,CAROUSEL_ALBUM,FEED,7,0,,1116,0,0,,111,7,2025-11-27 17:34:42.495
17841406083211195,18044310170460807,2025-10-27 04:11:00,CAROUSEL_ALBUM,FEED,7,0,,1122,0,0,,111,7,2025-11-28 17:35:39.724
17841406083211195,18044310170460807,2025-10-27 04:11:00,CAROUSEL_ALBUM,FEED,7,0,,1124,0,0,,111,7,2025-11-29 17:36:27.534
17841406083211195,18044310170460807,2025-10-27 04:11:00,CAROUSEL_ALBUM,FEED,7,0,,1125,0,0,,111,7,2025-11-30 17:33:54.614
17841406083211195,18044310170460807,2025-10-27 04:11:00,CAROUSEL_ALBUM,FEED,7,0,,1133,0,0,,111,7,2025-12-01 17:34:00.989
17841406083211195,18044310170460807,2025-10-27 04:11:00,CAROUSEL_ALBUM,FEED,7,0,,1137,0,0,,111,7,2025-12-02 17:35:28.462
17841406083211195,18044310170460807,2025-10-27 04:11:00,CAROUSEL_ALBUM,FEED,7,0,,1151,0,0,,112,7,2025-12-03 17:36:45.832
17841406083211195,18044310170460807,2025-10-27 04:11:00,CAROUSEL_ALBUM,FEED,7,0,,1163,0,0,,112,7,2025-12-04 17:34:52.045
17841406083211195,18044310170460807,2025-10-27 04:11:00,CAROUSEL_ALBUM,FEED,7,0,,1167,0,0,,112,7,2025-12-05 17:34:50.226
17841406083211195,18044310170460807,2025-10-27 04:11:00,CAROUSEL_ALBUM,FEED,7,0,,1175,0,0,,113,7,2025-12-06 17:35:26.318
17841406083211195,18044310170460807,2025-10-27 04:11:00,CAROUSEL_ALBUM,FEED,7,0,,1176,0,0,,113,7,2025-12-07 17:33:44.782
17841406083211195,18044310170460807,2025-10-27 04:11:00,CAROUSEL_ALBUM,FEED,7,0,,1178,0,0,,113,7,2025-12-08 17:33:32.904
17841406083211195,18044310170460807,2025-10-27 04:11:00,CAROUSEL_ALBUM,FEED,7,0,,1188,0,0,,113,7,2025-12-09 17:35:43.765
17841406083211195,18044310170460807,2025-10-27 04:11:00,CAROUSEL_ALBUM,FEED,7,0,,1193,0,0,,113,7,2025-12-10 17:36:27.779
17841406083211195,18044310170460807,2025-10-27 04:11:00,CAROUSEL_ALBUM,FEED,7,0,,1194,0,0,,113,7,2025-12-11 17:33:56.839
17841406083211195,18044310170460807,2025-10-27 04:11:00,CAROUSEL_ALBUM,FEED,7,0,,1195,0,0,,113,7,2025-12-12 17:35:50.529
17841406083211195,18044310170460807,2025-10-27 04:11:00,CAROUSEL_ALBUM,FEED,7,0,,1199,0,0,,113,7,2025-12-15 06:34:20.223
17841406083211195,18044310170460807,2025-10-27 04:11:00,CAROUSEL_ALBUM,FEED,7,0,,1202,0,0,,113,7,2025-12-15 17:37:13.495
17841406083211195,18044310170460807,2025-10-27 04:11:00,CAROUSEL_ALBUM,FEED,7,0,,1208,0,0,,114,7,2025-12-17 17:28:40.147
17841406083211195,18044310170460807,2025-10-27 04:11:00,CAROUSEL_ALBUM,FEED,7,0,,1221,0,0,,115,7,2025-12-19 17:30:14.523
17841406083211195,18044310170460807,2025-10-27 04:11:00,CAROUSEL_ALBUM,FEED,7,0,,1222,0,0,,115,7,2025-12-21 17:29:37.385
17841406083211195,18044310170460807,2025-10-27 04:11:00,CAROUSEL_ALBUM,FEED,7,0,,1225,0,0,,115,7,2025-12-22 17:28:31.290
17841406083211195,18044310170460807,2025-10-27 04:11:00,CAROUSEL_ALBUM,FEED,7,0,,1227,0,0,,115,7,2025-12-23 17:28:29.215
17841406083211195,18044310170460807,2025-10-27 04:11:00,CAROUSEL_ALBUM,FEED,7,0,,1229,0,0,,115,7,2025-12-25 17:29:03.343
17841406083211195,18049038830663805,2025-10-22 04:35:35,CAROUSEL_ALBUM,FEED,2,0,,86,0,0,,28,2,2025-10-22 17:28:47.949
17841406083211195,18049038830663805,2025-10-22 04:35:35,CAROUSEL_ALBUM,FEED,3,0,,192,0,0,,39,3,2025-10-23 17:28:24.677
17841406083211195,18049038830663805,2025-10-22 04:35:35,CAROUSEL_ALBUM,FEED,3,0,,286,0,0,,46,3,2025-10-24 17:28:52.176
17841406083211195,18049038830663805,2025-10-22 04:35:35,CAROUSEL_ALBUM,FEED,3,0,,316,0,0,,50,3,2025-10-25 17:30:00.341
17841406083211195,18049038830663805,2025-10-22 04:35:35,CAROUSEL_ALBUM,FEED,4,0,,350,0,0,,54,4,2025-10-26 17:30:15.217
17841406083211195,18049038830663805,2025-10-22 04:35:35,CAROUSEL_ALBUM,FEED,4,0,,390,0,0,,58,4,2025-10-27 17:28:46.989
17841406083211195,18049038830663805,2025-10-22 04:35:35,CAROUSEL_ALBUM,FEED,4,0,,467,0,0,,58,4,2025-10-28 17:29:42.167
17841406083211195,18049038830663805,2025-10-22 04:35:35,CAROUSEL_ALBUM,FEED,4,0,,555,0,0,,63,4,2025-10-29 17:29:27.586
17841406083211195,18049038830663805,2025-10-22 04:35:35,CAROUSEL_ALBUM,FEED,4,0,,619,0,0,,64,4,2025-10-30 17:30:15.092
17841406083211195,18049038830663805,2025-10-22 04:35:35,CAROUSEL_ALBUM,FEED,4,0,,650,0,0,,65,4,2025-10-31 17:29:01.878
17841406083211195,18049038830663805,2025-10-22 04:35:35,CAROUSEL_ALBUM,FEED,4,0,,659,0,0,,66,4,2025-11-01 17:29:16.506
17841406083211195,18049038830663805,2025-10-22 04:35:35,CAROUSEL_ALBUM,FEED,4,0,,664,0,0,,66,4,2025-11-02 17:28:55.095
17841406083211195,18049038830663805,2025-10-22 04:35:35,CAROUSEL_ALBUM,FEED,4,0,,677,0,0,,66,4,2025-11-03 17:28:49.520
17841406083211195,18049038830663805,2025-10-22 04:35:35,CAROUSEL_ALBUM,FEED,4,0,,699,0,0,,67,4,2025-11-04 17:28:20.662
17841406083211195,18049038830663805,2025-10-22 04:35:35,CAROUSEL_ALBUM,FEED,4,0,,724,0,0,,67,4,2025-11-05 17:28:28.349
17841406083211195,18049038830663805,2025-10-22 04:35:35,CAROUSEL_ALBUM,FEED,4,0,,744,0,0,,68,4,2025-11-06 17:28:43.521
17841406083211195,18049038830663805,2025-10-22 04:35:35,CAROUSEL_ALBUM,FEED,4,0,,768,0,0,,69,4,2025-11-07 17:29:01.086
17841406083211195,18049038830663805,2025-10-22 04:35:35,CAROUSEL_ALBUM,FEED,4,0,,783,0,0,,70,4,2025-11-08 17:29:24.257
17841406083211195,18049038830663805,2025-10-22 04:35:35,CAROUSEL_ALBUM,FEED,4,0,,801,0,0,,70,4,2025-11-09 17:28:38.949
17841406083211195,18049038830663805,2025-10-22 04:35:35,CAROUSEL_ALBUM,FEED,4,0,,832,0,0,,71,4,2025-11-10 17:29:07.638
17841406083211195,18049038830663805,2025-10-22 04:35:35,CAROUSEL_ALBUM,FEED,4,0,,844,0,0,,72,4,2025-11-11 17:28:56.850
17841406083211195,18049038830663805,2025-10-22 04:35:35,CAROUSEL_ALBUM,FEED,4,0,,868,0,0,,72,4,2025-11-12 17:28:57.510
17841406083211195,18049038830663805,2025-10-22 04:35:35,CAROUSEL_ALBUM,FEED,4,0,,891,0,0,,73,4,2025-11-13 17:29:19.497
17841406083211195,18049038830663805,2025-10-22 04:35:35,CAROUSEL_ALBUM,FEED,4,0,,915,0,0,,73,4,2025-11-14 17:29:00.538
17841406083211195,18049038830663805,2025-10-22 04:35:35,CAROUSEL_ALBUM,FEED,4,0,,938,0,0,,74,4,2025-11-15 17:30:46.800
17841406083211195,18049038830663805,2025-10-22 04:35:35,CAROUSEL_ALBUM,FEED,4,0,,951,0,0,,75,4,2025-11-16 17:29:40.688
17841406083211195,18049038830663805,2025-10-22 04:35:35,CAROUSEL_ALBUM,FEED,4,0,,967,0,0,,77,4,2025-11-17 17:29:03.600
17841406083211195,18049038830663805,2025-10-22 04:35:35,CAROUSEL_ALBUM,FEED,4,0,,981,0,0,,79,4,2025-11-18 17:28:56.194
17841406083211195,18049038830663805,2025-10-22 04:35:35,CAROUSEL_ALBUM,FEED,4,0,,1005,0,0,,80,4,2025-11-19 17:35:38.982
17841406083211195,18049038830663805,2025-10-22 04:35:35,CAROUSEL_ALBUM,FEED,4,0,,1018,0,0,,80,4,2025-11-20 17:36:09.345
17841406083211195,18049038830663805,2025-10-22 04:35:35,CAROUSEL_ALBUM,FEED,4,0,,1031,0,0,,81,4,2025-11-21 17:35:55.852
17841406083211195,18049038830663805,2025-10-22 04:35:35,CAROUSEL_ALBUM,FEED,4,0,,1038,0,0,,81,4,2025-11-22 17:33:59.852
17841406083211195,18049038830663805,2025-10-22 04:35:35,CAROUSEL_ALBUM,FEED,4,0,,1046,0,0,,81,4,2025-11-23 17:33:27.473
17841406083211195,18049038830663805,2025-10-22 04:35:35,CAROUSEL_ALBUM,FEED,4,0,,1056,0,0,,83,4,2025-11-24 17:36:35.480
17841406083211195,18049038830663805,2025-10-22 04:35:35,CAROUSEL_ALBUM,FEED,4,0,,1064,0,0,,84,4,2025-11-25 17:34:52.762
17841406083211195,18049038830663805,2025-10-22 04:35:35,CAROUSEL_ALBUM,FEED,4,0,,1078,0,0,,84,4,2025-11-26 17:37:34.793
17841406083211195,18049038830663805,2025-10-22 04:35:35,CAROUSEL_ALBUM,FEED,4,0,,1089,0,0,,84,4,2025-11-27 17:34:42.499
17841406083211195,18049038830663805,2025-10-22 04:35:35,CAROUSEL_ALBUM,FEED,4,0,,1093,0,0,,84,4,2025-11-28 17:35:39.725
17841406083211195,18049038830663805,2025-10-22 04:35:35,CAROUSEL_ALBUM,FEED,4,0,,1096,0,0,,84,4,2025-11-29 17:36:27.536
17841406083211195,18049038830663805,2025-10-22 04:35:35,CAROUSEL_ALBUM,FEED,4,0,,1097,0,0,,84,4,2025-11-30 17:33:54.616
17841406083211195,18049038830663805,2025-10-22 04:35:35,CAROUSEL_ALBUM,FEED,4,0,,1106,0,0,,84,4,2025-12-01 17:34:00.990
17841406083211195,18049038830663805,2025-10-22 04:35:35,CAROUSEL_ALBUM,FEED,4,0,,1109,0,0,,85,4,2025-12-02 17:35:28.465
17841406083211195,18049038830663805,2025-10-22 04:35:35,CAROUSEL_ALBUM,FEED,4,0,,1121,0,0,,86,4,2025-12-03 17:36:45.834
17841406083211195,18049038830663805,2025-10-22 04:35:35,CAROUSEL_ALBUM,FEED,4,0,,1134,0,0,,86,4,2025-12-04 17:34:52.047
17841406083211195,18049038830663805,2025-10-22 04:35:35,CAROUSEL_ALBUM,FEED,4,0,,1138,0,0,,86,4,2025-12-05 17:34:50.228
17841406083211195,18049038830663805,2025-10-22 04:35:35,CAROUSEL_ALBUM,FEED,4,0,,1145,0,0,,86,4,2025-12-06 17:35:26.322
17841406083211195,18049038830663805,2025-10-22 04:35:35,CAROUSEL_ALBUM,FEED,4,0,,1146,0,0,,86,4,2025-12-07 17:33:44.787
17841406083211195,18049038830663805,2025-10-22 04:35:35,CAROUSEL_ALBUM,FEED,4,0,,1148,0,0,,86,4,2025-12-08 17:33:32.906
17841406083211195,18049038830663805,2025-10-22 04:35:35,CAROUSEL_ALBUM,FEED,4,0,,1157,0,0,,86,4,2025-12-09 17:35:43.770
17841406083211195,18049038830663805,2025-10-22 04:35:35,CAROUSEL_ALBUM,FEED,4,0,,1164,0,0,,87,4,2025-12-10 17:36:27.781
17841406083211195,18049038830663805,2025-10-22 04:35:35,CAROUSEL_ALBUM,FEED,4,0,,1166,0,0,,87,4,2025-12-11 17:33:56.841
17841406083211195,18049038830663805,2025-10-22 04:35:35,CAROUSEL_ALBUM,FEED,4,0,,1167,0,0,,87,4,2025-12-12 17:35:50.530
17841406083211195,18049038830663805,2025-10-22 04:35:35,CAROUSEL_ALBUM,FEED,4,0,,1172,0,0,,87,4,2025-12-15 06:34:20.225
17841406083211195,18049038830663805,2025-10-22 04:35:35,CAROUSEL_ALBUM,FEED,4,0,,1174,0,0,,87,4,2025-12-15 17:37:13.496
17841406083211195,18049038830663805,2025-10-22 04:35:35,CAROUSEL_ALBUM,FEED,4,0,,1180,0,0,,88,4,2025-12-17 17:28:40.148
17841406083211195,18049038830663805,2025-10-22 04:35:35,CAROUSEL_ALBUM,FEED,4,0,,1192,0,0,,88,4,2025-12-20 17:36:50.212
17841406083211195,18049038830663805,2025-10-22 04:35:35,CAROUSEL_ALBUM,FEED,4,0,,1193,0,0,,89,4,2025-12-21 17:29:37.387
17841406083211195,18049038830663805,2025-10-22 04:35:35,CAROUSEL_ALBUM,FEED,4,0,,1194,0,0,,89,4,2025-12-22 17:28:31.291
17841406083211195,18049038830663805,2025-10-22 04:35:35,CAROUSEL_ALBUM,FEED,4,0,,1196,0,0,,89,4,2025-12-23 17:28:29.217
17841406083211195,18049038830663805,2025-10-22 04:35:35,CAROUSEL_ALBUM,FEED,4,0,,1198,0,0,,89,4,2025-12-25 17:29:11.617
17841406083211195,18054996359002335,2025-05-07 10:26:54,CAROUSEL_ALBUM,FEED,11,0,,68,0,14,,48,25,2025-05-07 17:28:39.925
17841406083211195,18054996359002335,2025-05-07 10:26:54,CAROUSEL_ALBUM,FEED,13,0,,116,0,14,,79,27,2025-05-08 17:29:54.765
17841406083211195,18054996359002335,2025-05-07 10:26:54,CAROUSEL_ALBUM,FEED,13,0,,135,0,14,,88,27,2025-05-09 17:31:06.437
17841406083211195,18054996359002335,2025-05-07 10:26:54,CAROUSEL_ALBUM,FEED,13,0,,140,0,14,,90,27,2025-05-10 17:30:36.591
17841406083211195,18054996359002335,2025-05-07 10:26:54,CAROUSEL_ALBUM,FEED,13,0,,145,0,14,,92,27,2025-05-11 17:29:45.377
17841406083211195,18054996359002335,2025-05-07 10:26:54,CAROUSEL_ALBUM,FEED,13,0,,154,0,14,,97,27,2025-05-12 17:30:45.002
17841406083211195,18054996359002335,2025-05-07 10:26:54,CAROUSEL_ALBUM,FEED,13,0,,161,0,14,,101,27,2025-05-13 17:29:33.116
17841406083211195,18054996359002335,2025-05-07 10:26:54,CAROUSEL_ALBUM,FEED,13,0,,165,0,14,,102,27,2025-05-14 17:30:05.767
17841406083211195,18054996359002335,2025-05-07 10:26:54,CAROUSEL_ALBUM,FEED,13,0,,168,0,14,,104,27,2025-05-17 17:30:06.313
17841406083211195,18054996359002335,2025-05-07 10:26:54,CAROUSEL_ALBUM,FEED,13,0,,170,0,14,,106,27,2025-05-18 17:30:27.076
17841406083211195,18054996359002335,2025-05-07 10:26:54,CAROUSEL_ALBUM,FEED,13,0,,172,0,14,,107,27,2025-05-19 17:30:02.656
17841406083211195,18054996359002335,2025-05-07 10:26:54,CAROUSEL_ALBUM,FEED,13,0,,177,0,14,,108,27,2025-05-21 17:30:08.503
17841406083211195,18054996359002335,2025-05-07 10:26:54,CAROUSEL_ALBUM,FEED,13,0,,178,0,14,,108,27,2025-05-22 17:30:10.251
17841406083211195,18054996359002335,2025-05-07 10:26:54,CAROUSEL_ALBUM,FEED,13,0,,182,0,14,,111,27,2025-05-25 17:31:05.645
17841406083211195,18054996359002335,2025-05-07 10:26:54,CAROUSEL_ALBUM,FEED,13,0,,185,0,14,,112,27,2025-05-26 17:30:22.046
17841406083211195,18054996359002335,2025-05-07 10:26:54,CAROUSEL_ALBUM,FEED,13,0,,186,0,14,,113,27,2025-05-28 17:30:33.820
17841406083211195,18054996359002335,2025-05-07 10:26:54,CAROUSEL_ALBUM,FEED,13,0,,187,0,14,,113,27,2025-05-30 17:29:56.098
17841406083211195,18054996359002335,2025-05-07 10:26:54,CAROUSEL_ALBUM,FEED,13,0,,189,0,14,,114,27,2025-05-31 17:30:02.388
17841406083211195,18054996359002335,2025-05-07 10:26:54,CAROUSEL_ALBUM,FEED,13,0,,190,0,14,,114,27,2025-06-01 17:29:49.078
17841406083211195,18054996359002335,2025-05-07 10:26:54,CAROUSEL_ALBUM,FEED,13,0,,191,0,14,,115,27,2025-06-03 17:29:40.468
17841406083211195,18054996359002335,2025-05-07 10:26:54,CAROUSEL_ALBUM,FEED,13,0,,192,0,14,,115,27,2025-06-04 17:30:00.712
17841406083211195,18054996359002335,2025-05-07 10:26:54,CAROUSEL_ALBUM,FEED,13,0,,194,0,14,,116,27,2025-06-05 17:30:15.483
17841406083211195,18054996359002335,2025-05-07 10:26:54,CAROUSEL_ALBUM,FEED,13,0,,215,0,14,,126,27,2025-07-03 03:00:02.136
17841406083211195,18054996359002335,2025-05-07 10:26:54,CAROUSEL_ALBUM,FEED,13,0,,216,0,14,,126,27,2025-07-03 17:29:59.200
17841406083211195,18054996359002335,2025-05-07 10:26:54,CAROUSEL_ALBUM,FEED,13,0,,217,0,14,,126,27,2025-07-04 17:30:58.664
17841406083211195,18054996359002335,2025-05-07 10:26:54,CAROUSEL_ALBUM,FEED,13,0,,222,0,14,,126,27,2025-07-05 17:29:52.038
17841406083211195,18054996359002335,2025-05-07 10:26:54,CAROUSEL_ALBUM,FEED,13,0,,223,0,14,,127,27,2025-07-09 17:30:26.337
17841406083211195,18054996359002335,2025-05-07 10:26:54,CAROUSEL_ALBUM,FEED,13,0,,225,0,14,,127,27,2025-07-15 17:29:51.508
17841406083211195,18054996359002335,2025-05-07 10:26:54,CAROUSEL_ALBUM,FEED,13,0,,226,0,14,,127,27,2025-07-16 17:30:05.704
17841406083211195,18054996359002335,2025-05-07 10:26:54,CAROUSEL_ALBUM,FEED,13,0,,229,0,14,,127,27,2025-07-21 17:30:54.840
17841406083211195,18054996359002335,2025-05-07 10:26:54,CAROUSEL_ALBUM,FEED,13,0,,232,0,14,,128,27,2025-07-22 17:30:46.713
17841406083211195,18054996359002335,2025-05-07 10:26:54,CAROUSEL_ALBUM,FEED,13,0,,233,0,14,,128,27,2025-07-23 17:30:26.053
17841406083211195,18054996359002335,2025-05-07 10:26:54,CAROUSEL_ALBUM,FEED,13,0,,239,0,14,,128,27,2025-07-26 17:30:13.354
17841406083211195,18054996359002335,2025-05-07 10:26:54,CAROUSEL_ALBUM,FEED,13,0,,240,0,14,,128,27,2025-07-27 17:30:43.451
17841406083211195,18054996359002335,2025-05-07 10:26:54,CAROUSEL_ALBUM,FEED,13,0,,241,0,14,,128,27,2025-07-28 17:29:22.348
17841406083211195,18054996359002335,2025-05-07 10:26:54,CAROUSEL_ALBUM,FEED,13,0,,243,0,14,,128,27,2025-07-29 17:29:59.932
17841406083211195,18054996359002335,2025-05-07 10:26:54,CAROUSEL_ALBUM,FEED,13,0,,252,0,14,,130,27,2025-07-31 17:29:02.388
17841406083211195,18054996359002335,2025-05-07 10:26:54,CAROUSEL_ALBUM,FEED,13,0,,258,0,14,,130,27,2025-08-03 17:29:51.698
17841406083211195,18054996359002335,2025-05-07 10:26:54,CAROUSEL_ALBUM,FEED,13,0,,259,0,14,,130,27,2025-08-06 17:29:32.809
17841406083211195,18054996359002335,2025-05-07 10:26:54,CAROUSEL_ALBUM,FEED,13,0,,262,0,14,,130,27,2025-08-08 17:29:41.579
17841406083211195,18054996359002335,2025-05-07 10:26:54,CAROUSEL_ALBUM,FEED,13,0,,274,0,14,,131,27,2025-08-11 17:30:48.460
17841406083211195,18054996359002335,2025-05-07 10:26:54,CAROUSEL_ALBUM,FEED,13,0,,280,0,14,,131,27,2025-08-12 17:31:33.937
17841406083211195,18054996359002335,2025-05-07 10:26:54,CAROUSEL_ALBUM,FEED,13,0,,282,0,14,,131,27,2025-08-14 17:30:40.912
17841406083211195,18054996359002335,2025-05-07 10:26:54,CAROUSEL_ALBUM,FEED,13,0,,291,0,14,,132,27,2025-08-16 17:29:42.435
17841406083211195,18054996359002335,2025-05-07 10:26:54,CAROUSEL_ALBUM,FEED,13,0,,292,0,14,,132,27,2025-08-17 17:28:52.671
17841406083211195,18054996359002335,2025-05-07 10:26:54,CAROUSEL_ALBUM,FEED,13,0,,300,0,14,,132,27,2025-08-18 17:29:03.010
17841406083211195,18054996359002335,2025-05-07 10:26:54,CAROUSEL_ALBUM,FEED,13,0,,303,0,14,,132,27,2025-08-19 17:29:48.958
17841406083211195,18054996359002335,2025-05-07 10:26:54,CAROUSEL_ALBUM,FEED,13,0,,304,0,14,,133,27,2025-08-20 17:29:49.041
17841406083211195,18054996359002335,2025-05-07 10:26:54,CAROUSEL_ALBUM,FEED,13,0,,311,0,14,,134,27,2025-08-21 17:30:28.981
17841406083211195,18054996359002335,2025-05-07 10:26:54,CAROUSEL_ALBUM,FEED,13,0,,312,0,14,,134,27,2025-08-23 17:29:39.819
17841406083211195,18054996359002335,2025-05-07 10:26:54,CAROUSEL_ALBUM,FEED,13,0,,314,0,14,,134,27,2025-08-24 17:29:14.552
17841406083211195,18054996359002335,2025-05-07 10:26:54,CAROUSEL_ALBUM,FEED,13,0,,346,0,14,,134,27,2025-08-25 17:29:45.204
17841406083211195,18054996359002335,2025-05-07 10:26:54,CAROUSEL_ALBUM,FEED,13,0,,355,0,14,,134,27,2025-08-26 17:29:15.097
17841406083211195,18054996359002335,2025-05-07 10:26:54,CAROUSEL_ALBUM,FEED,13,0,,358,0,14,,134,27,2025-08-27 17:30:23.661
17841406083211195,18054996359002335,2025-05-07 10:26:54,CAROUSEL_ALBUM,FEED,13,0,,363,0,14,,134,27,2025-08-28 17:31:28.485
17841406083211195,18054996359002335,2025-05-07 10:26:54,CAROUSEL_ALBUM,FEED,13,0,,364,0,14,,134,27,2025-08-29 17:28:53.238
17841406083211195,18054996359002335,2025-05-07 10:26:54,CAROUSEL_ALBUM,FEED,13,0,,365,0,14,,134,27,2025-08-30 17:30:25.966
17841406083211195,18054996359002335,2025-05-07 10:26:54,CAROUSEL_ALBUM,FEED,13,0,,377,0,14,,134,27,2025-08-31 17:28:56.732
17841406083211195,18054996359002335,2025-05-07 10:26:54,CAROUSEL_ALBUM,FEED,13,0,,459,0,14,,138,27,2025-10-01 04:10:01.741
17841406083211195,18054996359002335,2025-05-07 10:26:54,CAROUSEL_ALBUM,FEED,13,0,,461,0,14,,138,27,2025-10-02 04:04:36.971
17841406083211195,18054996359002335,2025-05-07 10:26:54,CAROUSEL_ALBUM,FEED,13,0,,463,0,14,,138,27,2025-10-02 17:29:39.993
17841406083211195,18054996359002335,2025-05-07 10:26:54,CAROUSEL_ALBUM,FEED,13,0,,464,0,14,,138,27,2025-10-04 17:29:46.373
17841406083211195,18054996359002335,2025-05-07 10:26:54,CAROUSEL_ALBUM,FEED,13,0,,466,0,14,,138,27,2025-10-06 17:28:55.802
17841406083211195,18054996359002335,2025-05-07 10:26:54,CAROUSEL_ALBUM,FEED,13,0,,467,0,14,,138,27,2025-10-08 17:29:48.277
17841406083211195,18054996359002335,2025-05-07 10:26:54,CAROUSEL_ALBUM,FEED,13,0,,475,0,14,,138,27,2025-10-09 17:28:59.246
17841406083211195,18054996359002335,2025-05-07 10:26:54,CAROUSEL_ALBUM,FEED,13,0,,477,0,14,,138,27,2025-10-12 17:28:57.206
17841406083211195,18054996359002335,2025-05-07 10:26:54,CAROUSEL_ALBUM,FEED,13,0,,480,0,14,,138,27,2025-10-13 17:29:00.296
17841406083211195,18054996359002335,2025-05-07 10:26:54,CAROUSEL_ALBUM,FEED,13,0,,481,0,14,,138,27,2025-10-14 17:28:28.911
17841406083211195,18054996359002335,2025-05-07 10:26:54,CAROUSEL_ALBUM,FEED,13,0,,482,0,14,,138,27,2025-10-15 17:30:00.901
17841406083211195,18054996359002335,2025-05-07 10:26:54,CAROUSEL_ALBUM,FEED,13,0,,487,0,14,,139,27,2025-10-16 17:29:06.169
17841406083211195,18054996359002335,2025-05-07 10:26:54,CAROUSEL_ALBUM,FEED,13,0,,492,0,14,,139,27,2025-10-17 17:30:11.765
17841406083211195,18054996359002335,2025-05-07 10:26:54,CAROUSEL_ALBUM,FEED,13,0,,494,0,14,,139,27,2025-10-18 17:28:43.358
17841406083211195,18054996359002335,2025-05-07 10:26:54,CAROUSEL_ALBUM,FEED,13,0,,495,0,14,,139,27,2025-10-20 17:29:38.002
17841406083211195,18054996359002335,2025-05-07 10:26:54,CAROUSEL_ALBUM,FEED,13,0,,496,0,14,,139,27,2025-10-21 17:28:55.522
17841406083211195,18054996359002335,2025-05-07 10:26:54,CAROUSEL_ALBUM,FEED,13,0,,497,0,14,,139,27,2025-10-22 17:29:11.372
17841406083211195,18054996359002335,2025-05-07 10:26:54,CAROUSEL_ALBUM,FEED,13,0,,499,0,14,,139,27,2025-10-23 17:28:45.964
17841406083211195,18054996359002335,2025-05-07 10:26:54,CAROUSEL_ALBUM,FEED,13,0,,505,0,14,,139,27,2025-10-27 17:29:04.344
17841406083211195,18054996359002335,2025-05-07 10:26:54,CAROUSEL_ALBUM,FEED,13,0,,521,0,14,,139,27,2025-10-28 17:30:01.152
17841406083211195,18054996359002335,2025-05-07 10:26:54,CAROUSEL_ALBUM,FEED,13,0,,524,0,14,,140,27,2025-10-29 17:29:48.670
17841406083211195,18054996359002335,2025-05-07 10:26:54,CAROUSEL_ALBUM,FEED,13,0,,528,0,14,,140,27,2025-10-31 17:29:18.969
17841406083211195,18054996359002335,2025-05-07 10:26:54,CAROUSEL_ALBUM,FEED,13,0,,529,0,14,,140,27,2025-11-02 17:29:16.145
17841406083211195,18054996359002335,2025-05-07 10:26:54,CAROUSEL_ALBUM,FEED,13,0,,530,0,14,,140,27,2025-11-03 17:29:06.664
17841406083211195,18054996359002335,2025-05-07 10:26:54,CAROUSEL_ALBUM,FEED,13,0,,533,0,14,,140,27,2025-11-04 17:28:36.315
17841406083211195,18054996359002335,2025-05-07 10:26:54,CAROUSEL_ALBUM,FEED,13,0,,538,0,14,,140,27,2025-11-06 17:29:01.630
17841406083211195,18054996359002335,2025-05-07 10:26:54,CAROUSEL_ALBUM,FEED,13,0,,542,0,14,,140,27,2025-11-07 17:29:19.578
17841406083211195,18054996359002335,2025-05-07 10:26:54,CAROUSEL_ALBUM,FEED,13,0,,548,0,14,,141,27,2025-11-09 17:28:56.335
17841406083211195,18054996359002335,2025-05-07 10:26:54,CAROUSEL_ALBUM,FEED,13,0,,553,0,14,,141,27,2025-11-10 17:29:23.634
17841406083211195,18054996359002335,2025-05-07 10:26:54,CAROUSEL_ALBUM,FEED,13,0,,554,0,14,,141,27,2025-11-11 17:29:14.649
17841406083211195,18054996359002335,2025-05-07 10:26:54,CAROUSEL_ALBUM,FEED,13,0,,556,0,14,,141,27,2025-11-12 17:29:12.206
17841406083211195,18054996359002335,2025-05-07 10:26:54,CAROUSEL_ALBUM,FEED,13,0,,557,0,14,,141,27,2025-11-13 17:29:47.728
17841406083211195,18054996359002335,2025-05-07 10:26:54,CAROUSEL_ALBUM,FEED,13,0,,562,0,14,,141,27,2025-11-14 17:29:17.973
17841406083211195,18054996359002335,2025-05-07 10:26:54,CAROUSEL_ALBUM,FEED,13,0,,564,0,14,,141,27,2025-11-15 17:31:07.836
17841406083211195,18054996359002335,2025-05-07 10:26:54,CAROUSEL_ALBUM,FEED,13,0,,566,0,14,,142,27,2025-11-16 17:30:03.477
17841406083211195,18054996359002335,2025-05-07 10:26:54,CAROUSEL_ALBUM,FEED,13,0,,570,0,14,,142,27,2025-11-17 17:29:22.818
17841406083211195,18054996359002335,2025-05-07 10:26:54,CAROUSEL_ALBUM,FEED,13,0,,571,0,14,,142,27,2025-11-18 17:29:13.848
17841406083211195,18054996359002335,2025-05-07 10:26:54,CAROUSEL_ALBUM,FEED,13,0,,572,0,14,,142,27,2025-11-19 17:34:55.379
17841406083211195,18054996359002335,2025-05-07 10:26:54,CAROUSEL_ALBUM,FEED,13,0,,573,0,14,,142,27,2025-11-21 17:35:17.486
17841406083211195,18054996359002335,2025-05-07 10:26:54,CAROUSEL_ALBUM,FEED,13,0,,574,0,14,,142,27,2025-11-24 17:36:00.676
17841406083211195,18054996359002335,2025-05-07 10:26:54,CAROUSEL_ALBUM,FEED,13,0,,576,0,14,,142,27,2025-11-25 17:34:17.702
17841406083211195,18054996359002335,2025-05-07 10:26:54,CAROUSEL_ALBUM,FEED,13,0,,577,0,14,,142,27,2025-11-26 17:36:48.618
17841406083211195,18054996359002335,2025-05-07 10:26:54,CAROUSEL_ALBUM,FEED,13,0,,578,0,14,,142,27,2025-11-30 17:33:23.491
17841406083211195,18054996359002335,2025-05-07 10:26:54,CAROUSEL_ALBUM,FEED,13,0,,579,0,14,,142,27,2025-12-01 17:33:33.576
17841406083211195,18054996359002335,2025-05-07 10:26:54,CAROUSEL_ALBUM,FEED,13,0,,580,0,14,,142,27,2025-12-02 17:34:52.694
17841406083211195,18054996359002335,2025-05-07 10:26:54,CAROUSEL_ALBUM,FEED,13,0,,582,0,14,,142,27,2025-12-03 17:36:09.384
17841406083211195,18054996359002335,2025-05-07 10:26:54,CAROUSEL_ALBUM,FEED,13,0,,586,0,14,,142,27,2025-12-05 17:34:22.768
17841406083211195,18054996359002335,2025-05-07 10:26:54,CAROUSEL_ALBUM,FEED,13,0,,587,0,14,,142,27,2025-12-07 17:33:15.193
17841406083211195,18054996359002335,2025-05-07 10:26:54,CAROUSEL_ALBUM,FEED,13,0,,588,0,14,,142,27,2025-12-09 17:35:08.319
17841406083211195,18054996359002335,2025-05-07 10:26:54,CAROUSEL_ALBUM,FEED,13,0,,589,0,14,,142,27,2025-12-11 17:33:27.315
17841406083211195,18054996359002335,2025-05-07 10:26:54,CAROUSEL_ALBUM,FEED,13,0,,590,0,14,,142,27,2025-12-12 17:35:06.520
17841406083211195,18054996359002335,2025-05-07 10:26:54,CAROUSEL_ALBUM,FEED,13,0,,592,0,14,,142,27,2025-12-17 17:29:13.835
17841406083211195,18054996359002335,2025-05-07 10:26:54,CAROUSEL_ALBUM,FEED,13,0,,593,0,14,,142,27,2025-12-21 17:30:09.416
17841406083211195,18054996359002335,2025-05-07 10:26:54,CAROUSEL_ALBUM,FEED,13,0,,594,0,14,,142,27,2025-12-22 17:28:52.800
17841406083211195,18054996359002335,2025-05-07 10:26:54,CAROUSEL_ALBUM,FEED,13,0,,595,0,14,,142,27,2025-12-24 17:29:21.584
17841406083211195,18054996359002335,2025-05-07 10:26:54,CAROUSEL_ALBUM,FEED,13,0,,597,0,14,,142,27,2025-12-25 17:29:40.545
17841406083211195,18055621760237779,2025-05-21 10:13:09,CAROUSEL_ALBUM,FEED,9,0,,93,0,14,,61,23,2025-05-21 17:29:59.881
17841406083211195,18055621760237779,2025-05-21 10:13:09,CAROUSEL_ALBUM,FEED,9,0,,158,0,14,,96,23,2025-05-22 17:30:00.983
17841406083211195,18055621760237779,2025-05-21 10:13:09,CAROUSEL_ALBUM,FEED,9,0,,176,0,14,,106,23,2025-05-23 17:30:42.886
17841406083211195,18055621760237779,2025-05-21 10:13:09,CAROUSEL_ALBUM,FEED,9,0,,186,0,14,,109,23,2025-05-24 17:30:42.264
17841406083211195,18055621760237779,2025-05-21 10:13:09,CAROUSEL_ALBUM,FEED,9,0,,193,0,14,,115,23,2025-05-25 17:31:05.657
17841406083211195,18055621760237779,2025-05-21 10:13:09,CAROUSEL_ALBUM,FEED,9,0,,203,0,14,,118,23,2025-05-26 17:30:22.061
17841406083211195,18055621760237779,2025-05-21 10:13:09,CAROUSEL_ALBUM,FEED,10,0,,206,0,14,,120,24,2025-05-27 17:30:25.257
17841406083211195,18055621760237779,2025-05-21 10:13:09,CAROUSEL_ALBUM,FEED,10,0,,209,0,14,,122,24,2025-05-28 17:30:33.832
17841406083211195,18055621760237779,2025-05-21 10:13:09,CAROUSEL_ALBUM,FEED,10,0,,212,0,14,,123,24,2025-05-30 17:29:56.108
17841406083211195,18055621760237779,2025-05-21 10:13:09,CAROUSEL_ALBUM,FEED,10,0,,215,0,14,,126,24,2025-06-01 17:29:49.088
17841406083211195,18055621760237779,2025-05-21 10:13:09,CAROUSEL_ALBUM,FEED,10,0,,218,0,14,,128,24,2025-06-02 17:30:36.026
17841406083211195,18055621760237779,2025-05-21 10:13:09,CAROUSEL_ALBUM,FEED,10,0,,220,0,14,,129,24,2025-06-03 17:29:40.480
17841406083211195,18055621760237779,2025-05-21 10:13:09,CAROUSEL_ALBUM,FEED,10,0,,221,0,14,,130,24,2025-06-04 17:30:00.718
17841406083211195,18055621760237779,2025-05-21 10:13:09,CAROUSEL_ALBUM,FEED,10,0,,223,0,14,,130,24,2025-06-05 17:30:15.495
17841406083211195,18055621760237779,2025-05-21 10:13:09,CAROUSEL_ALBUM,FEED,10,0,,244,0,14,,141,24,2025-07-03 03:00:02.149
17841406083211195,18055621760237779,2025-05-21 10:13:09,CAROUSEL_ALBUM,FEED,10,0,,245,0,14,,141,24,2025-07-03 17:29:59.212
17841406083211195,18055621760237779,2025-05-21 10:13:09,CAROUSEL_ALBUM,FEED,10,0,,249,0,14,,141,24,2025-07-04 17:30:58.675
17841406083211195,18055621760237779,2025-05-21 10:13:09,CAROUSEL_ALBUM,FEED,10,0,,251,0,14,,141,24,2025-07-05 17:29:52.049
17841406083211195,18055621760237779,2025-05-21 10:13:09,CAROUSEL_ALBUM,FEED,10,0,,252,0,14,,142,24,2025-07-08 17:29:53.763
17841406083211195,18055621760237779,2025-05-21 10:13:09,CAROUSEL_ALBUM,FEED,10,0,,253,0,14,,142,24,2025-07-09 17:30:26.372
17841406083211195,18055621760237779,2025-05-21 10:13:09,CAROUSEL_ALBUM,FEED,10,0,,256,0,14,,142,24,2025-07-15 17:29:51.514
17841406083211195,18055621760237779,2025-05-21 10:13:09,CAROUSEL_ALBUM,FEED,10,0,,257,0,14,,142,24,2025-07-16 17:30:05.715
17841406083211195,18055621760237779,2025-05-21 10:13:09,CAROUSEL_ALBUM,FEED,10,0,,258,0,14,,142,24,2025-07-21 17:30:41.024
17841406083211195,18055621760237779,2025-05-21 10:13:09,CAROUSEL_ALBUM,FEED,10,0,,261,0,14,,142,24,2025-07-22 17:30:36.353
17841406083211195,18055621760237779,2025-05-21 10:13:09,CAROUSEL_ALBUM,FEED,10,0,,262,0,14,,142,24,2025-07-23 17:30:15.895
17841406083211195,18055621760237779,2025-05-21 10:13:09,CAROUSEL_ALBUM,FEED,10,0,,270,0,14,,143,24,2025-07-25 17:29:40.358
17841406083211195,18055621760237779,2025-05-21 10:13:09,CAROUSEL_ALBUM,FEED,10,0,,271,0,14,,144,24,2025-07-27 17:30:34.308
17841406083211195,18055621760237779,2025-05-21 10:13:09,CAROUSEL_ALBUM,FEED,10,0,,273,0,14,,144,24,2025-07-28 17:29:11.650
17841406083211195,18055621760237779,2025-05-21 10:13:09,CAROUSEL_ALBUM,FEED,10,0,,274,0,14,,144,24,2025-07-29 17:29:46.533
17841406083211195,18055621760237779,2025-05-21 10:13:09,CAROUSEL_ALBUM,FEED,10,0,,278,0,14,,146,24,2025-07-31 17:28:52.265
17841406083211195,18055621760237779,2025-05-21 10:13:09,CAROUSEL_ALBUM,FEED,10,0,,286,0,14,,146,24,2025-08-03 17:29:40.180
17841406083211195,18055621760237779,2025-05-21 10:13:09,CAROUSEL_ALBUM,FEED,10,0,,287,0,14,,146,24,2025-08-06 17:29:32.815
17841406083211195,18055621760237779,2025-05-21 10:13:09,CAROUSEL_ALBUM,FEED,10,0,,290,0,14,,146,24,2025-08-08 17:29:41.598
17841406083211195,18055621760237779,2025-05-21 10:13:09,CAROUSEL_ALBUM,FEED,10,0,,296,0,14,,146,24,2025-08-10 17:29:54.204
17841406083211195,18055621760237779,2025-05-21 10:13:09,CAROUSEL_ALBUM,FEED,10,0,,298,0,14,,146,24,2025-08-11 17:30:48.471
17841406083211195,18055621760237779,2025-05-21 10:13:09,CAROUSEL_ALBUM,FEED,10,0,,304,0,14,,147,24,2025-08-12 17:31:33.944
17841406083211195,18055621760237779,2025-05-21 10:13:09,CAROUSEL_ALBUM,FEED,10,0,,308,0,14,,148,24,2025-08-14 17:30:40.920
17841406083211195,18055621760237779,2025-05-21 10:13:09,CAROUSEL_ALBUM,FEED,10,0,,314,0,14,,150,24,2025-08-15 17:29:31.459
17841406083211195,18055621760237779,2025-05-21 10:13:09,CAROUSEL_ALBUM,FEED,10,0,,315,0,14,,150,24,2025-08-16 17:29:42.442
17841406083211195,18055621760237779,2025-05-21 10:13:09,CAROUSEL_ALBUM,FEED,10,0,,320,0,14,,151,24,2025-08-17 17:28:52.680
17841406083211195,18055621760237779,2025-05-21 10:13:09,CAROUSEL_ALBUM,FEED,10,0,,324,0,14,,151,24,2025-08-18 17:29:03.017
17841406083211195,18055621760237779,2025-05-21 10:13:09,CAROUSEL_ALBUM,FEED,10,0,,327,0,14,,151,24,2025-08-19 17:29:48.973
17841406083211195,18055621760237779,2025-05-21 10:13:09,CAROUSEL_ALBUM,FEED,10,0,,329,0,14,,151,24,2025-08-20 17:29:49.054
17841406083211195,18055621760237779,2025-05-21 10:13:09,CAROUSEL_ALBUM,FEED,10,0,,338,0,14,,151,24,2025-08-21 17:30:28.991
17841406083211195,18055621760237779,2025-05-21 10:13:09,CAROUSEL_ALBUM,FEED,10,0,,339,0,14,,151,24,2025-08-22 17:29:32.372
17841406083211195,18055621760237779,2025-05-21 10:13:09,CAROUSEL_ALBUM,FEED,10,0,,341,0,14,,151,24,2025-08-23 17:29:39.829
17841406083211195,18055621760237779,2025-05-21 10:13:09,CAROUSEL_ALBUM,FEED,10,0,,343,0,14,,151,24,2025-08-24 17:29:14.565
17841406083211195,18055621760237779,2025-05-21 10:13:09,CAROUSEL_ALBUM,FEED,10,0,,372,0,14,,151,24,2025-08-25 17:29:45.211
17841406083211195,18055621760237779,2025-05-21 10:13:09,CAROUSEL_ALBUM,FEED,10,0,,378,0,14,,151,24,2025-08-26 17:29:15.108
17841406083211195,18055621760237779,2025-05-21 10:13:09,CAROUSEL_ALBUM,FEED,10,0,,381,0,14,,151,24,2025-08-27 17:30:23.671
17841406083211195,18055621760237779,2025-05-21 10:13:09,CAROUSEL_ALBUM,FEED,10,0,,386,0,14,,151,24,2025-08-28 17:31:28.497
17841406083211195,18055621760237779,2025-05-21 10:13:09,CAROUSEL_ALBUM,FEED,10,0,,387,0,14,,151,24,2025-08-29 17:28:53.245
17841406083211195,18055621760237779,2025-05-21 10:13:09,CAROUSEL_ALBUM,FEED,10,0,,390,0,14,,151,24,2025-08-30 17:30:25.972
17841406083211195,18055621760237779,2025-05-21 10:13:09,CAROUSEL_ALBUM,FEED,10,0,,399,0,14,,151,24,2025-08-31 17:28:56.744
17841406083211195,18055621760237779,2025-05-21 10:13:09,CAROUSEL_ALBUM,FEED,10,0,,491,0,14,,158,24,2025-10-01 04:10:01.762
17841406083211195,18055621760237779,2025-05-21 10:13:09,CAROUSEL_ALBUM,FEED,10,0,,493,0,14,,158,24,2025-10-02 04:04:36.978
17841406083211195,18055621760237779,2025-05-21 10:13:09,CAROUSEL_ALBUM,FEED,10,0,,495,0,14,,158,24,2025-10-02 17:29:40.002
17841406083211195,18055621760237779,2025-05-21 10:13:09,CAROUSEL_ALBUM,FEED,10,0,,497,0,14,,158,24,2025-10-04 17:29:46.384
17841406083211195,18055621760237779,2025-05-21 10:13:09,CAROUSEL_ALBUM,FEED,10,0,,501,0,14,,158,24,2025-10-06 17:28:55.818
17841406083211195,18055621760237779,2025-05-21 10:13:09,CAROUSEL_ALBUM,FEED,10,0,,506,0,14,,159,24,2025-10-08 17:29:48.283
17841406083211195,18055621760237779,2025-05-21 10:13:09,CAROUSEL_ALBUM,FEED,10,0,,515,0,14,,159,24,2025-10-09 17:28:59.257
17841406083211195,18055621760237779,2025-05-21 10:13:09,CAROUSEL_ALBUM,FEED,10,0,,516,0,14,,159,24,2025-10-12 17:28:57.222
17841406083211195,18055621760237779,2025-05-21 10:13:09,CAROUSEL_ALBUM,FEED,10,0,,519,0,14,,159,24,2025-10-13 17:29:00.308
17841406083211195,18055621760237779,2025-05-21 10:13:09,CAROUSEL_ALBUM,FEED,10,0,,520,0,14,,159,24,2025-10-14 17:28:28.924
17841406083211195,18055621760237779,2025-05-21 10:13:09,CAROUSEL_ALBUM,FEED,10,0,,521,0,14,,159,24,2025-10-15 17:30:00.908
17841406083211195,18055621760237779,2025-05-21 10:13:09,CAROUSEL_ALBUM,FEED,10,0,,525,0,14,,160,24,2025-10-16 17:29:06.181
17841406083211195,18055621760237779,2025-05-21 10:13:09,CAROUSEL_ALBUM,FEED,10,0,,528,0,14,,160,24,2025-10-17 17:30:04.046
17841406083211195,18055621760237779,2025-05-21 10:13:09,CAROUSEL_ALBUM,FEED,10,0,,531,0,14,,161,24,2025-10-18 17:28:35.982
17841406083211195,18055621760237779,2025-05-21 10:13:09,CAROUSEL_ALBUM,FEED,10,0,,532,0,14,,161,24,2025-10-20 17:29:27.071
17841406083211195,18055621760237779,2025-05-21 10:13:09,CAROUSEL_ALBUM,FEED,10,0,,533,0,14,,161,24,2025-10-21 17:28:47.406
17841406083211195,18055621760237779,2025-05-21 10:13:09,CAROUSEL_ALBUM,FEED,10,0,,534,0,14,,161,24,2025-10-22 17:29:00.832
17841406083211195,18055621760237779,2025-05-21 10:13:09,CAROUSEL_ALBUM,FEED,10,0,,536,0,14,,161,24,2025-10-23 17:28:36.360
17841406083211195,18055621760237779,2025-05-21 10:13:09,CAROUSEL_ALBUM,FEED,10,0,,540,0,14,,161,24,2025-10-27 17:28:53.356
17841406083211195,18055621760237779,2025-05-21 10:13:09,CAROUSEL_ALBUM,FEED,10,0,,555,0,14,,161,24,2025-10-28 17:30:01.158
17841406083211195,18055621760237779,2025-05-21 10:13:09,CAROUSEL_ALBUM,FEED,10,0,,557,0,14,,161,24,2025-10-29 17:29:48.675
17841406083211195,18055621760237779,2025-05-21 10:13:09,CAROUSEL_ALBUM,FEED,10,0,,559,0,14,,161,24,2025-10-31 17:29:18.975
17841406083211195,18055621760237779,2025-05-21 10:13:09,CAROUSEL_ALBUM,FEED,10,0,,560,0,14,,161,24,2025-11-02 17:29:16.156
17841406083211195,18055621760237779,2025-05-21 10:13:09,CAROUSEL_ALBUM,FEED,10,0,,561,0,14,,161,24,2025-11-03 17:29:06.671
17841406083211195,18055621760237779,2025-05-21 10:13:09,CAROUSEL_ALBUM,FEED,10,0,,565,0,14,,161,24,2025-11-04 17:28:36.320
17841406083211195,18055621760237779,2025-05-21 10:13:09,CAROUSEL_ALBUM,FEED,10,0,,570,0,14,,161,24,2025-11-06 17:29:01.640
17841406083211195,18055621760237779,2025-05-21 10:13:09,CAROUSEL_ALBUM,FEED,10,0,,572,0,14,,161,24,2025-11-07 17:29:19.584
17841406083211195,18055621760237779,2025-05-21 10:13:09,CAROUSEL_ALBUM,FEED,10,0,,577,0,14,,161,24,2025-11-09 17:28:56.344
17841406083211195,18055621760237779,2025-05-21 10:13:09,CAROUSEL_ALBUM,FEED,10,0,,581,0,14,,161,24,2025-11-10 17:29:23.646
17841406083211195,18055621760237779,2025-05-21 10:13:09,CAROUSEL_ALBUM,FEED,10,0,,582,0,14,,161,24,2025-11-11 17:29:14.655
17841406083211195,18055621760237779,2025-05-21 10:13:09,CAROUSEL_ALBUM,FEED,10,0,,584,0,14,,161,24,2025-11-12 17:29:12.216
17841406083211195,18055621760237779,2025-05-21 10:13:09,CAROUSEL_ALBUM,FEED,10,0,,585,0,14,,161,24,2025-11-13 17:29:47.740
17841406083211195,18055621760237779,2025-05-21 10:13:09,CAROUSEL_ALBUM,FEED,10,0,,591,0,14,,161,24,2025-11-14 17:29:17.980
17841406083211195,18055621760237779,2025-05-21 10:13:09,CAROUSEL_ALBUM,FEED,10,0,,593,0,14,,161,24,2025-11-15 17:31:07.844
17841406083211195,18055621760237779,2025-05-21 10:13:09,CAROUSEL_ALBUM,FEED,10,0,,595,0,14,,162,24,2025-11-16 17:30:03.486
17841406083211195,18055621760237779,2025-05-21 10:13:09,CAROUSEL_ALBUM,FEED,10,0,,599,0,14,,162,24,2025-11-17 17:29:22.828
17841406083211195,18055621760237779,2025-05-21 10:13:09,CAROUSEL_ALBUM,FEED,10,0,,602,0,14,,163,24,2025-11-18 17:29:13.855
17841406083211195,18055621760237779,2025-05-21 10:13:09,CAROUSEL_ALBUM,FEED,10,0,,604,0,14,,164,24,2025-11-19 17:34:55.385
17841406083211195,18055621760237779,2025-05-21 10:13:09,CAROUSEL_ALBUM,FEED,10,0,,605,0,14,,164,24,2025-11-21 17:35:17.503
17841406083211195,18055621760237779,2025-05-21 10:13:09,CAROUSEL_ALBUM,FEED,10,0,,606,0,14,,164,24,2025-11-24 17:36:00.681
17841406083211195,18055621760237779,2025-05-21 10:13:09,CAROUSEL_ALBUM,FEED,10,0,,608,0,14,,164,24,2025-11-25 17:34:17.707
17841406083211195,18055621760237779,2025-05-21 10:13:09,CAROUSEL_ALBUM,FEED,10,0,,610,0,14,,164,24,2025-11-26 17:36:48.626
17841406083211195,18055621760237779,2025-05-21 10:13:09,CAROUSEL_ALBUM,FEED,10,0,,611,0,14,,164,24,2025-11-30 17:33:23.504
17841406083211195,18055621760237779,2025-05-21 10:13:09,CAROUSEL_ALBUM,FEED,10,0,,612,0,14,,164,24,2025-12-01 17:33:33.582
17841406083211195,18055621760237779,2025-05-21 10:13:09,CAROUSEL_ALBUM,FEED,10,0,,613,0,14,,164,24,2025-12-02 17:34:52.699
17841406083211195,18055621760237779,2025-05-21 10:13:09,CAROUSEL_ALBUM,FEED,10,0,,616,0,14,,164,24,2025-12-03 17:36:09.394
17841406083211195,18055621760237779,2025-05-21 10:13:09,CAROUSEL_ALBUM,FEED,10,0,,620,0,14,,164,24,2025-12-05 17:34:22.777
17841406083211195,18055621760237779,2025-05-21 10:13:09,CAROUSEL_ALBUM,FEED,10,0,,621,0,14,,164,24,2025-12-07 17:33:15.202
17841406083211195,18055621760237779,2025-05-21 10:13:09,CAROUSEL_ALBUM,FEED,10,0,,622,0,14,,164,24,2025-12-09 17:35:08.333
17841406083211195,18055621760237779,2025-05-21 10:13:09,CAROUSEL_ALBUM,FEED,10,0,,624,0,14,,164,24,2025-12-12 17:35:06.526
17841406083211195,18055621760237779,2025-05-21 10:13:09,CAROUSEL_ALBUM,FEED,10,0,,626,0,14,,164,24,2025-12-15 06:33:48.709
17841406083211195,18055621760237779,2025-05-21 10:13:09,CAROUSEL_ALBUM,FEED,10,0,,627,0,14,,164,24,2025-12-17 17:29:02.287
17841406083211195,18055621760237779,2025-05-21 10:13:09,CAROUSEL_ALBUM,FEED,10,0,,628,0,14,,164,24,2025-12-21 17:29:53.716
17841406083211195,18055621760237779,2025-05-21 10:13:09,CAROUSEL_ALBUM,FEED,10,0,,629,0,14,,164,24,2025-12-22 17:28:44.210
17841406083211195,18055621760237779,2025-05-21 10:13:09,CAROUSEL_ALBUM,FEED,10,0,,630,0,14,,164,24,2025-12-24 17:29:12.927
17841406083211195,18055621760237779,2025-05-21 10:13:09,CAROUSEL_ALBUM,FEED,10,0,,631,0,14,,164,24,2025-12-25 17:29:25.138
17841406083211195,18055848215141670,2025-03-12 05:25:12,CAROUSEL_ALBUM,FEED,9,0,,629,0,0,554,497,9,2025-04-17 17:31:52.808
17841406083211195,18055848215141670,2025-03-12 05:25:12,CAROUSEL_ALBUM,FEED,9,0,,630,0,0,,498,9,2025-04-18 19:14:47.753
17841406083211195,18055848215141670,2025-03-12 05:25:12,CAROUSEL_ALBUM,FEED,9,0,,631,0,0,,499,9,2025-04-20 21:57:33.563
17841406083211195,18055848215141670,2025-03-12 05:25:12,CAROUSEL_ALBUM,FEED,9,0,,632,0,0,,500,9,2025-04-22 05:33:02.538
17841406083211195,18055848215141670,2025-03-12 05:25:12,CAROUSEL_ALBUM,FEED,9,0,,633,0,0,,502,9,2025-04-22 06:39:46.054
17841406083211195,18055848215141670,2025-03-12 05:25:12,CAROUSEL_ALBUM,FEED,9,0,,634,0,0,,503,9,2025-04-22 17:29:16.993
17841406083211195,18055848215141670,2025-03-12 05:25:12,CAROUSEL_ALBUM,FEED,9,0,,635,0,0,,504,9,2025-04-23 17:32:10.156
17841406083211195,18055848215141670,2025-03-12 05:25:12,CAROUSEL_ALBUM,FEED,9,0,,636,0,0,,506,9,2025-04-24 17:29:59.122
17841406083211195,18055848215141670,2025-03-12 05:25:12,CAROUSEL_ALBUM,FEED,9,0,,638,0,0,,507,9,2025-04-25 17:30:04.357
17841406083211195,18055848215141670,2025-03-12 05:25:12,CAROUSEL_ALBUM,FEED,9,0,,639,0,0,,508,9,2025-04-28 17:30:00.133
17841406083211195,18055848215141670,2025-03-12 05:25:12,CAROUSEL_ALBUM,FEED,9,0,,640,0,0,,509,9,2025-05-05 17:29:55.872
17841406083211195,18055848215141670,2025-03-12 05:25:12,CAROUSEL_ALBUM,FEED,9,0,,642,0,0,,511,9,2025-05-08 17:30:01.755
17841406083211195,18055848215141670,2025-03-12 05:25:12,CAROUSEL_ALBUM,FEED,9,0,,643,0,0,,511,9,2025-05-14 17:30:05.774
17841406083211195,18055848215141670,2025-03-12 05:25:12,CAROUSEL_ALBUM,FEED,9,0,,644,0,0,,511,9,2025-05-17 17:30:06.317
17841406083211195,18055848215141670,2025-03-12 05:25:12,CAROUSEL_ALBUM,FEED,9,0,,646,0,0,,513,9,2025-05-19 17:30:02.660
17841406083211195,18055848215141670,2025-03-12 05:25:12,CAROUSEL_ALBUM,FEED,9,0,,647,0,0,,515,9,2025-05-24 17:30:42.251
17841406083211195,18055848215141670,2025-03-12 05:25:12,CAROUSEL_ALBUM,FEED,9,0,,649,0,0,,517,9,2025-05-25 17:31:05.651
17841406083211195,18055848215141670,2025-03-12 05:25:12,CAROUSEL_ALBUM,FEED,9,0,,650,0,0,,518,9,2025-05-27 17:30:25.249
17841406083211195,18055848215141670,2025-03-12 05:25:12,CAROUSEL_ALBUM,FEED,9,0,,651,0,0,,520,9,2025-06-01 17:29:49.083
17841406083211195,18055848215141670,2025-03-12 05:25:12,CAROUSEL_ALBUM,FEED,9,0,,652,0,0,,521,9,2025-06-04 17:30:00.715
17841406083211195,18055848215141670,2025-03-12 05:25:12,CAROUSEL_ALBUM,FEED,9,0,,653,0,0,,522,9,2025-06-05 17:30:15.488
17841406083211195,18055848215141670,2025-03-12 05:25:12,CAROUSEL_ALBUM,FEED,9,0,,662,0,0,,526,9,2025-07-03 17:30:07.990
17841406083211195,18055848215141670,2025-03-12 05:25:12,CAROUSEL_ALBUM,FEED,9,0,,664,0,0,,526,9,2025-07-04 17:31:09.105
17841406083211195,18055848215141670,2025-03-12 05:25:12,CAROUSEL_ALBUM,FEED,9,0,,665,0,0,,526,9,2025-07-07 17:30:48.212
17841406083211195,18055848215141670,2025-03-12 05:25:12,CAROUSEL_ALBUM,FEED,9,0,,666,0,0,,526,9,2025-07-10 17:29:25.296
17841406083211195,18055848215141670,2025-03-12 05:25:12,CAROUSEL_ALBUM,FEED,9,0,,667,0,0,,526,9,2025-07-14 17:30:36.573
17841406083211195,18055848215141670,2025-03-12 05:25:12,CAROUSEL_ALBUM,FEED,9,0,,670,0,0,,527,9,2025-07-15 17:30:00.592
17841406083211195,18055848215141670,2025-03-12 05:25:12,CAROUSEL_ALBUM,FEED,9,0,,671,0,0,,527,9,2025-07-16 17:30:13.811
17841406083211195,18055848215141670,2025-03-12 05:25:12,CAROUSEL_ALBUM,FEED,9,0,,678,0,0,,527,9,2025-07-21 17:30:54.846
17841406083211195,18055848215141670,2025-03-12 05:25:12,CAROUSEL_ALBUM,FEED,9,0,,679,0,0,,527,9,2025-07-29 17:29:59.935
17841406083211195,18055848215141670,2025-03-12 05:25:12,CAROUSEL_ALBUM,FEED,9,0,,682,0,0,,527,9,2025-07-30 17:30:21.216
17841406083211195,18055848215141670,2025-03-12 05:25:12,CAROUSEL_ALBUM,FEED,9,0,,683,0,0,,527,9,2025-07-31 17:29:02.396
17841406083211195,18055848215141670,2025-03-12 05:25:12,CAROUSEL_ALBUM,FEED,9,0,,685,0,0,,527,9,2025-08-02 17:29:47.474
17841406083211195,18055848215141670,2025-03-12 05:25:12,CAROUSEL_ALBUM,FEED,9,0,,689,0,0,,527,9,2025-08-03 17:29:51.704
17841406083211195,18055848215141670,2025-03-12 05:25:12,CAROUSEL_ALBUM,FEED,9,0,,690,0,0,,527,9,2025-08-04 17:30:32.193
17841406083211195,18055848215141670,2025-03-12 05:25:12,CAROUSEL_ALBUM,FEED,9,0,,691,0,0,,529,9,2025-08-06 17:29:32.812
17841406083211195,18055848215141670,2025-03-12 05:25:12,CAROUSEL_ALBUM,FEED,9,0,,695,0,0,,530,9,2025-08-08 17:29:41.590
17841406083211195,18055848215141670,2025-03-12 05:25:12,CAROUSEL_ALBUM,FEED,9,0,,701,0,0,,530,9,2025-08-11 17:30:48.465
17841406083211195,18055848215141670,2025-03-12 05:25:12,CAROUSEL_ALBUM,FEED,9,0,,706,0,0,,530,9,2025-08-12 17:31:33.940
17841406083211195,18055848215141670,2025-03-12 05:25:12,CAROUSEL_ALBUM,FEED,9,0,,707,0,0,,530,9,2025-08-16 17:29:42.438
17841406083211195,18055848215141670,2025-03-12 05:25:12,CAROUSEL_ALBUM,FEED,9,0,,710,0,0,,530,9,2025-08-17 17:28:52.675
17841406083211195,18055848215141670,2025-03-12 05:25:12,CAROUSEL_ALBUM,FEED,9,0,,715,0,0,,530,9,2025-08-18 17:29:03.013
17841406083211195,18055848215141670,2025-03-12 05:25:12,CAROUSEL_ALBUM,FEED,9,0,,718,0,0,,530,9,2025-08-20 17:29:49.046
17841406083211195,18055848215141670,2025-03-12 05:25:12,CAROUSEL_ALBUM,FEED,9,0,,719,0,0,,530,9,2025-08-21 17:30:28.985
17841406083211195,18055848215141670,2025-03-12 05:25:12,CAROUSEL_ALBUM,FEED,9,0,,720,0,0,,530,9,2025-08-23 17:29:39.824
17841406083211195,18055848215141670,2025-03-12 05:25:12,CAROUSEL_ALBUM,FEED,9,0,,722,0,0,,530,9,2025-08-24 17:29:14.557
17841406083211195,18055848215141670,2025-03-12 05:25:12,CAROUSEL_ALBUM,FEED,9,0,,740,0,0,,530,9,2025-08-25 17:29:45.207
17841406083211195,18055848215141670,2025-03-12 05:25:12,CAROUSEL_ALBUM,FEED,9,0,,746,0,0,,533,9,2025-08-26 17:29:15.102
17841406083211195,18055848215141670,2025-03-12 05:25:12,CAROUSEL_ALBUM,FEED,9,0,,751,0,0,,533,9,2025-08-27 17:30:23.665
17841406083211195,18055848215141670,2025-03-12 05:25:12,CAROUSEL_ALBUM,FEED,9,0,,753,0,0,,533,9,2025-08-28 17:31:28.490
17841406083211195,18055848215141670,2025-03-12 05:25:12,CAROUSEL_ALBUM,FEED,9,0,,754,0,0,,533,9,2025-08-30 17:30:35.882
17841406083211195,18055848215141670,2025-03-12 05:25:12,CAROUSEL_ALBUM,FEED,9,0,,760,0,0,,533,9,2025-08-31 17:29:08.153
17841406083211195,18055848215141670,2025-03-12 05:25:12,CAROUSEL_ALBUM,FEED,9,0,,819,0,0,,534,9,2025-10-01 04:10:09.693
17841406083211195,18055848215141670,2025-03-12 05:25:12,CAROUSEL_ALBUM,FEED,9,0,,821,0,0,,534,9,2025-10-02 04:04:43.619
17841406083211195,18055848215141670,2025-03-12 05:25:12,CAROUSEL_ALBUM,FEED,9,0,,822,0,0,,534,9,2025-10-02 17:29:46.311
17841406083211195,18055848215141670,2025-03-12 05:25:12,CAROUSEL_ALBUM,FEED,9,0,,823,0,0,,534,9,2025-10-06 17:29:02.563
17841406083211195,18055848215141670,2025-03-12 05:25:12,CAROUSEL_ALBUM,FEED,9,0,,825,0,0,,534,9,2025-10-08 17:29:55.667
17841406083211195,18055848215141670,2025-03-12 05:25:12,CAROUSEL_ALBUM,FEED,9,0,,833,0,0,,534,9,2025-10-09 17:29:07.184
17841406083211195,18055848215141670,2025-03-12 05:25:12,CAROUSEL_ALBUM,FEED,9,0,,834,0,0,,534,9,2025-10-10 17:30:20.761
17841406083211195,18055848215141670,2025-03-12 05:25:12,CAROUSEL_ALBUM,FEED,9,0,,836,0,0,,534,9,2025-10-11 17:28:44.342
17841406083211195,18055848215141670,2025-03-12 05:25:12,CAROUSEL_ALBUM,FEED,9,0,,839,0,0,,535,9,2025-10-12 17:29:04.377
17841406083211195,18055848215141670,2025-03-12 05:25:12,CAROUSEL_ALBUM,FEED,9,0,,844,0,0,,535,9,2025-10-13 17:29:08.093
17841406083211195,18055848215141670,2025-03-12 05:25:12,CAROUSEL_ALBUM,FEED,9,0,,846,0,0,,535,9,2025-10-14 17:28:35.635
17841406083211195,18055848215141670,2025-03-12 05:25:12,CAROUSEL_ALBUM,FEED,9,0,,847,0,0,,535,9,2025-10-15 17:30:08.625
17841406083211195,18055848215141670,2025-03-12 05:25:12,CAROUSEL_ALBUM,FEED,9,0,,848,0,0,,535,9,2025-10-16 17:29:14.742
17841406083211195,18055848215141670,2025-03-12 05:25:12,CAROUSEL_ALBUM,FEED,9,0,,852,0,0,,535,9,2025-10-17 17:30:11.770
17841406083211195,18055848215141670,2025-03-12 05:25:12,CAROUSEL_ALBUM,FEED,9,0,,857,0,0,,537,9,2025-10-18 17:28:43.365
17841406083211195,18055848215141670,2025-03-12 05:25:12,CAROUSEL_ALBUM,FEED,9,0,,858,0,0,,537,9,2025-10-20 17:29:38.005
17841406083211195,18055848215141670,2025-03-12 05:25:12,CAROUSEL_ALBUM,FEED,9,0,,862,0,0,,537,9,2025-10-21 17:28:55.526
17841406083211195,18055848215141670,2025-03-12 05:25:12,CAROUSEL_ALBUM,FEED,9,0,,863,0,0,,537,9,2025-10-22 17:29:11.378
17841406083211195,18055848215141670,2025-03-12 05:25:12,CAROUSEL_ALBUM,FEED,9,0,,865,0,0,,537,9,2025-10-23 17:28:45.970
17841406083211195,18055848215141670,2025-03-12 05:25:12,CAROUSEL_ALBUM,FEED,9,0,,871,0,0,,537,9,2025-10-27 17:29:04.350
17841406083211195,18055848215141670,2025-03-12 05:25:12,CAROUSEL_ALBUM,FEED,9,0,,917,0,0,,537,9,2025-10-28 17:30:01.155
17841406083211195,18055848215141670,2025-03-12 05:25:12,CAROUSEL_ALBUM,FEED,9,0,,918,0,0,,537,9,2025-10-29 17:29:48.672
17841406083211195,18055848215141670,2025-03-12 05:25:12,CAROUSEL_ALBUM,FEED,9,0,,926,0,0,,537,9,2025-10-31 17:29:18.972
17841406083211195,18055848215141670,2025-03-12 05:25:12,CAROUSEL_ALBUM,FEED,9,0,,927,0,0,,537,9,2025-11-02 17:29:16.150
17841406083211195,18055848215141670,2025-03-12 05:25:12,CAROUSEL_ALBUM,FEED,9,0,,928,0,0,,537,9,2025-11-03 17:29:06.667
17841406083211195,18055848215141670,2025-03-12 05:25:12,CAROUSEL_ALBUM,FEED,9,0,,929,0,0,,537,9,2025-11-04 17:28:36.318
17841406083211195,18055848215141670,2025-03-12 05:25:12,CAROUSEL_ALBUM,FEED,9,0,,931,0,0,,537,9,2025-11-06 17:29:01.635
17841406083211195,18055848215141670,2025-03-12 05:25:12,CAROUSEL_ALBUM,FEED,9,0,,933,0,0,,537,9,2025-11-07 17:29:19.580
17841406083211195,18055848215141670,2025-03-12 05:25:12,CAROUSEL_ALBUM,FEED,9,0,,937,0,0,,537,9,2025-11-10 17:29:23.638
17841406083211195,18055848215141670,2025-03-12 05:25:12,CAROUSEL_ALBUM,FEED,9,0,,938,0,0,,537,9,2025-11-11 17:29:14.651
17841406083211195,18055848215141670,2025-03-12 05:25:12,CAROUSEL_ALBUM,FEED,9,0,,940,0,0,,537,9,2025-11-12 17:29:20.870
17841406083211195,18055848215141670,2025-03-12 05:25:12,CAROUSEL_ALBUM,FEED,9,0,,942,0,0,,537,9,2025-11-13 17:30:02.193
17841406083211195,18055848215141670,2025-03-12 05:25:12,CAROUSEL_ALBUM,FEED,9,0,,943,0,0,,537,9,2025-11-14 17:29:25.548
17841406083211195,18055848215141670,2025-03-12 05:25:12,CAROUSEL_ALBUM,FEED,9,0,,945,0,0,,537,9,2025-11-16 17:30:12.332
17841406083211195,18055848215141670,2025-03-12 05:25:12,CAROUSEL_ALBUM,FEED,9,0,,949,0,0,,537,9,2025-11-19 17:34:55.382
17841406083211195,18055848215141670,2025-03-12 05:25:12,CAROUSEL_ALBUM,FEED,9,0,,951,0,0,,537,9,2025-11-21 17:35:17.492
17841406083211195,18055848215141670,2025-03-12 05:25:12,CAROUSEL_ALBUM,FEED,9,0,,952,0,0,,537,9,2025-11-25 17:34:17.704
17841406083211195,18055848215141670,2025-03-12 05:25:12,CAROUSEL_ALBUM,FEED,9,0,,953,0,0,,537,9,2025-11-26 17:36:48.621
17841406083211195,18055848215141670,2025-03-12 05:25:12,CAROUSEL_ALBUM,FEED,9,0,,954,0,0,,537,9,2025-11-30 17:33:23.496
17841406083211195,18055848215141670,2025-03-12 05:25:12,CAROUSEL_ALBUM,FEED,9,0,,955,0,0,,537,9,2025-12-01 17:33:33.578
17841406083211195,18055848215141670,2025-03-12 05:25:12,CAROUSEL_ALBUM,FEED,9,0,,958,0,0,,537,9,2025-12-03 17:36:09.388
17841406083211195,18055848215141670,2025-03-12 05:25:12,CAROUSEL_ALBUM,FEED,9,0,,959,0,0,,537,9,2025-12-05 17:34:22.771
17841406083211195,18055848215141670,2025-03-12 05:25:12,CAROUSEL_ALBUM,FEED,9,0,,961,0,0,,537,9,2025-12-08 17:32:58.809
17841406083211195,18055848215141670,2025-03-12 05:25:12,CAROUSEL_ALBUM,FEED,9,0,,962,0,0,,537,9,2025-12-11 17:33:27.317
17841406083211195,18055848215141670,2025-03-12 05:25:12,CAROUSEL_ALBUM,FEED,9,0,,964,0,0,,537,9,2025-12-12 17:35:06.522
17841406083211195,18055848215141670,2025-03-12 05:25:12,CAROUSEL_ALBUM,FEED,9,0,,966,0,0,,537,9,2025-12-17 17:29:13.838
17841406083211195,18055848215141670,2025-03-12 05:25:12,CAROUSEL_ALBUM,FEED,9,0,,967,0,0,,537,9,2025-12-24 17:29:21.589
17841406083211195,18055848215141670,2025-03-12 05:25:12,CAROUSEL_ALBUM,FEED,9,0,,971,0,0,,537,9,2025-12-25 17:29:40.548
17841406083211195,18058899134468738,2025-05-19 10:47:26,CAROUSEL_ALBUM,FEED,6,0,,91,0,18,,50,24,2025-05-19 17:29:54.822
17841406083211195,18058899134468738,2025-05-19 10:47:26,CAROUSEL_ALBUM,FEED,7,0,,138,0,18,,73,25,2025-05-20 17:29:08.659
17841406083211195,18058899134468738,2025-05-19 10:47:26,CAROUSEL_ALBUM,FEED,7,0,,153,0,18,,83,25,2025-05-21 17:30:08.518
17841406083211195,18058899134468738,2025-05-19 10:47:26,CAROUSEL_ALBUM,FEED,7,0,,169,0,18,,88,25,2025-05-22 17:30:10.260
17841406083211195,18058899134468738,2025-05-19 10:47:26,CAROUSEL_ALBUM,FEED,7,0,,179,0,18,,94,25,2025-05-23 17:30:42.880
17841406083211195,18058899134468738,2025-05-19 10:47:26,CAROUSEL_ALBUM,FEED,7,0,,182,0,18,,95,25,2025-05-24 17:30:42.261
17841406083211195,18058899134468738,2025-05-19 10:47:26,CAROUSEL_ALBUM,FEED,7,0,,183,0,18,,96,25,2025-05-25 17:31:05.655
17841406083211195,18058899134468738,2025-05-19 10:47:26,CAROUSEL_ALBUM,FEED,7,0,,195,0,18,,100,25,2025-05-26 17:30:22.060
17841406083211195,18058899134468738,2025-05-19 10:47:26,CAROUSEL_ALBUM,FEED,7,0,,197,0,18,,102,25,2025-05-27 17:30:25.255
17841406083211195,18058899134468738,2025-05-19 10:47:26,CAROUSEL_ALBUM,FEED,7,0,,200,0,18,,103,25,2025-05-28 17:30:33.830
17841406083211195,18058899134468738,2025-05-19 10:47:26,CAROUSEL_ALBUM,FEED,7,0,,203,0,18,,104,25,2025-05-29 17:29:32.682
17841406083211195,18058899134468738,2025-05-19 10:47:26,CAROUSEL_ALBUM,FEED,7,0,,205,0,18,,106,25,2025-05-30 17:29:56.107
17841406083211195,18058899134468738,2025-05-19 10:47:26,CAROUSEL_ALBUM,FEED,7,0,,210,0,18,,109,25,2025-05-31 17:30:02.400
17841406083211195,18058899134468738,2025-05-19 10:47:26,CAROUSEL_ALBUM,FEED,7,0,,211,0,18,,110,25,2025-06-01 17:29:49.086
17841406083211195,18058899134468738,2025-05-19 10:47:26,CAROUSEL_ALBUM,FEED,7,0,,214,0,18,,112,25,2025-06-04 17:30:00.717
17841406083211195,18058899134468738,2025-05-19 10:47:26,CAROUSEL_ALBUM,FEED,7,0,,218,0,18,,114,25,2025-06-05 17:30:15.492
17841406083211195,18058899134468738,2025-05-19 10:47:26,CAROUSEL_ALBUM,FEED,7,0,,239,0,18,,126,25,2025-07-03 03:00:02.145
17841406083211195,18058899134468738,2025-05-19 10:47:26,CAROUSEL_ALBUM,FEED,7,0,,242,0,18,,128,25,2025-07-03 17:29:59.208
17841406083211195,18058899134468738,2025-05-19 10:47:26,CAROUSEL_ALBUM,FEED,7,0,,246,0,18,,128,25,2025-07-04 17:30:58.672
17841406083211195,18058899134468738,2025-05-19 10:47:26,CAROUSEL_ALBUM,FEED,7,0,,247,0,18,,128,25,2025-07-05 17:29:52.046
17841406083211195,18058899134468738,2025-05-19 10:47:26,CAROUSEL_ALBUM,FEED,7,0,,248,0,18,,129,25,2025-07-08 17:29:53.742
17841406083211195,18058899134468738,2025-05-19 10:47:26,CAROUSEL_ALBUM,FEED,7,0,,249,0,18,,129,25,2025-07-09 17:30:26.364
17841406083211195,18058899134468738,2025-05-19 10:47:26,CAROUSEL_ALBUM,FEED,7,0,,252,0,18,,129,25,2025-07-15 17:29:51.512
17841406083211195,18058899134468738,2025-05-19 10:47:26,CAROUSEL_ALBUM,FEED,7,0,,253,0,18,,129,25,2025-07-16 17:30:05.712
17841406083211195,18058899134468738,2025-05-19 10:47:26,CAROUSEL_ALBUM,FEED,7,0,,256,0,18,,129,25,2025-07-21 17:30:41.019
17841406083211195,18058899134468738,2025-05-19 10:47:26,CAROUSEL_ALBUM,FEED,7,0,,259,0,18,,129,25,2025-07-22 17:30:36.351
17841406083211195,18058899134468738,2025-05-19 10:47:26,CAROUSEL_ALBUM,FEED,7,0,,260,0,18,,129,25,2025-07-23 17:30:15.890
17841406083211195,18058899134468738,2025-05-19 10:47:26,CAROUSEL_ALBUM,FEED,7,0,,264,0,18,,129,25,2025-07-27 17:30:34.306
17841406083211195,18058899134468738,2025-05-19 10:47:26,CAROUSEL_ALBUM,FEED,7,0,,266,0,18,,129,25,2025-07-28 17:29:11.646
17841406083211195,18058899134468738,2025-05-19 10:47:26,CAROUSEL_ALBUM,FEED,7,0,,268,0,18,,129,25,2025-07-29 17:29:46.530
17841406083211195,18058899134468738,2025-05-19 10:47:26,CAROUSEL_ALBUM,FEED,7,0,,272,0,18,,131,25,2025-07-31 17:28:52.261
17841406083211195,18058899134468738,2025-05-19 10:47:26,CAROUSEL_ALBUM,FEED,7,0,,279,0,18,,132,25,2025-08-04 17:30:32.197
17841406083211195,18058899134468738,2025-05-19 10:47:26,CAROUSEL_ALBUM,FEED,7,0,,280,0,18,,133,25,2025-08-06 17:29:32.815
17841406083211195,18058899134468738,2025-05-19 10:47:26,CAROUSEL_ALBUM,FEED,7,0,,282,0,18,,133,25,2025-08-08 17:29:41.596
17841406083211195,18058899134468738,2025-05-19 10:47:26,CAROUSEL_ALBUM,FEED,7,0,,288,0,18,,133,25,2025-08-10 17:29:54.203
17841406083211195,18058899134468738,2025-05-19 10:47:26,CAROUSEL_ALBUM,FEED,7,0,,291,0,18,,134,25,2025-08-11 17:30:48.469
17841406083211195,18058899134468738,2025-05-19 10:47:26,CAROUSEL_ALBUM,FEED,7,0,,297,0,18,,134,25,2025-08-12 17:31:33.943
17841406083211195,18058899134468738,2025-05-19 10:47:26,CAROUSEL_ALBUM,FEED,7,0,,303,0,18,,135,25,2025-08-14 17:30:40.919
17841406083211195,18058899134468738,2025-05-19 10:47:26,CAROUSEL_ALBUM,FEED,7,0,,309,0,18,,136,25,2025-08-16 17:29:42.441
17841406083211195,18058899134468738,2025-05-19 10:47:26,CAROUSEL_ALBUM,FEED,7,0,,313,0,18,,136,25,2025-08-17 17:28:52.679
17841406083211195,18058899134468738,2025-05-19 10:47:26,CAROUSEL_ALBUM,FEED,7,0,,317,0,18,,136,25,2025-08-18 17:29:03.015
17841406083211195,18058899134468738,2025-05-19 10:47:26,CAROUSEL_ALBUM,FEED,7,0,,320,0,18,,136,25,2025-08-19 17:29:48.970
17841406083211195,18058899134468738,2025-05-19 10:47:26,CAROUSEL_ALBUM,FEED,7,0,,321,0,18,,136,25,2025-08-20 17:29:49.051
17841406083211195,18058899134468738,2025-05-19 10:47:26,CAROUSEL_ALBUM,FEED,7,0,,331,0,18,,136,25,2025-08-21 17:30:28.989
17841406083211195,18058899134468738,2025-05-19 10:47:26,CAROUSEL_ALBUM,FEED,7,0,,332,0,18,,136,25,2025-08-22 17:29:32.370
17841406083211195,18058899134468738,2025-05-19 10:47:26,CAROUSEL_ALBUM,FEED,7,0,,334,0,18,,136,25,2025-08-23 17:29:39.827
17841406083211195,18058899134468738,2025-05-19 10:47:26,CAROUSEL_ALBUM,FEED,7,0,,336,0,18,,136,25,2025-08-24 17:29:14.561
17841406083211195,18058899134468738,2025-05-19 10:47:26,CAROUSEL_ALBUM,FEED,7,0,,367,0,18,,138,25,2025-08-25 17:29:45.209
17841406083211195,18058899134468738,2025-05-19 10:47:26,CAROUSEL_ALBUM,FEED,7,0,,373,0,18,,138,25,2025-08-26 17:29:15.106
17841406083211195,18058899134468738,2025-05-19 10:47:26,CAROUSEL_ALBUM,FEED,7,0,,376,0,18,,138,25,2025-08-27 17:30:23.669
17841406083211195,18058899134468738,2025-05-19 10:47:26,CAROUSEL_ALBUM,FEED,7,0,,381,0,18,,138,25,2025-08-28 17:31:28.495
17841406083211195,18058899134468738,2025-05-19 10:47:26,CAROUSEL_ALBUM,FEED,7,0,,383,0,18,,138,25,2025-08-29 17:28:53.243
17841406083211195,18058899134468738,2025-05-19 10:47:26,CAROUSEL_ALBUM,FEED,7,0,,386,0,18,,138,25,2025-08-30 17:30:25.970
17841406083211195,18058899134468738,2025-05-19 10:47:26,CAROUSEL_ALBUM,FEED,7,0,,395,0,18,,138,25,2025-08-31 17:28:56.741
17841406083211195,18058899134468738,2025-05-19 10:47:26,CAROUSEL_ALBUM,FEED,7,0,,473,0,18,,143,25,2025-10-01 04:10:01.757
17841406083211195,18058899134468738,2025-05-19 10:47:26,CAROUSEL_ALBUM,FEED,7,0,,475,0,18,,143,25,2025-10-02 04:04:36.976
17841406083211195,18058899134468738,2025-05-19 10:47:26,CAROUSEL_ALBUM,FEED,7,0,,477,0,18,,143,25,2025-10-02 17:29:39.999
17841406083211195,18058899134468738,2025-05-19 10:47:26,CAROUSEL_ALBUM,FEED,7,0,,478,0,18,,143,25,2025-10-04 17:29:46.381
17841406083211195,18058899134468738,2025-05-19 10:47:26,CAROUSEL_ALBUM,FEED,7,0,,483,0,18,,143,25,2025-10-06 17:28:55.813
17841406083211195,18058899134468738,2025-05-19 10:47:26,CAROUSEL_ALBUM,FEED,7,0,,485,0,18,,143,25,2025-10-08 17:29:48.281
17841406083211195,18058899134468738,2025-05-19 10:47:26,CAROUSEL_ALBUM,FEED,7,0,,494,0,18,,143,25,2025-10-09 17:28:59.254
17841406083211195,18058899134468738,2025-05-19 10:47:26,CAROUSEL_ALBUM,FEED,7,0,,496,0,18,,143,25,2025-10-12 17:28:57.217
17841406083211195,18058899134468738,2025-05-19 10:47:26,CAROUSEL_ALBUM,FEED,7,0,,499,0,18,,143,25,2025-10-13 17:29:00.305
17841406083211195,18058899134468738,2025-05-19 10:47:26,CAROUSEL_ALBUM,FEED,7,0,,500,0,18,,143,25,2025-10-14 17:28:28.921
17841406083211195,18058899134468738,2025-05-19 10:47:26,CAROUSEL_ALBUM,FEED,7,0,,501,0,18,,143,25,2025-10-15 17:30:00.906
17841406083211195,18058899134468738,2025-05-19 10:47:26,CAROUSEL_ALBUM,FEED,7,0,,506,0,18,,145,25,2025-10-16 17:29:06.178
17841406083211195,18058899134468738,2025-05-19 10:47:26,CAROUSEL_ALBUM,FEED,7,0,,512,0,18,,146,25,2025-10-17 17:30:04.043
17841406083211195,18058899134468738,2025-05-19 10:47:26,CAROUSEL_ALBUM,FEED,7,0,,514,0,18,,146,25,2025-10-18 17:28:35.977
17841406083211195,18058899134468738,2025-05-19 10:47:26,CAROUSEL_ALBUM,FEED,7,0,,515,0,18,,146,25,2025-10-20 17:29:27.069
17841406083211195,18058899134468738,2025-05-19 10:47:26,CAROUSEL_ALBUM,FEED,7,0,,516,0,18,,146,25,2025-10-21 17:28:47.404
17841406083211195,18058899134468738,2025-05-19 10:47:26,CAROUSEL_ALBUM,FEED,7,0,,517,0,18,,146,25,2025-10-22 17:29:00.829
17841406083211195,18058899134468738,2025-05-19 10:47:26,CAROUSEL_ALBUM,FEED,7,0,,519,0,18,,146,25,2025-10-23 17:28:36.358
17841406083211195,18058899134468738,2025-05-19 10:47:26,CAROUSEL_ALBUM,FEED,7,0,,524,0,18,,146,25,2025-10-27 17:29:04.356
17841406083211195,18058899134468738,2025-05-19 10:47:26,CAROUSEL_ALBUM,FEED,7,0,,540,0,18,,148,25,2025-10-28 17:30:01.157
17841406083211195,18058899134468738,2025-05-19 10:47:26,CAROUSEL_ALBUM,FEED,7,0,,542,0,18,,148,25,2025-10-29 17:29:48.674
17841406083211195,18058899134468738,2025-05-19 10:47:26,CAROUSEL_ALBUM,FEED,7,0,,546,0,18,,148,25,2025-10-31 17:29:18.974
17841406083211195,18058899134468738,2025-05-19 10:47:26,CAROUSEL_ALBUM,FEED,7,0,,547,0,18,,148,25,2025-11-02 17:29:16.155
17841406083211195,18058899134468738,2025-05-19 10:47:26,CAROUSEL_ALBUM,FEED,7,0,,548,0,18,,148,25,2025-11-03 17:29:06.669
17841406083211195,18058899134468738,2025-05-19 10:47:26,CAROUSEL_ALBUM,FEED,7,0,,552,0,18,,148,25,2025-11-04 17:28:36.319
17841406083211195,18058899134468738,2025-05-19 10:47:26,CAROUSEL_ALBUM,FEED,7,0,,557,0,18,,148,25,2025-11-06 17:29:01.638
17841406083211195,18058899134468738,2025-05-19 10:47:26,CAROUSEL_ALBUM,FEED,7,0,,559,0,18,,148,25,2025-11-07 17:29:19.583
17841406083211195,18058899134468738,2025-05-19 10:47:26,CAROUSEL_ALBUM,FEED,7,0,,565,0,18,,148,25,2025-11-09 17:28:56.342
17841406083211195,18058899134468738,2025-05-19 10:47:26,CAROUSEL_ALBUM,FEED,7,0,,570,0,18,,148,25,2025-11-10 17:29:23.643
17841406083211195,18058899134468738,2025-05-19 10:47:26,CAROUSEL_ALBUM,FEED,7,0,,571,0,18,,148,25,2025-11-11 17:29:14.654
17841406083211195,18058899134468738,2025-05-19 10:47:26,CAROUSEL_ALBUM,FEED,7,0,,573,0,18,,148,25,2025-11-12 17:29:12.213
17841406083211195,18058899134468738,2025-05-19 10:47:26,CAROUSEL_ALBUM,FEED,7,0,,574,0,18,,148,25,2025-11-13 17:29:47.737
17841406083211195,18058899134468738,2025-05-19 10:47:26,CAROUSEL_ALBUM,FEED,7,0,,580,0,18,,149,25,2025-11-14 17:29:17.979
17841406083211195,18058899134468738,2025-05-19 10:47:26,CAROUSEL_ALBUM,FEED,7,0,,582,0,18,,149,25,2025-11-15 17:31:07.842
17841406083211195,18058899134468738,2025-05-19 10:47:26,CAROUSEL_ALBUM,FEED,7,0,,584,0,18,,150,25,2025-11-16 17:30:03.484
17841406083211195,18058899134468738,2025-05-19 10:47:26,CAROUSEL_ALBUM,FEED,7,0,,588,0,18,,150,25,2025-11-17 17:29:22.825
17841406083211195,18058899134468738,2025-05-19 10:47:26,CAROUSEL_ALBUM,FEED,7,0,,591,0,18,,150,25,2025-11-18 17:29:13.853
17841406083211195,18058899134468738,2025-05-19 10:47:26,CAROUSEL_ALBUM,FEED,7,0,,593,0,18,,151,25,2025-11-19 17:34:55.384
17841406083211195,18058899134468738,2025-05-19 10:47:26,CAROUSEL_ALBUM,FEED,7,0,,594,0,18,,151,25,2025-11-21 17:35:17.496
17841406083211195,18058899134468738,2025-05-19 10:47:26,CAROUSEL_ALBUM,FEED,7,0,,595,0,18,,151,25,2025-11-24 17:36:00.679
17841406083211195,18058899134468738,2025-05-19 10:47:26,CAROUSEL_ALBUM,FEED,7,0,,597,0,18,,151,25,2025-11-25 17:34:17.706
17841406083211195,18058899134468738,2025-05-19 10:47:26,CAROUSEL_ALBUM,FEED,7,0,,598,0,18,,151,25,2025-11-30 17:33:23.501
17841406083211195,18058899134468738,2025-05-19 10:47:26,CAROUSEL_ALBUM,FEED,7,0,,599,0,18,,151,25,2025-12-02 17:34:52.698
17841406083211195,18058899134468738,2025-05-19 10:47:26,CAROUSEL_ALBUM,FEED,7,0,,602,0,18,,151,25,2025-12-03 17:36:09.391
17841406083211195,18058899134468738,2025-05-19 10:47:26,CAROUSEL_ALBUM,FEED,7,0,,607,0,18,,152,25,2025-12-05 17:34:22.774
17841406083211195,18058899134468738,2025-05-19 10:47:26,CAROUSEL_ALBUM,FEED,7,0,,608,0,18,,152,25,2025-12-07 17:33:15.200
17841406083211195,18058899134468738,2025-05-19 10:47:26,CAROUSEL_ALBUM,FEED,7,0,,609,0,18,,152,25,2025-12-09 17:35:08.331
17841406083211195,18058899134468738,2025-05-19 10:47:26,CAROUSEL_ALBUM,FEED,7,0,,611,0,18,,152,25,2025-12-12 17:35:06.524
17841406083211195,18058899134468738,2025-05-19 10:47:26,CAROUSEL_ALBUM,FEED,7,0,,613,0,18,,152,25,2025-12-17 17:29:02.285
17841406083211195,18058899134468738,2025-05-19 10:47:26,CAROUSEL_ALBUM,FEED,7,0,,614,0,18,,152,25,2025-12-21 17:29:53.713
17841406083211195,18058899134468738,2025-05-19 10:47:26,CAROUSEL_ALBUM,FEED,7,0,,615,0,18,,152,25,2025-12-22 17:28:44.208
17841406083211195,18058899134468738,2025-05-19 10:47:26,CAROUSEL_ALBUM,FEED,7,0,,617,0,18,,152,25,2025-12-24 17:29:12.924
17841406083211195,18058899134468738,2025-05-19 10:47:26,CAROUSEL_ALBUM,FEED,7,0,,618,0,18,,152,25,2025-12-25 17:29:25.136
17841406083211195,18060216470013763,2025-03-18 09:53:21,CAROUSEL_ALBUM,FEED,3,0,,278,0,0,203,145,3,2025-04-17 17:31:52.827
17841406083211195,18060216470013763,2025-03-18 09:53:21,CAROUSEL_ALBUM,FEED,3,0,,279,0,0,,146,3,2025-04-18 19:14:47.758
17841406083211195,18060216470013763,2025-03-18 09:53:21,CAROUSEL_ALBUM,FEED,3,0,,280,0,0,,147,3,2025-04-24 17:29:59.139
17841406083211195,18060216470013763,2025-03-18 09:53:21,CAROUSEL_ALBUM,FEED,3,0,,281,0,0,,147,3,2025-04-25 17:30:04.372
17841406083211195,18060216470013763,2025-03-18 09:53:21,CAROUSEL_ALBUM,FEED,3,0,,282,0,0,,148,3,2025-04-27 17:31:03.893
17841406083211195,18060216470013763,2025-03-18 09:53:21,CAROUSEL_ALBUM,FEED,3,0,,284,0,0,,149,3,2025-04-28 17:30:00.140
17841406083211195,18060216470013763,2025-03-18 09:53:21,CAROUSEL_ALBUM,FEED,3,0,,285,0,0,,149,3,2025-04-29 17:29:04.409
17841406083211195,18060216470013763,2025-03-18 09:53:21,CAROUSEL_ALBUM,FEED,3,0,,286,0,0,,149,3,2025-05-03 17:30:39.031
17841406083211195,18060216470013763,2025-03-18 09:53:21,CAROUSEL_ALBUM,FEED,3,0,,287,0,0,,150,3,2025-05-05 17:29:55.879
17841406083211195,18060216470013763,2025-03-18 09:53:21,CAROUSEL_ALBUM,FEED,3,0,,289,0,0,,152,3,2025-05-08 17:30:01.766
17841406083211195,18060216470013763,2025-03-18 09:53:21,CAROUSEL_ALBUM,FEED,3,0,,290,0,0,,153,3,2025-05-14 17:30:05.781
17841406083211195,18060216470013763,2025-03-18 09:53:21,CAROUSEL_ALBUM,FEED,3,0,,292,0,0,,155,3,2025-05-15 17:30:17.672
17841406083211195,18060216470013763,2025-03-18 09:53:21,CAROUSEL_ALBUM,FEED,3,0,,293,0,0,,156,3,2025-05-17 17:30:06.320
17841406083211195,18060216470013763,2025-03-18 09:53:21,CAROUSEL_ALBUM,FEED,3,0,,294,0,0,,157,3,2025-05-23 17:30:42.893
17841406083211195,18060216470013763,2025-03-18 09:53:21,CAROUSEL_ALBUM,FEED,3,0,,295,0,0,,158,3,2025-05-24 17:30:42.270
17841406083211195,18060216470013763,2025-03-18 09:53:21,CAROUSEL_ALBUM,FEED,3,0,,296,0,0,,159,3,2025-05-27 17:30:25.259
17841406083211195,18060216470013763,2025-03-18 09:53:21,CAROUSEL_ALBUM,FEED,3,0,,297,0,0,,159,3,2025-06-04 17:30:00.718
17841406083211195,18060216470013763,2025-03-18 09:53:21,CAROUSEL_ALBUM,FEED,3,0,,299,0,0,,160,3,2025-06-05 17:30:15.497
17841406083211195,18060216470013763,2025-03-18 09:53:21,CAROUSEL_ALBUM,FEED,3,0,,304,0,0,,163,3,2025-07-03 03:00:11.499
17841406083211195,18060216470013763,2025-03-18 09:53:21,CAROUSEL_ALBUM,FEED,3,0,,305,0,0,,164,3,2025-07-04 17:31:09.111
17841406083211195,18060216470013763,2025-03-18 09:53:21,CAROUSEL_ALBUM,FEED,3,0,,306,0,0,,164,3,2025-07-16 17:30:13.817
17841406083211195,18060216470013763,2025-03-18 09:53:21,CAROUSEL_ALBUM,FEED,3,0,,311,0,0,,164,3,2025-07-21 17:30:54.855
17841406083211195,18060216470013763,2025-03-18 09:53:21,CAROUSEL_ALBUM,FEED,3,0,,312,0,0,,164,3,2025-07-23 17:30:26.066
17841406083211195,18060216470013763,2025-03-18 09:53:21,CAROUSEL_ALBUM,FEED,3,0,,313,0,0,,164,3,2025-07-27 17:30:43.460
17841406083211195,18060216470013763,2025-03-18 09:53:21,CAROUSEL_ALBUM,FEED,3,0,,317,0,0,,165,3,2025-07-28 17:29:22.362
17841406083211195,18060216470013763,2025-03-18 09:53:21,CAROUSEL_ALBUM,FEED,3,0,,318,0,0,,165,3,2025-07-29 17:29:59.940
17841406083211195,18060216470013763,2025-03-18 09:53:21,CAROUSEL_ALBUM,FEED,3,0,,320,0,0,,165,3,2025-07-31 17:29:02.406
17841406083211195,18060216470013763,2025-03-18 09:53:21,CAROUSEL_ALBUM,FEED,3,0,,322,0,0,,165,3,2025-08-03 17:29:51.711
17841406083211195,18060216470013763,2025-03-18 09:53:21,CAROUSEL_ALBUM,FEED,3,0,,326,0,0,,166,3,2025-08-04 17:30:32.200
17841406083211195,18060216470013763,2025-03-18 09:53:21,CAROUSEL_ALBUM,FEED,3,0,,329,0,0,,167,3,2025-08-06 17:29:32.816
17841406083211195,18060216470013763,2025-03-18 09:53:21,CAROUSEL_ALBUM,FEED,3,0,,332,0,0,,167,3,2025-08-08 17:29:41.600
17841406083211195,18060216470013763,2025-03-18 09:53:21,CAROUSEL_ALBUM,FEED,3,0,,338,0,0,,167,3,2025-08-10 17:29:54.205
17841406083211195,18060216470013763,2025-03-18 09:53:21,CAROUSEL_ALBUM,FEED,3,0,,339,0,0,,167,3,2025-08-11 17:30:48.472
17841406083211195,18060216470013763,2025-03-18 09:53:21,CAROUSEL_ALBUM,FEED,3,0,,344,0,0,,167,3,2025-08-14 17:30:40.921
17841406083211195,18060216470013763,2025-03-18 09:53:21,CAROUSEL_ALBUM,FEED,3,0,,348,0,0,,167,3,2025-08-17 17:28:52.681
17841406083211195,18060216470013763,2025-03-18 09:53:21,CAROUSEL_ALBUM,FEED,3,0,,356,0,0,,167,3,2025-08-18 17:29:03.021
17841406083211195,18060216470013763,2025-03-18 09:53:21,CAROUSEL_ALBUM,FEED,3,0,,359,0,0,,167,3,2025-08-20 17:29:49.055
17841406083211195,18060216470013763,2025-03-18 09:53:21,CAROUSEL_ALBUM,FEED,3,0,,363,0,0,,168,3,2025-08-21 17:30:28.993
17841406083211195,18060216470013763,2025-03-18 09:53:21,CAROUSEL_ALBUM,FEED,3,0,,364,0,0,,168,3,2025-08-22 17:29:32.374
17841406083211195,18060216470013763,2025-03-18 09:53:21,CAROUSEL_ALBUM,FEED,3,0,,365,0,0,,168,3,2025-08-23 17:29:39.831
17841406083211195,18060216470013763,2025-03-18 09:53:21,CAROUSEL_ALBUM,FEED,3,0,,367,0,0,,168,3,2025-08-24 17:29:14.566
17841406083211195,18060216470013763,2025-03-18 09:53:21,CAROUSEL_ALBUM,FEED,3,0,,388,0,0,,169,3,2025-08-25 17:29:45.212
17841406083211195,18060216470013763,2025-03-18 09:53:21,CAROUSEL_ALBUM,FEED,3,0,,392,0,0,,169,3,2025-08-26 17:29:15.109
17841406083211195,18060216470013763,2025-03-18 09:53:21,CAROUSEL_ALBUM,FEED,3,0,,398,0,0,,169,3,2025-08-27 17:30:23.673
17841406083211195,18060216470013763,2025-03-18 09:53:21,CAROUSEL_ALBUM,FEED,3,0,,400,0,0,,169,3,2025-08-28 17:31:28.499
17841406083211195,18060216470013763,2025-03-18 09:53:21,CAROUSEL_ALBUM,FEED,3,0,,401,0,0,,169,3,2025-08-30 17:30:25.972
17841406083211195,18060216470013763,2025-03-18 09:53:21,CAROUSEL_ALBUM,FEED,3,0,,408,0,0,,169,3,2025-08-31 17:28:56.746
17841406083211195,18060216470013763,2025-03-18 09:53:21,CAROUSEL_ALBUM,FEED,3,0,,469,0,0,,172,3,2025-10-01 04:10:09.708
17841406083211195,18060216470013763,2025-03-18 09:53:21,CAROUSEL_ALBUM,FEED,3,0,,471,0,0,,172,3,2025-10-02 04:04:43.623
17841406083211195,18060216470013763,2025-03-18 09:53:21,CAROUSEL_ALBUM,FEED,3,0,,472,0,0,,172,3,2025-10-02 17:29:46.318
17841406083211195,18060216470013763,2025-03-18 09:53:21,CAROUSEL_ALBUM,FEED,3,0,,475,0,0,,173,3,2025-10-04 17:29:53.398
17841406083211195,18060216470013763,2025-03-18 09:53:21,CAROUSEL_ALBUM,FEED,3,0,,476,0,0,,173,3,2025-10-06 17:29:02.569
17841406083211195,18060216470013763,2025-03-18 09:53:21,CAROUSEL_ALBUM,FEED,3,0,,477,0,0,,173,3,2025-10-08 17:29:55.671
17841406083211195,18060216470013763,2025-03-18 09:53:21,CAROUSEL_ALBUM,FEED,3,0,,485,0,0,,173,3,2025-10-09 17:29:07.193
17841406083211195,18060216470013763,2025-03-18 09:53:21,CAROUSEL_ALBUM,FEED,3,0,,486,0,0,,173,3,2025-10-12 17:29:04.385
17841406083211195,18060216470013763,2025-03-18 09:53:21,CAROUSEL_ALBUM,FEED,3,0,,491,0,0,,174,3,2025-10-13 17:29:08.099
17841406083211195,18060216470013763,2025-03-18 09:53:21,CAROUSEL_ALBUM,FEED,3,0,,493,0,0,,174,3,2025-10-14 17:28:35.641
17841406083211195,18060216470013763,2025-03-18 09:53:21,CAROUSEL_ALBUM,FEED,3,0,,494,0,0,,174,3,2025-10-15 17:30:08.628
17841406083211195,18060216470013763,2025-03-18 09:53:21,CAROUSEL_ALBUM,FEED,3,0,,495,0,0,,174,3,2025-10-16 17:29:14.752
17841406083211195,18060216470013763,2025-03-18 09:53:21,CAROUSEL_ALBUM,FEED,3,0,,499,0,0,,174,3,2025-10-17 17:30:11.777
17841406083211195,18060216470013763,2025-03-18 09:53:21,CAROUSEL_ALBUM,FEED,3,0,,502,0,0,,174,3,2025-10-18 17:28:43.375
17841406083211195,18060216470013763,2025-03-18 09:53:21,CAROUSEL_ALBUM,FEED,3,0,,503,0,0,,174,3,2025-10-20 17:29:38.008
17841406083211195,18060216470013763,2025-03-18 09:53:21,CAROUSEL_ALBUM,FEED,3,0,,504,0,0,,174,3,2025-10-22 17:29:11.386
17841406083211195,18060216470013763,2025-03-18 09:53:21,CAROUSEL_ALBUM,FEED,3,0,,506,0,0,,174,3,2025-10-23 17:28:45.978
17841406083211195,18060216470013763,2025-03-18 09:53:21,CAROUSEL_ALBUM,FEED,3,0,,512,0,0,,174,3,2025-10-27 17:29:04.358
17841406083211195,18060216470013763,2025-03-18 09:53:21,CAROUSEL_ALBUM,FEED,3,0,,537,0,0,,174,3,2025-10-28 17:30:01.159
17841406083211195,18060216470013763,2025-03-18 09:53:21,CAROUSEL_ALBUM,FEED,3,0,,539,0,0,,174,3,2025-10-29 17:29:48.676
17841406083211195,18060216470013763,2025-03-18 09:53:21,CAROUSEL_ALBUM,FEED,3,0,,546,0,0,,174,3,2025-10-31 17:29:18.976
17841406083211195,18060216470013763,2025-03-18 09:53:21,CAROUSEL_ALBUM,FEED,3,0,,547,0,0,,174,3,2025-11-02 17:29:16.158
17841406083211195,18060216470013763,2025-03-18 09:53:21,CAROUSEL_ALBUM,FEED,3,0,,548,0,0,,174,3,2025-11-03 17:29:06.673
17841406083211195,18060216470013763,2025-03-18 09:53:21,CAROUSEL_ALBUM,FEED,3,0,,550,0,0,,174,3,2025-11-04 17:28:36.321
17841406083211195,18060216470013763,2025-03-18 09:53:21,CAROUSEL_ALBUM,FEED,3,0,,553,0,0,,174,3,2025-11-06 17:29:01.642
17841406083211195,18060216470013763,2025-03-18 09:53:21,CAROUSEL_ALBUM,FEED,3,0,,559,0,0,,174,3,2025-11-07 17:29:19.585
17841406083211195,18060216470013763,2025-03-18 09:53:21,CAROUSEL_ALBUM,FEED,3,0,,562,0,0,,174,3,2025-11-10 17:29:23.647
17841406083211195,18060216470013763,2025-03-18 09:53:21,CAROUSEL_ALBUM,FEED,3,0,,563,0,0,,174,3,2025-11-11 17:29:14.656
17841406083211195,18060216470013763,2025-03-18 09:53:21,CAROUSEL_ALBUM,FEED,3,0,,565,0,0,,174,3,2025-11-12 17:29:12.217
17841406083211195,18060216470013763,2025-03-18 09:53:21,CAROUSEL_ALBUM,FEED,3,0,,566,0,0,,174,3,2025-11-13 17:29:47.742
17841406083211195,18060216470013763,2025-03-18 09:53:21,CAROUSEL_ALBUM,FEED,3,0,,568,0,0,,174,3,2025-11-14 17:29:17.981
17841406083211195,18060216470013763,2025-03-18 09:53:21,CAROUSEL_ALBUM,FEED,3,0,,571,0,0,,174,3,2025-11-16 17:30:12.337
17841406083211195,18060216470013763,2025-03-18 09:53:21,CAROUSEL_ALBUM,FEED,3,0,,575,0,0,,174,3,2025-11-17 17:29:30.727
17841406083211195,18060216470013763,2025-03-18 09:53:21,CAROUSEL_ALBUM,FEED,3,0,,576,0,0,,174,3,2025-11-19 17:34:29.228
17841406083211195,18060216470013763,2025-03-18 09:53:21,CAROUSEL_ALBUM,FEED,3,0,,577,0,0,,174,3,2025-11-21 17:34:52.832
17841406083211195,18060216470013763,2025-03-18 09:53:21,CAROUSEL_ALBUM,FEED,3,0,,578,0,0,,174,3,2025-11-26 17:36:02.333
17841406083211195,18060216470013763,2025-03-18 09:53:21,CAROUSEL_ALBUM,FEED,3,0,,579,0,0,,174,3,2025-11-30 17:33:04.207
17841406083211195,18060216470013763,2025-03-18 09:53:21,CAROUSEL_ALBUM,FEED,3,0,,581,0,0,,174,3,2025-12-01 17:33:15.140
17841406083211195,18060216470013763,2025-03-18 09:53:21,CAROUSEL_ALBUM,FEED,3,0,,583,0,0,,175,3,2025-12-03 17:35:49.239
17841406083211195,18060216470013763,2025-03-18 09:53:21,CAROUSEL_ALBUM,FEED,3,0,,584,0,0,,175,3,2025-12-05 17:34:03.821
17841406083211195,18060216470013763,2025-03-18 09:53:21,CAROUSEL_ALBUM,FEED,3,0,,585,0,0,,175,3,2025-12-08 17:32:36.781
17841406083211195,18060216470013763,2025-03-18 09:53:21,CAROUSEL_ALBUM,FEED,3,0,,586,0,0,,175,3,2025-12-09 17:34:43.096
17841406083211195,18060216470013763,2025-03-18 09:53:21,CAROUSEL_ALBUM,FEED,3,0,,587,0,0,,175,3,2025-12-11 17:33:08.742
17841406083211195,18060216470013763,2025-03-18 09:53:21,CAROUSEL_ALBUM,FEED,3,0,,590,0,0,,175,3,2025-12-12 17:34:34.584
17841406083211195,18060216470013763,2025-03-18 09:53:21,CAROUSEL_ALBUM,FEED,3,0,,592,0,0,,175,3,2025-12-15 06:33:28.470
17841406083211195,18060216470013763,2025-03-18 09:53:21,CAROUSEL_ALBUM,FEED,3,0,,593,0,0,,175,3,2025-12-17 17:29:13.841
17841406083211195,18060216470013763,2025-03-18 09:53:21,CAROUSEL_ALBUM,FEED,3,0,,594,0,0,,175,3,2025-12-24 17:29:21.597
17841406083211195,18060216470013763,2025-03-18 09:53:21,CAROUSEL_ALBUM,FEED,3,0,,597,0,0,,175,3,2025-12-25 17:29:40.551
17841406083211195,18061949480333589,2025-06-23 10:24:19,CAROUSEL_ALBUM,FEED,6,0,,242,0,14,,92,20,2025-07-03 03:00:02.147
17841406083211195,18061949480333589,2025-06-23 10:24:19,CAROUSEL_ALBUM,FEED,6,0,,248,0,14,,94,20,2025-07-03 17:29:59.210
17841406083211195,18061949480333589,2025-06-23 10:24:19,CAROUSEL_ALBUM,FEED,6,0,,261,0,14,,99,20,2025-07-04 17:30:58.674
17841406083211195,18061949480333589,2025-06-23 10:24:19,CAROUSEL_ALBUM,FEED,6,0,,270,0,14,,100,20,2025-07-05 17:29:52.047
17841406083211195,18061949480333589,2025-06-23 10:24:19,CAROUSEL_ALBUM,FEED,6,0,,272,0,14,,100,20,2025-07-06 17:30:30.242
17841406083211195,18061949480333589,2025-06-23 10:24:19,CAROUSEL_ALBUM,FEED,6,0,,282,0,14,,103,20,2025-07-07 17:30:38.832
17841406083211195,18061949480333589,2025-06-23 10:24:19,CAROUSEL_ALBUM,FEED,6,0,,285,0,14,,104,20,2025-07-08 17:29:53.756
17841406083211195,18061949480333589,2025-06-23 10:24:19,CAROUSEL_ALBUM,FEED,6,0,,287,0,14,,104,20,2025-07-09 17:30:26.367
17841406083211195,18061949480333589,2025-06-23 10:24:19,CAROUSEL_ALBUM,FEED,6,0,,295,0,14,,104,20,2025-07-10 17:29:17.354
17841406083211195,18061949480333589,2025-06-23 10:24:19,CAROUSEL_ALBUM,FEED,6,0,,297,0,14,,104,20,2025-07-11 17:29:41.223
17841406083211195,18061949480333589,2025-06-23 10:24:19,CAROUSEL_ALBUM,FEED,6,0,,298,0,14,,104,20,2025-07-13 17:29:26.774
17841406083211195,18061949480333589,2025-06-23 10:24:19,CAROUSEL_ALBUM,FEED,6,0,,302,0,14,,104,20,2025-07-14 17:30:26.679
17841406083211195,18061949480333589,2025-06-23 10:24:19,CAROUSEL_ALBUM,FEED,6,0,,303,0,14,,104,20,2025-07-15 17:29:51.513
17841406083211195,18061949480333589,2025-06-23 10:24:19,CAROUSEL_ALBUM,FEED,6,0,,305,0,14,,104,20,2025-07-16 17:30:05.714
17841406083211195,18061949480333589,2025-06-23 10:24:19,CAROUSEL_ALBUM,FEED,6,0,,313,0,14,,105,20,2025-07-17 17:29:49.518
17841406083211195,18061949480333589,2025-06-23 10:24:19,CAROUSEL_ALBUM,FEED,6,0,,315,0,14,,105,20,2025-07-18 17:29:48.371
17841406083211195,18061949480333589,2025-06-23 10:24:19,CAROUSEL_ALBUM,FEED,6,0,,317,0,14,,106,20,2025-07-20 17:30:14.570
17841406083211195,18061949480333589,2025-06-23 10:24:19,CAROUSEL_ALBUM,FEED,6,0,,318,0,14,,106,20,2025-07-21 17:30:41.022
17841406083211195,18061949480333589,2025-06-23 10:24:19,CAROUSEL_ALBUM,FEED,6,0,,325,0,14,,106,20,2025-07-22 17:30:36.352
17841406083211195,18061949480333589,2025-06-23 10:24:19,CAROUSEL_ALBUM,FEED,6,0,,330,0,14,,108,20,2025-07-23 17:30:15.893
17841406083211195,18061949480333589,2025-06-23 10:24:19,CAROUSEL_ALBUM,FEED,6,0,,337,0,14,,109,20,2025-07-24 17:30:01.602
17841406083211195,18061949480333589,2025-06-23 10:24:19,CAROUSEL_ALBUM,FEED,6,0,,340,0,14,,109,20,2025-07-25 17:29:40.358
17841406083211195,18061949480333589,2025-06-23 10:24:19,CAROUSEL_ALBUM,FEED,6,0,,342,0,14,,110,20,2025-07-27 17:30:34.307
17841406083211195,18061949480333589,2025-06-23 10:24:19,CAROUSEL_ALBUM,FEED,6,0,,356,0,14,,112,20,2025-07-28 17:29:11.649
17841406083211195,18061949480333589,2025-06-23 10:24:19,CAROUSEL_ALBUM,FEED,6,0,,360,0,14,,112,20,2025-07-29 17:29:46.532
17841406083211195,18061949480333589,2025-06-23 10:24:19,CAROUSEL_ALBUM,FEED,6,0,,365,0,14,,115,20,2025-07-31 17:28:52.263
17841406083211195,18061949480333589,2025-06-23 10:24:19,CAROUSEL_ALBUM,FEED,6,0,,370,0,14,,115,20,2025-08-01 17:30:02.456
17841406083211195,18061949480333589,2025-06-23 10:24:19,CAROUSEL_ALBUM,FEED,6,0,,371,0,14,,116,20,2025-08-03 17:29:40.179
17841406083211195,18061949480333589,2025-06-23 10:24:19,CAROUSEL_ALBUM,FEED,6,0,,372,0,14,,116,20,2025-08-04 17:30:20.393
17841406083211195,18061949480333589,2025-06-23 10:24:19,CAROUSEL_ALBUM,FEED,6,0,,374,0,14,,116,20,2025-08-05 17:30:25.825
17841406083211195,18061949480333589,2025-06-23 10:24:19,CAROUSEL_ALBUM,FEED,6,0,,378,0,14,,116,20,2025-08-06 17:29:21.817
17841406083211195,18061949480333589,2025-06-23 10:24:19,CAROUSEL_ALBUM,FEED,6,0,,388,0,14,,116,20,2025-08-07 17:29:51.653
17841406083211195,18061949480333589,2025-06-23 10:24:19,CAROUSEL_ALBUM,FEED,6,0,,389,0,14,,116,20,2025-08-08 17:29:30.441
17841406083211195,18061949480333589,2025-06-23 10:24:19,CAROUSEL_ALBUM,FEED,6,0,,405,0,14,,117,20,2025-08-09 17:29:16.356
17841406083211195,18061949480333589,2025-06-23 10:24:19,CAROUSEL_ALBUM,FEED,6,0,,408,0,14,,117,20,2025-08-10 17:29:41.095
17841406083211195,18061949480333589,2025-06-23 10:24:19,CAROUSEL_ALBUM,FEED,6,0,,412,0,14,,117,20,2025-08-11 17:30:32.967
17841406083211195,18061949480333589,2025-06-23 10:24:19,CAROUSEL_ALBUM,FEED,6,0,,425,0,14,,118,20,2025-08-12 17:31:22.350
17841406083211195,18061949480333589,2025-06-23 10:24:19,CAROUSEL_ALBUM,FEED,6,0,,431,0,14,,120,20,2025-08-13 17:29:54.295
17841406083211195,18061949480333589,2025-06-23 10:24:19,CAROUSEL_ALBUM,FEED,6,0,,432,0,14,,120,20,2025-08-14 17:30:30.706
17841406083211195,18061949480333589,2025-06-23 10:24:19,CAROUSEL_ALBUM,FEED,6,0,,446,0,14,,120,20,2025-08-15 17:29:20.118
17841406083211195,18061949480333589,2025-06-23 10:24:19,CAROUSEL_ALBUM,FEED,6,0,,450,0,14,,120,20,2025-08-16 17:29:29.899
17841406083211195,18061949480333589,2025-06-23 10:24:19,CAROUSEL_ALBUM,FEED,6,0,,453,0,14,,120,20,2025-08-17 17:28:43.182
17841406083211195,18061949480333589,2025-06-23 10:24:19,CAROUSEL_ALBUM,FEED,6,0,,465,0,14,,120,20,2025-08-18 17:28:55.672
17841406083211195,18061949480333589,2025-06-23 10:24:19,CAROUSEL_ALBUM,FEED,6,0,,470,0,14,,121,20,2025-08-19 17:29:34.436
17841406083211195,18061949480333589,2025-06-23 10:24:19,CAROUSEL_ALBUM,FEED,6,0,,473,0,14,,122,20,2025-08-20 17:29:40.875
17841406083211195,18061949480333589,2025-06-23 10:24:19,CAROUSEL_ALBUM,FEED,6,0,,482,0,14,,123,20,2025-08-21 17:30:19.081
17841406083211195,18061949480333589,2025-06-23 10:24:19,CAROUSEL_ALBUM,FEED,6,0,,493,0,14,,123,20,2025-08-22 17:29:22.421
17841406083211195,18061949480333589,2025-06-23 10:24:19,CAROUSEL_ALBUM,FEED,6,0,,497,0,14,,124,20,2025-08-23 17:29:30.933
17841406083211195,18061949480333589,2025-06-23 10:24:19,CAROUSEL_ALBUM,FEED,6,0,,499,0,14,,124,20,2025-08-24 17:29:05.933
17841406083211195,18061949480333589,2025-06-23 10:24:19,CAROUSEL_ALBUM,FEED,6,0,,539,0,14,,124,20,2025-08-25 17:29:34.733
17841406083211195,18061949480333589,2025-06-23 10:24:19,CAROUSEL_ALBUM,FEED,6,0,,552,0,14,,126,20,2025-08-26 17:29:05.590
17841406083211195,18061949480333589,2025-06-23 10:24:19,CAROUSEL_ALBUM,FEED,6,0,,559,0,14,,126,20,2025-08-27 17:30:15.467
17841406083211195,18061949480333589,2025-06-23 10:24:19,CAROUSEL_ALBUM,FEED,6,0,,567,0,14,,127,20,2025-08-28 17:31:18.230
17841406083211195,18061949480333589,2025-06-23 10:24:19,CAROUSEL_ALBUM,FEED,6,0,,576,0,14,,127,20,2025-08-29 17:28:45.769
17841406083211195,18061949480333589,2025-06-23 10:24:19,CAROUSEL_ALBUM,FEED,6,0,,583,0,14,,127,20,2025-08-30 17:30:09.893
17841406083211195,18061949480333589,2025-06-23 10:24:19,CAROUSEL_ALBUM,FEED,6,0,,595,0,14,,127,20,2025-08-31 17:28:47.927
17841406083211195,18061949480333589,2025-06-23 10:24:19,CAROUSEL_ALBUM,FEED,6,0,,743,0,14,,131,20,2025-10-01 04:10:01.759
17841406083211195,18061949480333589,2025-06-23 10:24:19,CAROUSEL_ALBUM,FEED,6,0,,748,0,14,,131,20,2025-10-02 04:04:36.977
17841406083211195,18061949480333589,2025-06-23 10:24:19,CAROUSEL_ALBUM,FEED,6,0,,756,0,14,,132,20,2025-10-02 17:29:40.001
17841406083211195,18061949480333589,2025-06-23 10:24:19,CAROUSEL_ALBUM,FEED,6,0,,763,0,14,,132,20,2025-10-04 17:29:46.383
17841406083211195,18061949480333589,2025-06-23 10:24:19,CAROUSEL_ALBUM,FEED,6,0,,771,0,14,,132,20,2025-10-05 17:29:33.604
17841406083211195,18061949480333589,2025-06-23 10:24:19,CAROUSEL_ALBUM,FEED,6,0,,772,0,14,,132,20,2025-10-06 17:28:55.816
17841406083211195,18061949480333589,2025-06-23 10:24:19,CAROUSEL_ALBUM,FEED,6,0,,778,0,14,,133,20,2025-10-07 17:28:36.707
17841406083211195,18061949480333589,2025-06-23 10:24:19,CAROUSEL_ALBUM,FEED,6,0,,779,0,14,,133,20,2025-10-08 17:29:48.282
17841406083211195,18061949480333589,2025-06-23 10:24:19,CAROUSEL_ALBUM,FEED,6,0,,788,0,14,,133,20,2025-10-09 17:28:59.256
17841406083211195,18061949480333589,2025-06-23 10:24:19,CAROUSEL_ALBUM,FEED,6,0,,789,0,14,,133,20,2025-10-10 17:30:14.054
17841406083211195,18061949480333589,2025-06-23 10:24:19,CAROUSEL_ALBUM,FEED,6,0,,791,0,14,,133,20,2025-10-12 17:28:57.220
17841406083211195,18061949480333589,2025-06-23 10:24:19,CAROUSEL_ALBUM,FEED,6,0,,798,0,14,,133,20,2025-10-13 17:29:00.307
17841406083211195,18061949480333589,2025-06-23 10:24:19,CAROUSEL_ALBUM,FEED,6,0,,800,0,14,,133,20,2025-10-14 17:28:28.923
17841406083211195,18061949480333589,2025-06-23 10:24:19,CAROUSEL_ALBUM,FEED,6,0,,801,0,14,,133,20,2025-10-15 17:30:00.907
17841406083211195,18061949480333589,2025-06-23 10:24:19,CAROUSEL_ALBUM,FEED,6,0,,804,0,14,,134,20,2025-10-16 17:29:06.180
17841406083211195,18061949480333589,2025-06-23 10:24:19,CAROUSEL_ALBUM,FEED,6,0,,813,0,14,,134,20,2025-10-17 17:30:04.045
17841406083211195,18061949480333589,2025-06-23 10:24:19,CAROUSEL_ALBUM,FEED,6,0,,815,0,14,,134,20,2025-10-18 17:28:35.980
17841406083211195,18061949480333589,2025-06-23 10:24:19,CAROUSEL_ALBUM,FEED,6,0,,816,0,14,,134,20,2025-10-19 17:28:40.303
17841406083211195,18061949480333589,2025-06-23 10:24:19,CAROUSEL_ALBUM,FEED,6,0,,818,0,14,,134,20,2025-10-20 17:29:27.070
17841406083211195,18061949480333589,2025-06-23 10:24:19,CAROUSEL_ALBUM,FEED,6,0,,819,0,14,,134,20,2025-10-21 17:28:47.405
17841406083211195,18061949480333589,2025-06-23 10:24:19,CAROUSEL_ALBUM,FEED,6,0,,823,0,14,,134,20,2025-10-22 17:29:00.831
17841406083211195,18061949480333589,2025-06-23 10:24:19,CAROUSEL_ALBUM,FEED,6,0,,827,0,14,,134,20,2025-10-23 17:28:36.359
17841406083211195,18061949480333589,2025-06-23 10:24:19,CAROUSEL_ALBUM,FEED,6,0,,831,0,14,,134,20,2025-10-27 17:28:53.354
17841406083211195,18061949480333589,2025-06-23 10:24:19,CAROUSEL_ALBUM,FEED,6,0,,834,0,14,,134,20,2025-10-28 17:29:49.190
17841406083211195,18061949480333589,2025-06-23 10:24:19,CAROUSEL_ALBUM,FEED,6,0,,835,0,14,,134,20,2025-10-29 17:29:38.421
17841406083211195,18061949480333589,2025-06-23 10:24:19,CAROUSEL_ALBUM,FEED,6,0,,840,0,14,,134,20,2025-10-31 17:29:10.255
17841406083211195,18061949480333589,2025-06-23 10:24:19,CAROUSEL_ALBUM,FEED,6,0,,841,0,14,,134,20,2025-11-02 17:29:05.355
17841406083211195,18061949480333589,2025-06-23 10:24:19,CAROUSEL_ALBUM,FEED,6,0,,842,0,14,,134,20,2025-11-03 17:28:57.558
17841406083211195,18061949480333589,2025-06-23 10:24:19,CAROUSEL_ALBUM,FEED,6,0,,843,0,14,,134,20,2025-11-04 17:28:28.082
17841406083211195,18061949480333589,2025-06-23 10:24:19,CAROUSEL_ALBUM,FEED,6,0,,849,0,14,,134,20,2025-11-06 17:28:50.927
17841406083211195,18061949480333589,2025-06-23 10:24:19,CAROUSEL_ALBUM,FEED,6,0,,851,0,14,,134,20,2025-11-07 17:29:10.485
17841406083211195,18061949480333589,2025-06-23 10:24:19,CAROUSEL_ALBUM,FEED,6,0,,857,0,14,,134,20,2025-11-09 17:28:46.287
17841406083211195,18061949480333589,2025-06-23 10:24:19,CAROUSEL_ALBUM,FEED,6,0,,860,0,14,,134,20,2025-11-10 17:29:14.411
17841406083211195,18061949480333589,2025-06-23 10:24:19,CAROUSEL_ALBUM,FEED,6,0,,864,0,14,,134,20,2025-11-11 17:29:05.810
17841406083211195,18061949480333589,2025-06-23 10:24:19,CAROUSEL_ALBUM,FEED,6,0,,867,0,14,,134,20,2025-11-12 17:29:04.436
17841406083211195,18061949480333589,2025-06-23 10:24:19,CAROUSEL_ALBUM,FEED,6,0,,870,0,14,,134,20,2025-11-13 17:29:31.146
17841406083211195,18061949480333589,2025-06-23 10:24:19,CAROUSEL_ALBUM,FEED,6,0,,874,0,14,,134,20,2025-11-14 17:29:08.314
17841406083211195,18061949480333589,2025-06-23 10:24:19,CAROUSEL_ALBUM,FEED,6,0,,880,0,14,,134,20,2025-11-16 17:29:49.620
17841406083211195,18061949480333589,2025-06-23 10:24:19,CAROUSEL_ALBUM,FEED,6,0,,885,0,14,,134,20,2025-11-17 17:29:12.870
17841406083211195,18061949480333589,2025-06-23 10:24:19,CAROUSEL_ALBUM,FEED,6,0,,886,0,14,,134,20,2025-11-18 17:29:03.776
17841406083211195,18061949480333589,2025-06-23 10:24:19,CAROUSEL_ALBUM,FEED,6,0,,889,0,14,,135,20,2025-11-19 17:34:55.384
17841406083211195,18061949480333589,2025-06-23 10:24:19,CAROUSEL_ALBUM,FEED,6,0,,890,0,14,,135,20,2025-11-20 17:35:25.640
17841406083211195,18061949480333589,2025-06-23 10:24:19,CAROUSEL_ALBUM,FEED,6,0,,891,0,14,,135,20,2025-11-21 17:35:17.497
17841406083211195,18061949480333589,2025-06-23 10:24:19,CAROUSEL_ALBUM,FEED,6,0,,892,0,14,,135,20,2025-11-24 17:36:00.680
17841406083211195,18061949480333589,2025-06-23 10:24:19,CAROUSEL_ALBUM,FEED,6,0,,894,0,14,,135,20,2025-11-25 17:34:17.706
17841406083211195,18061949480333589,2025-06-23 10:24:19,CAROUSEL_ALBUM,FEED,6,0,,895,0,14,,135,20,2025-11-26 17:36:48.625
17841406083211195,18061949480333589,2025-06-23 10:24:19,CAROUSEL_ALBUM,FEED,6,0,,896,0,14,,135,20,2025-11-28 17:34:54.940
17841406083211195,18061949480333589,2025-06-23 10:24:19,CAROUSEL_ALBUM,FEED,6,0,,898,0,14,,135,20,2025-11-30 17:33:23.502
17841406083211195,18061949480333589,2025-06-23 10:24:19,CAROUSEL_ALBUM,FEED,6,0,,900,0,14,,135,20,2025-12-02 17:34:52.698
17841406083211195,18061949480333589,2025-06-23 10:24:19,CAROUSEL_ALBUM,FEED,6,0,,902,0,14,,135,20,2025-12-03 17:36:09.392
17841406083211195,18061949480333589,2025-06-23 10:24:19,CAROUSEL_ALBUM,FEED,6,0,,905,0,14,,135,20,2025-12-05 17:34:22.775
17841406083211195,18061949480333589,2025-06-23 10:24:19,CAROUSEL_ALBUM,FEED,6,0,,906,0,14,,135,20,2025-12-07 17:33:15.201
17841406083211195,18061949480333589,2025-06-23 10:24:19,CAROUSEL_ALBUM,FEED,6,0,,909,0,14,,135,20,2025-12-08 17:32:58.813
17841406083211195,18061949480333589,2025-06-23 10:24:19,CAROUSEL_ALBUM,FEED,6,0,,911,0,14,,135,20,2025-12-09 17:35:08.332
17841406083211195,18061949480333589,2025-06-23 10:24:19,CAROUSEL_ALBUM,FEED,6,0,,913,0,14,,135,20,2025-12-11 17:33:27.320
17841406083211195,18061949480333589,2025-06-23 10:24:19,CAROUSEL_ALBUM,FEED,6,0,,914,0,14,,135,20,2025-12-12 17:35:06.525
17841406083211195,18061949480333589,2025-06-23 10:24:19,CAROUSEL_ALBUM,FEED,6,0,,917,0,14,,135,20,2025-12-15 06:33:48.708
17841406083211195,18061949480333589,2025-06-23 10:24:19,CAROUSEL_ALBUM,FEED,6,0,,918,0,14,,135,20,2025-12-17 17:29:02.286
17841406083211195,18061949480333589,2025-06-23 10:24:19,CAROUSEL_ALBUM,FEED,6,0,,919,0,14,,135,20,2025-12-20 17:36:15.185
17841406083211195,18061949480333589,2025-06-23 10:24:19,CAROUSEL_ALBUM,FEED,6,0,,920,0,14,,135,20,2025-12-21 17:29:53.715
17841406083211195,18061949480333589,2025-06-23 10:24:19,CAROUSEL_ALBUM,FEED,6,0,,921,0,14,,135,20,2025-12-22 17:28:44.209
17841406083211195,18061949480333589,2025-06-23 10:24:19,CAROUSEL_ALBUM,FEED,6,0,,922,0,14,,135,20,2025-12-24 17:29:12.926
17841406083211195,18061949480333589,2025-06-23 10:24:19,CAROUSEL_ALBUM,FEED,6,0,,923,0,14,,135,20,2025-12-25 17:29:25.137
17841406083211195,18062792258485004,2025-04-16 10:30:28,CAROUSEL_ALBUM,FEED,14,1,,365,2,8,307,239,25,2025-04-17 17:31:46.636
17841406083211195,18062792258485004,2025-04-16 10:30:28,CAROUSEL_ALBUM,FEED,14,1,,403,2,8,,254,25,2025-04-18 19:14:42.104
17841406083211195,18062792258485004,2025-04-16 10:30:28,CAROUSEL_ALBUM,FEED,14,1,,426,2,8,,269,25,2025-04-19 18:36:33.937
17841406083211195,18062792258485004,2025-04-16 10:30:28,CAROUSEL_ALBUM,FEED,14,1,,427,2,8,,269,25,2025-04-19 19:43:55.214
17841406083211195,18062792258485004,2025-04-16 10:30:28,CAROUSEL_ALBUM,FEED,14,1,,428,2,8,,269,25,2025-04-19 20:50:42.489
17841406083211195,18062792258485004,2025-04-16 10:30:28,CAROUSEL_ALBUM,FEED,14,1,,429,2,8,,269,25,2025-04-19 21:58:25.726
17841406083211195,18062792258485004,2025-04-16 10:30:28,CAROUSEL_ALBUM,FEED,14,1,,437,2,8,,275,25,2025-04-20 17:29:05.257
17841406083211195,18062792258485004,2025-04-16 10:30:28,CAROUSEL_ALBUM,FEED,14,1,,439,2,8,,275,25,2025-04-20 21:57:33.571
17841406083211195,18062792258485004,2025-04-16 10:30:28,CAROUSEL_ALBUM,FEED,14,1,,454,2,8,,279,25,2025-04-21 17:29:16.628
17841406083211195,18062792258485004,2025-04-16 10:30:28,CAROUSEL_ALBUM,FEED,14,1,,455,2,8,,280,25,2025-04-22 03:15:18.680
17841406083211195,18062792258485004,2025-04-16 10:30:28,CAROUSEL_ALBUM,FEED,14,1,,456,2,8,,280,25,2025-04-22 05:33:02.550
17841406083211195,18062792258485004,2025-04-16 10:30:28,CAROUSEL_ALBUM,FEED,14,1,,457,2,8,,280,25,2025-04-22 06:39:46.067
17841406083211195,18062792258485004,2025-04-16 10:30:28,CAROUSEL_ALBUM,FEED,14,1,,458,2,8,,281,25,2025-04-22 17:29:17.028
17841406083211195,18062792258485004,2025-04-16 10:30:28,CAROUSEL_ALBUM,FEED,14,1,,467,2,8,,286,25,2025-04-23 17:32:10.167
17841406083211195,18062792258485004,2025-04-16 10:30:28,CAROUSEL_ALBUM,FEED,14,1,,468,2,8,,286,25,2025-04-24 01:56:09.947
17841406083211195,18062792258485004,2025-04-16 10:30:28,CAROUSEL_ALBUM,FEED,14,1,,473,2,8,,288,25,2025-04-24 17:29:59.150
17841406083211195,18062792258485004,2025-04-16 10:30:28,CAROUSEL_ALBUM,FEED,14,1,,480,2,8,,291,25,2025-04-25 17:30:04.382
17841406083211195,18062792258485004,2025-04-16 10:30:28,CAROUSEL_ALBUM,FEED,14,1,,484,2,8,,293,25,2025-04-26 17:29:17.243
17841406083211195,18062792258485004,2025-04-16 10:30:28,CAROUSEL_ALBUM,FEED,14,1,,488,2,8,,294,25,2025-04-27 17:31:03.896
17841406083211195,18062792258485004,2025-04-16 10:30:28,CAROUSEL_ALBUM,FEED,14,1,,497,2,8,,296,25,2025-04-28 17:30:00.144
17841406083211195,18062792258485004,2025-04-16 10:30:28,CAROUSEL_ALBUM,FEED,14,1,,505,2,8,,299,25,2025-04-29 17:29:04.416
17841406083211195,18062792258485004,2025-04-16 10:30:28,CAROUSEL_ALBUM,FEED,14,1,,510,2,8,,301,25,2025-04-30 17:30:59.241
17841406083211195,18062792258485004,2025-04-16 10:30:28,CAROUSEL_ALBUM,FEED,14,1,,513,2,8,,305,25,2025-05-01 17:31:37.137
17841406083211195,18062792258485004,2025-04-16 10:30:28,CAROUSEL_ALBUM,FEED,14,1,,516,2,8,,307,25,2025-05-02 17:29:30.534
17841406083211195,18062792258485004,2025-04-16 10:30:28,CAROUSEL_ALBUM,FEED,14,1,,517,2,8,,308,25,2025-05-03 17:30:39.034
17841406083211195,18062792258485004,2025-04-16 10:30:28,CAROUSEL_ALBUM,FEED,14,1,,520,2,8,,312,25,2025-05-04 17:28:52.319
17841406083211195,18062792258485004,2025-04-16 10:30:28,CAROUSEL_ALBUM,FEED,14,1,,525,2,8,,314,25,2025-05-05 17:29:55.883
17841406083211195,18062792258485004,2025-04-16 10:30:28,CAROUSEL_ALBUM,FEED,14,1,,528,2,8,,317,25,2025-05-06 17:29:33.108
17841406083211195,18062792258485004,2025-04-16 10:30:28,CAROUSEL_ALBUM,FEED,14,1,,532,2,8,,320,25,2025-05-08 17:30:01.770
17841406083211195,18062792258485004,2025-04-16 10:30:28,CAROUSEL_ALBUM,FEED,14,1,,538,2,8,,324,25,2025-05-10 17:30:36.603
17841406083211195,18062792258485004,2025-04-16 10:30:28,CAROUSEL_ALBUM,FEED,14,1,,539,2,8,,326,25,2025-05-12 17:30:45.017
17841406083211195,18062792258485004,2025-04-16 10:30:28,CAROUSEL_ALBUM,FEED,14,1,,541,2,8,,328,25,2025-05-13 17:29:33.130
17841406083211195,18062792258485004,2025-04-16 10:30:28,CAROUSEL_ALBUM,FEED,14,1,,542,2,8,,328,25,2025-05-15 17:30:17.675
17841406083211195,18062792258485004,2025-04-16 10:30:28,CAROUSEL_ALBUM,FEED,14,1,,543,2,8,,329,25,2025-05-16 17:31:00.296
17841406083211195,18062792258485004,2025-04-16 10:30:28,CAROUSEL_ALBUM,FEED,14,1,,544,2,8,,330,25,2025-05-17 17:30:06.322
17841406083211195,18062792258485004,2025-04-16 10:30:28,CAROUSEL_ALBUM,FEED,14,1,,545,2,8,,331,25,2025-05-19 17:30:02.669
17841406083211195,18062792258485004,2025-04-16 10:30:28,CAROUSEL_ALBUM,FEED,14,1,,546,2,8,,333,25,2025-05-22 17:30:10.266
17841406083211195,18062792258485004,2025-04-16 10:30:28,CAROUSEL_ALBUM,FEED,14,1,,548,2,8,,335,25,2025-05-23 17:30:42.901
17841406083211195,18062792258485004,2025-04-16 10:30:28,CAROUSEL_ALBUM,FEED,14,1,,549,2,8,,336,25,2025-05-24 17:30:42.282
17841406083211195,18062792258485004,2025-04-16 10:30:28,CAROUSEL_ALBUM,FEED,14,1,,550,2,8,,337,25,2025-05-25 17:31:05.662
17841406083211195,18062792258485004,2025-04-16 10:30:28,CAROUSEL_ALBUM,FEED,14,1,,551,2,8,,337,25,2025-05-27 17:30:25.263
17841406083211195,18062792258485004,2025-04-16 10:30:28,CAROUSEL_ALBUM,FEED,14,1,,552,2,8,,337,25,2025-05-28 17:30:33.837
17841406083211195,18062792258485004,2025-04-16 10:30:28,CAROUSEL_ALBUM,FEED,14,1,,553,2,8,,337,25,2025-05-30 17:29:56.112
17841406083211195,18062792258485004,2025-04-16 10:30:28,CAROUSEL_ALBUM,FEED,14,1,,554,2,8,,338,25,2025-05-31 17:30:02.409
17841406083211195,18062792258485004,2025-04-16 10:30:28,CAROUSEL_ALBUM,FEED,14,1,,555,2,8,,338,25,2025-06-01 17:29:49.092
17841406083211195,18062792258485004,2025-04-16 10:30:28,CAROUSEL_ALBUM,FEED,14,1,,556,2,8,,340,25,2025-06-02 17:30:36.031
17841406083211195,18062792258485004,2025-04-16 10:30:28,CAROUSEL_ALBUM,FEED,14,1,,557,2,8,,340,25,2025-06-03 17:29:40.485
17841406083211195,18062792258485004,2025-04-16 10:30:28,CAROUSEL_ALBUM,FEED,14,1,,558,2,8,,340,25,2025-06-05 17:30:15.502
17841406083211195,18062792258485004,2025-04-16 10:30:28,CAROUSEL_ALBUM,FEED,14,1,,574,2,8,,350,25,2025-07-03 03:00:02.157
17841406083211195,18062792258485004,2025-04-16 10:30:28,CAROUSEL_ALBUM,FEED,14,1,,575,2,8,,350,25,2025-07-03 17:29:59.217
17841406083211195,18062792258485004,2025-04-16 10:30:28,CAROUSEL_ALBUM,FEED,14,1,,576,2,8,,350,25,2025-07-04 17:31:09.115
17841406083211195,18062792258485004,2025-04-16 10:30:28,CAROUSEL_ALBUM,FEED,14,1,,582,2,8,,352,25,2025-07-08 17:30:04.072
17841406083211195,18062792258485004,2025-04-16 10:30:28,CAROUSEL_ALBUM,FEED,14,1,,583,2,8,,352,25,2025-07-09 17:30:35.141
17841406083211195,18062792258485004,2025-04-16 10:30:28,CAROUSEL_ALBUM,FEED,14,1,,586,2,8,,352,25,2025-07-13 17:29:44.843
17841406083211195,18062792258485004,2025-04-16 10:30:28,CAROUSEL_ALBUM,FEED,14,1,,589,2,8,,354,25,2025-07-15 17:30:00.597
17841406083211195,18062792258485004,2025-04-16 10:30:28,CAROUSEL_ALBUM,FEED,14,1,,590,2,8,,355,25,2025-07-16 17:30:13.820
17841406083211195,18062792258485004,2025-04-16 10:30:28,CAROUSEL_ALBUM,FEED,14,1,,592,2,8,,355,25,2025-07-21 17:30:54.860
17841406083211195,18062792258485004,2025-04-16 10:30:28,CAROUSEL_ALBUM,FEED,14,1,,595,2,8,,355,25,2025-07-22 17:30:46.724
17841406083211195,18062792258485004,2025-04-16 10:30:28,CAROUSEL_ALBUM,FEED,14,1,,596,2,8,,355,25,2025-07-23 17:30:26.070
17841406083211195,18062792258485004,2025-04-16 10:30:28,CAROUSEL_ALBUM,FEED,14,1,,599,2,8,,355,25,2025-07-27 17:30:43.462
17841406083211195,18062792258485004,2025-04-16 10:30:28,CAROUSEL_ALBUM,FEED,14,1,,604,2,8,,357,25,2025-07-29 17:29:59.942
17841406083211195,18062792258485004,2025-04-16 10:30:28,CAROUSEL_ALBUM,FEED,14,1,,611,2,8,,359,25,2025-07-31 17:29:02.411
17841406083211195,18062792258485004,2025-04-16 10:30:28,CAROUSEL_ALBUM,FEED,14,1,,618,2,8,,360,25,2025-08-03 17:29:51.714
17841406083211195,18062792258485004,2025-04-16 10:30:28,CAROUSEL_ALBUM,FEED,14,1,,619,2,8,,360,25,2025-08-06 17:29:32.818
17841406083211195,18062792258485004,2025-04-16 10:30:28,CAROUSEL_ALBUM,FEED,14,1,,620,2,8,,360,25,2025-08-08 17:29:41.603
17841406083211195,18062792258485004,2025-04-16 10:30:28,CAROUSEL_ALBUM,FEED,14,1,,628,2,8,,360,25,2025-08-11 17:30:48.475
17841406083211195,18062792258485004,2025-04-16 10:30:28,CAROUSEL_ALBUM,FEED,14,1,,637,2,8,,361,25,2025-08-12 17:31:33.947
17841406083211195,18062792258485004,2025-04-16 10:30:28,CAROUSEL_ALBUM,FEED,14,1,,638,2,8,,361,25,2025-08-14 17:30:40.924
17841406083211195,18062792258485004,2025-04-16 10:30:28,CAROUSEL_ALBUM,FEED,14,1,,641,2,8,,361,25,2025-08-16 17:29:42.445
17841406083211195,18062792258485004,2025-04-16 10:30:28,CAROUSEL_ALBUM,FEED,14,1,,642,2,8,,361,25,2025-08-17 17:28:52.684
17841406083211195,18062792258485004,2025-04-16 10:30:28,CAROUSEL_ALBUM,FEED,14,1,,651,2,8,,361,25,2025-08-18 17:29:03.023
17841406083211195,18062792258485004,2025-04-16 10:30:28,CAROUSEL_ALBUM,FEED,14,1,,655,2,8,,361,25,2025-08-19 17:29:48.978
17841406083211195,18062792258485004,2025-04-16 10:30:28,CAROUSEL_ALBUM,FEED,14,1,,656,2,8,,361,25,2025-08-20 17:29:49.059
17841406083211195,18062792258485004,2025-04-16 10:30:28,CAROUSEL_ALBUM,FEED,14,1,,662,2,8,,361,25,2025-08-21 17:30:28.996
17841406083211195,18062792258485004,2025-04-16 10:30:28,CAROUSEL_ALBUM,FEED,14,1,,663,2,8,,361,25,2025-08-23 17:29:39.834
17841406083211195,18062792258485004,2025-04-16 10:30:28,CAROUSEL_ALBUM,FEED,14,1,,665,2,8,,361,25,2025-08-24 17:29:14.569
17841406083211195,18062792258485004,2025-04-16 10:30:28,CAROUSEL_ALBUM,FEED,14,1,,686,2,8,,361,25,2025-08-25 17:29:45.214
17841406083211195,18062792258485004,2025-04-16 10:30:28,CAROUSEL_ALBUM,FEED,14,1,,695,2,8,,361,25,2025-08-26 17:29:15.113
17841406083211195,18062792258485004,2025-04-16 10:30:28,CAROUSEL_ALBUM,FEED,14,1,,699,2,8,,361,25,2025-08-27 17:30:23.676
17841406083211195,18062792258485004,2025-04-16 10:30:28,CAROUSEL_ALBUM,FEED,14,1,,701,2,8,,361,25,2025-08-28 17:31:28.503
17841406083211195,18062792258485004,2025-04-16 10:30:28,CAROUSEL_ALBUM,FEED,14,1,,706,2,8,,361,25,2025-08-30 17:30:25.974
17841406083211195,18062792258485004,2025-04-16 10:30:28,CAROUSEL_ALBUM,FEED,14,1,,720,2,8,,362,25,2025-08-31 17:28:56.749
17841406083211195,18062792258485004,2025-04-16 10:30:28,CAROUSEL_ALBUM,FEED,14,1,,812,2,8,,373,25,2025-10-01 04:10:01.771
17841406083211195,18062792258485004,2025-04-16 10:30:28,CAROUSEL_ALBUM,FEED,14,1,,814,2,8,,373,25,2025-10-02 04:04:36.980
17841406083211195,18062792258485004,2025-04-16 10:30:28,CAROUSEL_ALBUM,FEED,14,1,,815,2,8,,373,25,2025-10-02 17:29:40.006
17841406083211195,18062792258485004,2025-04-16 10:30:28,CAROUSEL_ALBUM,FEED,14,1,,817,2,8,,373,25,2025-10-04 17:29:53.401
17841406083211195,18062792258485004,2025-04-16 10:30:28,CAROUSEL_ALBUM,FEED,14,1,,820,2,8,,373,25,2025-10-08 17:29:55.673
17841406083211195,18062792258485004,2025-04-16 10:30:28,CAROUSEL_ALBUM,FEED,14,1,,828,2,8,,373,25,2025-10-09 17:29:07.196
17841406083211195,18062792258485004,2025-04-16 10:30:28,CAROUSEL_ALBUM,FEED,14,1,,830,2,8,,373,25,2025-10-10 17:30:20.766
17841406083211195,18062792258485004,2025-04-16 10:30:28,CAROUSEL_ALBUM,FEED,14,1,,831,2,8,,373,25,2025-10-12 17:29:04.390
17841406083211195,18062792258485004,2025-04-16 10:30:28,CAROUSEL_ALBUM,FEED,14,1,,835,2,8,,373,25,2025-10-13 17:29:08.102
17841406083211195,18062792258485004,2025-04-16 10:30:28,CAROUSEL_ALBUM,FEED,14,1,,837,2,8,,373,25,2025-10-14 17:28:35.644
17841406083211195,18062792258485004,2025-04-16 10:30:28,CAROUSEL_ALBUM,FEED,14,1,,838,2,8,,373,25,2025-10-15 17:30:08.630
17841406083211195,18062792258485004,2025-04-16 10:30:28,CAROUSEL_ALBUM,FEED,14,1,,841,2,8,,373,25,2025-10-16 17:29:14.756
17841406083211195,18062792258485004,2025-04-16 10:30:28,CAROUSEL_ALBUM,FEED,14,1,,846,2,8,,373,25,2025-10-17 17:30:11.781
17841406083211195,18062792258485004,2025-04-16 10:30:28,CAROUSEL_ALBUM,FEED,14,1,,847,2,8,,373,25,2025-10-18 17:28:43.380
17841406083211195,18062792258485004,2025-04-16 10:30:28,CAROUSEL_ALBUM,FEED,14,1,,848,2,8,,373,25,2025-10-20 17:29:38.010
17841406083211195,18062792258485004,2025-04-16 10:30:28,CAROUSEL_ALBUM,FEED,14,1,,849,2,8,,373,25,2025-10-21 17:28:55.531
17841406083211195,18062792258485004,2025-04-16 10:30:28,CAROUSEL_ALBUM,FEED,14,1,,852,2,8,,373,25,2025-10-22 17:29:11.390
17841406083211195,18062792258485004,2025-04-16 10:30:28,CAROUSEL_ALBUM,FEED,14,1,,854,2,8,,373,25,2025-10-23 17:28:45.981
17841406083211195,18062792258485004,2025-04-16 10:30:28,CAROUSEL_ALBUM,FEED,14,1,,861,2,8,,373,25,2025-10-27 17:29:04.362
17841406083211195,18062792258485004,2025-04-16 10:30:28,CAROUSEL_ALBUM,FEED,14,1,,882,2,8,,373,25,2025-10-28 17:30:01.161
17841406083211195,18062792258485004,2025-04-16 10:30:28,CAROUSEL_ALBUM,FEED,14,1,,885,2,8,,373,25,2025-10-29 17:29:48.678
17841406083211195,18062792258485004,2025-04-16 10:30:28,CAROUSEL_ALBUM,FEED,14,1,,890,2,8,,373,25,2025-10-30 17:30:34.405
17841406083211195,18062792258485004,2025-04-16 10:30:28,CAROUSEL_ALBUM,FEED,14,1,,890,2,8,,374,25,2025-10-31 17:29:18.977
17841406083211195,18062792258485004,2025-04-16 10:30:28,CAROUSEL_ALBUM,FEED,14,1,,892,2,8,,374,25,2025-11-02 17:29:16.160
17841406083211195,18062792258485004,2025-04-16 10:30:28,CAROUSEL_ALBUM,FEED,14,1,,893,2,8,,374,25,2025-11-03 17:29:06.675
17841406083211195,18062792258485004,2025-04-16 10:30:28,CAROUSEL_ALBUM,FEED,14,1,,895,2,8,,374,25,2025-11-04 17:28:36.322
17841406083211195,18062792258485004,2025-04-16 10:30:28,CAROUSEL_ALBUM,FEED,14,1,,901,2,8,,378,25,2025-11-05 17:28:45.054
17841406083211195,18062792258485004,2025-04-16 10:30:28,CAROUSEL_ALBUM,FEED,14,1,,906,2,8,,378,25,2025-11-06 17:29:01.645
17841406083211195,18062792258485004,2025-04-16 10:30:28,CAROUSEL_ALBUM,FEED,14,1,,913,2,8,,378,25,2025-11-07 17:29:19.587
17841406083211195,18062792258485004,2025-04-16 10:30:28,CAROUSEL_ALBUM,FEED,14,1,,934,2,8,,378,25,2025-11-08 17:29:42.921
17841406083211195,18062792258485004,2025-04-16 10:30:28,CAROUSEL_ALBUM,FEED,14,1,,946,2,8,,379,25,2025-11-09 17:28:56.349
17841406083211195,18062792258485004,2025-04-16 10:30:28,CAROUSEL_ALBUM,FEED,14,1,,948,2,8,,379,25,2025-11-10 17:29:23.651
17841406083211195,18062792258485004,2025-04-16 10:30:28,CAROUSEL_ALBUM,FEED,14,1,,951,2,8,,379,25,2025-11-11 17:29:14.658
17841406083211195,18062792258485004,2025-04-16 10:30:28,CAROUSEL_ALBUM,FEED,14,1,,953,2,8,,379,25,2025-11-12 17:29:12.221
17841406083211195,18062792258485004,2025-04-16 10:30:28,CAROUSEL_ALBUM,FEED,14,1,,954,2,8,,379,25,2025-11-13 17:29:47.745
17841406083211195,18062792258485004,2025-04-16 10:30:28,CAROUSEL_ALBUM,FEED,14,1,,958,2,8,,380,25,2025-11-14 17:29:17.984
17841406083211195,18062792258485004,2025-04-16 10:30:28,CAROUSEL_ALBUM,FEED,14,1,,960,2,8,,380,25,2025-11-16 17:30:03.490
17841406083211195,18062792258485004,2025-04-16 10:30:28,CAROUSEL_ALBUM,FEED,14,1,,966,2,8,,380,25,2025-11-17 17:29:22.832
17841406083211195,18062792258485004,2025-04-16 10:30:28,CAROUSEL_ALBUM,FEED,14,1,,967,2,8,,380,25,2025-11-18 17:29:13.858
17841406083211195,18062792258485004,2025-04-16 10:30:28,CAROUSEL_ALBUM,FEED,14,1,,970,2,8,,381,25,2025-11-19 17:34:55.389
17841406083211195,18062792258485004,2025-04-16 10:30:28,CAROUSEL_ALBUM,FEED,14,1,,977,2,8,,381,25,2025-11-21 17:35:17.509
17841406083211195,18062792258485004,2025-04-16 10:30:28,CAROUSEL_ALBUM,FEED,14,1,,978,2,8,,381,25,2025-11-22 17:33:30.637
17841406083211195,18062792258485004,2025-04-16 10:30:28,CAROUSEL_ALBUM,FEED,14,1,,983,2,8,,381,25,2025-11-23 17:32:58.850
17841406083211195,18062792258485004,2025-04-16 10:30:28,CAROUSEL_ALBUM,FEED,14,1,,984,2,8,,381,25,2025-11-24 17:36:00.683
17841406083211195,18062792258485004,2025-04-16 10:30:28,CAROUSEL_ALBUM,FEED,14,1,,987,2,8,,383,25,2025-11-25 17:34:17.709
17841406083211195,18062792258485004,2025-04-16 10:30:28,CAROUSEL_ALBUM,FEED,14,1,,993,2,8,,384,25,2025-11-26 17:36:48.630
17841406083211195,18062792258485004,2025-04-16 10:30:28,CAROUSEL_ALBUM,FEED,14,1,,994,2,8,,384,25,2025-11-27 17:34:07.796
17841406083211195,18062792258485004,2025-04-16 10:30:28,CAROUSEL_ALBUM,FEED,14,1,,998,2,8,,384,25,2025-11-29 17:35:45.918
17841406083211195,18062792258485004,2025-04-16 10:30:28,CAROUSEL_ALBUM,FEED,14,1,,1000,2,8,,384,25,2025-11-30 17:33:23.510
17841406083211195,18062792258485004,2025-04-16 10:30:28,CAROUSEL_ALBUM,FEED,14,1,,1002,2,8,,384,25,2025-12-01 17:33:33.584
17841406083211195,18062792258485004,2025-04-16 10:30:28,CAROUSEL_ALBUM,FEED,14,1,,1005,2,8,,384,25,2025-12-02 17:34:52.701
17841406083211195,18062792258485004,2025-04-16 10:30:28,CAROUSEL_ALBUM,FEED,14,1,,1006,2,8,,384,25,2025-12-03 17:36:09.398
17841406083211195,18062792258485004,2025-04-16 10:30:28,CAROUSEL_ALBUM,FEED,14,1,,1007,2,8,,384,25,2025-12-05 17:34:22.781
17841406083211195,18062792258485004,2025-04-16 10:30:28,CAROUSEL_ALBUM,FEED,14,1,,1010,2,8,,384,25,2025-12-07 17:33:15.206
17841406083211195,18062792258485004,2025-04-16 10:30:28,CAROUSEL_ALBUM,FEED,14,1,,1012,2,8,,384,25,2025-12-09 17:35:08.341
17841406083211195,18062792258485004,2025-04-16 10:30:28,CAROUSEL_ALBUM,FEED,14,1,,1013,2,8,,384,25,2025-12-10 17:35:47.568
17841406083211195,18062792258485004,2025-04-16 10:30:28,CAROUSEL_ALBUM,FEED,14,1,,1013,2,8,,385,25,2025-12-12 17:35:06.528
17841406083211195,18062792258485004,2025-04-16 10:30:28,CAROUSEL_ALBUM,FEED,14,1,,1015,2,8,,385,25,2025-12-15 06:33:48.713
17841406083211195,18062792258485004,2025-04-16 10:30:28,CAROUSEL_ALBUM,FEED,14,1,,1016,2,8,,385,25,2025-12-16 17:34:14.618
17841406083211195,18062792258485004,2025-04-16 10:30:28,CAROUSEL_ALBUM,FEED,14,1,,1018,2,8,,385,25,2025-12-17 17:29:13.843
17841406083211195,18062792258485004,2025-04-16 10:30:28,CAROUSEL_ALBUM,FEED,14,1,,1023,2,8,,385,25,2025-12-20 17:36:15.188
17841406083211195,18062792258485004,2025-04-16 10:30:28,CAROUSEL_ALBUM,FEED,14,1,,1024,2,8,,386,25,2025-12-21 17:30:09.436
17841406083211195,18062792258485004,2025-04-16 10:30:28,CAROUSEL_ALBUM,FEED,14,1,,1025,2,8,,386,25,2025-12-22 17:28:52.808
17841406083211195,18062792258485004,2025-04-16 10:30:28,CAROUSEL_ALBUM,FEED,14,1,,1026,2,8,,386,25,2025-12-24 17:29:21.600
17841406083211195,18062792258485004,2025-04-16 10:30:28,CAROUSEL_ALBUM,FEED,14,1,,1028,2,8,,386,25,2025-12-25 17:29:40.553
17841406083211195,18068529049767104,2025-05-05 10:33:47,CAROUSEL_ALBUM,FEED,5,0,,181,0,1,,134,6,2025-05-05 17:29:48.473
17841406083211195,18068529049767104,2025-05-05 10:33:47,CAROUSEL_ALBUM,FEED,7,0,,330,0,1,,246,8,2025-05-06 17:29:21.075
17841406083211195,18068529049767104,2025-05-05 10:33:47,CAROUSEL_ALBUM,FEED,7,0,,389,0,1,,276,8,2025-05-07 17:28:45.305
17841406083211195,18068529049767104,2025-05-05 10:33:47,CAROUSEL_ALBUM,FEED,9,0,,408,0,1,,283,10,2025-05-08 17:30:01.750
17841406083211195,18068529049767104,2025-05-05 10:33:47,CAROUSEL_ALBUM,FEED,9,0,,421,0,1,,291,10,2025-05-09 17:31:06.439
17841406083211195,18068529049767104,2025-05-05 10:33:47,CAROUSEL_ALBUM,FEED,9,0,,424,0,1,,292,10,2025-05-10 17:30:36.592
17841406083211195,18068529049767104,2025-05-05 10:33:47,CAROUSEL_ALBUM,FEED,9,0,,426,0,1,,293,10,2025-05-11 17:29:45.378
17841406083211195,18068529049767104,2025-05-05 10:33:47,CAROUSEL_ALBUM,FEED,9,0,,434,0,1,,298,10,2025-05-12 17:30:45.004
17841406083211195,18068529049767104,2025-05-05 10:33:47,CAROUSEL_ALBUM,FEED,9,0,,442,0,1,,303,10,2025-05-13 17:29:33.118
17841406083211195,18068529049767104,2025-05-05 10:33:47,CAROUSEL_ALBUM,FEED,9,0,,447,0,1,,305,10,2025-05-14 17:30:05.770
17841406083211195,18068529049767104,2025-05-05 10:33:47,CAROUSEL_ALBUM,FEED,9,0,,451,0,1,,307,10,2025-05-15 17:30:17.662
17841406083211195,18068529049767104,2025-05-05 10:33:47,CAROUSEL_ALBUM,FEED,10,0,,452,0,1,,307,11,2025-05-16 17:31:00.284
17841406083211195,18068529049767104,2025-05-05 10:33:47,CAROUSEL_ALBUM,FEED,10,0,,453,0,1,,307,11,2025-05-17 17:30:06.315
17841406083211195,18068529049767104,2025-05-05 10:33:47,CAROUSEL_ALBUM,FEED,10,0,,454,0,1,,307,11,2025-05-18 17:30:27.077
17841406083211195,18068529049767104,2025-05-05 10:33:47,CAROUSEL_ALBUM,FEED,10,0,,458,0,1,,307,11,2025-05-19 17:30:02.658
17841406083211195,18068529049767104,2025-05-05 10:33:47,CAROUSEL_ALBUM,FEED,10,0,,459,0,1,,307,11,2025-05-20 17:29:17.938
17841406083211195,18068529049767104,2025-05-05 10:33:47,CAROUSEL_ALBUM,FEED,10,0,,460,0,1,,307,11,2025-05-21 17:30:08.507
17841406083211195,18068529049767104,2025-05-05 10:33:47,CAROUSEL_ALBUM,FEED,10,0,,464,0,1,,309,11,2025-05-22 17:30:10.254
17841406083211195,18068529049767104,2025-05-05 10:33:47,CAROUSEL_ALBUM,FEED,10,0,,466,0,1,,312,11,2025-05-23 17:30:42.866
17841406083211195,18068529049767104,2025-05-05 10:33:47,CAROUSEL_ALBUM,FEED,10,0,,467,0,1,,313,11,2025-05-24 17:30:42.238
17841406083211195,18068529049767104,2025-05-05 10:33:47,CAROUSEL_ALBUM,FEED,10,0,,469,0,1,,315,11,2025-05-25 17:31:05.647
17841406083211195,18068529049767104,2025-05-05 10:33:47,CAROUSEL_ALBUM,FEED,10,0,,472,0,1,,316,11,2025-05-26 17:30:22.049
17841406083211195,18068529049767104,2025-05-05 10:33:47,CAROUSEL_ALBUM,FEED,10,0,,473,0,1,,317,11,2025-05-28 17:30:33.822
17841406083211195,18068529049767104,2025-05-05 10:33:47,CAROUSEL_ALBUM,FEED,10,0,,474,0,1,,317,11,2025-05-30 17:29:56.100
17841406083211195,18068529049767104,2025-05-05 10:33:47,CAROUSEL_ALBUM,FEED,10,0,,477,0,1,,320,11,2025-05-31 17:30:02.391
17841406083211195,18068529049767104,2025-05-05 10:33:47,CAROUSEL_ALBUM,FEED,10,0,,478,0,1,,320,11,2025-06-01 17:29:49.079
17841406083211195,18068529049767104,2025-05-05 10:33:47,CAROUSEL_ALBUM,FEED,10,0,,480,0,1,,321,11,2025-06-02 17:30:36.017
17841406083211195,18068529049767104,2025-05-05 10:33:47,CAROUSEL_ALBUM,FEED,10,0,,481,0,1,,322,11,2025-06-03 17:29:40.470
17841406083211195,18068529049767104,2025-05-05 10:33:47,CAROUSEL_ALBUM,FEED,10,0,,483,0,1,,323,11,2025-06-04 17:30:00.713
17841406083211195,18068529049767104,2025-05-05 10:33:47,CAROUSEL_ALBUM,FEED,10,0,,484,0,1,,323,11,2025-06-05 17:30:15.485
17841406083211195,18068529049767104,2025-05-05 10:33:47,CAROUSEL_ALBUM,FEED,10,0,,496,0,1,,331,11,2025-07-03 03:00:02.138
17841406083211195,18068529049767104,2025-05-05 10:33:47,CAROUSEL_ALBUM,FEED,10,0,,497,0,1,,331,11,2025-07-03 17:29:59.202
17841406083211195,18068529049767104,2025-05-05 10:33:47,CAROUSEL_ALBUM,FEED,10,0,,499,0,1,,331,11,2025-07-04 17:30:58.666
17841406083211195,18068529049767104,2025-05-05 10:33:47,CAROUSEL_ALBUM,FEED,10,0,,504,0,1,,333,11,2025-07-05 17:29:52.040
17841406083211195,18068529049767104,2025-05-05 10:33:47,CAROUSEL_ALBUM,FEED,10,0,,505,0,1,,334,11,2025-07-09 17:30:26.341
17841406083211195,18068529049767104,2025-05-05 10:33:47,CAROUSEL_ALBUM,FEED,10,0,,508,0,1,,334,11,2025-07-15 17:29:51.509
17841406083211195,18068529049767104,2025-05-05 10:33:47,CAROUSEL_ALBUM,FEED,10,0,,509,0,1,,334,11,2025-07-16 17:30:13.807
17841406083211195,18068529049767104,2025-05-05 10:33:47,CAROUSEL_ALBUM,FEED,10,0,,512,0,1,,334,11,2025-07-21 17:30:54.841
17841406083211195,18068529049767104,2025-05-05 10:33:47,CAROUSEL_ALBUM,FEED,10,0,,515,0,1,,335,11,2025-07-23 17:30:26.055
17841406083211195,18068529049767104,2025-05-05 10:33:47,CAROUSEL_ALBUM,FEED,10,0,,522,0,1,,336,11,2025-07-27 17:30:43.452
17841406083211195,18068529049767104,2025-05-05 10:33:47,CAROUSEL_ALBUM,FEED,10,0,,523,0,1,,336,11,2025-07-29 17:29:59.933
17841406083211195,18068529049767104,2025-05-05 10:33:47,CAROUSEL_ALBUM,FEED,10,0,,528,0,1,,338,11,2025-07-31 17:29:02.392
17841406083211195,18068529049767104,2025-05-05 10:33:47,CAROUSEL_ALBUM,FEED,10,0,,534,0,1,,338,11,2025-08-03 17:29:51.701
17841406083211195,18068529049767104,2025-05-05 10:33:47,CAROUSEL_ALBUM,FEED,10,0,,535,0,1,,338,11,2025-08-04 17:30:32.190
17841406083211195,18068529049767104,2025-05-05 10:33:47,CAROUSEL_ALBUM,FEED,10,0,,536,0,1,,340,11,2025-08-06 17:29:32.810
17841406083211195,18068529049767104,2025-05-05 10:33:47,CAROUSEL_ALBUM,FEED,10,0,,539,0,1,,340,11,2025-08-08 17:29:41.582
17841406083211195,18068529049767104,2025-05-05 10:33:47,CAROUSEL_ALBUM,FEED,10,0,,549,0,1,,340,11,2025-08-11 17:30:48.462
17841406083211195,18068529049767104,2025-05-05 10:33:47,CAROUSEL_ALBUM,FEED,10,0,,557,0,1,,340,11,2025-08-12 17:31:33.938
17841406083211195,18068529049767104,2025-05-05 10:33:47,CAROUSEL_ALBUM,FEED,10,0,,559,0,1,,340,11,2025-08-14 17:30:40.913
17841406083211195,18068529049767104,2025-05-05 10:33:47,CAROUSEL_ALBUM,FEED,10,0,,568,0,1,,341,11,2025-08-16 17:29:42.436
17841406083211195,18068529049767104,2025-05-05 10:33:47,CAROUSEL_ALBUM,FEED,10,0,,569,0,1,,341,11,2025-08-17 17:28:52.673
17841406083211195,18068529049767104,2025-05-05 10:33:47,CAROUSEL_ALBUM,FEED,10,0,,577,0,1,,341,11,2025-08-18 17:29:03.011
17841406083211195,18068529049767104,2025-05-05 10:33:47,CAROUSEL_ALBUM,FEED,10,0,,581,0,1,,341,11,2025-08-19 17:29:48.961
17841406083211195,18068529049767104,2025-05-05 10:33:47,CAROUSEL_ALBUM,FEED,10,0,,582,0,1,,342,11,2025-08-20 17:29:49.043
17841406083211195,18068529049767104,2025-05-05 10:33:47,CAROUSEL_ALBUM,FEED,10,0,,592,0,1,,344,11,2025-08-21 17:30:28.983
17841406083211195,18068529049767104,2025-05-05 10:33:47,CAROUSEL_ALBUM,FEED,10,0,,593,0,1,,344,11,2025-08-23 17:29:39.821
17841406083211195,18068529049767104,2025-05-05 10:33:47,CAROUSEL_ALBUM,FEED,10,0,,595,0,1,,344,11,2025-08-24 17:29:14.554
17841406083211195,18068529049767104,2025-05-05 10:33:47,CAROUSEL_ALBUM,FEED,10,0,,622,0,1,,346,11,2025-08-25 17:29:45.205
17841406083211195,18068529049767104,2025-05-05 10:33:47,CAROUSEL_ALBUM,FEED,10,0,,632,0,1,,346,11,2025-08-26 17:29:15.100
17841406083211195,18068529049767104,2025-05-05 10:33:47,CAROUSEL_ALBUM,FEED,10,0,,635,0,1,,346,11,2025-08-27 17:30:23.663
17841406083211195,18068529049767104,2025-05-05 10:33:47,CAROUSEL_ALBUM,FEED,10,0,,638,0,1,,346,11,2025-08-28 17:31:28.487
17841406083211195,18068529049767104,2025-05-05 10:33:47,CAROUSEL_ALBUM,FEED,10,0,,639,0,1,,346,11,2025-08-30 17:30:25.967
17841406083211195,18068529049767104,2025-05-05 10:33:47,CAROUSEL_ALBUM,FEED,10,0,,648,0,1,,346,11,2025-08-31 17:28:56.734
17841406083211195,18068529049767104,2025-05-05 10:33:47,CAROUSEL_ALBUM,FEED,10,0,,729,0,1,,348,11,2025-10-01 04:10:01.744
17841406083211195,18068529049767104,2025-05-05 10:33:47,CAROUSEL_ALBUM,FEED,10,0,,731,0,1,,348,11,2025-10-02 04:04:36.972
17841406083211195,18068529049767104,2025-05-05 10:33:47,CAROUSEL_ALBUM,FEED,10,0,,732,0,1,,348,11,2025-10-02 17:29:39.994
17841406083211195,18068529049767104,2025-05-05 10:33:47,CAROUSEL_ALBUM,FEED,10,0,,733,0,1,,348,11,2025-10-04 17:29:46.375
17841406083211195,18068529049767104,2025-05-05 10:33:47,CAROUSEL_ALBUM,FEED,10,0,,735,0,1,,348,11,2025-10-06 17:28:55.804
17841406083211195,18068529049767104,2025-05-05 10:33:47,CAROUSEL_ALBUM,FEED,10,0,,736,0,1,,348,11,2025-10-08 17:29:48.278
17841406083211195,18068529049767104,2025-05-05 10:33:47,CAROUSEL_ALBUM,FEED,10,0,,744,0,1,,348,11,2025-10-09 17:28:59.248
17841406083211195,18068529049767104,2025-05-05 10:33:47,CAROUSEL_ALBUM,FEED,10,0,,746,0,1,,348,11,2025-10-12 17:28:57.208
17841406083211195,18068529049767104,2025-05-05 10:33:47,CAROUSEL_ALBUM,FEED,10,0,,750,0,1,,348,11,2025-10-13 17:29:08.089
17841406083211195,18068529049767104,2025-05-05 10:33:47,CAROUSEL_ALBUM,FEED,10,0,,751,0,1,,348,11,2025-10-14 17:28:35.632
17841406083211195,18068529049767104,2025-05-05 10:33:47,CAROUSEL_ALBUM,FEED,10,0,,752,0,1,,348,11,2025-10-15 17:30:08.623
17841406083211195,18068529049767104,2025-05-05 10:33:47,CAROUSEL_ALBUM,FEED,10,0,,758,0,1,,349,11,2025-10-16 17:29:14.737
17841406083211195,18068529049767104,2025-05-05 10:33:47,CAROUSEL_ALBUM,FEED,10,0,,763,0,1,,349,11,2025-10-17 17:30:11.766
17841406083211195,18068529049767104,2025-05-05 10:33:47,CAROUSEL_ALBUM,FEED,10,0,,765,0,1,,350,11,2025-10-18 17:28:43.361
17841406083211195,18068529049767104,2025-05-05 10:33:47,CAROUSEL_ALBUM,FEED,10,0,,766,0,1,,350,11,2025-10-20 17:29:38.003
17841406083211195,18068529049767104,2025-05-05 10:33:47,CAROUSEL_ALBUM,FEED,10,0,,767,0,1,,350,11,2025-10-21 17:28:55.523
17841406083211195,18068529049767104,2025-05-05 10:33:47,CAROUSEL_ALBUM,FEED,10,0,,768,0,1,,350,11,2025-10-22 17:29:11.374
17841406083211195,18068529049767104,2025-05-05 10:33:47,CAROUSEL_ALBUM,FEED,10,0,,770,0,1,,350,11,2025-10-23 17:28:45.967
17841406083211195,18068529049767104,2025-05-05 10:33:47,CAROUSEL_ALBUM,FEED,10,0,,777,0,1,,352,11,2025-10-27 17:29:04.347
17841406083211195,18068529049767104,2025-05-05 10:33:47,CAROUSEL_ALBUM,FEED,10,0,,800,0,1,,352,11,2025-10-28 17:30:01.153
17841406083211195,18068529049767104,2025-05-05 10:33:47,CAROUSEL_ALBUM,FEED,10,0,,804,0,1,,353,11,2025-10-29 17:29:48.671
17841406083211195,18068529049767104,2025-05-05 10:33:47,CAROUSEL_ALBUM,FEED,10,0,,807,0,1,,353,11,2025-10-31 17:29:18.970
17841406083211195,18068529049767104,2025-05-05 10:33:47,CAROUSEL_ALBUM,FEED,10,0,,808,0,1,,353,11,2025-11-02 17:29:16.147
17841406083211195,18068529049767104,2025-05-05 10:33:47,CAROUSEL_ALBUM,FEED,10,0,,809,0,1,,353,11,2025-11-03 17:29:06.665
17841406083211195,18068529049767104,2025-05-05 10:33:47,CAROUSEL_ALBUM,FEED,10,0,,812,0,1,,353,11,2025-11-04 17:28:36.316
17841406083211195,18068529049767104,2025-05-05 10:33:47,CAROUSEL_ALBUM,FEED,10,0,,817,0,1,,353,11,2025-11-06 17:29:01.632
17841406083211195,18068529049767104,2025-05-05 10:33:47,CAROUSEL_ALBUM,FEED,10,0,,821,0,1,,353,11,2025-11-07 17:29:19.579
17841406083211195,18068529049767104,2025-05-05 10:33:47,CAROUSEL_ALBUM,FEED,10,0,,826,0,1,,353,11,2025-11-09 17:28:56.337
17841406083211195,18068529049767104,2025-05-05 10:33:47,CAROUSEL_ALBUM,FEED,10,0,,830,0,1,,354,11,2025-11-10 17:29:23.636
17841406083211195,18068529049767104,2025-05-05 10:33:47,CAROUSEL_ALBUM,FEED,10,0,,831,0,1,,354,11,2025-11-11 17:29:14.650
17841406083211195,18068529049767104,2025-05-05 10:33:47,CAROUSEL_ALBUM,FEED,10,0,,833,0,1,,354,11,2025-11-12 17:29:12.208
17841406083211195,18068529049767104,2025-05-05 10:33:47,CAROUSEL_ALBUM,FEED,10,0,,835,0,1,,354,11,2025-11-13 17:29:47.730
17841406083211195,18068529049767104,2025-05-05 10:33:47,CAROUSEL_ALBUM,FEED,10,0,,839,0,1,,354,11,2025-11-14 17:29:17.974
17841406083211195,18068529049767104,2025-05-05 10:33:47,CAROUSEL_ALBUM,FEED,10,0,,841,0,1,,354,11,2025-11-16 17:30:03.479
17841406083211195,18068529049767104,2025-05-05 10:33:47,CAROUSEL_ALBUM,FEED,10,0,,845,0,1,,354,11,2025-11-17 17:29:22.819
17841406083211195,18068529049767104,2025-05-05 10:33:47,CAROUSEL_ALBUM,FEED,10,0,,847,0,1,,354,11,2025-11-18 17:29:13.849
17841406083211195,18068529049767104,2025-05-05 10:33:47,CAROUSEL_ALBUM,FEED,10,0,,848,0,1,,354,11,2025-11-19 17:34:55.379
17841406083211195,18068529049767104,2025-05-05 10:33:47,CAROUSEL_ALBUM,FEED,10,0,,849,0,1,,354,11,2025-11-21 17:35:17.488
17841406083211195,18068529049767104,2025-05-05 10:33:47,CAROUSEL_ALBUM,FEED,10,0,,850,0,1,,354,11,2025-11-24 17:36:00.676
17841406083211195,18068529049767104,2025-05-05 10:33:47,CAROUSEL_ALBUM,FEED,10,0,,852,0,1,,354,11,2025-11-25 17:34:17.703
17841406083211195,18068529049767104,2025-05-05 10:33:47,CAROUSEL_ALBUM,FEED,10,0,,853,0,1,,354,11,2025-11-30 17:33:23.492
17841406083211195,18068529049767104,2025-05-05 10:33:47,CAROUSEL_ALBUM,FEED,10,0,,854,0,1,,354,11,2025-12-01 17:33:33.577
17841406083211195,18068529049767104,2025-05-05 10:33:47,CAROUSEL_ALBUM,FEED,10,0,,855,0,1,,354,11,2025-12-02 17:34:52.695
17841406083211195,18068529049767104,2025-05-05 10:33:47,CAROUSEL_ALBUM,FEED,10,0,,858,0,1,,354,11,2025-12-03 17:36:09.385
17841406083211195,18068529049767104,2025-05-05 10:33:47,CAROUSEL_ALBUM,FEED,10,0,,862,0,1,,354,11,2025-12-05 17:34:22.769
17841406083211195,18068529049767104,2025-05-05 10:33:47,CAROUSEL_ALBUM,FEED,10,0,,863,0,1,,354,11,2025-12-07 17:33:15.194
17841406083211195,18068529049767104,2025-05-05 10:33:47,CAROUSEL_ALBUM,FEED,10,0,,864,0,1,,354,11,2025-12-09 17:35:08.321
17841406083211195,18068529049767104,2025-05-05 10:33:47,CAROUSEL_ALBUM,FEED,10,0,,865,0,1,,354,11,2025-12-11 17:33:27.316
17841406083211195,18068529049767104,2025-05-05 10:33:47,CAROUSEL_ALBUM,FEED,10,0,,866,0,1,,354,11,2025-12-12 17:35:06.521
17841406083211195,18068529049767104,2025-05-05 10:33:47,CAROUSEL_ALBUM,FEED,10,0,,868,0,1,,354,11,2025-12-17 17:29:13.836
17841406083211195,18068529049767104,2025-05-05 10:33:47,CAROUSEL_ALBUM,FEED,10,0,,870,0,1,,354,11,2025-12-21 17:30:09.418
17841406083211195,18068529049767104,2025-05-05 10:33:47,CAROUSEL_ALBUM,FEED,10,0,,871,0,1,,354,11,2025-12-22 17:28:52.801
17841406083211195,18068529049767104,2025-05-05 10:33:47,CAROUSEL_ALBUM,FEED,10,0,,872,0,1,,354,11,2025-12-24 17:29:21.586
17841406083211195,18068529049767104,2025-05-05 10:33:47,CAROUSEL_ALBUM,FEED,10,0,,874,0,1,,354,11,2025-12-25 17:29:40.546
17841406083211195,18070835374978520,2025-06-18 09:52:26,CAROUSEL_ALBUM,FEED,9,0,,315,0,14,,150,23,2025-07-03 03:00:02.139
17841406083211195,18070835374978520,2025-06-18 09:52:26,CAROUSEL_ALBUM,FEED,9,0,,319,0,14,,150,23,2025-07-03 17:29:59.203
17841406083211195,18070835374978520,2025-06-18 09:52:26,CAROUSEL_ALBUM,FEED,9,0,,325,0,14,,150,23,2025-07-04 17:30:58.666
17841406083211195,18070835374978520,2025-06-18 09:52:26,CAROUSEL_ALBUM,FEED,9,0,,332,0,14,,151,23,2025-07-05 17:29:52.040
17841406083211195,18070835374978520,2025-06-18 09:52:26,CAROUSEL_ALBUM,FEED,9,0,,334,0,14,,151,23,2025-07-06 17:30:30.234
17841406083211195,18070835374978520,2025-06-18 09:52:26,CAROUSEL_ALBUM,FEED,9,0,,337,0,14,,151,23,2025-07-07 17:30:38.826
17841406083211195,18070835374978520,2025-06-18 09:52:26,CAROUSEL_ALBUM,FEED,9,0,,338,0,14,,152,23,2025-07-08 17:29:53.728
17841406083211195,18070835374978520,2025-06-18 09:52:26,CAROUSEL_ALBUM,FEED,9,0,,339,0,14,,152,23,2025-07-09 17:30:26.342
17841406083211195,18070835374978520,2025-06-18 09:52:26,CAROUSEL_ALBUM,FEED,9,0,,347,0,14,,153,23,2025-07-10 17:29:17.338
17841406083211195,18070835374978520,2025-06-18 09:52:26,CAROUSEL_ALBUM,FEED,9,0,,348,0,14,,153,23,2025-07-11 17:29:41.212
17841406083211195,18070835374978520,2025-06-18 09:52:26,CAROUSEL_ALBUM,FEED,9,0,,349,0,14,,153,23,2025-07-13 17:29:26.770
17841406083211195,18070835374978520,2025-06-18 09:52:26,CAROUSEL_ALBUM,FEED,9,0,,353,0,14,,153,23,2025-07-14 17:30:26.669
17841406083211195,18070835374978520,2025-06-18 09:52:26,CAROUSEL_ALBUM,FEED,9,0,,354,0,14,,153,23,2025-07-15 17:29:51.509
17841406083211195,18070835374978520,2025-06-18 09:52:26,CAROUSEL_ALBUM,FEED,9,0,,355,0,14,,153,23,2025-07-16 17:30:05.705
17841406083211195,18070835374978520,2025-06-18 09:52:26,CAROUSEL_ALBUM,FEED,9,0,,363,0,14,,154,23,2025-07-17 17:29:49.496
17841406083211195,18070835374978520,2025-06-18 09:52:26,CAROUSEL_ALBUM,FEED,9,0,,365,0,14,,154,23,2025-07-18 17:29:48.362
17841406083211195,18070835374978520,2025-06-18 09:52:26,CAROUSEL_ALBUM,FEED,9,0,,367,0,14,,155,23,2025-07-21 17:30:41.012
17841406083211195,18070835374978520,2025-06-18 09:52:26,CAROUSEL_ALBUM,FEED,9,0,,372,0,14,,155,23,2025-07-22 17:30:36.347
17841406083211195,18070835374978520,2025-06-18 09:52:26,CAROUSEL_ALBUM,FEED,9,0,,377,0,14,,156,23,2025-07-23 17:30:15.881
17841406083211195,18070835374978520,2025-06-18 09:52:26,CAROUSEL_ALBUM,FEED,9,0,,381,0,14,,156,23,2025-07-24 17:30:01.594
17841406083211195,18070835374978520,2025-06-18 09:52:26,CAROUSEL_ALBUM,FEED,9,0,,384,0,14,,156,23,2025-07-27 17:30:34.301
17841406083211195,18070835374978520,2025-06-18 09:52:26,CAROUSEL_ALBUM,FEED,9,0,,394,0,14,,156,23,2025-07-28 17:29:11.638
17841406083211195,18070835374978520,2025-06-18 09:52:26,CAROUSEL_ALBUM,FEED,9,0,,397,0,14,,156,23,2025-07-29 17:29:46.526
17841406083211195,18070835374978520,2025-06-18 09:52:26,CAROUSEL_ALBUM,FEED,9,0,,403,0,14,,158,23,2025-07-31 17:28:52.253
17841406083211195,18070835374978520,2025-06-18 09:52:26,CAROUSEL_ALBUM,FEED,9,0,,411,0,14,,158,23,2025-08-01 17:30:02.445
17841406083211195,18070835374978520,2025-06-18 09:52:26,CAROUSEL_ALBUM,FEED,9,0,,412,0,14,,159,23,2025-08-03 17:29:40.170
17841406083211195,18070835374978520,2025-06-18 09:52:26,CAROUSEL_ALBUM,FEED,9,0,,414,0,14,,160,23,2025-08-04 17:30:20.387
17841406083211195,18070835374978520,2025-06-18 09:52:26,CAROUSEL_ALBUM,FEED,9,0,,416,0,14,,160,23,2025-08-05 17:30:25.819
17841406083211195,18070835374978520,2025-06-18 09:52:26,CAROUSEL_ALBUM,FEED,9,0,,419,0,14,,160,23,2025-08-06 17:29:21.809
17841406083211195,18070835374978520,2025-06-18 09:52:26,CAROUSEL_ALBUM,FEED,9,0,,431,0,14,,161,23,2025-08-07 17:29:51.644
17841406083211195,18070835374978520,2025-06-18 09:52:26,CAROUSEL_ALBUM,FEED,9,0,,432,0,14,,161,23,2025-08-08 17:29:30.430
17841406083211195,18070835374978520,2025-06-18 09:52:26,CAROUSEL_ALBUM,FEED,9,0,,448,0,14,,162,23,2025-08-09 17:29:16.342
17841406083211195,18070835374978520,2025-06-18 09:52:26,CAROUSEL_ALBUM,FEED,9,0,,451,0,14,,162,23,2025-08-10 17:29:41.090
17841406083211195,18070835374978520,2025-06-18 09:52:26,CAROUSEL_ALBUM,FEED,9,0,,455,0,14,,162,23,2025-08-11 17:30:32.958
17841406083211195,18070835374978520,2025-06-18 09:52:26,CAROUSEL_ALBUM,FEED,9,0,,466,0,14,,164,23,2025-08-12 17:31:22.344
17841406083211195,18070835374978520,2025-06-18 09:52:26,CAROUSEL_ALBUM,FEED,9,0,,470,0,14,,164,23,2025-08-13 17:29:54.289
17841406083211195,18070835374978520,2025-06-18 09:52:26,CAROUSEL_ALBUM,FEED,9,0,,471,0,14,,164,23,2025-08-14 17:30:30.700
17841406083211195,18070835374978520,2025-06-18 09:52:26,CAROUSEL_ALBUM,FEED,9,0,,482,0,14,,164,23,2025-08-15 17:29:20.109
17841406083211195,18070835374978520,2025-06-18 09:52:26,CAROUSEL_ALBUM,FEED,9,0,,484,0,14,,164,23,2025-08-16 17:29:29.894
17841406083211195,18070835374978520,2025-06-18 09:52:26,CAROUSEL_ALBUM,FEED,9,0,,487,0,14,,164,23,2025-08-17 17:28:43.176
17841406083211195,18070835374978520,2025-06-18 09:52:26,CAROUSEL_ALBUM,FEED,9,0,,496,0,14,,164,23,2025-08-18 17:28:55.667
17841406083211195,18070835374978520,2025-06-18 09:52:26,CAROUSEL_ALBUM,FEED,9,0,,499,0,14,,164,23,2025-08-19 17:29:34.423
17841406083211195,18070835374978520,2025-06-18 09:52:26,CAROUSEL_ALBUM,FEED,9,0,,502,0,14,,165,23,2025-08-20 17:29:40.860
17841406083211195,18070835374978520,2025-06-18 09:52:26,CAROUSEL_ALBUM,FEED,9,0,,511,0,14,,165,23,2025-08-21 17:30:19.072
17841406083211195,18070835374978520,2025-06-18 09:52:26,CAROUSEL_ALBUM,FEED,9,0,,523,0,14,,166,23,2025-08-22 17:29:22.407
17841406083211195,18070835374978520,2025-06-18 09:52:26,CAROUSEL_ALBUM,FEED,9,0,,525,0,14,,166,23,2025-08-23 17:29:30.923
17841406083211195,18070835374978520,2025-06-18 09:52:26,CAROUSEL_ALBUM,FEED,9,0,,527,0,14,,166,23,2025-08-24 17:29:05.924
17841406083211195,18070835374978520,2025-06-18 09:52:26,CAROUSEL_ALBUM,FEED,9,0,,564,0,14,,166,23,2025-08-25 17:29:34.726
17841406083211195,18070835374978520,2025-06-18 09:52:26,CAROUSEL_ALBUM,FEED,9,0,,576,0,14,,168,23,2025-08-26 17:29:05.576
17841406083211195,18070835374978520,2025-06-18 09:52:26,CAROUSEL_ALBUM,FEED,9,0,,582,0,14,,168,23,2025-08-27 17:30:15.453
17841406083211195,18070835374978520,2025-06-18 09:52:26,CAROUSEL_ALBUM,FEED,9,0,,588,0,14,,168,23,2025-08-28 17:31:18.222
17841406083211195,18070835374978520,2025-06-18 09:52:26,CAROUSEL_ALBUM,FEED,9,0,,595,0,14,,168,23,2025-08-29 17:28:45.763
17841406083211195,18070835374978520,2025-06-18 09:52:26,CAROUSEL_ALBUM,FEED,9,0,,603,0,14,,168,23,2025-08-30 17:30:09.888
17841406083211195,18070835374978520,2025-06-18 09:52:26,CAROUSEL_ALBUM,FEED,9,0,,613,0,14,,168,23,2025-08-31 17:28:47.917
17841406083211195,18070835374978520,2025-06-18 09:52:26,CAROUSEL_ALBUM,FEED,9,0,,740,0,14,,174,23,2025-10-01 04:10:01.747
17841406083211195,18070835374978520,2025-06-18 09:52:26,CAROUSEL_ALBUM,FEED,9,0,,744,0,14,,174,23,2025-10-02 04:04:36.972
17841406083211195,18070835374978520,2025-06-18 09:52:26,CAROUSEL_ALBUM,FEED,9,0,,749,0,14,,174,23,2025-10-02 17:29:39.995
17841406083211195,18070835374978520,2025-06-18 09:52:26,CAROUSEL_ALBUM,FEED,9,0,,756,0,14,,174,23,2025-10-04 17:29:46.375
17841406083211195,18070835374978520,2025-06-18 09:52:26,CAROUSEL_ALBUM,FEED,9,0,,763,0,14,,174,23,2025-10-05 17:29:33.593
17841406083211195,18070835374978520,2025-06-18 09:52:26,CAROUSEL_ALBUM,FEED,9,0,,764,0,14,,174,23,2025-10-06 17:28:55.805
17841406083211195,18070835374978520,2025-06-18 09:52:26,CAROUSEL_ALBUM,FEED,9,0,,766,0,14,,174,23,2025-10-07 17:28:36.701
17841406083211195,18070835374978520,2025-06-18 09:52:26,CAROUSEL_ALBUM,FEED,9,0,,767,0,14,,174,23,2025-10-08 17:29:48.278
17841406083211195,18070835374978520,2025-06-18 09:52:26,CAROUSEL_ALBUM,FEED,9,0,,776,0,14,,174,23,2025-10-09 17:28:59.248
17841406083211195,18070835374978520,2025-06-18 09:52:26,CAROUSEL_ALBUM,FEED,9,0,,777,0,14,,174,23,2025-10-10 17:30:14.049
17841406083211195,18070835374978520,2025-06-18 09:52:26,CAROUSEL_ALBUM,FEED,9,0,,779,0,14,,174,23,2025-10-12 17:28:57.208
17841406083211195,18070835374978520,2025-06-18 09:52:26,CAROUSEL_ALBUM,FEED,9,0,,786,0,14,,174,23,2025-10-13 17:29:00.298
17841406083211195,18070835374978520,2025-06-18 09:52:26,CAROUSEL_ALBUM,FEED,9,0,,788,0,14,,174,23,2025-10-14 17:28:28.913
17841406083211195,18070835374978520,2025-06-18 09:52:26,CAROUSEL_ALBUM,FEED,9,0,,789,0,14,,174,23,2025-10-15 17:30:00.902
17841406083211195,18070835374978520,2025-06-18 09:52:26,CAROUSEL_ALBUM,FEED,9,0,,791,0,14,,175,23,2025-10-16 17:29:06.171
17841406083211195,18070835374978520,2025-06-18 09:52:26,CAROUSEL_ALBUM,FEED,9,0,,795,0,14,,175,23,2025-10-17 17:30:04.036
17841406083211195,18070835374978520,2025-06-18 09:52:26,CAROUSEL_ALBUM,FEED,9,0,,797,0,14,,175,23,2025-10-18 17:28:35.967
17841406083211195,18070835374978520,2025-06-18 09:52:26,CAROUSEL_ALBUM,FEED,9,0,,798,0,14,,175,23,2025-10-20 17:29:27.063
17841406083211195,18070835374978520,2025-06-18 09:52:26,CAROUSEL_ALBUM,FEED,9,0,,799,0,14,,175,23,2025-10-21 17:28:47.399
17841406083211195,18070835374978520,2025-06-18 09:52:26,CAROUSEL_ALBUM,FEED,9,0,,802,0,14,,175,23,2025-10-22 17:29:00.824
17841406083211195,18070835374978520,2025-06-18 09:52:26,CAROUSEL_ALBUM,FEED,9,0,,806,0,14,,175,23,2025-10-23 17:28:36.352
17841406083211195,18070835374978520,2025-06-18 09:52:26,CAROUSEL_ALBUM,FEED,9,0,,812,0,14,,175,23,2025-10-27 17:28:53.345
17841406083211195,18070835374978520,2025-06-18 09:52:26,CAROUSEL_ALBUM,FEED,9,0,,813,0,14,,175,23,2025-10-28 17:29:49.181
17841406083211195,18070835374978520,2025-06-18 09:52:26,CAROUSEL_ALBUM,FEED,9,0,,814,0,14,,175,23,2025-10-29 17:29:38.416
17841406083211195,18070835374978520,2025-06-18 09:52:26,CAROUSEL_ALBUM,FEED,9,0,,818,0,14,,175,23,2025-10-31 17:29:10.250
17841406083211195,18070835374978520,2025-06-18 09:52:26,CAROUSEL_ALBUM,FEED,9,0,,819,0,14,,175,23,2025-11-02 17:29:05.343
17841406083211195,18070835374978520,2025-06-18 09:52:26,CAROUSEL_ALBUM,FEED,9,0,,820,0,14,,175,23,2025-11-03 17:28:57.549
17841406083211195,18070835374978520,2025-06-18 09:52:26,CAROUSEL_ALBUM,FEED,9,0,,822,0,14,,175,23,2025-11-04 17:28:28.076
17841406083211195,18070835374978520,2025-06-18 09:52:26,CAROUSEL_ALBUM,FEED,9,0,,828,0,14,,175,23,2025-11-06 17:28:50.914
17841406083211195,18070835374978520,2025-06-18 09:52:26,CAROUSEL_ALBUM,FEED,9,0,,830,0,14,,175,23,2025-11-07 17:29:10.480
17841406083211195,18070835374978520,2025-06-18 09:52:26,CAROUSEL_ALBUM,FEED,9,0,,837,0,14,,175,23,2025-11-09 17:28:46.276
17841406083211195,18070835374978520,2025-06-18 09:52:26,CAROUSEL_ALBUM,FEED,9,0,,838,0,14,,175,23,2025-11-10 17:29:14.399
17841406083211195,18070835374978520,2025-06-18 09:52:26,CAROUSEL_ALBUM,FEED,9,0,,841,0,14,,175,23,2025-11-11 17:29:05.805
17841406083211195,18070835374978520,2025-06-18 09:52:26,CAROUSEL_ALBUM,FEED,9,0,,844,0,14,,175,23,2025-11-12 17:29:04.428
17841406083211195,18070835374978520,2025-06-18 09:52:26,CAROUSEL_ALBUM,FEED,9,0,,847,0,14,,175,23,2025-11-13 17:29:31.130
17841406083211195,18070835374978520,2025-06-18 09:52:26,CAROUSEL_ALBUM,FEED,9,0,,850,0,14,,175,23,2025-11-14 17:29:08.308
17841406083211195,18070835374978520,2025-06-18 09:52:26,CAROUSEL_ALBUM,FEED,9,0,,855,0,14,,175,23,2025-11-16 17:29:49.612
17841406083211195,18070835374978520,2025-06-18 09:52:26,CAROUSEL_ALBUM,FEED,9,0,,859,0,14,,175,23,2025-11-17 17:29:12.862
17841406083211195,18070835374978520,2025-06-18 09:52:26,CAROUSEL_ALBUM,FEED,9,0,,860,0,14,,175,23,2025-11-18 17:29:13.849
17841406083211195,18070835374978520,2025-06-18 09:52:26,CAROUSEL_ALBUM,FEED,9,0,,863,0,14,,176,23,2025-11-19 17:34:55.380
17841406083211195,18070835374978520,2025-06-18 09:52:26,CAROUSEL_ALBUM,FEED,9,0,,864,0,14,,176,23,2025-11-21 17:35:17.489
17841406083211195,18070835374978520,2025-06-18 09:52:26,CAROUSEL_ALBUM,FEED,9,0,,865,0,14,,176,23,2025-11-24 17:36:00.676
17841406083211195,18070835374978520,2025-06-18 09:52:26,CAROUSEL_ALBUM,FEED,9,0,,867,0,14,,176,23,2025-11-25 17:34:17.703
17841406083211195,18070835374978520,2025-06-18 09:52:26,CAROUSEL_ALBUM,FEED,9,0,,868,0,14,,176,23,2025-11-26 17:36:48.620
17841406083211195,18070835374978520,2025-06-18 09:52:26,CAROUSEL_ALBUM,FEED,9,0,,869,0,14,,176,23,2025-11-28 17:34:54.937
17841406083211195,18070835374978520,2025-06-18 09:52:26,CAROUSEL_ALBUM,FEED,9,0,,871,0,14,,176,23,2025-11-30 17:33:23.493
17841406083211195,18070835374978520,2025-06-18 09:52:26,CAROUSEL_ALBUM,FEED,9,0,,872,0,14,,176,23,2025-12-01 17:33:33.577
17841406083211195,18070835374978520,2025-06-18 09:52:26,CAROUSEL_ALBUM,FEED,9,0,,873,0,14,,176,23,2025-12-02 17:34:52.695
17841406083211195,18070835374978520,2025-06-18 09:52:26,CAROUSEL_ALBUM,FEED,9,0,,875,0,14,,176,23,2025-12-03 17:36:09.386
17841406083211195,18070835374978520,2025-06-18 09:52:26,CAROUSEL_ALBUM,FEED,9,0,,879,0,14,,176,23,2025-12-05 17:34:22.769
17841406083211195,18070835374978520,2025-06-18 09:52:26,CAROUSEL_ALBUM,FEED,9,0,,880,0,14,,176,23,2025-12-07 17:33:15.195
17841406083211195,18070835374978520,2025-06-18 09:52:26,CAROUSEL_ALBUM,FEED,9,0,,881,0,14,,176,23,2025-12-08 17:32:58.807
17841406083211195,18070835374978520,2025-06-18 09:52:26,CAROUSEL_ALBUM,FEED,9,0,,883,0,14,,176,23,2025-12-11 17:33:27.316
17841406083211195,18070835374978520,2025-06-18 09:52:26,CAROUSEL_ALBUM,FEED,9,0,,884,0,14,,176,23,2025-12-12 17:35:06.521
17841406083211195,18070835374978520,2025-06-18 09:52:26,CAROUSEL_ALBUM,FEED,9,0,,888,0,14,,177,23,2025-12-15 06:33:48.702
17841406083211195,18070835374978520,2025-06-18 09:52:26,CAROUSEL_ALBUM,FEED,9,0,,889,0,14,,177,23,2025-12-17 17:29:02.282
17841406083211195,18070835374978520,2025-06-18 09:52:26,CAROUSEL_ALBUM,FEED,9,0,,890,0,14,,177,23,2025-12-20 17:36:15.182
17841406083211195,18070835374978520,2025-06-18 09:52:26,CAROUSEL_ALBUM,FEED,9,0,,891,0,14,,177,23,2025-12-21 17:29:53.707
17841406083211195,18070835374978520,2025-06-18 09:52:26,CAROUSEL_ALBUM,FEED,9,0,,892,0,14,,177,23,2025-12-22 17:28:44.202
17841406083211195,18070835374978520,2025-06-18 09:52:26,CAROUSEL_ALBUM,FEED,9,0,,894,0,14,,177,23,2025-12-24 17:29:12.918
17841406083211195,18070835374978520,2025-06-18 09:52:26,CAROUSEL_ALBUM,FEED,9,0,,895,0,14,,177,23,2025-12-25 17:29:25.133
17841406083211195,18074939702337227,2025-11-25 11:48:39,CAROUSEL_ALBUM,FEED,19,1,,396,0,0,,149,20,2025-11-25 17:34:52.767
17841406083211195,18074939702337227,2025-11-25 11:48:39,CAROUSEL_ALBUM,FEED,29,3,,696,0,0,,235,33,2025-11-26 17:37:34.797
17841406083211195,18074939702337227,2025-11-25 11:48:39,CAROUSEL_ALBUM,FEED,30,3,,877,0,0,,272,34,2025-11-27 17:34:42.510
17841406083211195,18074939702337227,2025-11-25 11:48:39,CAROUSEL_ALBUM,FEED,32,3,,938,0,0,,283,36,2025-11-28 17:35:39.727
17841406083211195,18074939702337227,2025-11-25 11:48:39,CAROUSEL_ALBUM,FEED,32,3,,963,0,0,,290,36,2025-11-29 17:36:27.540
17841406083211195,18074939702337227,2025-11-25 11:48:39,CAROUSEL_ALBUM,FEED,32,3,,994,0,0,,301,36,2025-11-30 17:33:54.620
17841406083211195,18074939702337227,2025-11-25 11:48:39,CAROUSEL_ALBUM,FEED,33,3,,1046,0,0,,305,37,2025-12-01 17:34:00.992
17841406083211195,18074939702337227,2025-11-25 11:48:39,CAROUSEL_ALBUM,FEED,33,3,,1093,0,0,,312,37,2025-12-02 17:35:28.470
17841406083211195,18074939702337227,2025-11-25 11:48:39,CAROUSEL_ALBUM,FEED,33,3,,1139,0,0,,320,37,2025-12-03 17:36:45.838
17841406083211195,18074939702337227,2025-11-25 11:48:39,CAROUSEL_ALBUM,FEED,33,3,,1169,0,0,,322,37,2025-12-04 17:34:52.051
17841406083211195,18074939702337227,2025-11-25 11:48:39,CAROUSEL_ALBUM,FEED,33,3,,1185,0,0,,323,37,2025-12-05 17:34:50.232
17841406083211195,18074939702337227,2025-11-25 11:48:39,CAROUSEL_ALBUM,FEED,33,3,,1215,0,0,,324,37,2025-12-06 17:35:26.329
17841406083211195,18074939702337227,2025-11-25 11:48:39,CAROUSEL_ALBUM,FEED,33,3,,1227,0,0,,327,37,2025-12-07 17:33:44.790
17841406083211195,18074939702337227,2025-11-25 11:48:39,CAROUSEL_ALBUM,FEED,33,3,,1243,0,0,,327,37,2025-12-08 17:33:32.910
17841406083211195,18074939702337227,2025-11-25 11:48:39,CAROUSEL_ALBUM,FEED,33,3,,1253,0,0,,328,37,2025-12-09 17:35:43.778
17841406083211195,18074939702337227,2025-11-25 11:48:39,CAROUSEL_ALBUM,FEED,33,3,,1271,0,0,,329,37,2025-12-10 17:36:27.785
17841406083211195,18074939702337227,2025-11-25 11:48:39,CAROUSEL_ALBUM,FEED,33,3,,1272,0,0,,329,37,2025-12-11 17:33:56.845
17841406083211195,18074939702337227,2025-11-25 11:48:39,CAROUSEL_ALBUM,FEED,33,3,,1287,0,0,,331,37,2025-12-12 17:35:50.533
17841406083211195,18074939702337227,2025-11-25 11:48:39,CAROUSEL_ALBUM,FEED,33,3,,1305,0,0,,335,37,2025-12-15 06:34:20.228
17841406083211195,18074939702337227,2025-11-25 11:48:39,CAROUSEL_ALBUM,FEED,33,3,,1308,0,0,,335,37,2025-12-15 17:37:13.498
17841406083211195,18074939702337227,2025-11-25 11:48:39,CAROUSEL_ALBUM,FEED,33,3,,1314,0,0,,336,37,2025-12-16 17:34:50.960
17841406083211195,18074939702337227,2025-11-25 11:48:39,CAROUSEL_ALBUM,FEED,33,3,,1316,0,0,,336,37,2025-12-17 17:28:40.151
17841406083211195,18074939702337227,2025-11-25 11:48:39,CAROUSEL_ALBUM,FEED,33,3,,1332,0,0,,338,37,2025-12-18 17:30:53.813
17841406083211195,18074939702337227,2025-11-25 11:48:39,CAROUSEL_ALBUM,FEED,33,3,,1333,0,0,,340,37,2025-12-19 17:30:14.528
17841406083211195,18074939702337227,2025-11-25 11:48:39,CAROUSEL_ALBUM,FEED,33,3,,1334,0,0,,340,37,2025-12-20 17:36:50.215
17841406083211195,18074939702337227,2025-11-25 11:48:39,CAROUSEL_ALBUM,FEED,33,3,,1335,0,0,,340,37,2025-12-21 17:29:37.392
17841406083211195,18074939702337227,2025-11-25 11:48:39,CAROUSEL_ALBUM,FEED,33,3,,1342,0,0,,341,37,2025-12-22 17:28:31.293
17841406083211195,18074939702337227,2025-11-25 11:48:39,CAROUSEL_ALBUM,FEED,33,3,,1345,0,0,,342,37,2025-12-23 17:28:29.221
17841406083211195,18074939702337227,2025-11-25 11:48:39,CAROUSEL_ALBUM,FEED,33,3,,1348,0,0,,342,37,2025-12-24 17:28:54.108
17841406083211195,18074939702337227,2025-11-25 11:48:39,CAROUSEL_ALBUM,FEED,33,3,,1349,0,0,,342,37,2025-12-25 17:29:03.347
17841406083211195,18080597959937061,2025-12-11 10:08:01,CAROUSEL_ALBUM,FEED,3,0,,86,0,0,,34,3,2025-12-11 17:34:06.396
17841406083211195,18080597959937061,2025-12-11 10:08:01,CAROUSEL_ALBUM,FEED,3,0,,119,0,0,,47,3,2025-12-12 17:36:01.939
17841406083211195,18080597959937061,2025-12-11 10:08:01,CAROUSEL_ALBUM,FEED,4,0,,190,0,0,,58,4,2025-12-15 06:34:28.291
17841406083211195,18080597959937061,2025-12-11 10:08:01,CAROUSEL_ALBUM,FEED,4,0,,208,0,0,,60,4,2025-12-15 17:37:24.708
17841406083211195,18080597959937061,2025-12-11 10:08:01,CAROUSEL_ALBUM,FEED,4,0,,221,0,0,,62,4,2025-12-16 17:35:03.679
17841406083211195,18080597959937061,2025-12-11 10:08:01,CAROUSEL_ALBUM,FEED,4,0,,236,0,0,,65,4,2025-12-17 17:28:40.153
17841406083211195,18080597959937061,2025-12-11 10:08:01,CAROUSEL_ALBUM,FEED,4,0,,277,0,0,,70,4,2025-12-18 17:30:53.818
17841406083211195,18080597959937061,2025-12-11 10:08:01,CAROUSEL_ALBUM,FEED,6,0,,287,0,0,,73,6,2025-12-19 17:30:14.532
17841406083211195,18080597959937061,2025-12-11 10:08:01,CAROUSEL_ALBUM,FEED,6,0,,298,0,0,,75,6,2025-12-20 17:37:00.947
17841406083211195,18080597959937061,2025-12-11 10:08:01,CAROUSEL_ALBUM,FEED,6,0,,299,0,0,,75,6,2025-12-21 17:29:37.397
17841406083211195,18080597959937061,2025-12-11 10:08:01,CAROUSEL_ALBUM,FEED,6,0,,337,0,0,,78,6,2025-12-22 17:28:31.295
17841406083211195,18080597959937061,2025-12-11 10:08:01,CAROUSEL_ALBUM,FEED,6,0,,351,0,0,,81,6,2025-12-23 17:28:29.225
17841406083211195,18080597959937061,2025-12-11 10:08:01,CAROUSEL_ALBUM,FEED,6,0,,358,0,0,,83,6,2025-12-24 17:28:54.112
17841406083211195,18080597959937061,2025-12-11 10:08:01,CAROUSEL_ALBUM,FEED,6,0,,362,0,0,,83,6,2025-12-25 17:29:03.350
17841406083211195,18086601430659179,2025-06-04 09:57:55,CAROUSEL_ALBUM,FEED,6,0,,68,0,11,,47,17,2025-06-04 17:29:50.153
17841406083211195,18086601430659179,2025-06-04 09:57:55,CAROUSEL_ALBUM,FEED,6,0,,104,0,11,,70,17,2025-06-05 17:30:04.416
17841406083211195,18086601430659179,2025-06-04 09:57:55,CAROUSEL_ALBUM,FEED,8,0,,180,0,11,,109,19,2025-07-03 03:00:02.155
17841406083211195,18086601430659179,2025-06-04 09:57:55,CAROUSEL_ALBUM,FEED,8,0,,181,0,11,,109,19,2025-07-03 17:29:59.216
17841406083211195,18086601430659179,2025-06-04 09:57:55,CAROUSEL_ALBUM,FEED,8,0,,185,0,11,,109,19,2025-07-04 17:30:58.679
17841406083211195,18086601430659179,2025-06-04 09:57:55,CAROUSEL_ALBUM,FEED,8,0,,186,0,11,,109,19,2025-07-05 17:29:52.052
17841406083211195,18086601430659179,2025-06-04 09:57:55,CAROUSEL_ALBUM,FEED,8,0,,188,0,11,,110,19,2025-07-08 17:29:53.774
17841406083211195,18086601430659179,2025-06-04 09:57:55,CAROUSEL_ALBUM,FEED,8,0,,189,0,11,,110,19,2025-07-09 17:30:26.379
17841406083211195,18086601430659179,2025-06-04 09:57:55,CAROUSEL_ALBUM,FEED,8,0,,192,0,11,,111,19,2025-07-16 17:30:05.719
17841406083211195,18086601430659179,2025-06-04 09:57:55,CAROUSEL_ALBUM,FEED,8,0,,198,0,11,,112,19,2025-07-17 17:29:49.527
17841406083211195,18086601430659179,2025-06-04 09:57:55,CAROUSEL_ALBUM,FEED,8,0,,200,0,11,,112,19,2025-07-18 17:29:48.376
17841406083211195,18086601430659179,2025-06-04 09:57:55,CAROUSEL_ALBUM,FEED,8,0,,201,0,11,,113,19,2025-07-21 17:30:41.030
17841406083211195,18086601430659179,2025-06-04 09:57:55,CAROUSEL_ALBUM,FEED,8,0,,204,0,11,,113,19,2025-07-22 17:30:36.356
17841406083211195,18086601430659179,2025-06-04 09:57:55,CAROUSEL_ALBUM,FEED,8,0,,205,0,11,,113,19,2025-07-23 17:30:15.903
17841406083211195,18086601430659179,2025-06-04 09:57:55,CAROUSEL_ALBUM,FEED,8,0,,209,0,11,,113,19,2025-07-27 17:30:34.311
17841406083211195,18086601430659179,2025-06-04 09:57:55,CAROUSEL_ALBUM,FEED,8,0,,210,0,11,,113,19,2025-07-28 17:29:11.658
17841406083211195,18086601430659179,2025-06-04 09:57:55,CAROUSEL_ALBUM,FEED,8,0,,211,0,11,,113,19,2025-07-29 17:29:46.536
17841406083211195,18086601430659179,2025-06-04 09:57:55,CAROUSEL_ALBUM,FEED,8,0,,214,0,11,,115,19,2025-07-31 17:28:52.270
17841406083211195,18086601430659179,2025-06-04 09:57:55,CAROUSEL_ALBUM,FEED,8,0,,222,0,11,,115,19,2025-08-01 17:30:02.462
17841406083211195,18086601430659179,2025-06-04 09:57:55,CAROUSEL_ALBUM,FEED,8,0,,223,0,11,,116,19,2025-08-05 17:30:25.829
17841406083211195,18086601430659179,2025-06-04 09:57:55,CAROUSEL_ALBUM,FEED,8,0,,225,0,11,,116,19,2025-08-06 17:29:21.820
17841406083211195,18086601430659179,2025-06-04 09:57:55,CAROUSEL_ALBUM,FEED,8,0,,233,0,11,,116,19,2025-08-08 17:29:30.449
17841406083211195,18086601430659179,2025-06-04 09:57:55,CAROUSEL_ALBUM,FEED,8,0,,245,0,11,,116,19,2025-08-10 17:29:41.098
17841406083211195,18086601430659179,2025-06-04 09:57:55,CAROUSEL_ALBUM,FEED,8,0,,250,0,11,,117,19,2025-08-11 17:30:32.974
17841406083211195,18086601430659179,2025-06-04 09:57:55,CAROUSEL_ALBUM,FEED,8,0,,257,0,11,,117,19,2025-08-13 17:29:54.299
17841406083211195,18086601430659179,2025-06-04 09:57:55,CAROUSEL_ALBUM,FEED,8,0,,258,0,11,,117,19,2025-08-14 17:30:30.709
17841406083211195,18086601430659179,2025-06-04 09:57:55,CAROUSEL_ALBUM,FEED,8,0,,265,0,11,,117,19,2025-08-15 17:29:20.124
17841406083211195,18086601430659179,2025-06-04 09:57:55,CAROUSEL_ALBUM,FEED,8,0,,266,0,11,,117,19,2025-08-16 17:29:29.902
17841406083211195,18086601430659179,2025-06-04 09:57:55,CAROUSEL_ALBUM,FEED,8,0,,270,0,11,,117,19,2025-08-17 17:28:43.185
17841406083211195,18086601430659179,2025-06-04 09:57:55,CAROUSEL_ALBUM,FEED,8,0,,277,0,11,,117,19,2025-08-18 17:28:55.674
17841406083211195,18086601430659179,2025-06-04 09:57:55,CAROUSEL_ALBUM,FEED,8,0,,280,0,11,,117,19,2025-08-19 17:29:34.442
17841406083211195,18086601430659179,2025-06-04 09:57:55,CAROUSEL_ALBUM,FEED,8,0,,281,0,11,,118,19,2025-08-20 17:29:40.881
17841406083211195,18086601430659179,2025-06-04 09:57:55,CAROUSEL_ALBUM,FEED,8,0,,291,0,11,,118,19,2025-08-21 17:30:19.085
17841406083211195,18086601430659179,2025-06-04 09:57:55,CAROUSEL_ALBUM,FEED,8,0,,296,0,11,,118,19,2025-08-22 17:29:32.376
17841406083211195,18086601430659179,2025-06-04 09:57:55,CAROUSEL_ALBUM,FEED,8,0,,299,0,11,,118,19,2025-08-23 17:29:39.833
17841406083211195,18086601430659179,2025-06-04 09:57:55,CAROUSEL_ALBUM,FEED,8,0,,301,0,11,,118,19,2025-08-24 17:29:14.568
17841406083211195,18086601430659179,2025-06-04 09:57:55,CAROUSEL_ALBUM,FEED,8,0,,332,0,11,,119,19,2025-08-25 17:29:45.213
17841406083211195,18086601430659179,2025-06-04 09:57:55,CAROUSEL_ALBUM,FEED,8,0,,342,0,11,,119,19,2025-08-26 17:29:15.112
17841406083211195,18086601430659179,2025-06-04 09:57:55,CAROUSEL_ALBUM,FEED,8,0,,347,0,11,,119,19,2025-08-27 17:30:23.675
17841406083211195,18086601430659179,2025-06-04 09:57:55,CAROUSEL_ALBUM,FEED,8,0,,353,0,11,,119,19,2025-08-28 17:31:28.502
17841406083211195,18086601430659179,2025-06-04 09:57:55,CAROUSEL_ALBUM,FEED,8,0,,357,0,11,,119,19,2025-08-29 17:28:53.247
17841406083211195,18086601430659179,2025-06-04 09:57:55,CAROUSEL_ALBUM,FEED,8,0,,364,0,11,,119,19,2025-08-30 17:30:25.974
17841406083211195,18086601430659179,2025-06-04 09:57:55,CAROUSEL_ALBUM,FEED,8,0,,374,0,11,,119,19,2025-08-31 17:28:56.748
17841406083211195,18086601430659179,2025-06-04 09:57:55,CAROUSEL_ALBUM,FEED,8,0,,469,0,11,,123,19,2025-10-01 04:10:01.768
17841406083211195,18086601430659179,2025-06-04 09:57:55,CAROUSEL_ALBUM,FEED,8,0,,471,0,11,,123,19,2025-10-02 04:04:36.980
17841406083211195,18086601430659179,2025-06-04 09:57:55,CAROUSEL_ALBUM,FEED,8,0,,474,0,11,,123,19,2025-10-02 17:29:40.005
17841406083211195,18086601430659179,2025-06-04 09:57:55,CAROUSEL_ALBUM,FEED,8,0,,477,0,11,,123,19,2025-10-04 17:29:46.388
17841406083211195,18086601430659179,2025-06-04 09:57:55,CAROUSEL_ALBUM,FEED,8,0,,482,0,11,,123,19,2025-10-06 17:28:55.823
17841406083211195,18086601430659179,2025-06-04 09:57:55,CAROUSEL_ALBUM,FEED,8,0,,484,0,11,,123,19,2025-10-08 17:29:48.285
17841406083211195,18086601430659179,2025-06-04 09:57:55,CAROUSEL_ALBUM,FEED,8,0,,493,0,11,,123,19,2025-10-09 17:28:59.261
17841406083211195,18086601430659179,2025-06-04 09:57:55,CAROUSEL_ALBUM,FEED,8,0,,495,0,11,,123,19,2025-10-10 17:30:14.057
17841406083211195,18086601430659179,2025-06-04 09:57:55,CAROUSEL_ALBUM,FEED,8,0,,496,0,11,,123,19,2025-10-11 17:28:37.955
17841406083211195,18086601430659179,2025-06-04 09:57:55,CAROUSEL_ALBUM,FEED,8,0,,497,0,11,,123,19,2025-10-12 17:28:57.228
17841406083211195,18086601430659179,2025-06-04 09:57:55,CAROUSEL_ALBUM,FEED,8,0,,499,0,11,,123,19,2025-10-13 17:29:00.312
17841406083211195,18086601430659179,2025-06-04 09:57:55,CAROUSEL_ALBUM,FEED,8,0,,501,0,11,,123,19,2025-10-14 17:28:28.929
17841406083211195,18086601430659179,2025-06-04 09:57:55,CAROUSEL_ALBUM,FEED,8,0,,502,0,11,,123,19,2025-10-15 17:30:00.910
17841406083211195,18086601430659179,2025-06-04 09:57:55,CAROUSEL_ALBUM,FEED,8,0,,505,0,11,,124,19,2025-10-16 17:29:06.185
17841406083211195,18086601430659179,2025-06-04 09:57:55,CAROUSEL_ALBUM,FEED,8,0,,509,0,11,,124,19,2025-10-17 17:30:04.052
17841406083211195,18086601430659179,2025-06-04 09:57:55,CAROUSEL_ALBUM,FEED,8,0,,511,0,11,,124,19,2025-10-18 17:28:35.989
17841406083211195,18086601430659179,2025-06-04 09:57:55,CAROUSEL_ALBUM,FEED,8,0,,512,0,11,,124,19,2025-10-20 17:29:27.073
17841406083211195,18086601430659179,2025-06-04 09:57:55,CAROUSEL_ALBUM,FEED,8,0,,513,0,11,,124,19,2025-10-21 17:28:47.411
17841406083211195,18086601430659179,2025-06-04 09:57:55,CAROUSEL_ALBUM,FEED,8,0,,514,0,11,,124,19,2025-10-22 17:29:00.837
17841406083211195,18086601430659179,2025-06-04 09:57:55,CAROUSEL_ALBUM,FEED,8,0,,517,0,11,,124,19,2025-10-23 17:28:36.366
17841406083211195,18086601430659179,2025-06-04 09:57:55,CAROUSEL_ALBUM,FEED,8,0,,522,0,11,,124,19,2025-10-27 17:28:53.361
17841406083211195,18086601430659179,2025-06-04 09:57:55,CAROUSEL_ALBUM,FEED,8,0,,523,0,11,,124,19,2025-10-28 17:29:49.194
17841406083211195,18086601430659179,2025-06-04 09:57:55,CAROUSEL_ALBUM,FEED,8,0,,525,0,11,,124,19,2025-10-29 17:29:38.424
17841406083211195,18086601430659179,2025-06-04 09:57:55,CAROUSEL_ALBUM,FEED,8,0,,528,0,11,,124,19,2025-10-31 17:29:10.258
17841406083211195,18086601430659179,2025-06-04 09:57:55,CAROUSEL_ALBUM,FEED,8,0,,529,0,11,,124,19,2025-11-02 17:29:05.364
17841406083211195,18086601430659179,2025-06-04 09:57:55,CAROUSEL_ALBUM,FEED,8,0,,530,0,11,,124,19,2025-11-03 17:28:57.563
17841406083211195,18086601430659179,2025-06-04 09:57:55,CAROUSEL_ALBUM,FEED,8,0,,533,0,11,,124,19,2025-11-04 17:28:28.084
17841406083211195,18086601430659179,2025-06-04 09:57:55,CAROUSEL_ALBUM,FEED,8,0,,537,0,11,,124,19,2025-11-06 17:28:50.934
17841406083211195,18086601430659179,2025-06-04 09:57:55,CAROUSEL_ALBUM,FEED,8,0,,539,0,11,,124,19,2025-11-07 17:29:10.488
17841406083211195,18086601430659179,2025-06-04 09:57:55,CAROUSEL_ALBUM,FEED,8,0,,546,0,11,,124,19,2025-11-09 17:28:56.348
17841406083211195,18086601430659179,2025-06-04 09:57:55,CAROUSEL_ALBUM,FEED,8,0,,549,0,11,,124,19,2025-11-10 17:29:23.650
17841406083211195,18086601430659179,2025-06-04 09:57:55,CAROUSEL_ALBUM,FEED,8,0,,551,0,11,,124,19,2025-11-11 17:29:14.657
17841406083211195,18086601430659179,2025-06-04 09:57:55,CAROUSEL_ALBUM,FEED,8,0,,554,0,11,,124,19,2025-11-12 17:29:12.220
17841406083211195,18086601430659179,2025-06-04 09:57:55,CAROUSEL_ALBUM,FEED,8,0,,556,0,11,,124,19,2025-11-13 17:29:47.744
17841406083211195,18086601430659179,2025-06-04 09:57:55,CAROUSEL_ALBUM,FEED,8,0,,559,0,11,,124,19,2025-11-14 17:29:17.983
17841406083211195,18086601430659179,2025-06-04 09:57:55,CAROUSEL_ALBUM,FEED,8,0,,562,0,11,,124,19,2025-11-16 17:30:03.489
17841406083211195,18086601430659179,2025-06-04 09:57:55,CAROUSEL_ALBUM,FEED,8,0,,566,0,11,,124,19,2025-11-17 17:29:22.831
17841406083211195,18086601430659179,2025-06-04 09:57:55,CAROUSEL_ALBUM,FEED,8,0,,568,0,11,,124,19,2025-11-18 17:29:13.857
17841406083211195,18086601430659179,2025-06-04 09:57:55,CAROUSEL_ALBUM,FEED,8,0,,570,0,11,,125,19,2025-11-19 17:35:11.184
17841406083211195,18086601430659179,2025-06-04 09:57:55,CAROUSEL_ALBUM,FEED,8,0,,571,0,11,,125,19,2025-11-21 17:35:36.102
17841406083211195,18086601430659179,2025-06-04 09:57:55,CAROUSEL_ALBUM,FEED,8,0,,573,0,11,,125,19,2025-11-24 17:36:14.924
17841406083211195,18086601430659179,2025-06-04 09:57:55,CAROUSEL_ALBUM,FEED,8,0,,575,0,11,,125,19,2025-11-25 17:34:34.027
17841406083211195,18086601430659179,2025-06-04 09:57:55,CAROUSEL_ALBUM,FEED,8,0,,576,0,11,,125,19,2025-11-26 17:37:08.515
17841406083211195,18086601430659179,2025-06-04 09:57:55,CAROUSEL_ALBUM,FEED,8,0,,577,0,11,,125,19,2025-11-30 17:33:37.943
17841406083211195,18086601430659179,2025-06-04 09:57:55,CAROUSEL_ALBUM,FEED,8,0,,579,0,11,,125,19,2025-12-01 17:33:45.597
17841406083211195,18086601430659179,2025-06-04 09:57:55,CAROUSEL_ALBUM,FEED,8,0,,580,0,11,,125,19,2025-12-02 17:35:07.735
17841406083211195,18086601430659179,2025-06-04 09:57:55,CAROUSEL_ALBUM,FEED,8,0,,582,0,11,,125,19,2025-12-03 17:36:28.752
17841406083211195,18086601430659179,2025-06-04 09:57:55,CAROUSEL_ALBUM,FEED,8,0,,586,0,11,,125,19,2025-12-05 17:34:34.778
17841406083211195,18086601430659179,2025-06-04 09:57:55,CAROUSEL_ALBUM,FEED,8,0,,587,0,11,,125,19,2025-12-07 17:33:28.023
17841406083211195,18086601430659179,2025-06-04 09:57:55,CAROUSEL_ALBUM,FEED,8,0,,588,0,11,,125,19,2025-12-09 17:35:25.127
17841406083211195,18086601430659179,2025-06-04 09:57:55,CAROUSEL_ALBUM,FEED,8,0,,589,0,11,,125,19,2025-12-12 17:35:25.290
17841406083211195,18086601430659179,2025-06-04 09:57:55,CAROUSEL_ALBUM,FEED,8,0,,591,0,11,,125,19,2025-12-15 06:33:59.580
17841406083211195,18086601430659179,2025-06-04 09:57:55,CAROUSEL_ALBUM,FEED,8,0,,592,0,11,,125,19,2025-12-17 17:29:02.289
17841406083211195,18086601430659179,2025-06-04 09:57:55,CAROUSEL_ALBUM,FEED,8,0,,593,0,11,,125,19,2025-12-20 17:36:30.964
17841406083211195,18086601430659179,2025-06-04 09:57:55,CAROUSEL_ALBUM,FEED,8,0,,594,0,11,,125,19,2025-12-21 17:29:53.721
17841406083211195,18086601430659179,2025-06-04 09:57:55,CAROUSEL_ALBUM,FEED,8,0,,595,0,11,,125,19,2025-12-22 17:28:44.212
17841406083211195,18086601430659179,2025-06-04 09:57:55,CAROUSEL_ALBUM,FEED,8,0,,596,0,11,,125,19,2025-12-24 17:29:12.931
17841406083211195,18086601430659179,2025-06-04 09:57:55,CAROUSEL_ALBUM,FEED,8,0,,597,0,11,,125,19,2025-12-25 17:29:25.141
17841406083211195,18089089099797485,2025-12-18 10:34:38,CAROUSEL_ALBUM,FEED,2,0,,82,0,0,,31,2,2025-12-18 17:30:42.022
17841406083211195,18089089099797485,2025-12-18 10:34:38,CAROUSEL_ALBUM,FEED,2,0,,119,0,0,,48,2,2025-12-19 17:30:05.404
17841406083211195,18089089099797485,2025-12-18 10:34:38,CAROUSEL_ALBUM,FEED,2,0,,138,0,0,,56,2,2025-12-20 17:37:00.947
17841406083211195,18089089099797485,2025-12-18 10:34:38,CAROUSEL_ALBUM,FEED,2,0,,152,0,0,,63,2,2025-12-21 17:29:27.043
17841406083211195,18089089099797485,2025-12-18 10:34:38,CAROUSEL_ALBUM,FEED,2,0,,189,0,0,,69,2,2025-12-22 17:28:31.294
17841406083211195,18089089099797485,2025-12-18 10:34:38,CAROUSEL_ALBUM,FEED,2,0,,214,0,0,,75,2,2025-12-23 17:28:29.224
17841406083211195,18089089099797485,2025-12-18 10:34:38,CAROUSEL_ALBUM,FEED,2,0,,230,0,0,,79,2,2025-12-24 17:28:54.111
17841406083211195,18089089099797485,2025-12-18 10:34:38,CAROUSEL_ALBUM,FEED,2,0,,240,0,0,,81,2,2025-12-25 17:29:03.349
17841406083211195,18101321959719715,2025-09-22 10:44:11,CAROUSEL_ALBUM,FEED,11,0,,611,1,2,,123,14,2025-10-01 04:09:53.339
17841406083211195,18101321959719715,2025-09-22 10:44:11,CAROUSEL_ALBUM,FEED,11,0,,650,1,2,,123,14,2025-10-01 17:29:53.145
17841406083211195,18101321959719715,2025-09-22 10:44:11,CAROUSEL_ALBUM,FEED,11,0,,663,1,2,,123,14,2025-10-02 02:39:18.154
17841406083211195,18101321959719715,2025-09-22 10:44:11,CAROUSEL_ALBUM,FEED,11,0,,667,1,2,,123,14,2025-10-02 04:04:29.515
17841406083211195,18101321959719715,2025-09-22 10:44:11,CAROUSEL_ALBUM,FEED,11,0,,705,1,2,,125,14,2025-10-02 17:29:27.072
17841406083211195,18101321959719715,2025-09-22 10:44:11,CAROUSEL_ALBUM,FEED,11,0,,747,1,2,,127,14,2025-10-03 17:29:13.355
17841406083211195,18101321959719715,2025-09-22 10:44:11,CAROUSEL_ALBUM,FEED,11,0,,768,1,2,,129,14,2025-10-04 17:29:36.060
17841406083211195,18101321959719715,2025-09-22 10:44:11,CAROUSEL_ALBUM,FEED,11,0,,782,1,2,,130,14,2025-10-05 17:29:24.313
17841406083211195,18101321959719715,2025-09-22 10:44:11,CAROUSEL_ALBUM,FEED,11,0,,818,1,2,,130,14,2025-10-06 17:28:48.554
17841406083211195,18101321959719715,2025-09-22 10:44:11,CAROUSEL_ALBUM,FEED,11,0,,853,1,2,,131,14,2025-10-07 17:28:29.268
17841406083211195,18101321959719715,2025-09-22 10:44:11,CAROUSEL_ALBUM,FEED,11,0,,898,1,2,,131,14,2025-10-08 17:29:40.357
17841406083211195,18101321959719715,2025-09-22 10:44:11,CAROUSEL_ALBUM,FEED,11,0,,937,1,2,,131,14,2025-10-09 17:28:46.165
17841406083211195,18101321959719715,2025-09-22 10:44:11,CAROUSEL_ALBUM,FEED,11,0,,956,1,2,,136,14,2025-10-10 17:30:06.541
17841406083211195,18101321959719715,2025-09-22 10:44:11,CAROUSEL_ALBUM,FEED,11,0,,966,1,2,,136,14,2025-10-12 17:28:49.784
17841406083211195,18101321959719715,2025-09-22 10:44:11,CAROUSEL_ALBUM,FEED,12,0,,982,1,2,,138,15,2025-10-13 17:28:53.155
17841406083211195,18101321959719715,2025-09-22 10:44:11,CAROUSEL_ALBUM,FEED,12,0,,998,1,2,,138,15,2025-10-14 17:28:21.205
17841406083211195,18101321959719715,2025-09-22 10:44:11,CAROUSEL_ALBUM,FEED,12,0,,1018,1,2,,138,15,2025-10-15 17:29:48.876
17841406083211195,18101321959719715,2025-09-22 10:44:11,CAROUSEL_ALBUM,FEED,12,0,,1031,1,2,,138,15,2025-10-16 17:28:56.614
17841406083211195,18101321959719715,2025-09-22 10:44:11,CAROUSEL_ALBUM,FEED,14,0,,1068,1,2,,141,17,2025-10-17 17:29:48.788
17841406083211195,18101321959719715,2025-09-22 10:44:11,CAROUSEL_ALBUM,FEED,14,0,,1073,1,2,,141,17,2025-10-18 17:28:28.246
17841406083211195,18101321959719715,2025-09-22 10:44:11,CAROUSEL_ALBUM,FEED,14,0,,1080,1,2,,141,17,2025-10-19 17:28:32.834
17841406083211195,18101321959719715,2025-09-22 10:44:11,CAROUSEL_ALBUM,FEED,14,0,,1090,1,2,,141,17,2025-10-20 17:29:18.458
17841406083211195,18101321959719715,2025-09-22 10:44:11,CAROUSEL_ALBUM,FEED,14,0,,1098,1,2,,141,17,2025-10-21 17:28:38.453
17841406083211195,18101321959719715,2025-09-22 10:44:11,CAROUSEL_ALBUM,FEED,14,0,,1108,1,2,,141,17,2025-10-22 17:28:54.479
17841406083211195,18101321959719715,2025-09-22 10:44:11,CAROUSEL_ALBUM,FEED,14,0,,1143,1,2,,143,17,2025-10-23 17:28:30.283
17841406083211195,18101321959719715,2025-09-22 10:44:11,CAROUSEL_ALBUM,FEED,14,0,,1158,1,2,,143,17,2025-10-24 17:28:52.175
17841406083211195,18101321959719715,2025-09-22 10:44:11,CAROUSEL_ALBUM,FEED,14,0,,1170,1,2,,143,17,2025-10-25 17:30:00.348
17841406083211195,18101321959719715,2025-09-22 10:44:11,CAROUSEL_ALBUM,FEED,14,0,,1173,1,2,,143,17,2025-10-26 17:30:15.216
17841406083211195,18101321959719715,2025-09-22 10:44:11,CAROUSEL_ALBUM,FEED,14,0,,1174,1,2,,143,17,2025-10-27 17:28:46.988
17841406083211195,18101321959719715,2025-09-22 10:44:11,CAROUSEL_ALBUM,FEED,14,0,,1207,1,2,,144,17,2025-10-28 17:29:42.167
17841406083211195,18101321959719715,2025-09-22 10:44:11,CAROUSEL_ALBUM,FEED,14,0,,1215,1,2,,145,17,2025-10-29 17:29:27.586
17841406083211195,18101321959719715,2025-09-22 10:44:11,CAROUSEL_ALBUM,FEED,14,0,,1236,1,2,,146,17,2025-10-30 17:30:15.091
17841406083211195,18101321959719715,2025-09-22 10:44:11,CAROUSEL_ALBUM,FEED,14,0,,1242,1,2,,146,17,2025-10-31 17:29:01.878
17841406083211195,18101321959719715,2025-09-22 10:44:11,CAROUSEL_ALBUM,FEED,14,0,,1243,1,2,,146,17,2025-11-01 17:29:16.506
17841406083211195,18101321959719715,2025-09-22 10:44:11,CAROUSEL_ALBUM,FEED,14,0,,1250,1,2,,146,17,2025-11-02 17:28:55.095
17841406083211195,18101321959719715,2025-09-22 10:44:11,CAROUSEL_ALBUM,FEED,14,0,,1255,1,2,,146,17,2025-11-03 17:28:49.520
17841406083211195,18101321959719715,2025-09-22 10:44:11,CAROUSEL_ALBUM,FEED,14,0,,1267,1,2,,146,17,2025-11-04 17:28:20.661
17841406083211195,18101321959719715,2025-09-22 10:44:11,CAROUSEL_ALBUM,FEED,14,0,,1271,1,2,,146,17,2025-11-05 17:28:28.349
17841406083211195,18101321959719715,2025-09-22 10:44:11,CAROUSEL_ALBUM,FEED,14,0,,1273,1,2,,146,17,2025-11-06 17:28:43.521
17841406083211195,18101321959719715,2025-09-22 10:44:11,CAROUSEL_ALBUM,FEED,14,0,,1281,1,2,,146,17,2025-11-07 17:29:01.086
17841406083211195,18101321959719715,2025-09-22 10:44:11,CAROUSEL_ALBUM,FEED,14,0,,1287,1,2,,146,17,2025-11-08 17:29:24.256
17841406083211195,18101321959719715,2025-09-22 10:44:11,CAROUSEL_ALBUM,FEED,14,0,,1291,1,2,,146,17,2025-11-09 17:28:38.948
17841406083211195,18101321959719715,2025-09-22 10:44:11,CAROUSEL_ALBUM,FEED,14,0,,1300,1,2,,147,17,2025-11-10 17:29:07.638
17841406083211195,18101321959719715,2025-09-22 10:44:11,CAROUSEL_ALBUM,FEED,14,0,,1312,1,2,,148,17,2025-11-11 17:28:56.850
17841406083211195,18101321959719715,2025-09-22 10:44:11,CAROUSEL_ALBUM,FEED,14,0,,1319,1,2,,149,17,2025-11-12 17:28:57.510
17841406083211195,18101321959719715,2025-09-22 10:44:11,CAROUSEL_ALBUM,FEED,14,0,,1322,1,2,,149,17,2025-11-13 17:29:19.497
17841406083211195,18101321959719715,2025-09-22 10:44:11,CAROUSEL_ALBUM,FEED,14,0,,1335,1,2,,149,17,2025-11-14 17:29:00.538
17841406083211195,18101321959719715,2025-09-22 10:44:11,CAROUSEL_ALBUM,FEED,14,0,,1356,1,2,,150,17,2025-11-15 17:30:46.799
17841406083211195,18101321959719715,2025-09-22 10:44:11,CAROUSEL_ALBUM,FEED,14,0,,1360,1,2,,150,17,2025-11-16 17:29:40.688
17841406083211195,18101321959719715,2025-09-22 10:44:11,CAROUSEL_ALBUM,FEED,14,0,,1364,1,2,,150,17,2025-11-17 17:29:03.600
17841406083211195,18101321959719715,2025-09-22 10:44:11,CAROUSEL_ALBUM,FEED,14,0,,1367,1,2,,150,17,2025-11-18 17:28:56.194
17841406083211195,18101321959719715,2025-09-22 10:44:11,CAROUSEL_ALBUM,FEED,14,0,,1393,1,2,,152,17,2025-11-19 17:35:38.982
17841406083211195,18101321959719715,2025-09-22 10:44:11,CAROUSEL_ALBUM,FEED,14,0,,1401,1,2,,153,17,2025-11-20 17:36:09.345
17841406083211195,18101321959719715,2025-09-22 10:44:11,CAROUSEL_ALBUM,FEED,14,0,,1408,1,2,,153,17,2025-11-21 17:35:55.851
17841406083211195,18101321959719715,2025-09-22 10:44:11,CAROUSEL_ALBUM,FEED,14,0,,1416,2,2,,154,18,2025-11-22 17:33:59.851
17841406083211195,18101321959719715,2025-09-22 10:44:11,CAROUSEL_ALBUM,FEED,14,0,,1425,2,2,,154,18,2025-11-23 17:33:27.472
17841406083211195,18101321959719715,2025-09-22 10:44:11,CAROUSEL_ALBUM,FEED,14,0,,1428,2,2,,154,18,2025-11-24 17:36:35.479
17841406083211195,18101321959719715,2025-09-22 10:44:11,CAROUSEL_ALBUM,FEED,14,0,,1431,2,2,,155,18,2025-11-25 17:34:52.761
17841406083211195,18101321959719715,2025-09-22 10:44:11,CAROUSEL_ALBUM,FEED,14,0,,1442,2,2,,155,18,2025-11-26 17:37:34.792
17841406083211195,18101321959719715,2025-09-22 10:44:11,CAROUSEL_ALBUM,FEED,14,0,,1447,2,2,,155,18,2025-11-27 17:34:42.498
17841406083211195,18101321959719715,2025-09-22 10:44:11,CAROUSEL_ALBUM,FEED,14,0,,1448,2,2,,155,18,2025-11-28 17:35:39.724
17841406083211195,18101321959719715,2025-09-22 10:44:11,CAROUSEL_ALBUM,FEED,14,0,,1450,2,2,,155,18,2025-11-30 17:33:54.616
17841406083211195,18101321959719715,2025-09-22 10:44:11,CAROUSEL_ALBUM,FEED,14,0,,1454,2,2,,155,18,2025-12-01 17:34:00.990
17841406083211195,18101321959719715,2025-09-22 10:44:11,CAROUSEL_ALBUM,FEED,14,0,,1456,2,2,,155,18,2025-12-02 17:35:28.464
17841406083211195,18101321959719715,2025-09-22 10:44:11,CAROUSEL_ALBUM,FEED,14,0,,1462,2,2,,155,18,2025-12-03 17:36:45.834
17841406083211195,18101321959719715,2025-09-22 10:44:11,CAROUSEL_ALBUM,FEED,14,0,,1473,2,2,,156,18,2025-12-04 17:34:52.047
17841406083211195,18101321959719715,2025-09-22 10:44:11,CAROUSEL_ALBUM,FEED,14,0,,1474,2,2,,156,18,2025-12-05 17:34:50.228
17841406083211195,18101321959719715,2025-09-22 10:44:11,CAROUSEL_ALBUM,FEED,14,0,,1476,2,2,,156,18,2025-12-07 17:33:44.786
17841406083211195,18101321959719715,2025-09-22 10:44:11,CAROUSEL_ALBUM,FEED,14,0,,1477,2,2,,156,18,2025-12-08 17:33:32.905
17841406083211195,18101321959719715,2025-09-22 10:44:11,CAROUSEL_ALBUM,FEED,14,0,,1482,2,2,,156,18,2025-12-09 17:35:43.768
17841406083211195,18101321959719715,2025-09-22 10:44:11,CAROUSEL_ALBUM,FEED,14,0,,1486,2,2,,156,18,2025-12-10 17:36:27.781
17841406083211195,18101321959719715,2025-09-22 10:44:11,CAROUSEL_ALBUM,FEED,14,0,,1487,2,2,,156,18,2025-12-11 17:33:56.840
17841406083211195,18101321959719715,2025-09-22 10:44:11,CAROUSEL_ALBUM,FEED,14,0,,1491,2,2,,156,18,2025-12-12 17:35:50.530
17841406083211195,18101321959719715,2025-09-22 10:44:11,CAROUSEL_ALBUM,FEED,14,0,,1495,2,2,,156,18,2025-12-15 06:34:20.224
17841406083211195,18101321959719715,2025-09-22 10:44:11,CAROUSEL_ALBUM,FEED,14,0,,1499,2,2,,157,18,2025-12-15 17:37:13.495
17841406083211195,18101321959719715,2025-09-22 10:44:11,CAROUSEL_ALBUM,FEED,14,0,,1503,2,2,,158,18,2025-12-17 17:28:51.594
17841406083211195,18101321959719715,2025-09-22 10:44:11,CAROUSEL_ALBUM,FEED,14,0,,1509,2,2,,158,18,2025-12-21 17:29:45.211
17841406083211195,18101321959719715,2025-09-22 10:44:11,CAROUSEL_ALBUM,FEED,14,0,,1510,2,2,,158,18,2025-12-22 17:28:37.817
17841406083211195,18101321959719715,2025-09-22 10:44:11,CAROUSEL_ALBUM,FEED,14,0,,1511,2,2,,158,18,2025-12-23 17:28:36.749
17841406083211195,18101321959719715,2025-09-22 10:44:11,CAROUSEL_ALBUM,FEED,14,0,,1512,2,2,,158,18,2025-12-24 17:29:04.446
17841406083211195,18101321959719715,2025-09-22 10:44:11,CAROUSEL_ALBUM,FEED,14,0,,1513,2,2,,158,18,2025-12-25 17:29:11.616
17841406083211195,18141844507401213,2025-06-11 10:01:18,CAROUSEL_ALBUM,FEED,7,0,,260,0,14,,135,21,2025-07-03 17:29:59.206
17841406083211195,18141844507401213,2025-06-11 10:01:18,CAROUSEL_ALBUM,FEED,7,0,,263,0,14,,135,21,2025-07-04 17:30:58.670
17841406083211195,18141844507401213,2025-06-11 10:01:18,CAROUSEL_ALBUM,FEED,7,0,,269,0,14,,136,21,2025-07-05 17:29:52.044
17841406083211195,18141844507401213,2025-06-11 10:01:18,CAROUSEL_ALBUM,FEED,7,0,,271,0,14,,137,21,2025-07-06 17:30:30.238
17841406083211195,18141844507401213,2025-06-11 10:01:18,CAROUSEL_ALBUM,FEED,7,0,,272,0,14,,137,21,2025-07-08 17:29:53.737
17841406083211195,18141844507401213,2025-06-11 10:01:18,CAROUSEL_ALBUM,FEED,7,0,,273,0,14,,137,21,2025-07-09 17:30:26.358
17841406083211195,18141844507401213,2025-06-11 10:01:18,CAROUSEL_ALBUM,FEED,7,0,,276,0,14,,137,21,2025-07-10 17:29:17.349
17841406083211195,18141844507401213,2025-06-11 10:01:18,CAROUSEL_ALBUM,FEED,7,0,,277,0,14,,137,21,2025-07-11 17:29:41.218
17841406083211195,18141844507401213,2025-06-11 10:01:18,CAROUSEL_ALBUM,FEED,7,0,,278,0,14,,137,21,2025-07-13 17:29:26.773
17841406083211195,18141844507401213,2025-06-11 10:01:18,CAROUSEL_ALBUM,FEED,7,0,,282,0,14,,137,21,2025-07-16 17:30:05.710
17841406083211195,18141844507401213,2025-06-11 10:01:18,CAROUSEL_ALBUM,FEED,7,0,,289,0,14,,138,21,2025-07-17 17:29:49.507
17841406083211195,18141844507401213,2025-06-11 10:01:18,CAROUSEL_ALBUM,FEED,7,0,,291,0,14,,138,21,2025-07-18 17:29:48.366
17841406083211195,18141844507401213,2025-06-11 10:01:18,CAROUSEL_ALBUM,FEED,7,0,,293,0,14,,139,21,2025-07-21 17:30:41.017
17841406083211195,18141844507401213,2025-06-11 10:01:18,CAROUSEL_ALBUM,FEED,7,0,,295,0,14,,139,21,2025-07-22 17:30:36.350
17841406083211195,18141844507401213,2025-06-11 10:01:18,CAROUSEL_ALBUM,FEED,7,0,,296,0,14,,139,21,2025-07-23 17:30:15.887
17841406083211195,18141844507401213,2025-06-11 10:01:18,CAROUSEL_ALBUM,FEED,7,0,,301,0,14,,139,21,2025-07-27 17:30:34.304
17841406083211195,18141844507401213,2025-06-11 10:01:18,CAROUSEL_ALBUM,FEED,7,0,,305,0,14,,139,21,2025-07-28 17:29:11.643
17841406083211195,18141844507401213,2025-06-11 10:01:18,CAROUSEL_ALBUM,FEED,7,0,,307,0,14,,139,21,2025-07-29 17:29:46.529
17841406083211195,18141844507401213,2025-06-11 10:01:18,CAROUSEL_ALBUM,FEED,7,0,,313,0,14,,141,21,2025-07-31 17:28:52.258
17841406083211195,18141844507401213,2025-06-11 10:01:18,CAROUSEL_ALBUM,FEED,7,0,,320,0,14,,141,21,2025-08-01 17:30:02.451
17841406083211195,18141844507401213,2025-06-11 10:01:18,CAROUSEL_ALBUM,FEED,7,0,,321,0,14,,142,21,2025-08-03 17:29:40.175
17841406083211195,18141844507401213,2025-06-11 10:01:18,CAROUSEL_ALBUM,FEED,7,0,,322,0,14,,142,21,2025-08-05 17:30:25.822
17841406083211195,18141844507401213,2025-06-11 10:01:18,CAROUSEL_ALBUM,FEED,7,0,,324,0,14,,142,21,2025-08-06 17:29:21.813
17841406083211195,18141844507401213,2025-06-11 10:01:18,CAROUSEL_ALBUM,FEED,7,0,,334,0,14,,142,21,2025-08-08 17:29:30.435
17841406083211195,18141844507401213,2025-06-11 10:01:18,CAROUSEL_ALBUM,FEED,7,0,,347,0,14,,143,21,2025-08-10 17:29:41.092
17841406083211195,18141844507401213,2025-06-11 10:01:18,CAROUSEL_ALBUM,FEED,7,0,,350,0,14,,143,21,2025-08-11 17:30:32.963
17841406083211195,18141844507401213,2025-06-11 10:01:18,CAROUSEL_ALBUM,FEED,7,0,,356,0,14,,144,21,2025-08-13 17:29:54.292
17841406083211195,18141844507401213,2025-06-11 10:01:18,CAROUSEL_ALBUM,FEED,7,0,,357,0,14,,144,21,2025-08-14 17:30:30.703
17841406083211195,18141844507401213,2025-06-11 10:01:18,CAROUSEL_ALBUM,FEED,7,0,,367,0,14,,144,21,2025-08-15 17:29:20.114
17841406083211195,18141844507401213,2025-06-11 10:01:18,CAROUSEL_ALBUM,FEED,7,0,,369,0,14,,144,21,2025-08-16 17:29:29.897
17841406083211195,18141844507401213,2025-06-11 10:01:18,CAROUSEL_ALBUM,FEED,7,0,,374,0,14,,144,21,2025-08-17 17:28:43.179
17841406083211195,18141844507401213,2025-06-11 10:01:18,CAROUSEL_ALBUM,FEED,7,0,,383,0,14,,144,21,2025-08-18 17:28:55.669
17841406083211195,18141844507401213,2025-06-11 10:01:18,CAROUSEL_ALBUM,FEED,7,0,,386,0,14,,144,21,2025-08-19 17:29:34.430
17841406083211195,18141844507401213,2025-06-11 10:01:18,CAROUSEL_ALBUM,FEED,7,0,,388,0,14,,145,21,2025-08-20 17:29:40.869
17841406083211195,18141844507401213,2025-06-11 10:01:18,CAROUSEL_ALBUM,FEED,7,0,,394,0,14,,145,21,2025-08-21 17:30:19.077
17841406083211195,18141844507401213,2025-06-11 10:01:18,CAROUSEL_ALBUM,FEED,7,0,,404,0,14,,146,21,2025-08-22 17:29:22.415
17841406083211195,18141844507401213,2025-06-11 10:01:18,CAROUSEL_ALBUM,FEED,7,0,,405,0,14,,146,21,2025-08-23 17:29:30.928
17841406083211195,18141844507401213,2025-06-11 10:01:18,CAROUSEL_ALBUM,FEED,7,0,,407,0,14,,146,21,2025-08-24 17:29:05.929
17841406083211195,18141844507401213,2025-06-11 10:01:18,CAROUSEL_ALBUM,FEED,7,0,,440,0,14,,146,21,2025-08-25 17:29:34.730
17841406083211195,18141844507401213,2025-06-11 10:01:18,CAROUSEL_ALBUM,FEED,7,0,,451,0,14,,147,21,2025-08-26 17:29:05.583
17841406083211195,18141844507401213,2025-06-11 10:01:18,CAROUSEL_ALBUM,FEED,7,0,,457,0,14,,147,21,2025-08-27 17:30:15.459
17841406083211195,18141844507401213,2025-06-11 10:01:18,CAROUSEL_ALBUM,FEED,7,0,,464,0,14,,147,21,2025-08-28 17:31:18.226
17841406083211195,18141844507401213,2025-06-11 10:01:18,CAROUSEL_ALBUM,FEED,7,0,,468,0,14,,147,21,2025-08-29 17:28:53.243
17841406083211195,18141844507401213,2025-06-11 10:01:18,CAROUSEL_ALBUM,FEED,7,0,,474,0,14,,147,21,2025-08-30 17:30:25.970
17841406083211195,18141844507401213,2025-06-11 10:01:18,CAROUSEL_ALBUM,FEED,7,0,,485,0,14,,147,21,2025-08-31 17:28:56.740
17841406083211195,18141844507401213,2025-06-11 10:01:18,CAROUSEL_ALBUM,FEED,7,0,,599,0,14,,153,21,2025-10-01 04:10:01.753
17841406083211195,18141844507401213,2025-06-11 10:01:18,CAROUSEL_ALBUM,FEED,7,0,,602,0,14,,153,21,2025-10-02 04:04:36.975
17841406083211195,18141844507401213,2025-06-11 10:01:18,CAROUSEL_ALBUM,FEED,7,0,,605,0,14,,153,21,2025-10-02 17:29:39.997
17841406083211195,18141844507401213,2025-06-11 10:01:18,CAROUSEL_ALBUM,FEED,7,0,,610,0,14,,153,21,2025-10-04 17:29:46.379
17841406083211195,18141844507401213,2025-06-11 10:01:18,CAROUSEL_ALBUM,FEED,7,0,,616,0,14,,153,21,2025-10-05 17:29:33.598
17841406083211195,18141844507401213,2025-06-11 10:01:18,CAROUSEL_ALBUM,FEED,7,0,,617,0,14,,153,21,2025-10-06 17:28:55.810
17841406083211195,18141844507401213,2025-06-11 10:01:18,CAROUSEL_ALBUM,FEED,7,0,,618,0,14,,153,21,2025-10-08 17:29:48.280
17841406083211195,18141844507401213,2025-06-11 10:01:18,CAROUSEL_ALBUM,FEED,7,0,,627,0,14,,153,21,2025-10-09 17:28:59.253
17841406083211195,18141844507401213,2025-06-11 10:01:18,CAROUSEL_ALBUM,FEED,7,0,,628,0,14,,153,21,2025-10-10 17:30:14.052
17841406083211195,18141844507401213,2025-06-11 10:01:18,CAROUSEL_ALBUM,FEED,7,0,,629,0,14,,153,21,2025-10-12 17:28:57.215
17841406083211195,18141844507401213,2025-06-11 10:01:18,CAROUSEL_ALBUM,FEED,7,0,,635,0,14,,153,21,2025-10-13 17:29:00.303
17841406083211195,18141844507401213,2025-06-11 10:01:18,CAROUSEL_ALBUM,FEED,7,0,,637,0,14,,153,21,2025-10-14 17:28:28.918
17841406083211195,18141844507401213,2025-06-11 10:01:18,CAROUSEL_ALBUM,FEED,7,0,,638,0,14,,153,21,2025-10-15 17:30:00.905
17841406083211195,18141844507401213,2025-06-11 10:01:18,CAROUSEL_ALBUM,FEED,7,0,,641,0,14,,154,21,2025-10-16 17:29:06.175
17841406083211195,18141844507401213,2025-06-11 10:01:18,CAROUSEL_ALBUM,FEED,7,0,,644,0,14,,154,21,2025-10-17 17:30:04.041
17841406083211195,18141844507401213,2025-06-11 10:01:18,CAROUSEL_ALBUM,FEED,7,0,,646,0,14,,154,21,2025-10-18 17:28:35.974
17841406083211195,18141844507401213,2025-06-11 10:01:18,CAROUSEL_ALBUM,FEED,7,0,,647,0,14,,154,21,2025-10-20 17:29:27.067
17841406083211195,18141844507401213,2025-06-11 10:01:18,CAROUSEL_ALBUM,FEED,7,0,,648,0,14,,154,21,2025-10-21 17:28:47.402
17841406083211195,18141844507401213,2025-06-11 10:01:18,CAROUSEL_ALBUM,FEED,7,0,,650,0,14,,154,21,2025-10-22 17:29:00.827
17841406083211195,18141844507401213,2025-06-11 10:01:18,CAROUSEL_ALBUM,FEED,7,0,,653,0,14,,154,21,2025-10-23 17:28:36.355
17841406083211195,18141844507401213,2025-06-11 10:01:18,CAROUSEL_ALBUM,FEED,7,0,,657,0,14,,154,21,2025-10-27 17:28:53.350
17841406083211195,18141844507401213,2025-06-11 10:01:18,CAROUSEL_ALBUM,FEED,7,0,,658,0,14,,154,21,2025-10-28 17:29:49.185
17841406083211195,18141844507401213,2025-06-11 10:01:18,CAROUSEL_ALBUM,FEED,7,0,,660,0,14,,154,21,2025-10-29 17:29:38.419
17841406083211195,18141844507401213,2025-06-11 10:01:18,CAROUSEL_ALBUM,FEED,7,0,,663,0,14,,154,21,2025-10-31 17:29:10.253
17841406083211195,18141844507401213,2025-06-11 10:01:18,CAROUSEL_ALBUM,FEED,7,0,,664,0,14,,154,21,2025-11-02 17:29:05.348
17841406083211195,18141844507401213,2025-06-11 10:01:18,CAROUSEL_ALBUM,FEED,7,0,,665,0,14,,154,21,2025-11-03 17:28:57.553
17841406083211195,18141844507401213,2025-06-11 10:01:18,CAROUSEL_ALBUM,FEED,7,0,,667,0,14,,154,21,2025-11-04 17:28:28.080
17841406083211195,18141844507401213,2025-06-11 10:01:18,CAROUSEL_ALBUM,FEED,7,0,,672,0,14,,154,21,2025-11-06 17:28:50.921
17841406083211195,18141844507401213,2025-06-11 10:01:18,CAROUSEL_ALBUM,FEED,7,0,,674,0,14,,154,21,2025-11-07 17:29:10.483
17841406083211195,18141844507401213,2025-06-11 10:01:18,CAROUSEL_ALBUM,FEED,7,0,,681,0,14,,154,21,2025-11-09 17:28:46.281
17841406083211195,18141844507401213,2025-06-11 10:01:18,CAROUSEL_ALBUM,FEED,7,0,,686,0,14,,154,21,2025-11-10 17:29:14.405
17841406083211195,18141844507401213,2025-06-11 10:01:18,CAROUSEL_ALBUM,FEED,7,0,,689,0,14,,154,21,2025-11-11 17:29:05.808
17841406083211195,18141844507401213,2025-06-11 10:01:18,CAROUSEL_ALBUM,FEED,7,0,,692,0,14,,154,21,2025-11-12 17:29:12.212
17841406083211195,18141844507401213,2025-06-11 10:01:18,CAROUSEL_ALBUM,FEED,7,0,,694,0,14,,154,21,2025-11-13 17:29:47.736
17841406083211195,18141844507401213,2025-06-11 10:01:18,CAROUSEL_ALBUM,FEED,7,0,,697,0,14,,154,21,2025-11-14 17:29:17.978
17841406083211195,18141844507401213,2025-06-11 10:01:18,CAROUSEL_ALBUM,FEED,7,0,,701,0,14,,154,21,2025-11-16 17:30:03.483
17841406083211195,18141844507401213,2025-06-11 10:01:18,CAROUSEL_ALBUM,FEED,7,0,,706,0,14,,154,21,2025-11-17 17:29:22.824
17841406083211195,18141844507401213,2025-06-11 10:01:18,CAROUSEL_ALBUM,FEED,7,0,,707,0,14,,154,21,2025-11-18 17:29:13.852
17841406083211195,18141844507401213,2025-06-11 10:01:18,CAROUSEL_ALBUM,FEED,7,0,,709,0,14,,155,21,2025-11-19 17:35:11.180
17841406083211195,18141844507401213,2025-06-11 10:01:18,CAROUSEL_ALBUM,FEED,7,0,,710,0,14,,155,21,2025-11-21 17:35:36.094
17841406083211195,18141844507401213,2025-06-11 10:01:18,CAROUSEL_ALBUM,FEED,7,0,,711,0,14,,155,21,2025-11-24 17:36:14.920
17841406083211195,18141844507401213,2025-06-11 10:01:18,CAROUSEL_ALBUM,FEED,7,0,,713,0,14,,155,21,2025-11-25 17:34:34.023
17841406083211195,18141844507401213,2025-06-11 10:01:18,CAROUSEL_ALBUM,FEED,7,0,,714,0,14,,155,21,2025-11-26 17:37:08.504
17841406083211195,18141844507401213,2025-06-11 10:01:18,CAROUSEL_ALBUM,FEED,7,0,,715,0,14,,155,21,2025-11-28 17:35:14.150
17841406083211195,18141844507401213,2025-06-11 10:01:18,CAROUSEL_ALBUM,FEED,7,0,,716,0,14,,155,21,2025-11-30 17:33:37.935
17841406083211195,18141844507401213,2025-06-11 10:01:18,CAROUSEL_ALBUM,FEED,7,0,,718,0,14,,155,21,2025-12-02 17:35:07.729
17841406083211195,18141844507401213,2025-06-11 10:01:18,CAROUSEL_ALBUM,FEED,7,0,,720,0,14,,155,21,2025-12-03 17:36:28.744
17841406083211195,18141844507401213,2025-06-11 10:01:18,CAROUSEL_ALBUM,FEED,7,0,,723,0,14,,155,21,2025-12-05 17:34:34.768
17841406083211195,18141844507401213,2025-06-11 10:01:18,CAROUSEL_ALBUM,FEED,7,0,,724,0,14,,155,21,2025-12-07 17:33:28.016
17841406083211195,18141844507401213,2025-06-11 10:01:18,CAROUSEL_ALBUM,FEED,7,0,,725,0,14,,155,21,2025-12-08 17:33:12.761
17841406083211195,18141844507401213,2025-06-11 10:01:18,CAROUSEL_ALBUM,FEED,7,0,,727,0,14,,155,21,2025-12-09 17:35:25.120
17841406083211195,18141844507401213,2025-06-11 10:01:18,CAROUSEL_ALBUM,FEED,7,0,,729,0,14,,155,21,2025-12-11 17:33:40.055
17841406083211195,18141844507401213,2025-06-11 10:01:18,CAROUSEL_ALBUM,FEED,7,0,,730,0,14,,155,21,2025-12-12 17:35:25.286
17841406083211195,18141844507401213,2025-06-11 10:01:18,CAROUSEL_ALBUM,FEED,7,0,,733,0,14,,155,21,2025-12-15 06:33:59.569
17841406083211195,18141844507401213,2025-06-11 10:01:18,CAROUSEL_ALBUM,FEED,7,0,,734,0,14,,155,21,2025-12-17 17:29:02.284
17841406083211195,18141844507401213,2025-06-11 10:01:18,CAROUSEL_ALBUM,FEED,7,0,,735,0,14,,155,21,2025-12-20 17:36:30.955
17841406083211195,18141844507401213,2025-06-11 10:01:18,CAROUSEL_ALBUM,FEED,7,0,,736,0,14,,155,21,2025-12-21 17:29:53.711
17841406083211195,18141844507401213,2025-06-11 10:01:18,CAROUSEL_ALBUM,FEED,7,0,,737,0,14,,155,21,2025-12-22 17:28:44.207
17841406083211195,18141844507401213,2025-06-11 10:01:18,CAROUSEL_ALBUM,FEED,7,0,,738,0,14,,155,21,2025-12-24 17:29:12.922
17841406083211195,18141844507401213,2025-06-11 10:01:18,CAROUSEL_ALBUM,FEED,7,0,,739,0,14,,155,21,2025-12-25 17:29:25.135
17841406083211195,18162890200355848,2025-06-02 10:14:53,CAROUSEL_ALBUM,FEED,6,0,,93,0,13,,55,19,2025-06-02 17:30:25.830
17841406083211195,18162890200355848,2025-06-02 10:14:53,CAROUSEL_ALBUM,FEED,6,0,,128,0,13,,78,19,2025-06-03 17:29:30.225
17841406083211195,18162890200355848,2025-06-02 10:14:53,CAROUSEL_ALBUM,FEED,6,0,,149,0,13,,89,19,2025-06-04 17:30:00.716
17841406083211195,18162890200355848,2025-06-02 10:14:53,CAROUSEL_ALBUM,FEED,6,0,,157,0,13,,92,19,2025-06-05 17:30:15.491
17841406083211195,18162890200355848,2025-06-02 10:14:53,CAROUSEL_ALBUM,FEED,7,0,,213,0,13,,116,20,2025-07-03 03:00:02.142
17841406083211195,18162890200355848,2025-06-02 10:14:53,CAROUSEL_ALBUM,FEED,7,0,,214,0,13,,116,20,2025-07-03 17:29:59.205
17841406083211195,18162890200355848,2025-06-02 10:14:53,CAROUSEL_ALBUM,FEED,7,0,,219,0,13,,117,20,2025-07-04 17:30:58.669
17841406083211195,18162890200355848,2025-06-02 10:14:53,CAROUSEL_ALBUM,FEED,7,0,,220,0,13,,117,20,2025-07-05 17:29:52.043
17841406083211195,18162890200355848,2025-06-02 10:14:53,CAROUSEL_ALBUM,FEED,7,0,,222,0,13,,118,20,2025-07-08 17:29:53.735
17841406083211195,18162890200355848,2025-06-02 10:14:53,CAROUSEL_ALBUM,FEED,7,0,,223,0,13,,118,20,2025-07-09 17:30:26.357
17841406083211195,18162890200355848,2025-06-02 10:14:53,CAROUSEL_ALBUM,FEED,7,0,,225,0,13,,118,20,2025-07-15 17:29:51.511
17841406083211195,18162890200355848,2025-06-02 10:14:53,CAROUSEL_ALBUM,FEED,7,0,,226,0,13,,118,20,2025-07-16 17:30:05.709
17841406083211195,18162890200355848,2025-06-02 10:14:53,CAROUSEL_ALBUM,FEED,7,0,,231,0,13,,118,20,2025-07-17 17:29:49.506
17841406083211195,18162890200355848,2025-06-02 10:14:53,CAROUSEL_ALBUM,FEED,7,0,,232,0,13,,118,20,2025-07-18 17:29:48.366
17841406083211195,18162890200355848,2025-06-02 10:14:53,CAROUSEL_ALBUM,FEED,7,0,,233,0,13,,119,20,2025-07-21 17:30:41.016
17841406083211195,18162890200355848,2025-06-02 10:14:53,CAROUSEL_ALBUM,FEED,7,0,,236,0,13,,119,20,2025-07-22 17:30:36.349
17841406083211195,18162890200355848,2025-06-02 10:14:53,CAROUSEL_ALBUM,FEED,7,0,,237,0,13,,119,20,2025-07-23 17:30:15.886
17841406083211195,18162890200355848,2025-06-02 10:14:53,CAROUSEL_ALBUM,FEED,7,0,,242,0,13,,119,20,2025-07-27 17:30:34.303
17841406083211195,18162890200355848,2025-06-02 10:14:53,CAROUSEL_ALBUM,FEED,7,0,,243,0,13,,119,20,2025-07-28 17:29:11.642
17841406083211195,18162890200355848,2025-06-02 10:14:53,CAROUSEL_ALBUM,FEED,7,0,,244,0,13,,119,20,2025-07-29 17:29:46.528
17841406083211195,18162890200355848,2025-06-02 10:14:53,CAROUSEL_ALBUM,FEED,7,0,,247,0,13,,121,20,2025-07-31 17:28:52.257
17841406083211195,18162890200355848,2025-06-02 10:14:53,CAROUSEL_ALBUM,FEED,7,0,,256,0,13,,121,20,2025-08-01 17:30:02.450
17841406083211195,18162890200355848,2025-06-02 10:14:53,CAROUSEL_ALBUM,FEED,7,0,,257,0,13,,122,20,2025-08-06 17:29:21.812
17841406083211195,18162890200355848,2025-06-02 10:14:53,CAROUSEL_ALBUM,FEED,7,0,,262,0,13,,122,20,2025-08-08 17:29:30.434
17841406083211195,18162890200355848,2025-06-02 10:14:53,CAROUSEL_ALBUM,FEED,7,0,,265,0,13,,122,20,2025-08-10 17:29:41.092
17841406083211195,18162890200355848,2025-06-02 10:14:53,CAROUSEL_ALBUM,FEED,7,0,,268,0,13,,122,20,2025-08-11 17:30:32.962
17841406083211195,18162890200355848,2025-06-02 10:14:53,CAROUSEL_ALBUM,FEED,7,0,,275,0,13,,122,20,2025-08-12 17:31:22.347
17841406083211195,18162890200355848,2025-06-02 10:14:53,CAROUSEL_ALBUM,FEED,7,0,,277,0,13,,122,20,2025-08-13 17:29:54.292
17841406083211195,18162890200355848,2025-06-02 10:14:53,CAROUSEL_ALBUM,FEED,7,0,,278,0,13,,122,20,2025-08-14 17:30:30.703
17841406083211195,18162890200355848,2025-06-02 10:14:53,CAROUSEL_ALBUM,FEED,7,0,,283,0,13,,122,20,2025-08-15 17:29:20.113
17841406083211195,18162890200355848,2025-06-02 10:14:53,CAROUSEL_ALBUM,FEED,7,0,,284,0,13,,122,20,2025-08-16 17:29:29.896
17841406083211195,18162890200355848,2025-06-02 10:14:53,CAROUSEL_ALBUM,FEED,7,0,,288,0,13,,122,20,2025-08-17 17:28:43.178
17841406083211195,18162890200355848,2025-06-02 10:14:53,CAROUSEL_ALBUM,FEED,7,0,,293,0,13,,122,20,2025-08-18 17:28:55.669
17841406083211195,18162890200355848,2025-06-02 10:14:53,CAROUSEL_ALBUM,FEED,7,0,,296,0,13,,122,20,2025-08-19 17:29:34.429
17841406083211195,18162890200355848,2025-06-02 10:14:53,CAROUSEL_ALBUM,FEED,7,0,,297,0,13,,122,20,2025-08-20 17:29:49.049
17841406083211195,18162890200355848,2025-06-02 10:14:53,CAROUSEL_ALBUM,FEED,7,0,,308,0,13,,123,20,2025-08-21 17:30:28.987
17841406083211195,18162890200355848,2025-06-02 10:14:53,CAROUSEL_ALBUM,FEED,7,0,,312,0,13,,123,20,2025-08-22 17:29:32.368
17841406083211195,18162890200355848,2025-06-02 10:14:53,CAROUSEL_ALBUM,FEED,7,0,,316,0,13,,123,20,2025-08-23 17:29:39.826
17841406083211195,18162890200355848,2025-06-02 10:14:53,CAROUSEL_ALBUM,FEED,7,0,,318,0,13,,123,20,2025-08-24 17:29:14.559
17841406083211195,18162890200355848,2025-06-02 10:14:53,CAROUSEL_ALBUM,FEED,7,0,,349,0,13,,124,20,2025-08-25 17:29:45.208
17841406083211195,18162890200355848,2025-06-02 10:14:53,CAROUSEL_ALBUM,FEED,7,0,,359,0,13,,125,20,2025-08-26 17:29:15.104
17841406083211195,18162890200355848,2025-06-02 10:14:53,CAROUSEL_ALBUM,FEED,7,0,,364,0,13,,125,20,2025-08-27 17:30:23.667
17841406083211195,18162890200355848,2025-06-02 10:14:53,CAROUSEL_ALBUM,FEED,7,0,,370,0,13,,125,20,2025-08-28 17:31:28.493
17841406083211195,18162890200355848,2025-06-02 10:14:53,CAROUSEL_ALBUM,FEED,7,0,,371,0,13,,125,20,2025-08-29 17:28:53.242
17841406083211195,18162890200355848,2025-06-02 10:14:53,CAROUSEL_ALBUM,FEED,7,0,,378,0,13,,125,20,2025-08-30 17:30:25.969
17841406083211195,18162890200355848,2025-06-02 10:14:53,CAROUSEL_ALBUM,FEED,7,0,,388,0,13,,125,20,2025-08-31 17:28:56.739
17841406083211195,18162890200355848,2025-06-02 10:14:53,CAROUSEL_ALBUM,FEED,7,0,,483,0,13,,129,20,2025-10-01 04:10:01.752
17841406083211195,18162890200355848,2025-06-02 10:14:53,CAROUSEL_ALBUM,FEED,7,0,,485,0,13,,129,20,2025-10-02 04:04:36.974
17841406083211195,18162890200355848,2025-06-02 10:14:53,CAROUSEL_ALBUM,FEED,7,0,,488,0,13,,129,20,2025-10-02 17:29:39.997
17841406083211195,18162890200355848,2025-06-02 10:14:53,CAROUSEL_ALBUM,FEED,7,0,,492,0,13,,129,20,2025-10-04 17:29:46.378
17841406083211195,18162890200355848,2025-06-02 10:14:53,CAROUSEL_ALBUM,FEED,7,0,,497,0,13,,129,20,2025-10-06 17:28:55.809
17841406083211195,18162890200355848,2025-06-02 10:14:53,CAROUSEL_ALBUM,FEED,7,0,,500,0,13,,129,20,2025-10-08 17:29:48.280
17841406083211195,18162890200355848,2025-06-02 10:14:53,CAROUSEL_ALBUM,FEED,7,0,,509,0,13,,129,20,2025-10-09 17:28:59.252
17841406083211195,18162890200355848,2025-06-02 10:14:53,CAROUSEL_ALBUM,FEED,7,0,,511,0,13,,129,20,2025-10-10 17:30:14.051
17841406083211195,18162890200355848,2025-06-02 10:14:53,CAROUSEL_ALBUM,FEED,7,0,,512,0,13,,129,20,2025-10-11 17:28:37.950
17841406083211195,18162890200355848,2025-06-02 10:14:53,CAROUSEL_ALBUM,FEED,7,0,,513,0,13,,129,20,2025-10-12 17:28:57.213
17841406083211195,18162890200355848,2025-06-02 10:14:53,CAROUSEL_ALBUM,FEED,7,0,,516,0,13,,129,20,2025-10-13 17:29:00.302
17841406083211195,18162890200355848,2025-06-02 10:14:53,CAROUSEL_ALBUM,FEED,7,0,,517,0,13,,129,20,2025-10-14 17:28:28.917
17841406083211195,18162890200355848,2025-06-02 10:14:53,CAROUSEL_ALBUM,FEED,7,0,,518,0,13,,129,20,2025-10-15 17:30:00.904
17841406083211195,18162890200355848,2025-06-02 10:14:53,CAROUSEL_ALBUM,FEED,7,0,,520,0,13,,130,20,2025-10-16 17:29:06.175
17841406083211195,18162890200355848,2025-06-02 10:14:53,CAROUSEL_ALBUM,FEED,7,0,,523,0,13,,130,20,2025-10-17 17:30:04.040
17841406083211195,18162890200355848,2025-06-02 10:14:53,CAROUSEL_ALBUM,FEED,7,0,,525,0,13,,130,20,2025-10-18 17:28:35.973
17841406083211195,18162890200355848,2025-06-02 10:14:53,CAROUSEL_ALBUM,FEED,7,0,,526,0,13,,130,20,2025-10-20 17:29:27.067
17841406083211195,18162890200355848,2025-06-02 10:14:53,CAROUSEL_ALBUM,FEED,7,0,,527,0,13,,130,20,2025-10-21 17:28:47.401
17841406083211195,18162890200355848,2025-06-02 10:14:53,CAROUSEL_ALBUM,FEED,7,0,,528,0,13,,130,20,2025-10-22 17:29:00.826
17841406083211195,18162890200355848,2025-06-02 10:14:53,CAROUSEL_ALBUM,FEED,7,0,,531,0,13,,130,20,2025-10-23 17:28:36.355
17841406083211195,18162890200355848,2025-06-02 10:14:53,CAROUSEL_ALBUM,FEED,7,0,,537,0,13,,130,20,2025-10-27 17:28:53.349
17841406083211195,18162890200355848,2025-06-02 10:14:53,CAROUSEL_ALBUM,FEED,7,0,,539,0,13,,130,20,2025-10-28 17:29:49.185
17841406083211195,18162890200355848,2025-06-02 10:14:53,CAROUSEL_ALBUM,FEED,7,0,,541,0,13,,130,20,2025-10-29 17:29:38.418
17841406083211195,18162890200355848,2025-06-02 10:14:53,CAROUSEL_ALBUM,FEED,7,0,,544,0,13,,130,20,2025-10-31 17:29:10.252
17841406083211195,18162890200355848,2025-06-02 10:14:53,CAROUSEL_ALBUM,FEED,7,0,,545,0,13,,130,20,2025-11-02 17:29:05.347
17841406083211195,18162890200355848,2025-06-02 10:14:53,CAROUSEL_ALBUM,FEED,7,0,,546,0,13,,130,20,2025-11-03 17:28:57.553
17841406083211195,18162890200355848,2025-06-02 10:14:53,CAROUSEL_ALBUM,FEED,7,0,,549,0,13,,130,20,2025-11-04 17:28:28.079
17841406083211195,18162890200355848,2025-06-02 10:14:53,CAROUSEL_ALBUM,FEED,7,0,,554,0,13,,130,20,2025-11-06 17:28:50.920
17841406083211195,18162890200355848,2025-06-02 10:14:53,CAROUSEL_ALBUM,FEED,7,0,,556,0,13,,130,20,2025-11-07 17:29:19.582
17841406083211195,18162890200355848,2025-06-02 10:14:53,CAROUSEL_ALBUM,FEED,7,0,,561,0,13,,130,20,2025-11-09 17:28:56.341
17841406083211195,18162890200355848,2025-06-02 10:14:53,CAROUSEL_ALBUM,FEED,7,0,,564,0,13,,130,20,2025-11-10 17:29:23.641
17841406083211195,18162890200355848,2025-06-02 10:14:53,CAROUSEL_ALBUM,FEED,7,0,,566,0,13,,130,20,2025-11-11 17:29:14.653
17841406083211195,18162890200355848,2025-06-02 10:14:53,CAROUSEL_ALBUM,FEED,7,0,,569,0,13,,130,20,2025-11-12 17:29:12.211
17841406083211195,18162890200355848,2025-06-02 10:14:53,CAROUSEL_ALBUM,FEED,7,0,,571,0,13,,130,20,2025-11-13 17:29:47.735
17841406083211195,18162890200355848,2025-06-02 10:14:53,CAROUSEL_ALBUM,FEED,7,0,,575,0,13,,130,20,2025-11-14 17:29:17.978
17841406083211195,18162890200355848,2025-06-02 10:14:53,CAROUSEL_ALBUM,FEED,7,0,,578,0,13,,130,20,2025-11-15 17:31:07.840
17841406083211195,18162890200355848,2025-06-02 10:14:53,CAROUSEL_ALBUM,FEED,7,0,,580,0,13,,131,20,2025-11-16 17:30:03.482
17841406083211195,18162890200355848,2025-06-02 10:14:53,CAROUSEL_ALBUM,FEED,7,0,,584,0,13,,131,20,2025-11-17 17:29:22.823
17841406083211195,18162890200355848,2025-06-02 10:14:53,CAROUSEL_ALBUM,FEED,7,0,,586,0,13,,131,20,2025-11-18 17:29:13.852
17841406083211195,18162890200355848,2025-06-02 10:14:53,CAROUSEL_ALBUM,FEED,7,0,,588,0,13,,132,20,2025-11-19 17:35:11.180
17841406083211195,18162890200355848,2025-06-02 10:14:53,CAROUSEL_ALBUM,FEED,7,0,,589,0,13,,132,20,2025-11-21 17:35:36.093
17841406083211195,18162890200355848,2025-06-02 10:14:53,CAROUSEL_ALBUM,FEED,7,0,,591,0,13,,132,20,2025-11-24 17:36:14.920
17841406083211195,18162890200355848,2025-06-02 10:14:53,CAROUSEL_ALBUM,FEED,7,0,,593,0,13,,132,20,2025-11-25 17:34:34.023
17841406083211195,18162890200355848,2025-06-02 10:14:53,CAROUSEL_ALBUM,FEED,7,0,,594,0,13,,132,20,2025-11-26 17:37:08.503
17841406083211195,18162890200355848,2025-06-02 10:14:53,CAROUSEL_ALBUM,FEED,7,0,,595,0,13,,132,20,2025-11-30 17:33:37.935
17841406083211195,18162890200355848,2025-06-02 10:14:53,CAROUSEL_ALBUM,FEED,7,0,,597,0,13,,132,20,2025-12-01 17:33:45.593
17841406083211195,18162890200355848,2025-06-02 10:14:53,CAROUSEL_ALBUM,FEED,7,0,,598,0,13,,132,20,2025-12-02 17:35:07.728
17841406083211195,18162890200355848,2025-06-02 10:14:53,CAROUSEL_ALBUM,FEED,7,0,,600,0,13,,132,20,2025-12-03 17:36:28.743
17841406083211195,18162890200355848,2025-06-02 10:14:53,CAROUSEL_ALBUM,FEED,7,0,,604,0,13,,132,20,2025-12-04 17:34:30.951
17841406083211195,18162890200355848,2025-06-02 10:14:53,CAROUSEL_ALBUM,FEED,7,0,,607,0,13,,133,20,2025-12-05 17:34:34.767
17841406083211195,18162890200355848,2025-06-02 10:14:53,CAROUSEL_ALBUM,FEED,7,0,,608,0,13,,133,20,2025-12-07 17:33:28.015
17841406083211195,18162890200355848,2025-06-02 10:14:53,CAROUSEL_ALBUM,FEED,7,0,,609,0,13,,133,20,2025-12-09 17:35:25.119
17841406083211195,18162890200355848,2025-06-02 10:14:53,CAROUSEL_ALBUM,FEED,7,0,,610,0,13,,133,20,2025-12-11 17:33:40.055
17841406083211195,18162890200355848,2025-06-02 10:14:53,CAROUSEL_ALBUM,FEED,7,0,,611,0,13,,133,20,2025-12-12 17:35:25.286
17841406083211195,18162890200355848,2025-06-02 10:14:53,CAROUSEL_ALBUM,FEED,7,0,,613,0,13,,133,20,2025-12-17 17:29:02.284
17841406083211195,18162890200355848,2025-06-02 10:14:53,CAROUSEL_ALBUM,FEED,7,0,,614,0,13,,133,20,2025-12-20 17:36:30.954
17841406083211195,18162890200355848,2025-06-02 10:14:53,CAROUSEL_ALBUM,FEED,7,0,,616,0,13,,134,20,2025-12-21 17:29:53.710
17841406083211195,18162890200355848,2025-06-02 10:14:53,CAROUSEL_ALBUM,FEED,7,0,,617,0,13,,134,20,2025-12-22 17:28:44.207
17841406083211195,18162890200355848,2025-06-02 10:14:53,CAROUSEL_ALBUM,FEED,7,0,,620,0,13,,134,20,2025-12-24 17:29:12.921
17841406083211195,18162890200355848,2025-06-02 10:14:53,CAROUSEL_ALBUM,FEED,7,0,,621,0,13,,134,20,2025-12-25 17:29:25.134
17841406083211195,18165448102349732,2025-05-28 10:12:28,CAROUSEL_ALBUM,FEED,7,0,,70,0,14,,44,21,2025-05-28 17:30:22.715
17841406083211195,18165448102349732,2025-05-28 10:12:28,CAROUSEL_ALBUM,FEED,8,0,,122,0,14,,78,22,2025-05-29 17:29:19.994
17841406083211195,18165448102349732,2025-05-28 10:12:28,CAROUSEL_ALBUM,FEED,9,0,,138,0,14,,84,23,2025-05-30 17:29:56.108
17841406083211195,18165448102349732,2025-05-28 10:12:28,CAROUSEL_ALBUM,FEED,9,0,,149,0,14,,86,23,2025-05-31 17:30:02.402
17841406083211195,18165448102349732,2025-05-28 10:12:28,CAROUSEL_ALBUM,FEED,9,0,,152,0,14,,86,23,2025-06-01 17:29:49.088
17841406083211195,18165448102349732,2025-05-28 10:12:28,CAROUSEL_ALBUM,FEED,9,0,,159,0,14,,89,23,2025-06-02 17:30:36.026
17841406083211195,18165448102349732,2025-05-28 10:12:28,CAROUSEL_ALBUM,FEED,9,0,,160,0,14,,90,23,2025-06-03 17:29:40.479
17841406083211195,18165448102349732,2025-05-28 10:12:28,CAROUSEL_ALBUM,FEED,9,0,,165,0,14,,92,23,2025-06-04 17:30:00.718
17841406083211195,18165448102349732,2025-05-28 10:12:28,CAROUSEL_ALBUM,FEED,9,0,,167,0,14,,94,23,2025-06-05 17:30:15.495
17841406083211195,18165448102349732,2025-05-28 10:12:28,CAROUSEL_ALBUM,FEED,9,0,,198,0,14,,109,23,2025-07-03 17:29:59.211
17841406083211195,18165448102349732,2025-05-28 10:12:28,CAROUSEL_ALBUM,FEED,9,0,,201,0,14,,109,23,2025-07-04 17:30:58.675
17841406083211195,18165448102349732,2025-05-28 10:12:28,CAROUSEL_ALBUM,FEED,9,0,,202,0,14,,109,23,2025-07-05 17:29:52.049
17841406083211195,18165448102349732,2025-05-28 10:12:28,CAROUSEL_ALBUM,FEED,9,0,,203,0,14,,110,23,2025-07-08 17:29:53.759
17841406083211195,18165448102349732,2025-05-28 10:12:28,CAROUSEL_ALBUM,FEED,9,0,,204,0,14,,110,23,2025-07-09 17:30:26.371
17841406083211195,18165448102349732,2025-05-28 10:12:28,CAROUSEL_ALBUM,FEED,9,0,,205,0,14,,110,23,2025-07-16 17:30:05.715
17841406083211195,18165448102349732,2025-05-28 10:12:28,CAROUSEL_ALBUM,FEED,9,0,,210,0,14,,112,23,2025-07-17 17:29:49.520
17841406083211195,18165448102349732,2025-05-28 10:12:28,CAROUSEL_ALBUM,FEED,9,0,,211,0,14,,112,23,2025-07-18 17:29:48.371
17841406083211195,18165448102349732,2025-05-28 10:12:28,CAROUSEL_ALBUM,FEED,9,0,,212,0,14,,113,23,2025-07-21 17:30:41.023
17841406083211195,18165448102349732,2025-05-28 10:12:28,CAROUSEL_ALBUM,FEED,9,0,,214,0,14,,113,23,2025-07-23 17:30:15.895
17841406083211195,18165448102349732,2025-05-28 10:12:28,CAROUSEL_ALBUM,FEED,9,0,,220,0,14,,113,23,2025-07-27 17:30:34.307
17841406083211195,18165448102349732,2025-05-28 10:12:28,CAROUSEL_ALBUM,FEED,9,0,,222,0,14,,113,23,2025-07-28 17:29:11.650
17841406083211195,18165448102349732,2025-05-28 10:12:28,CAROUSEL_ALBUM,FEED,9,0,,223,0,14,,113,23,2025-07-29 17:29:46.532
17841406083211195,18165448102349732,2025-05-28 10:12:28,CAROUSEL_ALBUM,FEED,9,0,,227,0,14,,115,23,2025-07-31 17:28:52.264
17841406083211195,18165448102349732,2025-05-28 10:12:28,CAROUSEL_ALBUM,FEED,9,0,,236,0,14,,115,23,2025-08-03 17:29:40.180
17841406083211195,18165448102349732,2025-05-28 10:12:28,CAROUSEL_ALBUM,FEED,9,0,,237,0,14,,115,23,2025-08-06 17:29:21.818
17841406083211195,18165448102349732,2025-05-28 10:12:28,CAROUSEL_ALBUM,FEED,9,0,,241,0,14,,115,23,2025-08-08 17:29:30.442
17841406083211195,18165448102349732,2025-05-28 10:12:28,CAROUSEL_ALBUM,FEED,9,0,,246,0,14,,115,23,2025-08-10 17:29:41.096
17841406083211195,18165448102349732,2025-05-28 10:12:28,CAROUSEL_ALBUM,FEED,9,0,,249,0,14,,115,23,2025-08-11 17:30:32.968
17841406083211195,18165448102349732,2025-05-28 10:12:28,CAROUSEL_ALBUM,FEED,9,0,,254,0,14,,115,23,2025-08-12 17:31:22.351
17841406083211195,18165448102349732,2025-05-28 10:12:28,CAROUSEL_ALBUM,FEED,9,0,,258,0,14,,115,23,2025-08-13 17:29:54.296
17841406083211195,18165448102349732,2025-05-28 10:12:28,CAROUSEL_ALBUM,FEED,9,0,,259,0,14,,115,23,2025-08-14 17:30:40.920
17841406083211195,18165448102349732,2025-05-28 10:12:28,CAROUSEL_ALBUM,FEED,9,0,,265,0,14,,115,23,2025-08-15 17:29:31.459
17841406083211195,18165448102349732,2025-05-28 10:12:28,CAROUSEL_ALBUM,FEED,9,0,,266,0,14,,115,23,2025-08-16 17:29:42.442
17841406083211195,18165448102349732,2025-05-28 10:12:28,CAROUSEL_ALBUM,FEED,9,0,,272,0,14,,115,23,2025-08-17 17:28:52.680
17841406083211195,18165448102349732,2025-05-28 10:12:28,CAROUSEL_ALBUM,FEED,9,0,,276,0,14,,115,23,2025-08-18 17:29:03.016
17841406083211195,18165448102349732,2025-05-28 10:12:28,CAROUSEL_ALBUM,FEED,9,0,,279,0,14,,115,23,2025-08-19 17:29:48.973
17841406083211195,18165448102349732,2025-05-28 10:12:28,CAROUSEL_ALBUM,FEED,9,0,,280,0,14,,115,23,2025-08-20 17:29:49.054
17841406083211195,18165448102349732,2025-05-28 10:12:28,CAROUSEL_ALBUM,FEED,9,0,,289,0,14,,116,23,2025-08-21 17:30:28.991
17841406083211195,18165448102349732,2025-05-28 10:12:28,CAROUSEL_ALBUM,FEED,9,0,,290,0,14,,116,23,2025-08-22 17:29:32.372
17841406083211195,18165448102349732,2025-05-28 10:12:28,CAROUSEL_ALBUM,FEED,9,0,,294,0,14,,116,23,2025-08-23 17:29:39.829
17841406083211195,18165448102349732,2025-05-28 10:12:28,CAROUSEL_ALBUM,FEED,9,0,,296,0,14,,116,23,2025-08-24 17:29:14.564
17841406083211195,18165448102349732,2025-05-28 10:12:28,CAROUSEL_ALBUM,FEED,9,0,,325,0,14,,116,23,2025-08-25 17:29:45.210
17841406083211195,18165448102349732,2025-05-28 10:12:28,CAROUSEL_ALBUM,FEED,9,0,,332,0,14,,116,23,2025-08-26 17:29:15.108
17841406083211195,18165448102349732,2025-05-28 10:12:28,CAROUSEL_ALBUM,FEED,9,0,,335,0,14,,116,23,2025-08-27 17:30:23.671
17841406083211195,18165448102349732,2025-05-28 10:12:28,CAROUSEL_ALBUM,FEED,9,0,,340,0,14,,116,23,2025-08-28 17:31:28.497
17841406083211195,18165448102349732,2025-05-28 10:12:28,CAROUSEL_ALBUM,FEED,9,0,,341,0,14,,116,23,2025-08-29 17:28:53.245
17841406083211195,18165448102349732,2025-05-28 10:12:28,CAROUSEL_ALBUM,FEED,9,0,,346,0,14,,116,23,2025-08-30 17:30:25.971
17841406083211195,18165448102349732,2025-05-28 10:12:28,CAROUSEL_ALBUM,FEED,9,0,,355,0,14,,116,23,2025-08-31 17:28:56.744
17841406083211195,18165448102349732,2025-05-28 10:12:28,CAROUSEL_ALBUM,FEED,9,0,,445,0,14,,121,23,2025-10-01 04:10:01.761
17841406083211195,18165448102349732,2025-05-28 10:12:28,CAROUSEL_ALBUM,FEED,9,0,,449,0,14,,121,23,2025-10-02 04:04:36.978
17841406083211195,18165448102349732,2025-05-28 10:12:28,CAROUSEL_ALBUM,FEED,9,0,,451,0,14,,121,23,2025-10-02 17:29:40.002
17841406083211195,18165448102349732,2025-05-28 10:12:28,CAROUSEL_ALBUM,FEED,9,0,,454,0,14,,121,23,2025-10-04 17:29:46.384
17841406083211195,18165448102349732,2025-05-28 10:12:28,CAROUSEL_ALBUM,FEED,9,0,,459,0,14,,121,23,2025-10-06 17:28:55.817
17841406083211195,18165448102349732,2025-05-28 10:12:28,CAROUSEL_ALBUM,FEED,9,0,,463,0,14,,121,23,2025-10-08 17:29:48.283
17841406083211195,18165448102349732,2025-05-28 10:12:28,CAROUSEL_ALBUM,FEED,9,0,,472,0,14,,121,23,2025-10-09 17:28:59.257
17841406083211195,18165448102349732,2025-05-28 10:12:28,CAROUSEL_ALBUM,FEED,9,0,,473,0,14,,121,23,2025-10-12 17:28:57.221
17841406083211195,18165448102349732,2025-05-28 10:12:28,CAROUSEL_ALBUM,FEED,9,0,,476,0,14,,121,23,2025-10-13 17:29:00.308
17841406083211195,18165448102349732,2025-05-28 10:12:28,CAROUSEL_ALBUM,FEED,9,0,,477,0,14,,121,23,2025-10-14 17:28:28.924
17841406083211195,18165448102349732,2025-05-28 10:12:28,CAROUSEL_ALBUM,FEED,9,0,,478,0,14,,121,23,2025-10-15 17:30:00.907
17841406083211195,18165448102349732,2025-05-28 10:12:28,CAROUSEL_ALBUM,FEED,9,0,,480,0,14,,122,23,2025-10-16 17:29:06.180
17841406083211195,18165448102349732,2025-05-28 10:12:28,CAROUSEL_ALBUM,FEED,9,0,,483,0,14,,122,23,2025-10-17 17:30:04.046
17841406083211195,18165448102349732,2025-05-28 10:12:28,CAROUSEL_ALBUM,FEED,9,0,,486,0,14,,122,23,2025-10-18 17:28:35.982
17841406083211195,18165448102349732,2025-05-28 10:12:28,CAROUSEL_ALBUM,FEED,9,0,,487,0,14,,122,23,2025-10-20 17:29:27.071
17841406083211195,18165448102349732,2025-05-28 10:12:28,CAROUSEL_ALBUM,FEED,9,0,,488,0,14,,122,23,2025-10-21 17:28:47.406
17841406083211195,18165448102349732,2025-05-28 10:12:28,CAROUSEL_ALBUM,FEED,9,0,,489,0,14,,122,23,2025-10-22 17:29:00.832
17841406083211195,18165448102349732,2025-05-28 10:12:28,CAROUSEL_ALBUM,FEED,9,0,,491,0,14,,122,23,2025-10-23 17:28:36.360
17841406083211195,18165448102349732,2025-05-28 10:12:28,CAROUSEL_ALBUM,FEED,9,0,,497,0,14,,123,23,2025-10-27 17:28:53.355
17841406083211195,18165448102349732,2025-05-28 10:12:28,CAROUSEL_ALBUM,FEED,9,0,,499,0,14,,123,23,2025-10-28 17:29:49.191
17841406083211195,18165448102349732,2025-05-28 10:12:28,CAROUSEL_ALBUM,FEED,9,0,,500,0,14,,123,23,2025-10-29 17:29:38.422
17841406083211195,18165448102349732,2025-05-28 10:12:28,CAROUSEL_ALBUM,FEED,9,0,,501,0,14,,123,23,2025-10-31 17:29:10.255
17841406083211195,18165448102349732,2025-05-28 10:12:28,CAROUSEL_ALBUM,FEED,9,0,,502,0,14,,123,23,2025-11-02 17:29:05.356
17841406083211195,18165448102349732,2025-05-28 10:12:28,CAROUSEL_ALBUM,FEED,9,0,,503,0,14,,123,23,2025-11-03 17:29:06.671
17841406083211195,18165448102349732,2025-05-28 10:12:28,CAROUSEL_ALBUM,FEED,9,0,,506,0,14,,123,23,2025-11-04 17:28:36.320
17841406083211195,18165448102349732,2025-05-28 10:12:28,CAROUSEL_ALBUM,FEED,9,0,,511,0,14,,123,23,2025-11-06 17:29:01.640
17841406083211195,18165448102349732,2025-05-28 10:12:28,CAROUSEL_ALBUM,FEED,9,0,,513,0,14,,123,23,2025-11-07 17:29:19.584
17841406083211195,18165448102349732,2025-05-28 10:12:28,CAROUSEL_ALBUM,FEED,9,0,,519,0,14,,123,23,2025-11-09 17:28:56.344
17841406083211195,18165448102349732,2025-05-28 10:12:28,CAROUSEL_ALBUM,FEED,9,0,,522,0,14,,123,23,2025-11-10 17:29:23.645
17841406083211195,18165448102349732,2025-05-28 10:12:28,CAROUSEL_ALBUM,FEED,9,0,,524,0,14,,123,23,2025-11-11 17:29:14.655
17841406083211195,18165448102349732,2025-05-28 10:12:28,CAROUSEL_ALBUM,FEED,9,0,,527,0,14,,123,23,2025-11-12 17:29:12.215
17841406083211195,18165448102349732,2025-05-28 10:12:28,CAROUSEL_ALBUM,FEED,9,0,,529,0,14,,123,23,2025-11-13 17:29:47.740
17841406083211195,18165448102349732,2025-05-28 10:12:28,CAROUSEL_ALBUM,FEED,9,0,,534,0,14,,123,23,2025-11-14 17:29:17.980
17841406083211195,18165448102349732,2025-05-28 10:12:28,CAROUSEL_ALBUM,FEED,9,0,,537,0,14,,123,23,2025-11-15 17:31:07.844
17841406083211195,18165448102349732,2025-05-28 10:12:28,CAROUSEL_ALBUM,FEED,9,0,,539,0,14,,124,23,2025-11-16 17:30:03.486
17841406083211195,18165448102349732,2025-05-28 10:12:28,CAROUSEL_ALBUM,FEED,9,0,,543,0,14,,124,23,2025-11-17 17:29:22.828
17841406083211195,18165448102349732,2025-05-28 10:12:28,CAROUSEL_ALBUM,FEED,9,0,,545,0,14,,124,23,2025-11-18 17:29:13.855
17841406083211195,18165448102349732,2025-05-28 10:12:28,CAROUSEL_ALBUM,FEED,9,0,,547,0,14,,125,23,2025-11-19 17:34:55.385
17841406083211195,18165448102349732,2025-05-28 10:12:28,CAROUSEL_ALBUM,FEED,9,0,,548,0,14,,125,23,2025-11-21 17:35:17.502
17841406083211195,18165448102349732,2025-05-28 10:12:28,CAROUSEL_ALBUM,FEED,9,0,,549,0,14,,125,23,2025-11-24 17:36:00.681
17841406083211195,18165448102349732,2025-05-28 10:12:28,CAROUSEL_ALBUM,FEED,9,0,,551,0,14,,125,23,2025-11-25 17:34:17.706
17841406083211195,18165448102349732,2025-05-28 10:12:28,CAROUSEL_ALBUM,FEED,9,0,,552,0,14,,125,23,2025-11-26 17:36:48.626
17841406083211195,18165448102349732,2025-05-28 10:12:28,CAROUSEL_ALBUM,FEED,9,0,,553,0,14,,125,23,2025-11-30 17:33:23.503
17841406083211195,18165448102349732,2025-05-28 10:12:28,CAROUSEL_ALBUM,FEED,9,0,,555,0,14,,125,23,2025-12-02 17:34:52.699
17841406083211195,18165448102349732,2025-05-28 10:12:28,CAROUSEL_ALBUM,FEED,9,0,,557,0,14,,125,23,2025-12-05 17:34:22.776
17841406083211195,18165448102349732,2025-05-28 10:12:28,CAROUSEL_ALBUM,FEED,9,0,,558,0,14,,125,23,2025-12-07 17:33:15.201
17841406083211195,18165448102349732,2025-05-28 10:12:28,CAROUSEL_ALBUM,FEED,9,0,,559,0,14,,125,23,2025-12-09 17:35:08.333
17841406083211195,18165448102349732,2025-05-28 10:12:28,CAROUSEL_ALBUM,FEED,9,0,,560,0,14,,125,23,2025-12-11 17:33:27.320
17841406083211195,18165448102349732,2025-05-28 10:12:28,CAROUSEL_ALBUM,FEED,9,0,,562,0,14,,125,23,2025-12-12 17:35:06.525
17841406083211195,18165448102349732,2025-05-28 10:12:28,CAROUSEL_ALBUM,FEED,9,0,,564,0,14,,125,23,2025-12-17 17:29:02.287
17841406083211195,18165448102349732,2025-05-28 10:12:28,CAROUSEL_ALBUM,FEED,9,0,,565,0,14,,125,23,2025-12-20 17:36:15.186
17841406083211195,18165448102349732,2025-05-28 10:12:28,CAROUSEL_ALBUM,FEED,9,0,,566,0,14,,125,23,2025-12-21 17:29:53.716
17841406083211195,18165448102349732,2025-05-28 10:12:28,CAROUSEL_ALBUM,FEED,9,0,,567,0,14,,125,23,2025-12-22 17:28:44.210
17841406083211195,18165448102349732,2025-05-28 10:12:28,CAROUSEL_ALBUM,FEED,9,0,,569,0,14,,125,23,2025-12-24 17:29:12.926
17841406083211195,18165448102349732,2025-05-28 10:12:28,CAROUSEL_ALBUM,FEED,9,0,,570,0,14,,125,23,2025-12-25 17:29:25.138
17841406083211195,18177056026349452,2025-09-15 10:36:15,CAROUSEL_ALBUM,FEED,5,0,,884,1,1,,112,7,2025-10-01 04:09:53.332
17841406083211195,18177056026349452,2025-09-15 10:36:15,CAROUSEL_ALBUM,FEED,5,0,,913,1,1,,112,7,2025-10-01 17:29:53.141
17841406083211195,18177056026349452,2025-09-15 10:36:15,CAROUSEL_ALBUM,FEED,5,0,,922,1,1,,112,7,2025-10-02 02:39:18.151
17841406083211195,18177056026349452,2025-09-15 10:36:15,CAROUSEL_ALBUM,FEED,5,0,,925,1,1,,112,7,2025-10-02 04:04:29.512
17841406083211195,18177056026349452,2025-09-15 10:36:15,CAROUSEL_ALBUM,FEED,5,0,,954,1,1,,114,7,2025-10-02 17:29:27.069
17841406083211195,18177056026349452,2025-09-15 10:36:15,CAROUSEL_ALBUM,FEED,5,0,,990,1,1,,116,7,2025-10-03 17:29:13.353
17841406083211195,18177056026349452,2025-09-15 10:36:15,CAROUSEL_ALBUM,FEED,5,0,,995,1,1,,116,7,2025-10-04 17:29:36.057
17841406083211195,18177056026349452,2025-09-15 10:36:15,CAROUSEL_ALBUM,FEED,5,0,,1003,1,1,,116,7,2025-10-05 17:29:24.308
17841406083211195,18177056026349452,2025-09-15 10:36:15,CAROUSEL_ALBUM,FEED,5,0,,1027,1,1,,117,7,2025-10-06 17:28:48.551
17841406083211195,18177056026349452,2025-09-15 10:36:15,CAROUSEL_ALBUM,FEED,5,0,,1053,1,1,,117,7,2025-10-07 17:28:29.264
17841406083211195,18177056026349452,2025-09-15 10:36:15,CAROUSEL_ALBUM,FEED,5,0,,1082,1,1,,117,7,2025-10-08 17:29:40.355
17841406083211195,18177056026349452,2025-09-15 10:36:15,CAROUSEL_ALBUM,FEED,5,0,,1110,1,1,,117,7,2025-10-09 17:28:46.162
17841406083211195,18177056026349452,2025-09-15 10:36:15,CAROUSEL_ALBUM,FEED,5,0,,1125,1,1,,122,7,2025-10-10 17:30:06.539
17841406083211195,18177056026349452,2025-09-15 10:36:15,CAROUSEL_ALBUM,FEED,5,0,,1135,1,1,,122,7,2025-10-11 17:28:30.965
17841406083211195,18177056026349452,2025-09-15 10:36:15,CAROUSEL_ALBUM,FEED,5,0,,1136,1,1,,122,7,2025-10-12 17:28:49.779
17841406083211195,18177056026349452,2025-09-15 10:36:15,CAROUSEL_ALBUM,FEED,5,0,,1150,1,1,,123,7,2025-10-13 17:28:53.152
17841406083211195,18177056026349452,2025-09-15 10:36:15,CAROUSEL_ALBUM,FEED,5,0,,1168,1,1,,123,7,2025-10-14 17:28:21.202
17841406083211195,18177056026349452,2025-09-15 10:36:15,CAROUSEL_ALBUM,FEED,5,0,,1188,1,1,,123,7,2025-10-15 17:29:48.872
17841406083211195,18177056026349452,2025-09-15 10:36:15,CAROUSEL_ALBUM,FEED,5,0,,1197,1,1,,124,7,2025-10-16 17:28:56.611
17841406083211195,18177056026349452,2025-09-15 10:36:15,CAROUSEL_ALBUM,FEED,7,0,,1223,1,1,,126,9,2025-10-17 17:29:48.784
17841406083211195,18177056026349452,2025-09-15 10:36:15,CAROUSEL_ALBUM,FEED,7,0,,1227,1,1,,126,9,2025-10-18 17:28:28.239
17841406083211195,18177056026349452,2025-09-15 10:36:15,CAROUSEL_ALBUM,FEED,7,0,,1234,1,1,,126,9,2025-10-19 17:28:32.830
17841406083211195,18177056026349452,2025-09-15 10:36:15,CAROUSEL_ALBUM,FEED,7,0,,1243,1,1,,126,9,2025-10-20 17:29:18.455
17841406083211195,18177056026349452,2025-09-15 10:36:15,CAROUSEL_ALBUM,FEED,7,0,,1251,1,1,,127,9,2025-10-21 17:28:38.450
17841406083211195,18177056026349452,2025-09-15 10:36:15,CAROUSEL_ALBUM,FEED,7,0,,1261,1,1,,128,9,2025-10-22 17:28:54.476
17841406083211195,18177056026349452,2025-09-15 10:36:15,CAROUSEL_ALBUM,FEED,7,0,,1289,1,1,,128,9,2025-10-23 17:28:30.280
17841406083211195,18177056026349452,2025-09-15 10:36:15,CAROUSEL_ALBUM,FEED,7,0,,1301,1,1,,128,9,2025-10-24 17:28:52.172
17841406083211195,18177056026349452,2025-09-15 10:36:15,CAROUSEL_ALBUM,FEED,7,0,,1311,1,1,,129,9,2025-10-25 17:30:00.336
17841406083211195,18177056026349452,2025-09-15 10:36:15,CAROUSEL_ALBUM,FEED,7,0,,1314,1,1,,129,9,2025-10-27 17:28:46.983
17841406083211195,18177056026349452,2025-09-15 10:36:15,CAROUSEL_ALBUM,FEED,7,0,,1353,1,1,,130,9,2025-10-28 17:29:42.165
17841406083211195,18177056026349452,2025-09-15 10:36:15,CAROUSEL_ALBUM,FEED,7,0,,1357,1,1,,130,9,2025-10-29 17:29:27.584
17841406083211195,18177056026349452,2025-09-15 10:36:15,CAROUSEL_ALBUM,FEED,7,0,,1374,1,1,,131,9,2025-10-30 17:30:15.090
17841406083211195,18177056026349452,2025-09-15 10:36:15,CAROUSEL_ALBUM,FEED,7,0,,1376,1,1,,131,9,2025-10-31 17:29:01.877
17841406083211195,18177056026349452,2025-09-15 10:36:15,CAROUSEL_ALBUM,FEED,7,0,,1377,1,1,,131,9,2025-11-01 17:29:16.505
17841406083211195,18177056026349452,2025-09-15 10:36:15,CAROUSEL_ALBUM,FEED,7,0,,1382,1,1,,131,9,2025-11-02 17:28:55.091
17841406083211195,18177056026349452,2025-09-15 10:36:15,CAROUSEL_ALBUM,FEED,7,0,,1385,1,1,,131,9,2025-11-03 17:28:49.518
17841406083211195,18177056026349452,2025-09-15 10:36:15,CAROUSEL_ALBUM,FEED,7,0,,1390,1,1,,131,9,2025-11-04 17:28:20.660
17841406083211195,18177056026349452,2025-09-15 10:36:15,CAROUSEL_ALBUM,FEED,7,0,,1394,1,1,,131,9,2025-11-05 17:28:28.347
17841406083211195,18177056026349452,2025-09-15 10:36:15,CAROUSEL_ALBUM,FEED,7,0,,1396,1,1,,131,9,2025-11-06 17:28:43.519
17841406083211195,18177056026349452,2025-09-15 10:36:15,CAROUSEL_ALBUM,FEED,7,0,,1404,1,1,,131,9,2025-11-07 17:29:01.085
17841406083211195,18177056026349452,2025-09-15 10:36:15,CAROUSEL_ALBUM,FEED,7,0,,1409,1,1,,131,9,2025-11-08 17:29:24.255
17841406083211195,18177056026349452,2025-09-15 10:36:15,CAROUSEL_ALBUM,FEED,7,0,,1413,1,1,,131,9,2025-11-09 17:28:38.947
17841406083211195,18177056026349452,2025-09-15 10:36:15,CAROUSEL_ALBUM,FEED,7,0,,1421,1,1,,132,9,2025-11-10 17:29:07.636
17841406083211195,18177056026349452,2025-09-15 10:36:15,CAROUSEL_ALBUM,FEED,7,0,,1429,1,1,,133,9,2025-11-11 17:28:56.849
17841406083211195,18177056026349452,2025-09-15 10:36:15,CAROUSEL_ALBUM,FEED,7,0,,1436,1,1,,134,9,2025-11-12 17:28:57.509
17841406083211195,18177056026349452,2025-09-15 10:36:15,CAROUSEL_ALBUM,FEED,7,0,,1439,1,1,,134,9,2025-11-13 17:29:19.495
17841406083211195,18177056026349452,2025-09-15 10:36:15,CAROUSEL_ALBUM,FEED,7,0,,1451,1,1,,134,9,2025-11-14 17:29:00.536
17841406083211195,18177056026349452,2025-09-15 10:36:15,CAROUSEL_ALBUM,FEED,7,0,,1470,1,1,,134,9,2025-11-15 17:30:46.799
17841406083211195,18177056026349452,2025-09-15 10:36:15,CAROUSEL_ALBUM,FEED,7,0,,1476,1,1,,134,9,2025-11-16 17:29:40.687
17841406083211195,18177056026349452,2025-09-15 10:36:15,CAROUSEL_ALBUM,FEED,7,0,,1482,1,1,,134,9,2025-11-17 17:29:03.599
17841406083211195,18177056026349452,2025-09-15 10:36:15,CAROUSEL_ALBUM,FEED,7,0,,1484,1,1,,134,9,2025-11-18 17:28:56.193
17841406083211195,18177056026349452,2025-09-15 10:36:15,CAROUSEL_ALBUM,FEED,7,0,,1498,1,1,,136,9,2025-11-19 17:35:38.980
17841406083211195,18177056026349452,2025-09-15 10:36:15,CAROUSEL_ALBUM,FEED,7,0,,1502,1,1,,137,9,2025-11-20 17:36:09.343
17841406083211195,18177056026349452,2025-09-15 10:36:15,CAROUSEL_ALBUM,FEED,7,0,,1509,1,1,,138,9,2025-11-21 17:35:55.850
17841406083211195,18177056026349452,2025-09-15 10:36:15,CAROUSEL_ALBUM,FEED,7,0,,1517,1,1,,139,9,2025-11-22 17:33:59.849
17841406083211195,18177056026349452,2025-09-15 10:36:15,CAROUSEL_ALBUM,FEED,7,0,,1525,1,1,,139,9,2025-11-23 17:33:27.471
17841406083211195,18177056026349452,2025-09-15 10:36:15,CAROUSEL_ALBUM,FEED,7,0,,1527,1,1,,139,9,2025-11-24 17:36:35.479
17841406083211195,18177056026349452,2025-09-15 10:36:15,CAROUSEL_ALBUM,FEED,7,0,,1529,1,1,,139,9,2025-11-25 17:34:52.761
17841406083211195,18177056026349452,2025-09-15 10:36:15,CAROUSEL_ALBUM,FEED,7,0,,1539,1,1,,140,9,2025-11-26 17:37:34.791
17841406083211195,18177056026349452,2025-09-15 10:36:15,CAROUSEL_ALBUM,FEED,7,0,,1543,1,1,,140,9,2025-11-27 17:34:42.495
17841406083211195,18177056026349452,2025-09-15 10:36:15,CAROUSEL_ALBUM,FEED,7,0,,1544,1,1,,140,9,2025-11-28 17:35:39.724
17841406083211195,18177056026349452,2025-09-15 10:36:15,CAROUSEL_ALBUM,FEED,7,0,,1547,1,1,,140,9,2025-11-30 17:33:54.615
17841406083211195,18177056026349452,2025-09-15 10:36:15,CAROUSEL_ALBUM,FEED,7,0,,1551,1,1,,140,9,2025-12-02 17:35:28.462
17841406083211195,18177056026349452,2025-09-15 10:36:15,CAROUSEL_ALBUM,FEED,7,0,,1558,1,1,,140,9,2025-12-03 17:36:45.833
17841406083211195,18177056026349452,2025-09-15 10:36:15,CAROUSEL_ALBUM,FEED,7,0,,1567,1,1,,141,9,2025-12-04 17:34:52.046
17841406083211195,18177056026349452,2025-09-15 10:36:15,CAROUSEL_ALBUM,FEED,7,0,,1568,1,1,,141,9,2025-12-05 17:34:50.227
17841406083211195,18177056026349452,2025-09-15 10:36:15,CAROUSEL_ALBUM,FEED,7,0,,1570,1,1,,141,9,2025-12-06 17:35:26.319
17841406083211195,18177056026349452,2025-09-15 10:36:15,CAROUSEL_ALBUM,FEED,7,0,,1571,1,1,,141,9,2025-12-07 17:33:44.785
17841406083211195,18177056026349452,2025-09-15 10:36:15,CAROUSEL_ALBUM,FEED,7,0,,1572,1,1,,141,9,2025-12-08 17:33:32.904
17841406083211195,18177056026349452,2025-09-15 10:36:15,CAROUSEL_ALBUM,FEED,7,0,,1577,1,1,,142,9,2025-12-09 17:35:43.766
17841406083211195,18177056026349452,2025-09-15 10:36:15,CAROUSEL_ALBUM,FEED,7,0,,1581,1,1,,142,9,2025-12-10 17:36:27.780
17841406083211195,18177056026349452,2025-09-15 10:36:15,CAROUSEL_ALBUM,FEED,7,0,,1583,1,1,,142,9,2025-12-11 17:33:56.839
17841406083211195,18177056026349452,2025-09-15 10:36:15,CAROUSEL_ALBUM,FEED,7,0,,1585,1,1,,143,9,2025-12-12 17:35:50.529
17841406083211195,18177056026349452,2025-09-15 10:36:15,CAROUSEL_ALBUM,FEED,7,0,,1589,1,1,,143,9,2025-12-15 06:34:20.223
17841406083211195,18177056026349452,2025-09-15 10:36:15,CAROUSEL_ALBUM,FEED,7,0,,1592,1,1,,143,9,2025-12-15 17:37:13.495
17841406083211195,18177056026349452,2025-09-15 10:36:15,CAROUSEL_ALBUM,FEED,7,0,,1596,1,1,,144,9,2025-12-17 17:28:51.592
17841406083211195,18177056026349452,2025-09-15 10:36:15,CAROUSEL_ALBUM,FEED,7,0,,1600,1,1,,144,9,2025-12-21 17:29:45.207
17841406083211195,18177056026349452,2025-09-15 10:36:15,CAROUSEL_ALBUM,FEED,7,0,,1601,1,1,,144,9,2025-12-22 17:28:37.815
17841406083211195,18177056026349452,2025-09-15 10:36:15,CAROUSEL_ALBUM,FEED,7,0,,1602,1,1,,145,9,2025-12-25 17:29:11.614
17841406083211195,18265982956275679,2025-04-10 07:25:24,CAROUSEL_ALBUM,FEED,8,1,,519,1,2,442,349,12,2025-04-17 17:31:52.825
17841406083211195,18265982956275679,2025-04-10 07:25:24,CAROUSEL_ALBUM,FEED,8,1,,528,1,2,,353,12,2025-04-18 19:14:47.757
17841406083211195,18265982956275679,2025-04-10 07:25:24,CAROUSEL_ALBUM,FEED,9,1,,537,1,2,,357,13,2025-04-19 21:58:31.475
17841406083211195,18265982956275679,2025-04-10 07:25:24,CAROUSEL_ALBUM,FEED,9,1,,541,1,2,,361,13,2025-04-20 21:57:33.567
17841406083211195,18265982956275679,2025-04-10 07:25:24,CAROUSEL_ALBUM,FEED,9,1,,547,1,2,,365,13,2025-04-22 05:33:02.544
17841406083211195,18265982956275679,2025-04-10 07:25:24,CAROUSEL_ALBUM,FEED,9,1,,548,1,2,,365,13,2025-04-22 06:39:46.061
17841406083211195,18265982956275679,2025-04-10 07:25:24,CAROUSEL_ALBUM,FEED,9,1,,552,1,2,,366,13,2025-04-22 17:29:17.011
17841406083211195,18265982956275679,2025-04-10 07:25:24,CAROUSEL_ALBUM,FEED,9,1,,554,1,2,,367,13,2025-04-24 01:56:09.943
17841406083211195,18265982956275679,2025-04-10 07:25:24,CAROUSEL_ALBUM,FEED,9,1,,557,1,2,,369,13,2025-04-24 17:29:59.137
17841406083211195,18265982956275679,2025-04-10 07:25:24,CAROUSEL_ALBUM,FEED,9,1,,560,1,2,,373,13,2025-04-25 17:30:04.371
17841406083211195,18265982956275679,2025-04-10 07:25:24,CAROUSEL_ALBUM,FEED,9,1,,562,1,2,,374,13,2025-04-27 17:31:03.892
17841406083211195,18265982956275679,2025-04-10 07:25:24,CAROUSEL_ALBUM,FEED,9,1,,567,1,2,,377,13,2025-04-28 17:30:00.139
17841406083211195,18265982956275679,2025-04-10 07:25:24,CAROUSEL_ALBUM,FEED,9,1,,569,1,2,,377,13,2025-04-29 17:29:04.408
17841406083211195,18265982956275679,2025-04-10 07:25:24,CAROUSEL_ALBUM,FEED,9,1,,570,1,2,,377,13,2025-04-30 17:30:59.237
17841406083211195,18265982956275679,2025-04-10 07:25:24,CAROUSEL_ALBUM,FEED,9,1,,573,1,2,,379,13,2025-05-01 17:31:37.132
17841406083211195,18265982956275679,2025-04-10 07:25:24,CAROUSEL_ALBUM,FEED,9,1,,578,1,2,,380,13,2025-05-02 17:29:30.530
17841406083211195,18265982956275679,2025-04-10 07:25:24,CAROUSEL_ALBUM,FEED,9,1,,581,1,2,,381,13,2025-05-03 17:30:39.030
17841406083211195,18265982956275679,2025-04-10 07:25:24,CAROUSEL_ALBUM,FEED,9,1,,583,1,2,,383,13,2025-05-04 17:28:52.315
17841406083211195,18265982956275679,2025-04-10 07:25:24,CAROUSEL_ALBUM,FEED,9,1,,588,1,2,,384,13,2025-05-05 17:29:55.878
17841406083211195,18265982956275679,2025-04-10 07:25:24,CAROUSEL_ALBUM,FEED,9,1,,594,1,2,,389,13,2025-05-06 17:29:33.103
17841406083211195,18265982956275679,2025-04-10 07:25:24,CAROUSEL_ALBUM,FEED,9,1,,596,1,2,,391,13,2025-05-08 17:30:01.764
17841406083211195,18265982956275679,2025-04-10 07:25:24,CAROUSEL_ALBUM,FEED,9,1,,600,1,2,,395,13,2025-05-12 17:30:45.013
17841406083211195,18265982956275679,2025-04-10 07:25:24,CAROUSEL_ALBUM,FEED,9,1,,602,1,2,,397,13,2025-05-14 17:30:05.780
17841406083211195,18265982956275679,2025-04-10 07:25:24,CAROUSEL_ALBUM,FEED,9,1,,603,1,2,,398,13,2025-05-15 17:30:17.671
17841406083211195,18265982956275679,2025-04-10 07:25:24,CAROUSEL_ALBUM,FEED,9,1,,604,1,2,,400,13,2025-05-16 17:31:00.292
17841406083211195,18265982956275679,2025-04-10 07:25:24,CAROUSEL_ALBUM,FEED,9,1,,605,1,2,,401,13,2025-05-17 17:30:06.320
17841406083211195,18265982956275679,2025-04-10 07:25:24,CAROUSEL_ALBUM,FEED,9,1,,607,1,2,,402,13,2025-05-18 17:30:27.081
17841406083211195,18265982956275679,2025-04-10 07:25:24,CAROUSEL_ALBUM,FEED,9,1,,608,1,2,,403,13,2025-05-19 17:30:02.665
17841406083211195,18265982956275679,2025-04-10 07:25:24,CAROUSEL_ALBUM,FEED,9,1,,609,1,2,,403,13,2025-05-21 17:30:08.521
17841406083211195,18265982956275679,2025-04-10 07:25:24,CAROUSEL_ALBUM,FEED,9,1,,610,1,2,,403,13,2025-05-22 17:30:10.262
17841406083211195,18265982956275679,2025-04-10 07:25:24,CAROUSEL_ALBUM,FEED,9,1,,611,1,2,,404,13,2025-05-24 17:30:42.265
17841406083211195,18265982956275679,2025-04-10 07:25:24,CAROUSEL_ALBUM,FEED,9,1,,612,1,2,,406,13,2025-05-25 17:31:05.657
17841406083211195,18265982956275679,2025-04-10 07:25:24,CAROUSEL_ALBUM,FEED,9,1,,613,1,2,,407,13,2025-05-27 17:30:25.257
17841406083211195,18265982956275679,2025-04-10 07:25:24,CAROUSEL_ALBUM,FEED,9,1,,614,1,2,,407,13,2025-05-30 17:29:56.109
17841406083211195,18265982956275679,2025-04-10 07:25:24,CAROUSEL_ALBUM,FEED,9,1,,615,1,2,,407,13,2025-05-31 17:30:02.404
17841406083211195,18265982956275679,2025-04-10 07:25:24,CAROUSEL_ALBUM,FEED,9,1,,616,1,2,,407,13,2025-06-01 17:29:49.088
17841406083211195,18265982956275679,2025-04-10 07:25:24,CAROUSEL_ALBUM,FEED,9,1,,617,1,2,,408,13,2025-06-04 17:30:00.718
17841406083211195,18265982956275679,2025-04-10 07:25:24,CAROUSEL_ALBUM,FEED,9,1,,619,1,2,,408,13,2025-06-05 17:30:15.496
17841406083211195,18265982956275679,2025-04-10 07:25:24,CAROUSEL_ALBUM,FEED,9,1,,626,1,2,,413,13,2025-07-03 03:00:11.489
17841406083211195,18265982956275679,2025-04-10 07:25:24,CAROUSEL_ALBUM,FEED,9,1,,627,1,2,,413,13,2025-07-04 17:31:09.110
17841406083211195,18265982956275679,2025-04-10 07:25:24,CAROUSEL_ALBUM,FEED,9,1,,633,1,2,,413,13,2025-07-08 17:30:04.067
17841406083211195,18265982956275679,2025-04-10 07:25:24,CAROUSEL_ALBUM,FEED,9,1,,634,1,2,,414,13,2025-07-09 17:30:35.127
17841406083211195,18265982956275679,2025-04-10 07:25:24,CAROUSEL_ALBUM,FEED,9,1,,638,1,2,,414,13,2025-07-15 17:30:00.595
17841406083211195,18265982956275679,2025-04-10 07:25:24,CAROUSEL_ALBUM,FEED,9,1,,639,1,2,,414,13,2025-07-16 17:30:13.816
17841406083211195,18265982956275679,2025-04-10 07:25:24,CAROUSEL_ALBUM,FEED,9,1,,641,1,2,,414,13,2025-07-21 17:30:54.854
17841406083211195,18265982956275679,2025-04-10 07:25:24,CAROUSEL_ALBUM,FEED,9,1,,642,1,2,,414,13,2025-07-23 17:30:26.065
17841406083211195,18265982956275679,2025-04-10 07:25:24,CAROUSEL_ALBUM,FEED,9,1,,644,1,2,,414,13,2025-07-27 17:30:43.459
17841406083211195,18265982956275679,2025-04-10 07:25:24,CAROUSEL_ALBUM,FEED,9,1,,646,1,2,,414,13,2025-07-29 17:29:59.939
17841406083211195,18265982956275679,2025-04-10 07:25:24,CAROUSEL_ALBUM,FEED,9,1,,648,1,2,,415,13,2025-07-31 17:29:02.404
17841406083211195,18265982956275679,2025-04-10 07:25:24,CAROUSEL_ALBUM,FEED,9,1,,653,1,2,,415,13,2025-08-04 17:30:32.199
17841406083211195,18265982956275679,2025-04-10 07:25:24,CAROUSEL_ALBUM,FEED,9,1,,656,1,2,,417,13,2025-08-08 17:29:41.598
17841406083211195,18265982956275679,2025-04-10 07:25:24,CAROUSEL_ALBUM,FEED,9,1,,665,1,2,,417,13,2025-08-11 17:30:48.471
17841406083211195,18265982956275679,2025-04-10 07:25:24,CAROUSEL_ALBUM,FEED,9,1,,674,1,2,,418,13,2025-08-12 17:31:33.945
17841406083211195,18265982956275679,2025-04-10 07:25:24,CAROUSEL_ALBUM,FEED,9,1,,675,1,2,,418,13,2025-08-14 17:30:40.920
17841406083211195,18265982956275679,2025-04-10 07:25:24,CAROUSEL_ALBUM,FEED,9,1,,676,1,2,,418,13,2025-08-16 17:29:42.442
17841406083211195,18265982956275679,2025-04-10 07:25:24,CAROUSEL_ALBUM,FEED,9,1,,677,1,2,,418,13,2025-08-17 17:28:52.680
17841406083211195,18265982956275679,2025-04-10 07:25:24,CAROUSEL_ALBUM,FEED,9,1,,684,1,2,,418,13,2025-08-18 17:29:03.020
17841406083211195,18265982956275679,2025-04-10 07:25:24,CAROUSEL_ALBUM,FEED,9,1,,688,1,2,,418,13,2025-08-19 17:29:48.974
17841406083211195,18265982956275679,2025-04-10 07:25:24,CAROUSEL_ALBUM,FEED,9,1,,689,1,2,,419,13,2025-08-20 17:29:49.054
17841406083211195,18265982956275679,2025-04-10 07:25:24,CAROUSEL_ALBUM,FEED,9,1,,694,1,2,,419,13,2025-08-21 17:30:28.992
17841406083211195,18265982956275679,2025-04-10 07:25:24,CAROUSEL_ALBUM,FEED,9,1,,695,1,2,,419,13,2025-08-23 17:29:39.830
17841406083211195,18265982956275679,2025-04-10 07:25:24,CAROUSEL_ALBUM,FEED,9,1,,697,1,2,,419,13,2025-08-24 17:29:14.565
17841406083211195,18265982956275679,2025-04-10 07:25:24,CAROUSEL_ALBUM,FEED,9,1,,718,1,2,,420,13,2025-08-25 17:29:45.211
17841406083211195,18265982956275679,2025-04-10 07:25:24,CAROUSEL_ALBUM,FEED,9,1,,727,1,2,,420,13,2025-08-26 17:29:15.108
17841406083211195,18265982956275679,2025-04-10 07:25:24,CAROUSEL_ALBUM,FEED,9,1,,730,1,2,,420,13,2025-08-27 17:30:23.672
17841406083211195,18265982956275679,2025-04-10 07:25:24,CAROUSEL_ALBUM,FEED,9,1,,732,1,2,,420,13,2025-08-28 17:31:28.498
17841406083211195,18265982956275679,2025-04-10 07:25:24,CAROUSEL_ALBUM,FEED,9,1,,735,1,2,,420,13,2025-08-30 17:30:25.972
17841406083211195,18265982956275679,2025-04-10 07:25:24,CAROUSEL_ALBUM,FEED,9,1,,744,1,2,,420,13,2025-08-31 17:28:56.744
17841406083211195,18265982956275679,2025-04-10 07:25:24,CAROUSEL_ALBUM,FEED,9,1,,817,1,2,,424,13,2025-10-01 04:10:09.704
17841406083211195,18265982956275679,2025-04-10 07:25:24,CAROUSEL_ALBUM,FEED,9,1,,818,1,2,,424,13,2025-10-02 04:04:43.623
17841406083211195,18265982956275679,2025-04-10 07:25:24,CAROUSEL_ALBUM,FEED,9,1,,819,1,2,,424,13,2025-10-02 17:29:46.317
17841406083211195,18265982956275679,2025-04-10 07:25:24,CAROUSEL_ALBUM,FEED,9,1,,820,1,2,,424,13,2025-10-04 17:29:53.397
17841406083211195,18265982956275679,2025-04-10 07:25:24,CAROUSEL_ALBUM,FEED,9,1,,822,1,2,,424,13,2025-10-08 17:29:55.670
17841406083211195,18265982956275679,2025-04-10 07:25:24,CAROUSEL_ALBUM,FEED,9,1,,830,1,2,,424,13,2025-10-09 17:29:07.192
17841406083211195,18265982956275679,2025-04-10 07:25:24,CAROUSEL_ALBUM,FEED,9,1,,831,1,2,,424,13,2025-10-12 17:29:04.384
17841406083211195,18265982956275679,2025-04-10 07:25:24,CAROUSEL_ALBUM,FEED,9,1,,836,1,2,,424,13,2025-10-13 17:29:08.098
17841406083211195,18265982956275679,2025-04-10 07:25:24,CAROUSEL_ALBUM,FEED,9,1,,837,1,2,,424,13,2025-10-14 17:28:35.640
17841406083211195,18265982956275679,2025-04-10 07:25:24,CAROUSEL_ALBUM,FEED,9,1,,838,1,2,,424,13,2025-10-15 17:30:08.628
17841406083211195,18265982956275679,2025-04-10 07:25:24,CAROUSEL_ALBUM,FEED,9,1,,840,1,2,,424,13,2025-10-16 17:29:14.750
17841406083211195,18265982956275679,2025-04-10 07:25:24,CAROUSEL_ALBUM,FEED,9,1,,845,1,2,,424,13,2025-10-17 17:30:11.776
17841406083211195,18265982956275679,2025-04-10 07:25:24,CAROUSEL_ALBUM,FEED,9,1,,847,1,2,,424,13,2025-10-18 17:28:43.373
17841406083211195,18265982956275679,2025-04-10 07:25:24,CAROUSEL_ALBUM,FEED,9,1,,848,1,2,,424,13,2025-10-20 17:29:38.008
17841406083211195,18265982956275679,2025-04-10 07:25:24,CAROUSEL_ALBUM,FEED,9,1,,849,1,2,,424,13,2025-10-21 17:28:55.529
17841406083211195,18265982956275679,2025-04-10 07:25:24,CAROUSEL_ALBUM,FEED,9,1,,850,1,2,,424,13,2025-10-22 17:29:11.385
17841406083211195,18265982956275679,2025-04-10 07:25:24,CAROUSEL_ALBUM,FEED,9,1,,852,1,2,,424,13,2025-10-23 17:28:45.976
17841406083211195,18265982956275679,2025-04-10 07:25:24,CAROUSEL_ALBUM,FEED,9,1,,857,1,2,,424,13,2025-10-27 17:29:04.357
17841406083211195,18265982956275679,2025-04-10 07:25:24,CAROUSEL_ALBUM,FEED,9,1,,873,1,2,,424,13,2025-10-28 17:30:01.158
17841406083211195,18265982956275679,2025-04-10 07:25:24,CAROUSEL_ALBUM,FEED,9,1,,877,1,2,,424,13,2025-10-29 17:29:48.676
17841406083211195,18265982956275679,2025-04-10 07:25:24,CAROUSEL_ALBUM,FEED,9,1,,881,1,2,,424,13,2025-10-31 17:29:18.975
17841406083211195,18265982956275679,2025-04-10 07:25:24,CAROUSEL_ALBUM,FEED,9,1,,882,1,2,,424,13,2025-11-02 17:29:16.156
17841406083211195,18265982956275679,2025-04-10 07:25:24,CAROUSEL_ALBUM,FEED,9,1,,884,1,2,,424,13,2025-11-03 17:29:06.672
17841406083211195,18265982956275679,2025-04-10 07:25:24,CAROUSEL_ALBUM,FEED,9,1,,885,1,2,,424,13,2025-11-04 17:28:36.321
17841406083211195,18265982956275679,2025-04-10 07:25:24,CAROUSEL_ALBUM,FEED,9,1,,888,1,2,,424,13,2025-11-06 17:29:01.640
17841406083211195,18265982956275679,2025-04-10 07:25:24,CAROUSEL_ALBUM,FEED,9,1,,891,1,2,,424,13,2025-11-07 17:29:19.584
17841406083211195,18265982956275679,2025-04-10 07:25:24,CAROUSEL_ALBUM,FEED,9,1,,899,1,2,,424,13,2025-11-09 17:28:56.344
17841406083211195,18265982956275679,2025-04-10 07:25:24,CAROUSEL_ALBUM,FEED,9,1,,901,1,2,,424,13,2025-11-10 17:29:23.646
17841406083211195,18265982956275679,2025-04-10 07:25:24,CAROUSEL_ALBUM,FEED,9,1,,902,1,2,,424,13,2025-11-11 17:29:14.655
17841406083211195,18265982956275679,2025-04-10 07:25:24,CAROUSEL_ALBUM,FEED,9,1,,904,1,2,,424,13,2025-11-12 17:29:12.216
17841406083211195,18265982956275679,2025-04-10 07:25:24,CAROUSEL_ALBUM,FEED,9,1,,905,1,2,,424,13,2025-11-13 17:29:47.741
17841406083211195,18265982956275679,2025-04-10 07:25:24,CAROUSEL_ALBUM,FEED,9,1,,907,1,2,,424,13,2025-11-14 17:29:17.981
17841406083211195,18265982956275679,2025-04-10 07:25:24,CAROUSEL_ALBUM,FEED,9,1,,910,1,2,,424,13,2025-11-16 17:30:03.486
17841406083211195,18265982956275679,2025-04-10 07:25:24,CAROUSEL_ALBUM,FEED,9,1,,914,1,2,,424,13,2025-11-17 17:29:22.828
17841406083211195,18265982956275679,2025-04-10 07:25:24,CAROUSEL_ALBUM,FEED,9,1,,916,1,2,,424,13,2025-11-18 17:29:13.855
17841406083211195,18265982956275679,2025-04-10 07:25:24,CAROUSEL_ALBUM,FEED,9,1,,917,1,2,,424,13,2025-11-19 17:34:55.385
17841406083211195,18265982956275679,2025-04-10 07:25:24,CAROUSEL_ALBUM,FEED,9,1,,918,1,2,,424,13,2025-11-21 17:35:17.503
17841406083211195,18265982956275679,2025-04-10 07:25:24,CAROUSEL_ALBUM,FEED,9,1,,919,1,2,,424,13,2025-11-24 17:36:00.681
17841406083211195,18265982956275679,2025-04-10 07:25:24,CAROUSEL_ALBUM,FEED,9,1,,922,1,2,,425,13,2025-11-25 17:34:17.707
17841406083211195,18265982956275679,2025-04-10 07:25:24,CAROUSEL_ALBUM,FEED,9,1,,923,1,2,,425,13,2025-11-30 17:33:23.504
17841406083211195,18265982956275679,2025-04-10 07:25:24,CAROUSEL_ALBUM,FEED,9,1,,925,1,2,,425,13,2025-12-01 17:33:33.581
17841406083211195,18265982956275679,2025-04-10 07:25:24,CAROUSEL_ALBUM,FEED,9,1,,927,1,2,,425,13,2025-12-03 17:36:09.393
17841406083211195,18265982956275679,2025-04-10 07:25:24,CAROUSEL_ALBUM,FEED,9,1,,928,1,2,,425,13,2025-12-04 17:34:15.574
17841406083211195,18265982956275679,2025-04-10 07:25:24,CAROUSEL_ALBUM,FEED,9,1,,929,1,2,,425,13,2025-12-05 17:34:22.776
17841406083211195,18265982956275679,2025-04-10 07:25:24,CAROUSEL_ALBUM,FEED,9,1,,930,1,2,,425,13,2025-12-11 17:33:27.320
17841406083211195,18265982956275679,2025-04-10 07:25:24,CAROUSEL_ALBUM,FEED,9,1,,931,1,2,,425,13,2025-12-12 17:35:06.525
17841406083211195,18265982956275679,2025-04-10 07:25:24,CAROUSEL_ALBUM,FEED,9,1,,933,1,2,,425,13,2025-12-17 17:29:13.841
17841406083211195,18265982956275679,2025-04-10 07:25:24,CAROUSEL_ALBUM,FEED,9,1,,935,1,2,,425,13,2025-12-22 17:28:52.805
17841406083211195,18265982956275679,2025-04-10 07:25:24,CAROUSEL_ALBUM,FEED,9,1,,936,1,2,,425,13,2025-12-24 17:29:21.596
17841406083211195,18265982956275679,2025-04-10 07:25:24,CAROUSEL_ALBUM,FEED,9,1,,938,1,2,,425,13,2025-12-25 17:29:40.551
17841406083211195,18343619464093030,2025-05-26 10:18:21,CAROUSEL_ALBUM,FEED,7,0,,92,0,9,,61,16,2025-05-26 17:30:10.851
17841406083211195,18343619464093030,2025-05-26 10:18:21,CAROUSEL_ALBUM,FEED,9,0,,163,0,9,,89,18,2025-05-27 17:30:15.249
17841406083211195,18343619464093030,2025-05-26 10:18:21,CAROUSEL_ALBUM,FEED,9,0,,169,0,9,,92,18,2025-05-28 17:30:33.830
17841406083211195,18343619464093030,2025-05-26 10:18:21,CAROUSEL_ALBUM,FEED,9,0,,173,0,9,,95,18,2025-05-29 17:29:32.681
17841406083211195,18343619464093030,2025-05-26 10:18:21,CAROUSEL_ALBUM,FEED,9,0,,175,0,9,,97,18,2025-05-30 17:29:56.106
17841406083211195,18343619464093030,2025-05-26 10:18:21,CAROUSEL_ALBUM,FEED,9,0,,193,0,9,,102,18,2025-05-31 17:30:02.400
17841406083211195,18343619464093030,2025-05-26 10:18:21,CAROUSEL_ALBUM,FEED,9,0,,196,0,9,,104,18,2025-06-01 17:29:49.086
17841406083211195,18343619464093030,2025-05-26 10:18:21,CAROUSEL_ALBUM,FEED,9,0,,199,0,9,,106,18,2025-06-02 17:30:36.023
17841406083211195,18343619464093030,2025-05-26 10:18:21,CAROUSEL_ALBUM,FEED,9,0,,201,0,9,,107,18,2025-06-03 17:29:40.476
17841406083211195,18343619464093030,2025-05-26 10:18:21,CAROUSEL_ALBUM,FEED,9,0,,207,0,9,,109,18,2025-06-04 17:30:00.716
17841406083211195,18343619464093030,2025-05-26 10:18:21,CAROUSEL_ALBUM,FEED,9,0,,209,0,9,,109,18,2025-06-05 17:30:15.492
17841406083211195,18343619464093030,2025-05-26 10:18:21,CAROUSEL_ALBUM,FEED,9,0,,236,0,9,,126,18,2025-07-03 17:29:59.208
17841406083211195,18343619464093030,2025-05-26 10:18:21,CAROUSEL_ALBUM,FEED,9,0,,241,0,9,,127,18,2025-07-04 17:30:58.671
17841406083211195,18343619464093030,2025-05-26 10:18:21,CAROUSEL_ALBUM,FEED,9,0,,242,0,9,,127,18,2025-07-05 17:29:52.045
17841406083211195,18343619464093030,2025-05-26 10:18:21,CAROUSEL_ALBUM,FEED,9,0,,243,0,9,,128,18,2025-07-08 17:29:53.741
17841406083211195,18343619464093030,2025-05-26 10:18:21,CAROUSEL_ALBUM,FEED,9,0,,245,0,9,,129,18,2025-07-09 17:30:26.360
17841406083211195,18343619464093030,2025-05-26 10:18:21,CAROUSEL_ALBUM,FEED,9,0,,246,0,9,,130,18,2025-07-15 17:29:51.512
17841406083211195,18343619464093030,2025-05-26 10:18:21,CAROUSEL_ALBUM,FEED,9,0,,247,0,9,,130,18,2025-07-16 17:30:05.711
17841406083211195,18343619464093030,2025-05-26 10:18:21,CAROUSEL_ALBUM,FEED,9,0,,249,0,9,,130,18,2025-07-17 17:29:49.510
17841406083211195,18343619464093030,2025-05-26 10:18:21,CAROUSEL_ALBUM,FEED,9,0,,250,0,9,,130,18,2025-07-18 17:29:48.368
17841406083211195,18343619464093030,2025-05-26 10:18:21,CAROUSEL_ALBUM,FEED,9,0,,251,0,9,,131,18,2025-07-21 17:30:41.018
17841406083211195,18343619464093030,2025-05-26 10:18:21,CAROUSEL_ALBUM,FEED,9,0,,253,0,9,,131,18,2025-07-22 17:30:36.351
17841406083211195,18343619464093030,2025-05-26 10:18:21,CAROUSEL_ALBUM,FEED,9,0,,254,0,9,,131,18,2025-07-23 17:30:15.889
17841406083211195,18343619464093030,2025-05-26 10:18:21,CAROUSEL_ALBUM,FEED,9,0,,258,0,9,,131,18,2025-07-27 17:30:34.305
17841406083211195,18343619464093030,2025-05-26 10:18:21,CAROUSEL_ALBUM,FEED,9,0,,260,0,9,,131,18,2025-07-28 17:29:11.645
17841406083211195,18343619464093030,2025-05-26 10:18:21,CAROUSEL_ALBUM,FEED,9,0,,262,0,9,,131,18,2025-07-29 17:29:46.530
17841406083211195,18343619464093030,2025-05-26 10:18:21,CAROUSEL_ALBUM,FEED,9,0,,265,0,9,,133,18,2025-07-31 17:28:52.260
17841406083211195,18343619464093030,2025-05-26 10:18:21,CAROUSEL_ALBUM,FEED,9,0,,274,0,9,,133,18,2025-08-03 17:29:40.177
17841406083211195,18343619464093030,2025-05-26 10:18:21,CAROUSEL_ALBUM,FEED,9,0,,275,0,9,,133,18,2025-08-06 17:29:21.815
17841406083211195,18343619464093030,2025-05-26 10:18:21,CAROUSEL_ALBUM,FEED,9,0,,279,0,9,,133,18,2025-08-08 17:29:30.437
17841406083211195,18343619464093030,2025-05-26 10:18:21,CAROUSEL_ALBUM,FEED,9,0,,284,0,9,,133,18,2025-08-10 17:29:41.093
17841406083211195,18343619464093030,2025-05-26 10:18:21,CAROUSEL_ALBUM,FEED,9,0,,286,0,9,,133,18,2025-08-11 17:30:32.965
17841406083211195,18343619464093030,2025-05-26 10:18:21,CAROUSEL_ALBUM,FEED,9,0,,294,0,9,,134,18,2025-08-12 17:31:33.943
17841406083211195,18343619464093030,2025-05-26 10:18:21,CAROUSEL_ALBUM,FEED,9,0,,298,0,9,,134,18,2025-08-13 17:30:05.532
17841406083211195,18343619464093030,2025-05-26 10:18:21,CAROUSEL_ALBUM,FEED,9,0,,299,0,9,,134,18,2025-08-14 17:30:40.919
17841406083211195,18343619464093030,2025-05-26 10:18:21,CAROUSEL_ALBUM,FEED,9,0,,303,0,9,,134,18,2025-08-15 17:29:31.457
17841406083211195,18343619464093030,2025-05-26 10:18:21,CAROUSEL_ALBUM,FEED,9,0,,304,0,9,,134,18,2025-08-16 17:29:42.441
17841406083211195,18343619464093030,2025-05-26 10:18:21,CAROUSEL_ALBUM,FEED,9,0,,309,0,9,,134,18,2025-08-17 17:28:52.679
17841406083211195,18343619464093030,2025-05-26 10:18:21,CAROUSEL_ALBUM,FEED,9,0,,313,0,9,,134,18,2025-08-18 17:29:03.015
17841406083211195,18343619464093030,2025-05-26 10:18:21,CAROUSEL_ALBUM,FEED,9,0,,316,0,9,,134,18,2025-08-19 17:29:48.969
17841406083211195,18343619464093030,2025-05-26 10:18:21,CAROUSEL_ALBUM,FEED,9,0,,317,0,9,,134,18,2025-08-20 17:29:49.051
17841406083211195,18343619464093030,2025-05-26 10:18:21,CAROUSEL_ALBUM,FEED,9,0,,328,0,9,,135,18,2025-08-21 17:30:28.988
17841406083211195,18343619464093030,2025-05-26 10:18:21,CAROUSEL_ALBUM,FEED,9,0,,329,0,9,,135,18,2025-08-22 17:29:32.370
17841406083211195,18343619464093030,2025-05-26 10:18:21,CAROUSEL_ALBUM,FEED,9,0,,333,0,9,,135,18,2025-08-23 17:29:39.827
17841406083211195,18343619464093030,2025-05-26 10:18:21,CAROUSEL_ALBUM,FEED,9,0,,335,0,9,,135,18,2025-08-24 17:29:14.561
17841406083211195,18343619464093030,2025-05-26 10:18:21,CAROUSEL_ALBUM,FEED,9,0,,370,0,9,,135,18,2025-08-25 17:29:45.209
17841406083211195,18343619464093030,2025-05-26 10:18:21,CAROUSEL_ALBUM,FEED,9,0,,376,0,9,,135,18,2025-08-26 17:29:15.105
17841406083211195,18343619464093030,2025-05-26 10:18:21,CAROUSEL_ALBUM,FEED,9,0,,379,0,9,,135,18,2025-08-27 17:30:23.669
17841406083211195,18343619464093030,2025-05-26 10:18:21,CAROUSEL_ALBUM,FEED,9,0,,383,0,9,,135,18,2025-08-28 17:31:28.494
17841406083211195,18343619464093030,2025-05-26 10:18:21,CAROUSEL_ALBUM,FEED,9,0,,384,0,9,,135,18,2025-08-29 17:28:53.243
17841406083211195,18343619464093030,2025-05-26 10:18:21,CAROUSEL_ALBUM,FEED,9,0,,389,0,9,,135,18,2025-08-30 17:30:25.970
17841406083211195,18343619464093030,2025-05-26 10:18:21,CAROUSEL_ALBUM,FEED,9,0,,398,0,9,,135,18,2025-08-31 17:28:56.741
17841406083211195,18343619464093030,2025-05-26 10:18:21,CAROUSEL_ALBUM,FEED,9,0,,495,0,9,,139,18,2025-10-01 04:10:01.756
17841406083211195,18343619464093030,2025-05-26 10:18:21,CAROUSEL_ALBUM,FEED,9,0,,499,0,9,,139,18,2025-10-02 04:04:36.976
17841406083211195,18343619464093030,2025-05-26 10:18:21,CAROUSEL_ALBUM,FEED,9,0,,501,0,9,,139,18,2025-10-02 17:29:39.999
17841406083211195,18343619464093030,2025-05-26 10:18:21,CAROUSEL_ALBUM,FEED,9,0,,502,0,9,,139,18,2025-10-04 17:29:46.380
17841406083211195,18343619464093030,2025-05-26 10:18:21,CAROUSEL_ALBUM,FEED,9,0,,507,0,9,,139,18,2025-10-06 17:28:55.813
17841406083211195,18343619464093030,2025-05-26 10:18:21,CAROUSEL_ALBUM,FEED,9,0,,511,0,9,,139,18,2025-10-08 17:29:48.281
17841406083211195,18343619464093030,2025-05-26 10:18:21,CAROUSEL_ALBUM,FEED,9,0,,520,0,9,,139,18,2025-10-09 17:28:59.254
17841406083211195,18343619464093030,2025-05-26 10:18:21,CAROUSEL_ALBUM,FEED,9,0,,521,0,9,,139,18,2025-10-12 17:28:57.217
17841406083211195,18343619464093030,2025-05-26 10:18:21,CAROUSEL_ALBUM,FEED,9,0,,524,0,9,,139,18,2025-10-13 17:29:00.305
17841406083211195,18343619464093030,2025-05-26 10:18:21,CAROUSEL_ALBUM,FEED,9,0,,525,0,9,,139,18,2025-10-14 17:28:28.920
17841406083211195,18343619464093030,2025-05-26 10:18:21,CAROUSEL_ALBUM,FEED,9,0,,526,0,9,,139,18,2025-10-15 17:30:00.905
17841406083211195,18343619464093030,2025-05-26 10:18:21,CAROUSEL_ALBUM,FEED,9,0,,529,0,9,,140,18,2025-10-16 17:29:06.177
17841406083211195,18343619464093030,2025-05-26 10:18:21,CAROUSEL_ALBUM,FEED,9,0,,532,0,9,,140,18,2025-10-17 17:30:04.042
17841406083211195,18343619464093030,2025-05-26 10:18:21,CAROUSEL_ALBUM,FEED,9,0,,533,0,9,,140,18,2025-10-18 17:28:35.976
17841406083211195,18343619464093030,2025-05-26 10:18:21,CAROUSEL_ALBUM,FEED,9,0,,534,0,9,,140,18,2025-10-20 17:29:27.069
17841406083211195,18343619464093030,2025-05-26 10:18:21,CAROUSEL_ALBUM,FEED,9,0,,535,0,9,,140,18,2025-10-21 17:28:47.404
17841406083211195,18343619464093030,2025-05-26 10:18:21,CAROUSEL_ALBUM,FEED,9,0,,536,0,9,,140,18,2025-10-22 17:29:00.829
17841406083211195,18343619464093030,2025-05-26 10:18:21,CAROUSEL_ALBUM,FEED,9,0,,538,0,9,,140,18,2025-10-23 17:28:36.357
17841406083211195,18343619464093030,2025-05-26 10:18:21,CAROUSEL_ALBUM,FEED,9,0,,544,0,9,,141,18,2025-10-27 17:28:53.352
17841406083211195,18343619464093030,2025-05-26 10:18:21,CAROUSEL_ALBUM,FEED,9,0,,548,0,9,,141,18,2025-10-28 17:29:49.187
17841406083211195,18343619464093030,2025-05-26 10:18:21,CAROUSEL_ALBUM,FEED,9,0,,549,0,9,,141,18,2025-10-29 17:29:38.420
17841406083211195,18343619464093030,2025-05-26 10:18:21,CAROUSEL_ALBUM,FEED,9,0,,552,0,9,,141,18,2025-10-31 17:29:18.974
17841406083211195,18343619464093030,2025-05-26 10:18:21,CAROUSEL_ALBUM,FEED,9,0,,553,0,9,,141,18,2025-11-02 17:29:16.154
17841406083211195,18343619464093030,2025-05-26 10:18:21,CAROUSEL_ALBUM,FEED,9,0,,554,0,9,,141,18,2025-11-03 17:29:06.669
17841406083211195,18343619464093030,2025-05-26 10:18:21,CAROUSEL_ALBUM,FEED,9,0,,557,0,9,,141,18,2025-11-04 17:28:36.319
17841406083211195,18343619464093030,2025-05-26 10:18:21,CAROUSEL_ALBUM,FEED,9,0,,562,0,9,,141,18,2025-11-06 17:29:01.638
17841406083211195,18343619464093030,2025-05-26 10:18:21,CAROUSEL_ALBUM,FEED,9,0,,564,0,9,,141,18,2025-11-07 17:29:19.582
17841406083211195,18343619464093030,2025-05-26 10:18:21,CAROUSEL_ALBUM,FEED,9,0,,570,0,9,,141,18,2025-11-09 17:28:56.342
17841406083211195,18343619464093030,2025-05-26 10:18:21,CAROUSEL_ALBUM,FEED,9,0,,574,0,9,,141,18,2025-11-10 17:29:23.643
17841406083211195,18343619464093030,2025-05-26 10:18:21,CAROUSEL_ALBUM,FEED,9,0,,576,0,9,,141,18,2025-11-11 17:29:14.653
17841406083211195,18343619464093030,2025-05-26 10:18:21,CAROUSEL_ALBUM,FEED,9,0,,578,0,9,,141,18,2025-11-12 17:29:12.213
17841406083211195,18343619464093030,2025-05-26 10:18:21,CAROUSEL_ALBUM,FEED,9,0,,579,0,9,,141,18,2025-11-13 17:29:47.737
17841406083211195,18343619464093030,2025-05-26 10:18:21,CAROUSEL_ALBUM,FEED,9,0,,583,0,9,,141,18,2025-11-14 17:29:17.979
17841406083211195,18343619464093030,2025-05-26 10:18:21,CAROUSEL_ALBUM,FEED,9,0,,585,0,9,,141,18,2025-11-15 17:31:07.842
17841406083211195,18343619464093030,2025-05-26 10:18:21,CAROUSEL_ALBUM,FEED,9,0,,587,0,9,,142,18,2025-11-16 17:30:03.484
17841406083211195,18343619464093030,2025-05-26 10:18:21,CAROUSEL_ALBUM,FEED,9,0,,591,0,9,,142,18,2025-11-17 17:29:22.825
17841406083211195,18343619464093030,2025-05-26 10:18:21,CAROUSEL_ALBUM,FEED,9,0,,594,0,9,,142,18,2025-11-18 17:29:13.853
17841406083211195,18343619464093030,2025-05-26 10:18:21,CAROUSEL_ALBUM,FEED,9,0,,596,0,9,,143,18,2025-11-19 17:34:55.384
17841406083211195,18343619464093030,2025-05-26 10:18:21,CAROUSEL_ALBUM,FEED,9,0,,597,0,9,,143,18,2025-11-21 17:35:17.496
17841406083211195,18343619464093030,2025-05-26 10:18:21,CAROUSEL_ALBUM,FEED,9,0,,598,0,9,,143,18,2025-11-24 17:36:00.679
17841406083211195,18343619464093030,2025-05-26 10:18:21,CAROUSEL_ALBUM,FEED,9,0,,600,0,9,,143,18,2025-11-25 17:34:17.706
17841406083211195,18343619464093030,2025-05-26 10:18:21,CAROUSEL_ALBUM,FEED,9,0,,601,0,9,,143,18,2025-11-26 17:36:48.624
17841406083211195,18343619464093030,2025-05-26 10:18:21,CAROUSEL_ALBUM,FEED,9,0,,602,0,9,,143,18,2025-11-30 17:33:23.500
17841406083211195,18343619464093030,2025-05-26 10:18:21,CAROUSEL_ALBUM,FEED,9,0,,604,0,9,,143,18,2025-12-02 17:34:52.698
17841406083211195,18343619464093030,2025-05-26 10:18:21,CAROUSEL_ALBUM,FEED,9,0,,606,0,9,,143,18,2025-12-03 17:36:09.391
17841406083211195,18343619464093030,2025-05-26 10:18:21,CAROUSEL_ALBUM,FEED,9,0,,607,0,9,,144,18,2025-12-05 17:34:22.774
17841406083211195,18343619464093030,2025-05-26 10:18:21,CAROUSEL_ALBUM,FEED,9,0,,608,0,9,,144,18,2025-12-07 17:33:15.200
17841406083211195,18343619464093030,2025-05-26 10:18:21,CAROUSEL_ALBUM,FEED,9,0,,609,0,9,,144,18,2025-12-09 17:35:08.330
17841406083211195,18343619464093030,2025-05-26 10:18:21,CAROUSEL_ALBUM,FEED,9,0,,610,0,9,,144,18,2025-12-11 17:33:27.319
17841406083211195,18343619464093030,2025-05-26 10:18:21,CAROUSEL_ALBUM,FEED,9,0,,612,0,9,,144,18,2025-12-12 17:35:06.524
17841406083211195,18343619464093030,2025-05-26 10:18:21,CAROUSEL_ALBUM,FEED,9,0,,614,0,9,,144,18,2025-12-17 17:29:02.285
17841406083211195,18343619464093030,2025-05-26 10:18:21,CAROUSEL_ALBUM,FEED,9,0,,615,0,9,,144,18,2025-12-20 17:36:15.185
17841406083211195,18343619464093030,2025-05-26 10:18:21,CAROUSEL_ALBUM,FEED,9,0,,616,0,9,,144,18,2025-12-21 17:29:53.713
17841406083211195,18343619464093030,2025-05-26 10:18:21,CAROUSEL_ALBUM,FEED,9,0,,617,0,9,,144,18,2025-12-22 17:28:44.208
17841406083211195,18343619464093030,2025-05-26 10:18:21,CAROUSEL_ALBUM,FEED,9,0,,619,0,9,,144,18,2025-12-24 17:29:12.923
17841406083211195,18343619464093030,2025-05-26 10:18:21,CAROUSEL_ALBUM,FEED,9,0,,620,0,9,,144,18,2025-12-25 17:29:25.136
17841406083211195,18346871155085930,2025-06-09 10:18:39,CAROUSEL_ALBUM,FEED,8,0,,233,1,14,,126,23,2025-07-03 03:00:02.142
17841406083211195,18346871155085930,2025-06-09 10:18:39,CAROUSEL_ALBUM,FEED,8,0,,235,1,14,,127,23,2025-07-03 17:29:59.206
17841406083211195,18346871155085930,2025-06-09 10:18:39,CAROUSEL_ALBUM,FEED,8,0,,236,1,14,,127,23,2025-07-04 17:30:58.669
17841406083211195,18346871155085930,2025-06-09 10:18:39,CAROUSEL_ALBUM,FEED,8,0,,238,1,14,,127,23,2025-07-05 17:29:52.043
17841406083211195,18346871155085930,2025-06-09 10:18:39,CAROUSEL_ALBUM,FEED,8,0,,242,1,14,,128,23,2025-07-06 17:30:30.237
17841406083211195,18346871155085930,2025-06-09 10:18:39,CAROUSEL_ALBUM,FEED,8,0,,243,1,14,,128,23,2025-07-08 17:29:53.736
17841406083211195,18346871155085930,2025-06-09 10:18:39,CAROUSEL_ALBUM,FEED,8,0,,244,1,14,,128,23,2025-07-09 17:30:26.358
17841406083211195,18346871155085930,2025-06-09 10:18:39,CAROUSEL_ALBUM,FEED,8,0,,246,1,14,,128,23,2025-07-13 17:29:26.772
17841406083211195,18346871155085930,2025-06-09 10:18:39,CAROUSEL_ALBUM,FEED,8,0,,249,1,14,,128,23,2025-07-16 17:30:05.709
17841406083211195,18346871155085930,2025-06-09 10:18:39,CAROUSEL_ALBUM,FEED,8,0,,252,1,14,,128,23,2025-07-17 17:29:49.507
17841406083211195,18346871155085930,2025-06-09 10:18:39,CAROUSEL_ALBUM,FEED,8,0,,254,1,14,,128,23,2025-07-18 17:29:48.366
17841406083211195,18346871155085930,2025-06-09 10:18:39,CAROUSEL_ALBUM,FEED,8,0,,255,1,14,,129,23,2025-07-21 17:30:41.016
17841406083211195,18346871155085930,2025-06-09 10:18:39,CAROUSEL_ALBUM,FEED,8,0,,258,1,14,,129,23,2025-07-22 17:30:36.350
17841406083211195,18346871155085930,2025-06-09 10:18:39,CAROUSEL_ALBUM,FEED,8,0,,259,1,14,,129,23,2025-07-23 17:30:15.887
17841406083211195,18346871155085930,2025-06-09 10:18:39,CAROUSEL_ALBUM,FEED,8,0,,266,1,14,,129,23,2025-07-25 17:29:40.354
17841406083211195,18346871155085930,2025-06-09 10:18:39,CAROUSEL_ALBUM,FEED,8,0,,267,1,14,,130,23,2025-07-27 17:30:34.304
17841406083211195,18346871155085930,2025-06-09 10:18:39,CAROUSEL_ALBUM,FEED,8,0,,268,1,14,,130,23,2025-07-28 17:29:11.642
17841406083211195,18346871155085930,2025-06-09 10:18:39,CAROUSEL_ALBUM,FEED,8,0,,270,1,14,,130,23,2025-07-29 17:29:46.528
17841406083211195,18346871155085930,2025-06-09 10:18:39,CAROUSEL_ALBUM,FEED,8,0,,274,1,14,,132,23,2025-07-31 17:28:52.257
17841406083211195,18346871155085930,2025-06-09 10:18:39,CAROUSEL_ALBUM,FEED,8,0,,281,1,14,,132,23,2025-08-01 17:30:02.450
17841406083211195,18346871155085930,2025-06-09 10:18:39,CAROUSEL_ALBUM,FEED,8,0,,282,1,14,,133,23,2025-08-03 17:29:40.174
17841406083211195,18346871155085930,2025-06-09 10:18:39,CAROUSEL_ALBUM,FEED,8,0,,283,1,14,,133,23,2025-08-05 17:30:25.822
17841406083211195,18346871155085930,2025-06-09 10:18:39,CAROUSEL_ALBUM,FEED,8,0,,285,1,14,,133,23,2025-08-06 17:29:21.813
17841406083211195,18346871155085930,2025-06-09 10:18:39,CAROUSEL_ALBUM,FEED,8,0,,293,1,14,,133,23,2025-08-08 17:29:30.434
17841406083211195,18346871155085930,2025-06-09 10:18:39,CAROUSEL_ALBUM,FEED,8,0,,307,1,14,,134,23,2025-08-10 17:29:41.092
17841406083211195,18346871155085930,2025-06-09 10:18:39,CAROUSEL_ALBUM,FEED,8,0,,310,1,14,,134,23,2025-08-11 17:30:32.962
17841406083211195,18346871155085930,2025-06-09 10:18:39,CAROUSEL_ALBUM,FEED,8,0,,317,1,14,,134,23,2025-08-13 17:29:54.292
17841406083211195,18346871155085930,2025-06-09 10:18:39,CAROUSEL_ALBUM,FEED,8,0,,318,1,14,,134,23,2025-08-14 17:30:30.703
17841406083211195,18346871155085930,2025-06-09 10:18:39,CAROUSEL_ALBUM,FEED,8,0,,326,1,14,,134,23,2025-08-15 17:29:20.113
17841406083211195,18346871155085930,2025-06-09 10:18:39,CAROUSEL_ALBUM,FEED,8,0,,327,1,14,,134,23,2025-08-16 17:29:29.896
17841406083211195,18346871155085930,2025-06-09 10:18:39,CAROUSEL_ALBUM,FEED,8,0,,331,1,14,,134,23,2025-08-17 17:28:43.179
17841406083211195,18346871155085930,2025-06-09 10:18:39,CAROUSEL_ALBUM,FEED,8,0,,340,1,14,,134,23,2025-08-18 17:28:55.669
17841406083211195,18346871155085930,2025-06-09 10:18:39,CAROUSEL_ALBUM,FEED,8,0,,343,1,14,,134,23,2025-08-19 17:29:34.429
17841406083211195,18346871155085930,2025-06-09 10:18:39,CAROUSEL_ALBUM,FEED,8,0,,345,1,14,,135,23,2025-08-20 17:29:40.869
17841406083211195,18346871155085930,2025-06-09 10:18:39,CAROUSEL_ALBUM,FEED,8,0,,353,1,14,,135,23,2025-08-21 17:30:19.076
17841406083211195,18346871155085930,2025-06-09 10:18:39,CAROUSEL_ALBUM,FEED,8,0,,362,1,14,,135,23,2025-08-22 17:29:22.414
17841406083211195,18346871155085930,2025-06-09 10:18:39,CAROUSEL_ALBUM,FEED,8,0,,364,1,14,,135,23,2025-08-23 17:29:30.928
17841406083211195,18346871155085930,2025-06-09 10:18:39,CAROUSEL_ALBUM,FEED,8,0,,366,1,14,,135,23,2025-08-24 17:29:05.928
17841406083211195,18346871155085930,2025-06-09 10:18:39,CAROUSEL_ALBUM,FEED,8,0,,396,1,14,,135,23,2025-08-25 17:29:34.729
17841406083211195,18346871155085930,2025-06-09 10:18:39,CAROUSEL_ALBUM,FEED,8,0,,405,1,14,,135,23,2025-08-26 17:29:05.583
17841406083211195,18346871155085930,2025-06-09 10:18:39,CAROUSEL_ALBUM,FEED,8,0,,411,1,14,,135,23,2025-08-27 17:30:23.667
17841406083211195,18346871155085930,2025-06-09 10:18:39,CAROUSEL_ALBUM,FEED,8,0,,417,1,14,,135,23,2025-08-28 17:31:28.493
17841406083211195,18346871155085930,2025-06-09 10:18:39,CAROUSEL_ALBUM,FEED,8,0,,421,1,14,,135,23,2025-08-29 17:28:53.242
17841406083211195,18346871155085930,2025-06-09 10:18:39,CAROUSEL_ALBUM,FEED,8,0,,426,1,14,,135,23,2025-08-30 17:30:25.970
17841406083211195,18346871155085930,2025-06-09 10:18:39,CAROUSEL_ALBUM,FEED,8,0,,435,1,14,,135,23,2025-08-31 17:28:56.739
17841406083211195,18346871155085930,2025-06-09 10:18:39,CAROUSEL_ALBUM,FEED,8,0,,541,1,14,,140,23,2025-10-01 04:10:01.753
17841406083211195,18346871155085930,2025-06-09 10:18:39,CAROUSEL_ALBUM,FEED,8,0,,544,1,14,,140,23,2025-10-02 04:04:36.975
17841406083211195,18346871155085930,2025-06-09 10:18:39,CAROUSEL_ALBUM,FEED,8,0,,547,1,14,,140,23,2025-10-02 17:29:39.997
17841406083211195,18346871155085930,2025-06-09 10:18:39,CAROUSEL_ALBUM,FEED,8,0,,551,1,14,,140,23,2025-10-04 17:29:46.379
17841406083211195,18346871155085930,2025-06-09 10:18:39,CAROUSEL_ALBUM,FEED,8,0,,555,1,14,,140,23,2025-10-06 17:28:55.810
17841406083211195,18346871155085930,2025-06-09 10:18:39,CAROUSEL_ALBUM,FEED,8,0,,556,1,14,,140,23,2025-10-08 17:29:48.280
17841406083211195,18346871155085930,2025-06-09 10:18:39,CAROUSEL_ALBUM,FEED,8,0,,565,1,14,,140,23,2025-10-09 17:28:59.252
17841406083211195,18346871155085930,2025-06-09 10:18:39,CAROUSEL_ALBUM,FEED,8,0,,566,1,14,,140,23,2025-10-10 17:30:14.052
17841406083211195,18346871155085930,2025-06-09 10:18:39,CAROUSEL_ALBUM,FEED,8,0,,567,1,14,,140,23,2025-10-11 17:28:37.950
17841406083211195,18346871155085930,2025-06-09 10:18:39,CAROUSEL_ALBUM,FEED,8,0,,568,1,14,,140,23,2025-10-12 17:28:57.214
17841406083211195,18346871155085930,2025-06-09 10:18:39,CAROUSEL_ALBUM,FEED,8,0,,573,1,14,,140,23,2025-10-13 17:29:00.303
17841406083211195,18346871155085930,2025-06-09 10:18:39,CAROUSEL_ALBUM,FEED,8,0,,575,1,14,,140,23,2025-10-14 17:28:28.917
17841406083211195,18346871155085930,2025-06-09 10:18:39,CAROUSEL_ALBUM,FEED,8,0,,576,1,14,,140,23,2025-10-15 17:30:00.904
17841406083211195,18346871155085930,2025-06-09 10:18:39,CAROUSEL_ALBUM,FEED,8,0,,580,1,14,,141,23,2025-10-16 17:29:06.175
17841406083211195,18346871155085930,2025-06-09 10:18:39,CAROUSEL_ALBUM,FEED,8,0,,583,1,14,,141,23,2025-10-17 17:30:04.040
17841406083211195,18346871155085930,2025-06-09 10:18:39,CAROUSEL_ALBUM,FEED,8,0,,584,1,14,,141,23,2025-10-18 17:28:35.973
17841406083211195,18346871155085930,2025-06-09 10:18:39,CAROUSEL_ALBUM,FEED,8,0,,585,1,14,,141,23,2025-10-20 17:29:27.067
17841406083211195,18346871155085930,2025-06-09 10:18:39,CAROUSEL_ALBUM,FEED,8,0,,586,1,14,,141,23,2025-10-21 17:28:47.402
17841406083211195,18346871155085930,2025-06-09 10:18:39,CAROUSEL_ALBUM,FEED,8,0,,588,1,14,,141,23,2025-10-22 17:29:00.827
17841406083211195,18346871155085930,2025-06-09 10:18:39,CAROUSEL_ALBUM,FEED,8,0,,591,1,14,,141,23,2025-10-23 17:28:36.355
17841406083211195,18346871155085930,2025-06-09 10:18:39,CAROUSEL_ALBUM,FEED,8,0,,595,1,14,,141,23,2025-10-27 17:28:53.350
17841406083211195,18346871155085930,2025-06-09 10:18:39,CAROUSEL_ALBUM,FEED,8,0,,596,1,14,,141,23,2025-10-28 17:29:49.185
17841406083211195,18346871155085930,2025-06-09 10:18:39,CAROUSEL_ALBUM,FEED,8,0,,597,1,14,,141,23,2025-10-29 17:29:38.419
17841406083211195,18346871155085930,2025-06-09 10:18:39,CAROUSEL_ALBUM,FEED,8,0,,599,1,14,,141,23,2025-10-31 17:29:10.252
17841406083211195,18346871155085930,2025-06-09 10:18:39,CAROUSEL_ALBUM,FEED,8,0,,600,1,14,,141,23,2025-11-02 17:29:05.347
17841406083211195,18346871155085930,2025-06-09 10:18:39,CAROUSEL_ALBUM,FEED,8,0,,601,1,14,,141,23,2025-11-03 17:28:57.553
17841406083211195,18346871155085930,2025-06-09 10:18:39,CAROUSEL_ALBUM,FEED,8,0,,603,1,14,,141,23,2025-11-04 17:28:28.079
17841406083211195,18346871155085930,2025-06-09 10:18:39,CAROUSEL_ALBUM,FEED,8,0,,608,1,14,,141,23,2025-11-06 17:28:50.921
17841406083211195,18346871155085930,2025-06-09 10:18:39,CAROUSEL_ALBUM,FEED,8,0,,610,1,14,,141,23,2025-11-07 17:29:10.483
17841406083211195,18346871155085930,2025-06-09 10:18:39,CAROUSEL_ALBUM,FEED,8,0,,616,1,14,,141,23,2025-11-09 17:28:46.280
17841406083211195,18346871155085930,2025-06-09 10:18:39,CAROUSEL_ALBUM,FEED,8,0,,621,1,14,,141,23,2025-11-10 17:29:23.641
17841406083211195,18346871155085930,2025-06-09 10:18:39,CAROUSEL_ALBUM,FEED,8,0,,624,1,14,,141,23,2025-11-11 17:29:14.653
17841406083211195,18346871155085930,2025-06-09 10:18:39,CAROUSEL_ALBUM,FEED,8,0,,627,1,14,,141,23,2025-11-12 17:29:12.212
17841406083211195,18346871155085930,2025-06-09 10:18:39,CAROUSEL_ALBUM,FEED,8,0,,628,1,14,,141,23,2025-11-13 17:29:47.736
17841406083211195,18346871155085930,2025-06-09 10:18:39,CAROUSEL_ALBUM,FEED,8,0,,631,1,14,,141,23,2025-11-14 17:29:17.978
17841406083211195,18346871155085930,2025-06-09 10:18:39,CAROUSEL_ALBUM,FEED,8,0,,634,1,14,,141,23,2025-11-16 17:30:03.483
17841406083211195,18346871155085930,2025-06-09 10:18:39,CAROUSEL_ALBUM,FEED,8,0,,638,1,14,,141,23,2025-11-17 17:29:22.824
17841406083211195,18346871155085930,2025-06-09 10:18:39,CAROUSEL_ALBUM,FEED,8,0,,639,1,14,,141,23,2025-11-18 17:29:13.852
17841406083211195,18346871155085930,2025-06-09 10:18:39,CAROUSEL_ALBUM,FEED,8,0,,641,1,14,,142,23,2025-11-19 17:35:11.180
17841406083211195,18346871155085930,2025-06-09 10:18:39,CAROUSEL_ALBUM,FEED,8,0,,642,1,14,,142,23,2025-11-21 17:35:36.094
17841406083211195,18346871155085930,2025-06-09 10:18:39,CAROUSEL_ALBUM,FEED,8,0,,643,1,14,,142,23,2025-11-24 17:36:14.920
17841406083211195,18346871155085930,2025-06-09 10:18:39,CAROUSEL_ALBUM,FEED,8,0,,645,1,14,,142,23,2025-11-25 17:34:34.023
17841406083211195,18346871155085930,2025-06-09 10:18:39,CAROUSEL_ALBUM,FEED,8,0,,646,1,14,,142,23,2025-11-26 17:37:08.504
17841406083211195,18346871155085930,2025-06-09 10:18:39,CAROUSEL_ALBUM,FEED,8,0,,647,1,14,,142,23,2025-11-28 17:35:14.150
17841406083211195,18346871155085930,2025-06-09 10:18:39,CAROUSEL_ALBUM,FEED,8,0,,648,1,14,,142,23,2025-11-30 17:33:37.935
17841406083211195,18346871155085930,2025-06-09 10:18:39,CAROUSEL_ALBUM,FEED,8,0,,650,1,14,,142,23,2025-12-01 17:33:45.593
17841406083211195,18346871155085930,2025-06-09 10:18:39,CAROUSEL_ALBUM,FEED,8,0,,651,1,14,,142,23,2025-12-02 17:35:07.728
17841406083211195,18346871155085930,2025-06-09 10:18:39,CAROUSEL_ALBUM,FEED,8,0,,653,1,14,,142,23,2025-12-03 17:36:28.744
17841406083211195,18346871155085930,2025-06-09 10:18:39,CAROUSEL_ALBUM,FEED,8,0,,657,1,14,,142,23,2025-12-05 17:34:34.767
17841406083211195,18346871155085930,2025-06-09 10:18:39,CAROUSEL_ALBUM,FEED,8,0,,658,1,14,,142,23,2025-12-07 17:33:28.016
17841406083211195,18346871155085930,2025-06-09 10:18:39,CAROUSEL_ALBUM,FEED,8,0,,659,1,14,,142,23,2025-12-08 17:33:12.761
17841406083211195,18346871155085930,2025-06-09 10:18:39,CAROUSEL_ALBUM,FEED,8,0,,661,1,14,,142,23,2025-12-11 17:33:40.055
17841406083211195,18346871155085930,2025-06-09 10:18:39,CAROUSEL_ALBUM,FEED,8,0,,662,1,14,,142,23,2025-12-12 17:35:25.286
17841406083211195,18346871155085930,2025-06-09 10:18:39,CAROUSEL_ALBUM,FEED,8,0,,665,1,14,,142,23,2025-12-15 06:33:59.569
17841406083211195,18346871155085930,2025-06-09 10:18:39,CAROUSEL_ALBUM,FEED,8,0,,666,1,14,,142,23,2025-12-17 17:29:02.284
17841406083211195,18346871155085930,2025-06-09 10:18:39,CAROUSEL_ALBUM,FEED,8,0,,667,1,14,,142,23,2025-12-20 17:36:30.955
17841406083211195,18346871155085930,2025-06-09 10:18:39,CAROUSEL_ALBUM,FEED,8,0,,668,1,14,,142,23,2025-12-21 17:29:53.710
17841406083211195,18346871155085930,2025-06-09 10:18:39,CAROUSEL_ALBUM,FEED,8,0,,669,1,14,,142,23,2025-12-22 17:28:44.207
17841406083211195,18346871155085930,2025-06-09 10:18:39,CAROUSEL_ALBUM,FEED,8,0,,670,1,14,,142,23,2025-12-24 17:29:12.921
17841406083211195,18346871155085930,2025-06-09 10:18:39,CAROUSEL_ALBUM,FEED,8,0,,671,1,14,,142,23,2025-12-25 17:29:25.135
17841406083211195,18359244682182806,2025-05-06 09:54:26,CAROUSEL_ALBUM,FEED,3,0,,84,0,4,,52,7,2025-05-06 17:29:21.083
17841406083211195,18359244682182806,2025-05-06 09:54:26,CAROUSEL_ALBUM,FEED,5,0,,136,0,4,,82,9,2025-05-07 17:28:39.935
17841406083211195,18359244682182806,2025-05-06 09:54:26,CAROUSEL_ALBUM,FEED,5,0,,148,0,4,,90,9,2025-05-08 17:30:01.763
17841406083211195,18359244682182806,2025-05-06 09:54:26,CAROUSEL_ALBUM,FEED,6,0,,157,0,4,,96,10,2025-05-11 17:29:45.386
17841406083211195,18359244682182806,2025-05-06 09:54:26,CAROUSEL_ALBUM,FEED,6,0,,165,0,4,,100,10,2025-05-12 17:30:45.013
17841406083211195,18359244682182806,2025-05-06 09:54:26,CAROUSEL_ALBUM,FEED,6,0,,170,0,4,,102,10,2025-05-13 17:29:33.126
17841406083211195,18359244682182806,2025-05-06 09:54:26,CAROUSEL_ALBUM,FEED,6,0,,175,0,4,,103,10,2025-05-14 17:30:05.779
17841406083211195,18359244682182806,2025-05-06 09:54:26,CAROUSEL_ALBUM,FEED,6,0,,179,0,4,,106,10,2025-05-15 17:30:17.670
17841406083211195,18359244682182806,2025-05-06 09:54:26,CAROUSEL_ALBUM,FEED,6,0,,181,0,4,,106,10,2025-05-17 17:30:06.319
17841406083211195,18359244682182806,2025-05-06 09:54:26,CAROUSEL_ALBUM,FEED,6,0,,183,0,4,,108,10,2025-05-18 17:30:27.081
17841406083211195,18359244682182806,2025-05-06 09:54:26,CAROUSEL_ALBUM,FEED,6,0,,185,0,4,,109,10,2025-05-19 17:30:02.665
17841406083211195,18359244682182806,2025-05-06 09:54:26,CAROUSEL_ALBUM,FEED,6,0,,188,0,4,,110,10,2025-05-21 17:30:08.520
17841406083211195,18359244682182806,2025-05-06 09:54:26,CAROUSEL_ALBUM,FEED,6,0,,190,0,4,,110,10,2025-05-22 17:30:10.262
17841406083211195,18359244682182806,2025-05-06 09:54:26,CAROUSEL_ALBUM,FEED,6,0,,193,0,4,,113,10,2025-05-25 17:31:05.656
17841406083211195,18359244682182806,2025-05-06 09:54:26,CAROUSEL_ALBUM,FEED,6,0,,196,0,4,,114,10,2025-05-26 17:30:22.061
17841406083211195,18359244682182806,2025-05-06 09:54:26,CAROUSEL_ALBUM,FEED,6,0,,197,0,4,,115,10,2025-05-28 17:30:33.831
17841406083211195,18359244682182806,2025-05-06 09:54:26,CAROUSEL_ALBUM,FEED,6,0,,198,0,4,,115,10,2025-05-30 17:29:56.108
17841406083211195,18359244682182806,2025-05-06 09:54:26,CAROUSEL_ALBUM,FEED,6,0,,200,0,4,,116,10,2025-05-31 17:30:02.402
17841406083211195,18359244682182806,2025-05-06 09:54:26,CAROUSEL_ALBUM,FEED,6,0,,201,0,4,,116,10,2025-06-01 17:29:49.087
17841406083211195,18359244682182806,2025-05-06 09:54:26,CAROUSEL_ALBUM,FEED,6,0,,203,0,4,,117,10,2025-06-05 17:30:15.494
17841406083211195,18359244682182806,2025-05-06 09:54:26,CAROUSEL_ALBUM,FEED,6,0,,214,0,4,,123,10,2025-07-03 03:00:02.148
17841406083211195,18359244682182806,2025-05-06 09:54:26,CAROUSEL_ALBUM,FEED,6,0,,215,0,4,,123,10,2025-07-03 17:29:59.211
17841406083211195,18359244682182806,2025-05-06 09:54:26,CAROUSEL_ALBUM,FEED,6,0,,216,0,4,,123,10,2025-07-04 17:30:58.674
17841406083211195,18359244682182806,2025-05-06 09:54:26,CAROUSEL_ALBUM,FEED,6,0,,220,0,4,,123,10,2025-07-05 17:29:52.048
17841406083211195,18359244682182806,2025-05-06 09:54:26,CAROUSEL_ALBUM,FEED,6,0,,221,0,4,,124,10,2025-07-09 17:30:26.371
17841406083211195,18359244682182806,2025-05-06 09:54:26,CAROUSEL_ALBUM,FEED,6,0,,223,0,4,,124,10,2025-07-15 17:29:51.514
17841406083211195,18359244682182806,2025-05-06 09:54:26,CAROUSEL_ALBUM,FEED,6,0,,224,0,4,,124,10,2025-07-16 17:30:05.715
17841406083211195,18359244682182806,2025-05-06 09:54:26,CAROUSEL_ALBUM,FEED,6,0,,227,0,4,,124,10,2025-07-21 17:30:54.853
17841406083211195,18359244682182806,2025-05-06 09:54:26,CAROUSEL_ALBUM,FEED,6,0,,230,0,4,,125,10,2025-07-23 17:30:26.065
17841406083211195,18359244682182806,2025-05-06 09:54:26,CAROUSEL_ALBUM,FEED,6,0,,233,0,4,,125,10,2025-07-27 17:30:43.458
17841406083211195,18359244682182806,2025-05-06 09:54:26,CAROUSEL_ALBUM,FEED,6,0,,234,0,4,,125,10,2025-07-28 17:29:22.360
17841406083211195,18359244682182806,2025-05-06 09:54:26,CAROUSEL_ALBUM,FEED,6,0,,235,0,4,,125,10,2025-07-29 17:29:59.939
17841406083211195,18359244682182806,2025-05-06 09:54:26,CAROUSEL_ALBUM,FEED,6,0,,244,0,4,,127,10,2025-07-31 17:29:02.404
17841406083211195,18359244682182806,2025-05-06 09:54:26,CAROUSEL_ALBUM,FEED,6,0,,250,0,4,,127,10,2025-08-03 17:29:51.709
17841406083211195,18359244682182806,2025-05-06 09:54:26,CAROUSEL_ALBUM,FEED,6,0,,251,0,4,,127,10,2025-08-06 17:29:32.815
17841406083211195,18359244682182806,2025-05-06 09:54:26,CAROUSEL_ALBUM,FEED,6,0,,254,0,4,,127,10,2025-08-08 17:29:41.597
17841406083211195,18359244682182806,2025-05-06 09:54:26,CAROUSEL_ALBUM,FEED,6,0,,264,0,4,,127,10,2025-08-11 17:30:48.470
17841406083211195,18359244682182806,2025-05-06 09:54:26,CAROUSEL_ALBUM,FEED,6,0,,271,0,4,,127,10,2025-08-12 17:31:33.944
17841406083211195,18359244682182806,2025-05-06 09:54:26,CAROUSEL_ALBUM,FEED,6,0,,273,0,4,,127,10,2025-08-14 17:30:40.920
17841406083211195,18359244682182806,2025-05-06 09:54:26,CAROUSEL_ALBUM,FEED,6,0,,279,0,4,,128,10,2025-08-16 17:29:42.442
17841406083211195,18359244682182806,2025-05-06 09:54:26,CAROUSEL_ALBUM,FEED,6,0,,280,0,4,,128,10,2025-08-17 17:28:52.680
17841406083211195,18359244682182806,2025-05-06 09:54:26,CAROUSEL_ALBUM,FEED,6,0,,288,0,4,,128,10,2025-08-18 17:29:03.016
17841406083211195,18359244682182806,2025-05-06 09:54:26,CAROUSEL_ALBUM,FEED,6,0,,291,0,4,,128,10,2025-08-19 17:29:48.972
17841406083211195,18359244682182806,2025-05-06 09:54:26,CAROUSEL_ALBUM,FEED,6,0,,292,0,4,,129,10,2025-08-20 17:29:49.053
17841406083211195,18359244682182806,2025-05-06 09:54:26,CAROUSEL_ALBUM,FEED,6,0,,298,0,4,,129,10,2025-08-21 17:30:28.991
17841406083211195,18359244682182806,2025-05-06 09:54:26,CAROUSEL_ALBUM,FEED,6,0,,299,0,4,,129,10,2025-08-23 17:29:39.829
17841406083211195,18359244682182806,2025-05-06 09:54:26,CAROUSEL_ALBUM,FEED,6,0,,301,0,4,,129,10,2025-08-24 17:29:14.564
17841406083211195,18359244682182806,2025-05-06 09:54:26,CAROUSEL_ALBUM,FEED,6,0,,328,0,4,,130,10,2025-08-25 17:29:45.210
17841406083211195,18359244682182806,2025-05-06 09:54:26,CAROUSEL_ALBUM,FEED,6,0,,337,0,4,,130,10,2025-08-26 17:29:15.107
17841406083211195,18359244682182806,2025-05-06 09:54:26,CAROUSEL_ALBUM,FEED,6,0,,340,0,4,,130,10,2025-08-27 17:30:23.670
17841406083211195,18359244682182806,2025-05-06 09:54:26,CAROUSEL_ALBUM,FEED,6,0,,343,0,4,,130,10,2025-08-28 17:31:28.497
17841406083211195,18359244682182806,2025-05-06 09:54:26,CAROUSEL_ALBUM,FEED,6,0,,344,0,4,,130,10,2025-08-29 17:28:53.244
17841406083211195,18359244682182806,2025-05-06 09:54:26,CAROUSEL_ALBUM,FEED,6,0,,345,0,4,,130,10,2025-08-30 17:30:25.971
17841406083211195,18359244682182806,2025-05-06 09:54:26,CAROUSEL_ALBUM,FEED,6,0,,356,0,4,,130,10,2025-08-31 17:28:56.743
17841406083211195,18359244682182806,2025-05-06 09:54:26,CAROUSEL_ALBUM,FEED,6,0,,436,0,4,,134,10,2025-10-01 04:10:01.761
17841406083211195,18359244682182806,2025-05-06 09:54:26,CAROUSEL_ALBUM,FEED,6,0,,438,0,4,,134,10,2025-10-02 04:04:36.977
17841406083211195,18359244682182806,2025-05-06 09:54:26,CAROUSEL_ALBUM,FEED,6,0,,440,0,4,,134,10,2025-10-02 17:29:40.001
17841406083211195,18359244682182806,2025-05-06 09:54:26,CAROUSEL_ALBUM,FEED,6,0,,441,0,4,,134,10,2025-10-04 17:29:46.383
17841406083211195,18359244682182806,2025-05-06 09:54:26,CAROUSEL_ALBUM,FEED,6,0,,443,0,4,,134,10,2025-10-06 17:28:55.817
17841406083211195,18359244682182806,2025-05-06 09:54:26,CAROUSEL_ALBUM,FEED,6,0,,444,0,4,,134,10,2025-10-08 17:29:48.283
17841406083211195,18359244682182806,2025-05-06 09:54:26,CAROUSEL_ALBUM,FEED,6,0,,452,0,4,,134,10,2025-10-09 17:28:59.257
17841406083211195,18359244682182806,2025-05-06 09:54:26,CAROUSEL_ALBUM,FEED,6,0,,454,0,4,,134,10,2025-10-12 17:28:57.221
17841406083211195,18359244682182806,2025-05-06 09:54:26,CAROUSEL_ALBUM,FEED,6,0,,458,0,4,,134,10,2025-10-13 17:29:00.307
17841406083211195,18359244682182806,2025-05-06 09:54:26,CAROUSEL_ALBUM,FEED,6,0,,459,0,4,,134,10,2025-10-14 17:28:28.924
17841406083211195,18359244682182806,2025-05-06 09:54:26,CAROUSEL_ALBUM,FEED,6,0,,460,0,4,,134,10,2025-10-15 17:30:00.907
17841406083211195,18359244682182806,2025-05-06 09:54:26,CAROUSEL_ALBUM,FEED,6,0,,465,0,4,,136,10,2025-10-16 17:29:14.750
17841406083211195,18359244682182806,2025-05-06 09:54:26,CAROUSEL_ALBUM,FEED,6,0,,470,0,4,,136,10,2025-10-17 17:30:11.775
17841406083211195,18359244682182806,2025-05-06 09:54:26,CAROUSEL_ALBUM,FEED,6,0,,472,0,4,,136,10,2025-10-18 17:28:43.373
17841406083211195,18359244682182806,2025-05-06 09:54:26,CAROUSEL_ALBUM,FEED,6,0,,473,0,4,,136,10,2025-10-20 17:29:38.008
17841406083211195,18359244682182806,2025-05-06 09:54:26,CAROUSEL_ALBUM,FEED,6,0,,474,0,4,,136,10,2025-10-21 17:28:55.529
17841406083211195,18359244682182806,2025-05-06 09:54:26,CAROUSEL_ALBUM,FEED,6,0,,475,0,4,,136,10,2025-10-22 17:29:11.384
17841406083211195,18359244682182806,2025-05-06 09:54:26,CAROUSEL_ALBUM,FEED,6,0,,477,0,4,,136,10,2025-10-23 17:28:45.976
17841406083211195,18359244682182806,2025-05-06 09:54:26,CAROUSEL_ALBUM,FEED,6,0,,482,0,4,,136,10,2025-10-27 17:29:04.357
17841406083211195,18359244682182806,2025-05-06 09:54:26,CAROUSEL_ALBUM,FEED,6,0,,498,0,4,,136,10,2025-10-28 17:30:01.158
17841406083211195,18359244682182806,2025-05-06 09:54:26,CAROUSEL_ALBUM,FEED,6,0,,501,0,4,,137,10,2025-10-29 17:29:48.675
17841406083211195,18359244682182806,2025-05-06 09:54:26,CAROUSEL_ALBUM,FEED,6,0,,503,0,4,,137,10,2025-10-31 17:29:18.975
17841406083211195,18359244682182806,2025-05-06 09:54:26,CAROUSEL_ALBUM,FEED,6,0,,504,0,4,,137,10,2025-11-02 17:29:16.156
17841406083211195,18359244682182806,2025-05-06 09:54:26,CAROUSEL_ALBUM,FEED,6,0,,505,0,4,,137,10,2025-11-03 17:29:06.670
17841406083211195,18359244682182806,2025-05-06 09:54:26,CAROUSEL_ALBUM,FEED,6,0,,508,0,4,,137,10,2025-11-04 17:28:36.320
17841406083211195,18359244682182806,2025-05-06 09:54:26,CAROUSEL_ALBUM,FEED,6,0,,513,0,4,,137,10,2025-11-06 17:29:01.639
17841406083211195,18359244682182806,2025-05-06 09:54:26,CAROUSEL_ALBUM,FEED,6,0,,517,0,4,,137,10,2025-11-07 17:29:19.583
17841406083211195,18359244682182806,2025-05-06 09:54:26,CAROUSEL_ALBUM,FEED,6,0,,522,0,4,,137,10,2025-11-09 17:28:56.343
17841406083211195,18359244682182806,2025-05-06 09:54:26,CAROUSEL_ALBUM,FEED,6,0,,527,0,4,,137,10,2025-11-10 17:29:23.645
17841406083211195,18359244682182806,2025-05-06 09:54:26,CAROUSEL_ALBUM,FEED,6,0,,528,0,4,,137,10,2025-11-11 17:29:14.655
17841406083211195,18359244682182806,2025-05-06 09:54:26,CAROUSEL_ALBUM,FEED,6,0,,530,0,4,,137,10,2025-11-12 17:29:12.215
17841406083211195,18359244682182806,2025-05-06 09:54:26,CAROUSEL_ALBUM,FEED,6,0,,531,0,4,,137,10,2025-11-13 17:29:47.739
17841406083211195,18359244682182806,2025-05-06 09:54:26,CAROUSEL_ALBUM,FEED,6,0,,534,0,4,,137,10,2025-11-14 17:29:17.980
17841406083211195,18359244682182806,2025-05-06 09:54:26,CAROUSEL_ALBUM,FEED,6,0,,536,0,4,,137,10,2025-11-15 17:31:07.844
17841406083211195,18359244682182806,2025-05-06 09:54:26,CAROUSEL_ALBUM,FEED,6,0,,538,0,4,,138,10,2025-11-16 17:30:03.486
17841406083211195,18359244682182806,2025-05-06 09:54:26,CAROUSEL_ALBUM,FEED,6,0,,542,0,4,,138,10,2025-11-17 17:29:22.827
17841406083211195,18359244682182806,2025-05-06 09:54:26,CAROUSEL_ALBUM,FEED,6,0,,544,0,4,,138,10,2025-11-18 17:29:13.854
17841406083211195,18359244682182806,2025-05-06 09:54:26,CAROUSEL_ALBUM,FEED,6,0,,545,0,4,,138,10,2025-11-19 17:34:55.385
17841406083211195,18359244682182806,2025-05-06 09:54:26,CAROUSEL_ALBUM,FEED,6,0,,546,0,4,,138,10,2025-11-21 17:35:17.498
17841406083211195,18359244682182806,2025-05-06 09:54:26,CAROUSEL_ALBUM,FEED,6,0,,547,0,4,,138,10,2025-11-24 17:36:00.680
17841406083211195,18359244682182806,2025-05-06 09:54:26,CAROUSEL_ALBUM,FEED,6,0,,549,0,4,,138,10,2025-11-25 17:34:17.706
17841406083211195,18359244682182806,2025-05-06 09:54:26,CAROUSEL_ALBUM,FEED,6,0,,550,0,4,,138,10,2025-11-30 17:33:23.503
17841406083211195,18359244682182806,2025-05-06 09:54:26,CAROUSEL_ALBUM,FEED,6,0,,551,0,4,,138,10,2025-12-01 17:33:33.581
17841406083211195,18359244682182806,2025-05-06 09:54:26,CAROUSEL_ALBUM,FEED,6,0,,552,0,4,,138,10,2025-12-02 17:34:52.699
17841406083211195,18359244682182806,2025-05-06 09:54:26,CAROUSEL_ALBUM,FEED,6,0,,554,0,4,,138,10,2025-12-03 17:36:09.393
17841406083211195,18359244682182806,2025-05-06 09:54:26,CAROUSEL_ALBUM,FEED,6,0,,558,0,4,,138,10,2025-12-05 17:34:22.776
17841406083211195,18359244682182806,2025-05-06 09:54:26,CAROUSEL_ALBUM,FEED,6,0,,559,0,4,,138,10,2025-12-07 17:33:15.201
17841406083211195,18359244682182806,2025-05-06 09:54:26,CAROUSEL_ALBUM,FEED,6,0,,560,0,4,,138,10,2025-12-09 17:35:08.332
17841406083211195,18359244682182806,2025-05-06 09:54:26,CAROUSEL_ALBUM,FEED,6,0,,561,0,4,,138,10,2025-12-11 17:33:27.320
17841406083211195,18359244682182806,2025-05-06 09:54:26,CAROUSEL_ALBUM,FEED,6,0,,562,0,4,,138,10,2025-12-12 17:35:06.525
17841406083211195,18359244682182806,2025-05-06 09:54:26,CAROUSEL_ALBUM,FEED,6,0,,564,0,4,,138,10,2025-12-17 17:29:13.840
17841406083211195,18359244682182806,2025-05-06 09:54:26,CAROUSEL_ALBUM,FEED,6,0,,566,0,4,,138,10,2025-12-21 17:30:09.432
17841406083211195,18359244682182806,2025-05-06 09:54:26,CAROUSEL_ALBUM,FEED,6,0,,567,0,4,,138,10,2025-12-22 17:28:52.805
17841406083211195,18359244682182806,2025-05-06 09:54:26,CAROUSEL_ALBUM,FEED,6,0,,568,0,4,,138,10,2025-12-24 17:29:21.596
17841406083211195,18359244682182806,2025-05-06 09:54:26,CAROUSEL_ALBUM,FEED,6,0,,570,0,4,,138,10,2025-12-25 17:29:40.551
17841406083211195,18360496654199442,2025-06-16 10:22:45,CAROUSEL_ALBUM,FEED,7,0,,249,1,14,,104,22,2025-07-03 03:00:02.151
17841406083211195,18360496654199442,2025-06-16 10:22:45,CAROUSEL_ALBUM,FEED,7,0,,250,1,14,,104,22,2025-07-03 17:29:59.213
17841406083211195,18360496654199442,2025-06-16 10:22:45,CAROUSEL_ALBUM,FEED,7,0,,256,1,14,,104,22,2025-07-04 17:30:58.676
17841406083211195,18360496654199442,2025-06-16 10:22:45,CAROUSEL_ALBUM,FEED,7,0,,262,1,14,,104,22,2025-07-05 17:29:52.050
17841406083211195,18360496654199442,2025-06-16 10:22:45,CAROUSEL_ALBUM,FEED,7,0,,264,1,14,,104,22,2025-07-06 17:30:30.245
17841406083211195,18360496654199442,2025-06-16 10:22:45,CAROUSEL_ALBUM,FEED,7,0,,266,1,14,,104,22,2025-07-07 17:30:38.834
17841406083211195,18360496654199442,2025-06-16 10:22:45,CAROUSEL_ALBUM,FEED,7,0,,267,1,14,,104,22,2025-07-08 17:29:53.766
17841406083211195,18360496654199442,2025-06-16 10:22:45,CAROUSEL_ALBUM,FEED,7,0,,268,1,14,,104,22,2025-07-09 17:30:26.373
17841406083211195,18360496654199442,2025-06-16 10:22:45,CAROUSEL_ALBUM,FEED,7,0,,274,1,14,,104,22,2025-07-10 17:29:17.364
17841406083211195,18360496654199442,2025-06-16 10:22:45,CAROUSEL_ALBUM,FEED,7,0,,275,1,14,,104,22,2025-07-11 17:29:41.227
17841406083211195,18360496654199442,2025-06-16 10:22:45,CAROUSEL_ALBUM,FEED,7,0,,276,1,14,,104,22,2025-07-13 17:29:26.776
17841406083211195,18360496654199442,2025-06-16 10:22:45,CAROUSEL_ALBUM,FEED,7,0,,280,1,14,,104,22,2025-07-14 17:30:26.683
17841406083211195,18360496654199442,2025-06-16 10:22:45,CAROUSEL_ALBUM,FEED,7,0,,281,1,14,,104,22,2025-07-15 17:29:51.515
17841406083211195,18360496654199442,2025-06-16 10:22:45,CAROUSEL_ALBUM,FEED,7,0,,282,1,14,,104,22,2025-07-16 17:30:05.716
17841406083211195,18360496654199442,2025-06-16 10:22:45,CAROUSEL_ALBUM,FEED,7,0,,290,1,14,,105,22,2025-07-17 17:29:49.522
17841406083211195,18360496654199442,2025-06-16 10:22:45,CAROUSEL_ALBUM,FEED,7,0,,292,1,14,,105,22,2025-07-18 17:29:48.373
17841406083211195,18360496654199442,2025-06-16 10:22:45,CAROUSEL_ALBUM,FEED,7,0,,294,1,14,,106,22,2025-07-21 17:30:41.026
17841406083211195,18360496654199442,2025-06-16 10:22:45,CAROUSEL_ALBUM,FEED,7,0,,298,1,14,,106,22,2025-07-22 17:30:36.354
17841406083211195,18360496654199442,2025-06-16 10:22:45,CAROUSEL_ALBUM,FEED,7,0,,303,1,14,,107,22,2025-07-23 17:30:15.898
17841406083211195,18360496654199442,2025-06-16 10:22:45,CAROUSEL_ALBUM,FEED,7,0,,311,1,14,,107,22,2025-07-24 17:30:01.605
17841406083211195,18360496654199442,2025-06-16 10:22:45,CAROUSEL_ALBUM,FEED,7,0,,312,1,14,,107,22,2025-07-26 17:30:03.790
17841406083211195,18360496654199442,2025-06-16 10:22:45,CAROUSEL_ALBUM,FEED,7,0,,313,1,14,,107,22,2025-07-27 17:30:34.309
17841406083211195,18360496654199442,2025-06-16 10:22:45,CAROUSEL_ALBUM,FEED,7,0,,320,1,14,,107,22,2025-07-28 17:29:11.654
17841406083211195,18360496654199442,2025-06-16 10:22:45,CAROUSEL_ALBUM,FEED,7,0,,322,1,14,,107,22,2025-07-29 17:29:46.534
17841406083211195,18360496654199442,2025-06-16 10:22:45,CAROUSEL_ALBUM,FEED,7,0,,328,1,14,,109,22,2025-07-31 17:28:52.267
17841406083211195,18360496654199442,2025-06-16 10:22:45,CAROUSEL_ALBUM,FEED,7,0,,335,1,14,,109,22,2025-08-01 17:30:02.459
17841406083211195,18360496654199442,2025-06-16 10:22:45,CAROUSEL_ALBUM,FEED,7,0,,336,1,14,,110,22,2025-08-03 17:29:40.183
17841406083211195,18360496654199442,2025-06-16 10:22:45,CAROUSEL_ALBUM,FEED,7,0,,337,1,14,,110,22,2025-08-05 17:30:25.827
17841406083211195,18360496654199442,2025-06-16 10:22:45,CAROUSEL_ALBUM,FEED,7,0,,340,1,14,,110,22,2025-08-06 17:29:21.819
17841406083211195,18360496654199442,2025-06-16 10:22:45,CAROUSEL_ALBUM,FEED,7,0,,351,1,14,,111,22,2025-08-08 17:29:30.446
17841406083211195,18360496654199442,2025-06-16 10:22:45,CAROUSEL_ALBUM,FEED,7,0,,365,1,14,,111,22,2025-08-09 17:29:16.360
17841406083211195,18360496654199442,2025-06-16 10:22:45,CAROUSEL_ALBUM,FEED,7,0,,368,1,14,,111,22,2025-08-10 17:29:41.097
17841406083211195,18360496654199442,2025-06-16 10:22:45,CAROUSEL_ALBUM,FEED,7,0,,370,1,14,,111,22,2025-08-11 17:30:32.971
17841406083211195,18360496654199442,2025-06-16 10:22:45,CAROUSEL_ALBUM,FEED,7,0,,377,1,14,,112,22,2025-08-12 17:31:22.352
17841406083211195,18360496654199442,2025-06-16 10:22:45,CAROUSEL_ALBUM,FEED,7,0,,380,1,14,,112,22,2025-08-13 17:29:54.298
17841406083211195,18360496654199442,2025-06-16 10:22:45,CAROUSEL_ALBUM,FEED,7,0,,381,1,14,,112,22,2025-08-14 17:30:30.708
17841406083211195,18360496654199442,2025-06-16 10:22:45,CAROUSEL_ALBUM,FEED,7,0,,391,1,14,,112,22,2025-08-15 17:29:20.121
17841406083211195,18360496654199442,2025-06-16 10:22:45,CAROUSEL_ALBUM,FEED,7,0,,393,1,14,,112,22,2025-08-16 17:29:29.901
17841406083211195,18360496654199442,2025-06-16 10:22:45,CAROUSEL_ALBUM,FEED,7,0,,397,1,14,,112,22,2025-08-17 17:28:43.184
17841406083211195,18360496654199442,2025-06-16 10:22:45,CAROUSEL_ALBUM,FEED,7,0,,405,1,14,,112,22,2025-08-18 17:28:55.673
17841406083211195,18360496654199442,2025-06-16 10:22:45,CAROUSEL_ALBUM,FEED,7,0,,408,1,14,,112,22,2025-08-19 17:29:34.440
17841406083211195,18360496654199442,2025-06-16 10:22:45,CAROUSEL_ALBUM,FEED,7,0,,411,1,14,,113,22,2025-08-20 17:29:40.878
17841406083211195,18360496654199442,2025-06-16 10:22:45,CAROUSEL_ALBUM,FEED,7,0,,421,1,14,,113,22,2025-08-21 17:30:19.083
17841406083211195,18360496654199442,2025-06-16 10:22:45,CAROUSEL_ALBUM,FEED,7,0,,431,1,14,,113,22,2025-08-22 17:29:22.434
17841406083211195,18360496654199442,2025-06-16 10:22:45,CAROUSEL_ALBUM,FEED,7,0,,433,1,14,,113,22,2025-08-23 17:29:30.936
17841406083211195,18360496654199442,2025-06-16 10:22:45,CAROUSEL_ALBUM,FEED,7,0,,435,1,14,,113,22,2025-08-24 17:29:05.936
17841406083211195,18360496654199442,2025-06-16 10:22:45,CAROUSEL_ALBUM,FEED,7,0,,471,1,14,,113,22,2025-08-25 17:29:34.734
17841406083211195,18360496654199442,2025-06-16 10:22:45,CAROUSEL_ALBUM,FEED,7,0,,482,1,14,,115,22,2025-08-26 17:29:05.594
17841406083211195,18360496654199442,2025-06-16 10:22:45,CAROUSEL_ALBUM,FEED,7,0,,488,1,14,,115,22,2025-08-27 17:30:15.469
17841406083211195,18360496654199442,2025-06-16 10:22:45,CAROUSEL_ALBUM,FEED,7,0,,493,1,14,,115,22,2025-08-28 17:31:18.232
17841406083211195,18360496654199442,2025-06-16 10:22:45,CAROUSEL_ALBUM,FEED,7,0,,498,1,14,,116,22,2025-08-29 17:28:45.771
17841406083211195,18360496654199442,2025-06-16 10:22:45,CAROUSEL_ALBUM,FEED,7,0,,506,1,14,,116,22,2025-08-30 17:30:09.895
17841406083211195,18360496654199442,2025-06-16 10:22:45,CAROUSEL_ALBUM,FEED,7,0,,517,1,14,,116,22,2025-08-31 17:28:47.930
17841406083211195,18360496654199442,2025-06-16 10:22:45,CAROUSEL_ALBUM,FEED,7,0,,638,1,14,,122,22,2025-10-01 04:10:01.764
17841406083211195,18360496654199442,2025-06-16 10:22:45,CAROUSEL_ALBUM,FEED,7,0,,643,1,14,,122,22,2025-10-02 04:04:36.978
17841406083211195,18360496654199442,2025-06-16 10:22:45,CAROUSEL_ALBUM,FEED,7,0,,648,1,14,,122,22,2025-10-02 17:29:40.003
17841406083211195,18360496654199442,2025-06-16 10:22:45,CAROUSEL_ALBUM,FEED,7,0,,655,1,14,,122,22,2025-10-04 17:29:46.385
17841406083211195,18360496654199442,2025-06-16 10:22:45,CAROUSEL_ALBUM,FEED,7,0,,662,1,14,,122,22,2025-10-05 17:29:33.608
17841406083211195,18360496654199442,2025-06-16 10:22:45,CAROUSEL_ALBUM,FEED,7,0,,663,1,14,,122,22,2025-10-06 17:28:55.819
17841406083211195,18360496654199442,2025-06-16 10:22:45,CAROUSEL_ALBUM,FEED,7,0,,667,1,14,,122,22,2025-10-07 17:28:36.710
17841406083211195,18360496654199442,2025-06-16 10:22:45,CAROUSEL_ALBUM,FEED,7,0,,668,1,14,,122,22,2025-10-08 17:29:48.284
17841406083211195,18360496654199442,2025-06-16 10:22:45,CAROUSEL_ALBUM,FEED,7,0,,677,1,14,,122,22,2025-10-09 17:28:59.258
17841406083211195,18360496654199442,2025-06-16 10:22:45,CAROUSEL_ALBUM,FEED,7,0,,678,1,14,,122,22,2025-10-10 17:30:14.055
17841406083211195,18360496654199442,2025-06-16 10:22:45,CAROUSEL_ALBUM,FEED,7,0,,680,1,14,,122,22,2025-10-12 17:28:57.224
17841406083211195,18360496654199442,2025-06-16 10:22:45,CAROUSEL_ALBUM,FEED,7,0,,686,1,14,,122,22,2025-10-13 17:29:00.309
17841406083211195,18360496654199442,2025-06-16 10:22:45,CAROUSEL_ALBUM,FEED,7,0,,688,1,14,,122,22,2025-10-14 17:28:28.926
17841406083211195,18360496654199442,2025-06-16 10:22:45,CAROUSEL_ALBUM,FEED,7,0,,689,1,14,,122,22,2025-10-15 17:30:00.908
17841406083211195,18360496654199442,2025-06-16 10:22:45,CAROUSEL_ALBUM,FEED,7,0,,691,1,14,,123,22,2025-10-16 17:29:06.182
17841406083211195,18360496654199442,2025-06-16 10:22:45,CAROUSEL_ALBUM,FEED,7,0,,694,1,14,,123,22,2025-10-17 17:30:04.048
17841406083211195,18360496654199442,2025-06-16 10:22:45,CAROUSEL_ALBUM,FEED,7,0,,695,1,14,,123,22,2025-10-18 17:28:35.984
17841406083211195,18360496654199442,2025-06-16 10:22:45,CAROUSEL_ALBUM,FEED,7,0,,696,1,14,,123,22,2025-10-20 17:29:27.072
17841406083211195,18360496654199442,2025-06-16 10:22:45,CAROUSEL_ALBUM,FEED,7,0,,697,1,14,,123,22,2025-10-21 17:28:47.409
17841406083211195,18360496654199442,2025-06-16 10:22:45,CAROUSEL_ALBUM,FEED,7,0,,699,1,14,,123,22,2025-10-22 17:29:00.835
17841406083211195,18360496654199442,2025-06-16 10:22:45,CAROUSEL_ALBUM,FEED,7,0,,703,1,14,,123,22,2025-10-23 17:28:36.363
17841406083211195,18360496654199442,2025-06-16 10:22:45,CAROUSEL_ALBUM,FEED,7,0,,708,1,14,,123,22,2025-10-28 17:29:49.193
17841406083211195,18360496654199442,2025-06-16 10:22:45,CAROUSEL_ALBUM,FEED,7,0,,710,1,14,,123,22,2025-10-29 17:29:38.423
17841406083211195,18360496654199442,2025-06-16 10:22:45,CAROUSEL_ALBUM,FEED,7,0,,715,1,14,,123,22,2025-10-31 17:29:10.257
17841406083211195,18360496654199442,2025-06-16 10:22:45,CAROUSEL_ALBUM,FEED,7,0,,716,1,14,,123,22,2025-11-02 17:29:05.360
17841406083211195,18360496654199442,2025-06-16 10:22:45,CAROUSEL_ALBUM,FEED,7,0,,717,1,14,,123,22,2025-11-03 17:28:57.561
17841406083211195,18360496654199442,2025-06-16 10:22:45,CAROUSEL_ALBUM,FEED,7,0,,718,1,14,,123,22,2025-11-04 17:28:28.083
17841406083211195,18360496654199442,2025-06-16 10:22:45,CAROUSEL_ALBUM,FEED,7,0,,723,1,14,,123,22,2025-11-06 17:28:50.931
17841406083211195,18360496654199442,2025-06-16 10:22:45,CAROUSEL_ALBUM,FEED,7,0,,725,1,14,,123,22,2025-11-07 17:29:10.487
17841406083211195,18360496654199442,2025-06-16 10:22:45,CAROUSEL_ALBUM,FEED,7,0,,732,1,14,,123,22,2025-11-09 17:28:46.291
17841406083211195,18360496654199442,2025-06-16 10:22:45,CAROUSEL_ALBUM,FEED,7,0,,734,1,14,,123,22,2025-11-10 17:29:14.414
17841406083211195,18360496654199442,2025-06-16 10:22:45,CAROUSEL_ALBUM,FEED,7,0,,737,1,14,,123,22,2025-11-11 17:29:05.812
17841406083211195,18360496654199442,2025-06-16 10:22:45,CAROUSEL_ALBUM,FEED,7,0,,740,1,14,,123,22,2025-11-12 17:29:04.439
17841406083211195,18360496654199442,2025-06-16 10:22:45,CAROUSEL_ALBUM,FEED,7,0,,743,1,14,,123,22,2025-11-13 17:29:31.150
17841406083211195,18360496654199442,2025-06-16 10:22:45,CAROUSEL_ALBUM,FEED,7,0,,746,1,14,,123,22,2025-11-14 17:29:17.982
17841406083211195,18360496654199442,2025-06-16 10:22:45,CAROUSEL_ALBUM,FEED,7,0,,752,1,14,,123,22,2025-11-16 17:30:03.487
17841406083211195,18360496654199442,2025-06-16 10:22:45,CAROUSEL_ALBUM,FEED,7,0,,757,1,14,,124,22,2025-11-17 17:29:22.829
17841406083211195,18360496654199442,2025-06-16 10:22:45,CAROUSEL_ALBUM,FEED,7,0,,758,1,14,,124,22,2025-11-18 17:29:13.856
17841406083211195,18360496654199442,2025-06-16 10:22:45,CAROUSEL_ALBUM,FEED,7,0,,760,1,14,,125,22,2025-11-19 17:34:55.386
17841406083211195,18360496654199442,2025-06-16 10:22:45,CAROUSEL_ALBUM,FEED,7,0,,761,1,14,,125,22,2025-11-21 17:35:17.505
17841406083211195,18360496654199442,2025-06-16 10:22:45,CAROUSEL_ALBUM,FEED,7,0,,762,1,14,,125,22,2025-11-24 17:36:00.681
17841406083211195,18360496654199442,2025-06-16 10:22:45,CAROUSEL_ALBUM,FEED,7,0,,764,1,14,,125,22,2025-11-25 17:34:17.707
17841406083211195,18360496654199442,2025-06-16 10:22:45,CAROUSEL_ALBUM,FEED,7,0,,765,1,14,,125,22,2025-11-26 17:36:48.627
17841406083211195,18360496654199442,2025-06-16 10:22:45,CAROUSEL_ALBUM,FEED,7,0,,766,1,14,,125,22,2025-11-28 17:34:54.941
17841406083211195,18360496654199442,2025-06-16 10:22:45,CAROUSEL_ALBUM,FEED,7,0,,768,1,14,,125,22,2025-11-30 17:33:23.505
17841406083211195,18360496654199442,2025-06-16 10:22:45,CAROUSEL_ALBUM,FEED,7,0,,769,1,14,,125,22,2025-12-01 17:33:33.582
17841406083211195,18360496654199442,2025-06-16 10:22:45,CAROUSEL_ALBUM,FEED,7,0,,770,1,14,,125,22,2025-12-02 17:34:52.700
17841406083211195,18360496654199442,2025-06-16 10:22:45,CAROUSEL_ALBUM,FEED,7,0,,772,1,14,,125,22,2025-12-03 17:36:09.395
17841406083211195,18360496654199442,2025-06-16 10:22:45,CAROUSEL_ALBUM,FEED,7,0,,777,1,14,,126,22,2025-12-05 17:34:22.778
17841406083211195,18360496654199442,2025-06-16 10:22:45,CAROUSEL_ALBUM,FEED,7,0,,778,1,14,,126,22,2025-12-07 17:33:15.203
17841406083211195,18360496654199442,2025-06-16 10:22:45,CAROUSEL_ALBUM,FEED,7,0,,779,1,14,,126,22,2025-12-08 17:32:58.816
17841406083211195,18360496654199442,2025-06-16 10:22:45,CAROUSEL_ALBUM,FEED,7,0,,781,1,14,,126,22,2025-12-09 17:35:08.335
17841406083211195,18360496654199442,2025-06-16 10:22:45,CAROUSEL_ALBUM,FEED,7,0,,783,1,14,,126,22,2025-12-11 17:33:27.321
17841406083211195,18360496654199442,2025-06-16 10:22:45,CAROUSEL_ALBUM,FEED,7,0,,784,1,14,,126,22,2025-12-12 17:35:06.526
17841406083211195,18360496654199442,2025-06-16 10:22:45,CAROUSEL_ALBUM,FEED,7,0,,790,1,14,,127,22,2025-12-17 17:29:02.288
17841406083211195,18360496654199442,2025-06-16 10:22:45,CAROUSEL_ALBUM,FEED,7,0,,791,1,14,,127,22,2025-12-20 17:36:15.187
17841406083211195,18360496654199442,2025-06-16 10:22:45,CAROUSEL_ALBUM,FEED,7,0,,792,1,14,,127,22,2025-12-21 17:29:53.719
17841406083211195,18360496654199442,2025-06-16 10:22:45,CAROUSEL_ALBUM,FEED,7,0,,794,1,14,,127,22,2025-12-22 17:28:44.211
17841406083211195,18360496654199442,2025-06-16 10:22:45,CAROUSEL_ALBUM,FEED,7,0,,796,1,14,,127,22,2025-12-24 17:29:12.929
17841406083211195,18360496654199442,2025-06-16 10:22:45,CAROUSEL_ALBUM,FEED,7,0,,797,1,14,,127,22,2025-12-25 17:29:25.140
17841406083211195,18367818790182110,2025-06-30 10:52:34,CAROUSEL_ALBUM,FEED,3,1,,233,0,3,,80,7,2025-07-03 03:00:02.141
17841406083211195,18367818790182110,2025-06-30 10:52:34,CAROUSEL_ALBUM,FEED,3,1,,251,0,3,,85,7,2025-07-03 17:29:59.205
17841406083211195,18367818790182110,2025-06-30 10:52:34,CAROUSEL_ALBUM,FEED,3,1,,272,0,3,,87,7,2025-07-04 17:30:58.669
17841406083211195,18367818790182110,2025-06-30 10:52:34,CAROUSEL_ALBUM,FEED,3,1,,283,0,3,,90,7,2025-07-05 17:29:52.043
17841406083211195,18367818790182110,2025-06-30 10:52:34,CAROUSEL_ALBUM,FEED,3,1,,298,0,3,,93,7,2025-07-06 17:30:30.237
17841406083211195,18367818790182110,2025-06-30 10:52:34,CAROUSEL_ALBUM,FEED,3,1,,311,0,3,,96,7,2025-07-07 17:30:38.828
17841406083211195,18367818790182110,2025-06-30 10:52:34,CAROUSEL_ALBUM,FEED,3,1,,317,0,3,,98,7,2025-07-08 17:29:53.734
17841406083211195,18367818790182110,2025-06-30 10:52:34,CAROUSEL_ALBUM,FEED,3,1,,322,0,3,,99,7,2025-07-09 17:30:26.355
17841406083211195,18367818790182110,2025-06-30 10:52:34,CAROUSEL_ALBUM,FEED,3,1,,330,0,3,,99,7,2025-07-10 17:29:17.346
17841406083211195,18367818790182110,2025-06-30 10:52:34,CAROUSEL_ALBUM,FEED,3,1,,340,0,3,,101,7,2025-07-11 17:29:41.216
17841406083211195,18367818790182110,2025-06-30 10:52:34,CAROUSEL_ALBUM,FEED,3,1,,345,0,3,,104,7,2025-07-12 17:30:05.021
17841406083211195,18367818790182110,2025-06-30 10:52:34,CAROUSEL_ALBUM,FEED,3,1,,348,0,3,,105,7,2025-07-13 17:29:26.772
17841406083211195,18367818790182110,2025-06-30 10:52:34,CAROUSEL_ALBUM,FEED,3,1,,353,0,3,,106,7,2025-07-14 17:30:26.673
17841406083211195,18367818790182110,2025-06-30 10:52:34,CAROUSEL_ALBUM,FEED,3,1,,356,0,3,,107,7,2025-07-15 17:29:51.511
17841406083211195,18367818790182110,2025-06-30 10:52:34,CAROUSEL_ALBUM,FEED,3,1,,358,0,3,,108,7,2025-07-16 17:30:05.709
17841406083211195,18367818790182110,2025-06-30 10:52:34,CAROUSEL_ALBUM,FEED,3,1,,381,0,3,,109,7,2025-07-17 17:29:49.505
17841406083211195,18367818790182110,2025-06-30 10:52:34,CAROUSEL_ALBUM,FEED,3,1,,382,0,3,,109,7,2025-07-18 17:29:48.365
17841406083211195,18367818790182110,2025-06-30 10:52:34,CAROUSEL_ALBUM,FEED,3,1,,385,0,3,,110,7,2025-07-20 17:30:14.565
17841406083211195,18367818790182110,2025-06-30 10:52:34,CAROUSEL_ALBUM,FEED,3,1,,387,0,3,,111,7,2025-07-21 17:30:41.015
17841406083211195,18367818790182110,2025-06-30 10:52:34,CAROUSEL_ALBUM,FEED,3,1,,397,0,3,,113,7,2025-07-22 17:30:36.349
17841406083211195,18367818790182110,2025-06-30 10:52:34,CAROUSEL_ALBUM,FEED,3,1,,409,0,3,,114,7,2025-07-23 17:30:15.885
17841406083211195,18367818790182110,2025-06-30 10:52:34,CAROUSEL_ALBUM,FEED,3,1,,414,0,3,,114,7,2025-07-24 17:30:01.597
17841406083211195,18367818790182110,2025-06-30 10:52:34,CAROUSEL_ALBUM,FEED,3,1,,417,0,3,,114,7,2025-07-25 17:29:40.354
17841406083211195,18367818790182110,2025-06-30 10:52:34,CAROUSEL_ALBUM,FEED,3,1,,423,0,3,,115,7,2025-07-27 17:30:34.303
17841406083211195,18367818790182110,2025-06-30 10:52:34,CAROUSEL_ALBUM,FEED,3,1,,434,0,3,,118,7,2025-07-28 17:29:11.642
17841406083211195,18367818790182110,2025-06-30 10:52:34,CAROUSEL_ALBUM,FEED,3,1,,438,0,3,,118,7,2025-07-29 17:29:46.528
17841406083211195,18367818790182110,2025-06-30 10:52:34,CAROUSEL_ALBUM,FEED,3,1,,449,0,3,,121,7,2025-07-31 17:28:52.257
17841406083211195,18367818790182110,2025-06-30 10:52:34,CAROUSEL_ALBUM,FEED,3,1,,454,0,3,,121,7,2025-08-01 17:30:02.449
17841406083211195,18367818790182110,2025-06-30 10:52:34,CAROUSEL_ALBUM,FEED,3,1,,456,0,3,,122,7,2025-08-03 17:29:40.173
17841406083211195,18367818790182110,2025-06-30 10:52:34,CAROUSEL_ALBUM,FEED,3,1,,457,0,3,,122,7,2025-08-04 17:30:20.389
17841406083211195,18367818790182110,2025-06-30 10:52:34,CAROUSEL_ALBUM,FEED,3,1,,459,0,3,,122,7,2025-08-05 17:30:25.821
17841406083211195,18367818790182110,2025-06-30 10:52:34,CAROUSEL_ALBUM,FEED,3,1,,460,0,3,,122,7,2025-08-06 17:29:21.812
17841406083211195,18367818790182110,2025-06-30 10:52:34,CAROUSEL_ALBUM,FEED,3,1,,467,0,3,,122,7,2025-08-07 17:29:51.647
17841406083211195,18367818790182110,2025-06-30 10:52:34,CAROUSEL_ALBUM,FEED,3,1,,468,0,3,,122,7,2025-08-08 17:29:30.433
17841406083211195,18367818790182110,2025-06-30 10:52:34,CAROUSEL_ALBUM,FEED,3,1,,483,0,3,,123,7,2025-08-09 17:29:16.347
17841406083211195,18367818790182110,2025-06-30 10:52:34,CAROUSEL_ALBUM,FEED,3,1,,487,0,3,,123,7,2025-08-10 17:29:41.091
17841406083211195,18367818790182110,2025-06-30 10:52:34,CAROUSEL_ALBUM,FEED,3,1,,494,0,3,,124,7,2025-08-11 17:30:32.961
17841406083211195,18367818790182110,2025-06-30 10:52:34,CAROUSEL_ALBUM,FEED,3,1,,506,0,3,,126,7,2025-08-12 17:31:22.346
17841406083211195,18367818790182110,2025-06-30 10:52:34,CAROUSEL_ALBUM,FEED,3,1,,511,0,3,,127,7,2025-08-13 17:29:54.292
17841406083211195,18367818790182110,2025-06-30 10:52:34,CAROUSEL_ALBUM,FEED,3,1,,512,0,3,,127,7,2025-08-14 17:30:30.702
17841406083211195,18367818790182110,2025-06-30 10:52:34,CAROUSEL_ALBUM,FEED,3,1,,522,0,3,,127,7,2025-08-15 17:29:20.113
17841406083211195,18367818790182110,2025-06-30 10:52:34,CAROUSEL_ALBUM,FEED,3,1,,527,0,3,,128,7,2025-08-16 17:29:29.896
17841406083211195,18367818790182110,2025-06-30 10:52:34,CAROUSEL_ALBUM,FEED,3,1,,530,0,3,,128,7,2025-08-17 17:28:43.178
17841406083211195,18367818790182110,2025-06-30 10:52:34,CAROUSEL_ALBUM,FEED,3,1,,546,0,3,,128,7,2025-08-18 17:28:55.669
17841406083211195,18367818790182110,2025-06-30 10:52:34,CAROUSEL_ALBUM,FEED,3,1,,550,0,3,,128,7,2025-08-19 17:29:34.428
17841406083211195,18367818790182110,2025-06-30 10:52:34,CAROUSEL_ALBUM,FEED,3,1,,554,0,3,,129,7,2025-08-20 17:29:40.868
17841406083211195,18367818790182110,2025-06-30 10:52:34,CAROUSEL_ALBUM,FEED,3,1,,562,0,3,,129,7,2025-08-21 17:30:19.076
17841406083211195,18367818790182110,2025-06-30 10:52:34,CAROUSEL_ALBUM,FEED,3,1,,577,0,3,,131,7,2025-08-22 17:29:22.414
17841406083211195,18367818790182110,2025-06-30 10:52:34,CAROUSEL_ALBUM,FEED,3,1,,581,0,3,,131,7,2025-08-23 17:29:30.927
17841406083211195,18367818790182110,2025-06-30 10:52:34,CAROUSEL_ALBUM,FEED,3,1,,584,0,3,,131,7,2025-08-24 17:29:05.928
17841406083211195,18367818790182110,2025-06-30 10:52:34,CAROUSEL_ALBUM,FEED,3,1,,625,0,3,,131,7,2025-08-25 17:29:34.729
17841406083211195,18367818790182110,2025-06-30 10:52:34,CAROUSEL_ALBUM,FEED,3,1,,638,0,3,,132,7,2025-08-26 17:29:05.582
17841406083211195,18367818790182110,2025-06-30 10:52:34,CAROUSEL_ALBUM,FEED,3,1,,646,0,3,,132,7,2025-08-27 17:30:15.459
17841406083211195,18367818790182110,2025-06-30 10:52:34,CAROUSEL_ALBUM,FEED,3,1,,661,0,3,,132,7,2025-08-28 17:31:18.226
17841406083211195,18367818790182110,2025-06-30 10:52:34,CAROUSEL_ALBUM,FEED,3,1,,670,0,3,,133,7,2025-08-29 17:28:45.766
17841406083211195,18367818790182110,2025-06-30 10:52:34,CAROUSEL_ALBUM,FEED,3,1,,677,0,3,,133,7,2025-08-30 17:30:09.890
17841406083211195,18367818790182110,2025-06-30 10:52:34,CAROUSEL_ALBUM,FEED,3,1,,690,0,3,,133,7,2025-08-31 17:28:47.922
17841406083211195,18367818790182110,2025-06-30 10:52:34,CAROUSEL_ALBUM,FEED,3,1,,871,0,3,,139,7,2025-10-01 04:10:01.751
17841406083211195,18367818790182110,2025-06-30 10:52:34,CAROUSEL_ALBUM,FEED,3,1,,875,0,3,,139,7,2025-10-02 04:04:36.974
17841406083211195,18367818790182110,2025-06-30 10:52:34,CAROUSEL_ALBUM,FEED,3,1,,883,0,3,,139,7,2025-10-02 17:29:39.996
17841406083211195,18367818790182110,2025-06-30 10:52:34,CAROUSEL_ALBUM,FEED,3,1,,892,0,3,,139,7,2025-10-04 17:29:46.378
17841406083211195,18367818790182110,2025-06-30 10:52:34,CAROUSEL_ALBUM,FEED,3,1,,898,0,3,,139,7,2025-10-05 17:29:33.596
17841406083211195,18367818790182110,2025-06-30 10:52:34,CAROUSEL_ALBUM,FEED,3,1,,899,0,3,,139,7,2025-10-06 17:28:55.809
17841406083211195,18367818790182110,2025-06-30 10:52:34,CAROUSEL_ALBUM,FEED,3,1,,906,0,3,,140,7,2025-10-07 17:28:36.703
17841406083211195,18367818790182110,2025-06-30 10:52:34,CAROUSEL_ALBUM,FEED,3,1,,907,0,3,,140,7,2025-10-08 17:29:48.280
17841406083211195,18367818790182110,2025-06-30 10:52:34,CAROUSEL_ALBUM,FEED,3,1,,916,0,3,,140,7,2025-10-09 17:28:59.251
17841406083211195,18367818790182110,2025-06-30 10:52:34,CAROUSEL_ALBUM,FEED,3,1,,918,0,3,,140,7,2025-10-10 17:30:14.051
17841406083211195,18367818790182110,2025-06-30 10:52:34,CAROUSEL_ALBUM,FEED,3,1,,921,0,3,,140,7,2025-10-11 17:28:37.950
17841406083211195,18367818790182110,2025-06-30 10:52:34,CAROUSEL_ALBUM,FEED,3,1,,922,0,3,,140,7,2025-10-12 17:28:57.213
17841406083211195,18367818790182110,2025-06-30 10:52:34,CAROUSEL_ALBUM,FEED,3,1,,928,0,3,,140,7,2025-10-13 17:29:00.302
17841406083211195,18367818790182110,2025-06-30 10:52:34,CAROUSEL_ALBUM,FEED,3,1,,931,0,3,,140,7,2025-10-14 17:28:28.916
17841406083211195,18367818790182110,2025-06-30 10:52:34,CAROUSEL_ALBUM,FEED,3,1,,934,0,3,,140,7,2025-10-15 17:30:00.904
17841406083211195,18367818790182110,2025-06-30 10:52:34,CAROUSEL_ALBUM,FEED,3,1,,941,0,3,,142,7,2025-10-16 17:29:06.174
17841406083211195,18367818790182110,2025-06-30 10:52:34,CAROUSEL_ALBUM,FEED,3,1,,950,0,3,,142,7,2025-10-17 17:30:04.039
17841406083211195,18367818790182110,2025-06-30 10:52:34,CAROUSEL_ALBUM,FEED,3,1,,951,0,3,,142,7,2025-10-18 17:28:35.972
17841406083211195,18367818790182110,2025-06-30 10:52:34,CAROUSEL_ALBUM,FEED,3,1,,952,0,3,,142,7,2025-10-19 17:28:40.297
17841406083211195,18367818790182110,2025-06-30 10:52:34,CAROUSEL_ALBUM,FEED,3,1,,954,0,3,,142,7,2025-10-20 17:29:27.067
17841406083211195,18367818790182110,2025-06-30 10:52:34,CAROUSEL_ALBUM,FEED,3,1,,955,0,3,,142,7,2025-10-21 17:28:47.401
17841406083211195,18367818790182110,2025-06-30 10:52:34,CAROUSEL_ALBUM,FEED,3,1,,959,0,3,,142,7,2025-10-22 17:29:00.826
17841406083211195,18367818790182110,2025-06-30 10:52:34,CAROUSEL_ALBUM,FEED,3,1,,965,0,3,,142,7,2025-10-23 17:28:36.354
17841406083211195,18367818790182110,2025-06-30 10:52:34,CAROUSEL_ALBUM,FEED,3,1,,969,0,3,,142,7,2025-10-28 17:29:49.184
17841406083211195,18367818790182110,2025-06-30 10:52:34,CAROUSEL_ALBUM,FEED,3,1,,970,0,3,,142,7,2025-10-29 17:29:38.418
17841406083211195,18367818790182110,2025-06-30 10:52:34,CAROUSEL_ALBUM,FEED,3,1,,977,0,3,,142,7,2025-10-31 17:29:10.252
17841406083211195,18367818790182110,2025-06-30 10:52:34,CAROUSEL_ALBUM,FEED,3,1,,978,0,3,,142,7,2025-11-02 17:29:05.346
17841406083211195,18367818790182110,2025-06-30 10:52:34,CAROUSEL_ALBUM,FEED,3,1,,980,0,3,,142,7,2025-11-03 17:28:57.552
17841406083211195,18367818790182110,2025-06-30 10:52:34,CAROUSEL_ALBUM,FEED,3,1,,982,0,3,,142,7,2025-11-04 17:28:28.079
17841406083211195,18367818790182110,2025-06-30 10:52:34,CAROUSEL_ALBUM,FEED,3,1,,989,0,3,,143,7,2025-11-06 17:28:50.920
17841406083211195,18367818790182110,2025-06-30 10:52:34,CAROUSEL_ALBUM,FEED,3,1,,992,0,3,,143,7,2025-11-07 17:29:10.483
17841406083211195,18367818790182110,2025-06-30 10:52:34,CAROUSEL_ALBUM,FEED,3,1,,997,0,3,,143,7,2025-11-09 17:28:46.280
17841406083211195,18367818790182110,2025-06-30 10:52:34,CAROUSEL_ALBUM,FEED,3,1,,1002,0,3,,143,7,2025-11-10 17:29:14.404
17841406083211195,18367818790182110,2025-06-30 10:52:34,CAROUSEL_ALBUM,FEED,3,1,,1008,0,3,,143,7,2025-11-11 17:29:05.808
17841406083211195,18367818790182110,2025-06-30 10:52:34,CAROUSEL_ALBUM,FEED,3,1,,1011,0,3,,143,7,2025-11-12 17:29:04.432
17841406083211195,18367818790182110,2025-06-30 10:52:34,CAROUSEL_ALBUM,FEED,3,1,,1014,0,3,,143,7,2025-11-13 17:29:31.139
17841406083211195,18367818790182110,2025-06-30 10:52:34,CAROUSEL_ALBUM,FEED,3,1,,1017,0,3,,143,7,2025-11-14 17:29:08.311
17841406083211195,18367818790182110,2025-06-30 10:52:34,CAROUSEL_ALBUM,FEED,3,1,,1023,0,3,,143,7,2025-11-16 17:29:49.616
17841406083211195,18367818790182110,2025-06-30 10:52:34,CAROUSEL_ALBUM,FEED,3,1,,1028,0,3,,143,7,2025-11-18 17:29:03.774
17841406083211195,18367818790182110,2025-06-30 10:52:34,CAROUSEL_ALBUM,FEED,3,1,,1033,0,3,,144,7,2025-11-19 17:34:55.382
17841406083211195,18367818790182110,2025-06-30 10:52:34,CAROUSEL_ALBUM,FEED,3,1,,1034,0,3,,144,7,2025-11-21 17:35:17.493
17841406083211195,18367818790182110,2025-06-30 10:52:34,CAROUSEL_ALBUM,FEED,3,1,,1035,0,3,,144,7,2025-11-24 17:36:00.678
17841406083211195,18367818790182110,2025-06-30 10:52:34,CAROUSEL_ALBUM,FEED,3,1,,1037,0,3,,144,7,2025-11-25 17:34:17.705
17841406083211195,18367818790182110,2025-06-30 10:52:34,CAROUSEL_ALBUM,FEED,3,1,,1038,0,3,,144,7,2025-11-26 17:36:48.622
17841406083211195,18367818790182110,2025-06-30 10:52:34,CAROUSEL_ALBUM,FEED,3,1,,1039,0,3,,144,7,2025-11-28 17:34:54.938
17841406083211195,18367818790182110,2025-06-30 10:52:34,CAROUSEL_ALBUM,FEED,3,1,,1042,0,3,,144,7,2025-11-30 17:33:23.497
17841406083211195,18367818790182110,2025-06-30 10:52:34,CAROUSEL_ALBUM,FEED,3,1,,1044,0,3,,144,7,2025-12-01 17:33:33.579
17841406083211195,18367818790182110,2025-06-30 10:52:34,CAROUSEL_ALBUM,FEED,3,1,,1046,0,3,,144,7,2025-12-02 17:34:52.697
17841406083211195,18367818790182110,2025-06-30 10:52:34,CAROUSEL_ALBUM,FEED,3,1,,1049,0,3,,144,7,2025-12-03 17:36:09.389
17841406083211195,18367818790182110,2025-06-30 10:52:34,CAROUSEL_ALBUM,FEED,3,1,,1052,0,3,,144,7,2025-12-05 17:34:22.772
17841406083211195,18367818790182110,2025-06-30 10:52:34,CAROUSEL_ALBUM,FEED,3,1,,1053,0,3,,144,7,2025-12-07 17:33:15.198
17841406083211195,18367818790182110,2025-06-30 10:52:34,CAROUSEL_ALBUM,FEED,3,1,,1058,0,3,,145,7,2025-12-08 17:32:58.810
17841406083211195,18367818790182110,2025-06-30 10:52:34,CAROUSEL_ALBUM,FEED,3,1,,1059,0,3,,145,7,2025-12-09 17:35:08.328
17841406083211195,18367818790182110,2025-06-30 10:52:34,CAROUSEL_ALBUM,FEED,3,1,,1060,0,3,,145,7,2025-12-11 17:33:27.318
17841406083211195,18367818790182110,2025-06-30 10:52:34,CAROUSEL_ALBUM,FEED,3,1,,1063,0,3,,145,7,2025-12-12 17:35:06.523
17841406083211195,18367818790182110,2025-06-30 10:52:34,CAROUSEL_ALBUM,FEED,3,1,,1066,0,3,,145,7,2025-12-15 06:33:48.705
17841406083211195,18367818790182110,2025-06-30 10:52:34,CAROUSEL_ALBUM,FEED,3,1,,1067,0,3,,145,7,2025-12-17 17:29:02.283
17841406083211195,18367818790182110,2025-06-30 10:52:34,CAROUSEL_ALBUM,FEED,3,1,,1068,0,3,,145,7,2025-12-20 17:36:15.183
17841406083211195,18367818790182110,2025-06-30 10:52:34,CAROUSEL_ALBUM,FEED,3,1,,1069,0,3,,145,7,2025-12-21 17:29:53.710
17841406083211195,18367818790182110,2025-06-30 10:52:34,CAROUSEL_ALBUM,FEED,3,1,,1070,0,3,,145,7,2025-12-22 17:28:44.204
17841406083211195,18367818790182110,2025-06-30 10:52:34,CAROUSEL_ALBUM,FEED,3,1,,1071,0,3,,145,7,2025-12-24 17:29:12.921
17841406083211195,18367818790182110,2025-06-30 10:52:34,CAROUSEL_ALBUM,FEED,3,1,,1072,0,3,,145,7,2025-12-25 17:29:25.134
17841406083211195,18379621084153490,2025-11-26 11:27:08,CAROUSEL_ALBUM,FEED,7,0,,192,0,0,,67,8,2025-11-26 17:37:34.792
17841406083211195,18379621084153490,2025-11-26 11:27:08,CAROUSEL_ALBUM,FEED,9,0,,406,0,0,,121,11,2025-11-27 17:34:42.497
17841406083211195,18379621084153490,2025-11-26 11:27:08,CAROUSEL_ALBUM,FEED,14,0,,501,0,0,,141,16,2025-11-28 17:35:39.724
17841406083211195,18379621084153490,2025-11-26 11:27:08,CAROUSEL_ALBUM,FEED,15,0,,536,0,0,,153,17,2025-11-29 17:36:27.535
17841406083211195,18379621084153490,2025-11-26 11:27:08,CAROUSEL_ALBUM,FEED,15,0,,580,0,0,,164,17,2025-11-30 17:33:54.615
17841406083211195,18379621084153490,2025-11-26 11:27:08,CAROUSEL_ALBUM,FEED,16,0,,622,0,0,,170,18,2025-12-01 17:34:00.990
17841406083211195,18379621084153490,2025-11-26 11:27:08,CAROUSEL_ALBUM,FEED,16,0,,665,0,0,,176,18,2025-12-02 17:35:28.463
17841406083211195,18379621084153490,2025-11-26 11:27:08,CAROUSEL_ALBUM,FEED,16,0,,700,0,0,,179,18,2025-12-03 17:36:45.833
17841406083211195,18379621084153490,2025-11-26 11:27:08,CAROUSEL_ALBUM,FEED,16,0,,743,0,0,,183,18,2025-12-04 17:34:52.046
17841406083211195,18379621084153490,2025-11-26 11:27:08,CAROUSEL_ALBUM,FEED,16,0,,757,0,0,,185,18,2025-12-05 17:34:50.227
17841406083211195,18379621084153490,2025-11-26 11:27:08,CAROUSEL_ALBUM,FEED,16,0,,785,0,0,,187,18,2025-12-06 17:35:26.320
17841406083211195,18379621084153490,2025-11-26 11:27:08,CAROUSEL_ALBUM,FEED,16,0,,795,0,0,,187,18,2025-12-07 17:33:44.786
17841406083211195,18379621084153490,2025-11-26 11:27:08,CAROUSEL_ALBUM,FEED,16,0,,807,0,0,,187,18,2025-12-08 17:33:32.905
17841406083211195,18379621084153490,2025-11-26 11:27:08,CAROUSEL_ALBUM,FEED,16,0,,832,0,0,,189,18,2025-12-09 17:35:43.767
17841406083211195,18379621084153490,2025-11-26 11:27:08,CAROUSEL_ALBUM,FEED,16,0,,865,0,0,,195,18,2025-12-10 17:36:27.780
17841406083211195,18379621084153490,2025-11-26 11:27:08,CAROUSEL_ALBUM,FEED,16,0,,867,0,0,,196,18,2025-12-11 17:33:56.840
17841406083211195,18379621084153490,2025-11-26 11:27:08,CAROUSEL_ALBUM,FEED,16,0,,882,0,0,,198,18,2025-12-12 17:35:50.530
17841406083211195,18379621084153490,2025-11-26 11:27:08,CAROUSEL_ALBUM,FEED,16,0,,900,0,0,,200,18,2025-12-15 06:34:20.224
17841406083211195,18379621084153490,2025-11-26 11:27:08,CAROUSEL_ALBUM,FEED,16,0,,904,0,0,,200,18,2025-12-15 17:37:13.495
17841406083211195,18379621084153490,2025-11-26 11:27:08,CAROUSEL_ALBUM,FEED,16,0,,909,0,0,,201,18,2025-12-16 17:34:50.950
17841406083211195,18379621084153490,2025-11-26 11:27:08,CAROUSEL_ALBUM,FEED,16,0,,914,0,0,,202,18,2025-12-17 17:28:40.148
17841406083211195,18379621084153490,2025-11-26 11:27:08,CAROUSEL_ALBUM,FEED,16,0,,932,0,0,,203,18,2025-12-18 17:30:53.806
17841406083211195,18379621084153490,2025-11-26 11:27:08,CAROUSEL_ALBUM,FEED,16,0,,938,0,0,,204,18,2025-12-19 17:30:14.524
17841406083211195,18379621084153490,2025-11-26 11:27:08,CAROUSEL_ALBUM,FEED,16,0,,939,0,0,,205,18,2025-12-20 17:36:50.211
17841406083211195,18379621084153490,2025-11-26 11:27:08,CAROUSEL_ALBUM,FEED,16,0,,941,0,0,,207,18,2025-12-21 17:29:37.386
17841406083211195,18379621084153490,2025-11-26 11:27:08,CAROUSEL_ALBUM,FEED,16,0,,948,0,0,,209,18,2025-12-22 17:28:31.290
17841406083211195,18379621084153490,2025-11-26 11:27:08,CAROUSEL_ALBUM,FEED,16,0,,952,0,0,,210,18,2025-12-23 17:28:29.216
17841406083211195,18379621084153490,2025-11-26 11:27:08,CAROUSEL_ALBUM,FEED,16,0,,953,0,0,,210,18,2025-12-24 17:28:54.102
17841406083211195,18379621084153490,2025-11-26 11:27:08,CAROUSEL_ALBUM,FEED,16,0,,954,0,0,,210,18,2025-12-25 17:29:03.344
17841406083211195,18416080381110837,2025-08-25 09:57:25,CAROUSEL_ALBUM,FEED,3,0,,151,0,0,,57,3,2025-08-25 17:29:26.501
17841406083211195,18416080381110837,2025-08-25 09:57:25,CAROUSEL_ALBUM,FEED,6,0,,283,0,0,,98,6,2025-08-26 17:28:54.305
17841406083211195,18416080381110837,2025-08-25 09:57:25,CAROUSEL_ALBUM,FEED,6,0,,345,0,0,,108,6,2025-08-27 17:30:15.468
17841406083211195,18416080381110837,2025-08-25 09:57:25,CAROUSEL_ALBUM,FEED,7,0,,462,0,0,,121,7,2025-08-28 17:31:18.231
17841406083211195,18416080381110837,2025-08-25 09:57:25,CAROUSEL_ALBUM,FEED,8,0,,535,0,0,,130,8,2025-08-29 17:28:45.770
17841406083211195,18416080381110837,2025-08-25 09:57:25,CAROUSEL_ALBUM,FEED,8,0,,581,0,0,,133,8,2025-08-30 17:30:09.894
17841406083211195,18416080381110837,2025-08-25 09:57:25,CAROUSEL_ALBUM,FEED,8,0,,636,0,0,,136,8,2025-08-31 17:28:47.929
17841406083211195,18416080381110837,2025-08-25 09:57:25,CAROUSEL_ALBUM,FEED,8,0,,1642,0,0,,174,8,2025-10-01 04:09:53.353
17841406083211195,18416080381110837,2025-08-25 09:57:25,CAROUSEL_ALBUM,FEED,8,0,,1671,0,0,,174,8,2025-10-01 17:29:53.156
17841406083211195,18416080381110837,2025-08-25 09:57:25,CAROUSEL_ALBUM,FEED,8,0,,1678,0,0,,174,8,2025-10-02 02:39:18.161
17841406083211195,18416080381110837,2025-08-25 09:57:25,CAROUSEL_ALBUM,FEED,8,0,,1683,0,0,,174,8,2025-10-02 04:04:29.523
17841406083211195,18416080381110837,2025-08-25 09:57:25,CAROUSEL_ALBUM,FEED,8,0,,1703,0,0,,174,8,2025-10-02 17:29:27.080
17841406083211195,18416080381110837,2025-08-25 09:57:25,CAROUSEL_ALBUM,FEED,8,0,,1730,0,0,,175,8,2025-10-03 17:29:13.359
17841406083211195,18416080381110837,2025-08-25 09:57:25,CAROUSEL_ALBUM,FEED,8,0,,1731,0,0,,175,8,2025-10-04 17:29:36.068
17841406083211195,18416080381110837,2025-08-25 09:57:25,CAROUSEL_ALBUM,FEED,8,0,,1739,0,0,,175,8,2025-10-05 17:29:24.322
17841406083211195,18416080381110837,2025-08-25 09:57:25,CAROUSEL_ALBUM,FEED,8,0,,1747,0,0,,176,8,2025-10-06 17:28:48.562
17841406083211195,18416080381110837,2025-08-25 09:57:25,CAROUSEL_ALBUM,FEED,8,0,,1771,0,0,,178,8,2025-10-07 17:28:29.276
17841406083211195,18416080381110837,2025-08-25 09:57:25,CAROUSEL_ALBUM,FEED,8,0,,1784,0,0,,178,8,2025-10-08 17:29:40.362
17841406083211195,18416080381110837,2025-08-25 09:57:25,CAROUSEL_ALBUM,FEED,8,0,,1801,0,0,,179,8,2025-10-09 17:28:46.175
17841406083211195,18416080381110837,2025-08-25 09:57:25,CAROUSEL_ALBUM,FEED,8,0,,1807,0,0,,180,8,2025-10-10 17:30:06.546
17841406083211195,18416080381110837,2025-08-25 09:57:25,CAROUSEL_ALBUM,FEED,8,0,,1810,0,0,,180,8,2025-10-11 17:28:30.971
17841406083211195,18416080381110837,2025-08-25 09:57:25,CAROUSEL_ALBUM,FEED,8,0,,1811,0,0,,180,8,2025-10-12 17:28:49.794
17841406083211195,18416080381110837,2025-08-25 09:57:25,CAROUSEL_ALBUM,FEED,8,0,,1818,0,0,,180,8,2025-10-13 17:28:53.162
17841406083211195,18416080381110837,2025-08-25 09:57:25,CAROUSEL_ALBUM,FEED,8,0,,1827,0,0,,180,8,2025-10-14 17:28:21.213
17841406083211195,18416080381110837,2025-08-25 09:57:25,CAROUSEL_ALBUM,FEED,8,0,,1845,0,0,,181,8,2025-10-15 17:29:48.883
17841406083211195,18416080381110837,2025-08-25 09:57:25,CAROUSEL_ALBUM,FEED,8,0,,1852,0,0,,182,8,2025-10-16 17:28:56.622
17841406083211195,18416080381110837,2025-08-25 09:57:25,CAROUSEL_ALBUM,FEED,9,0,,1874,0,0,,183,9,2025-10-17 17:29:48.796
17841406083211195,18416080381110837,2025-08-25 09:57:25,CAROUSEL_ALBUM,FEED,9,0,,1881,0,0,,184,9,2025-10-18 17:28:28.256
17841406083211195,18416080381110837,2025-08-25 09:57:25,CAROUSEL_ALBUM,FEED,9,0,,1883,0,0,,184,9,2025-10-19 17:28:32.841
17841406083211195,18416080381110837,2025-08-25 09:57:25,CAROUSEL_ALBUM,FEED,9,0,,1886,0,0,,184,9,2025-10-20 17:29:18.466
17841406083211195,18416080381110837,2025-08-25 09:57:25,CAROUSEL_ALBUM,FEED,9,0,,1892,0,0,,184,9,2025-10-21 17:28:38.458
17841406083211195,18416080381110837,2025-08-25 09:57:25,CAROUSEL_ALBUM,FEED,9,0,,1900,0,0,,184,9,2025-10-22 17:28:54.486
17841406083211195,18416080381110837,2025-08-25 09:57:25,CAROUSEL_ALBUM,FEED,9,0,,1922,0,0,,184,9,2025-10-23 17:28:30.290
17841406083211195,18416080381110837,2025-08-25 09:57:25,CAROUSEL_ALBUM,FEED,9,0,,1931,0,0,,184,9,2025-10-24 17:28:52.182
17841406083211195,18416080381110837,2025-08-25 09:57:25,CAROUSEL_ALBUM,FEED,9,0,,1937,0,0,,184,9,2025-10-25 17:30:00.347
17841406083211195,18416080381110837,2025-08-25 09:57:25,CAROUSEL_ALBUM,FEED,9,0,,1938,0,0,,184,9,2025-10-27 17:28:47.000
17841406083211195,18416080381110837,2025-08-25 09:57:25,CAROUSEL_ALBUM,FEED,9,0,,1968,0,0,,185,9,2025-10-28 17:29:42.171
17841406083211195,18416080381110837,2025-08-25 09:57:25,CAROUSEL_ALBUM,FEED,9,0,,1971,0,0,,185,9,2025-10-29 17:29:27.590
17841406083211195,18416080381110837,2025-08-25 09:57:25,CAROUSEL_ALBUM,FEED,9,0,,1984,0,0,,186,9,2025-10-31 17:29:01.882
17841406083211195,18416080381110837,2025-08-25 09:57:25,CAROUSEL_ALBUM,FEED,9,0,,1988,0,0,,186,9,2025-11-01 17:29:16.510
17841406083211195,18416080381110837,2025-08-25 09:57:25,CAROUSEL_ALBUM,FEED,9,0,,1989,0,0,,186,9,2025-11-02 17:28:55.104
17841406083211195,18416080381110837,2025-08-25 09:57:25,CAROUSEL_ALBUM,FEED,9,0,,1992,0,0,,186,9,2025-11-03 17:28:49.524
17841406083211195,18416080381110837,2025-08-25 09:57:25,CAROUSEL_ALBUM,FEED,9,0,,1993,0,0,,186,9,2025-11-04 17:28:20.665
17841406083211195,18416080381110837,2025-08-25 09:57:25,CAROUSEL_ALBUM,FEED,9,0,,1997,0,0,,186,9,2025-11-05 17:28:28.353
17841406083211195,18416080381110837,2025-08-25 09:57:25,CAROUSEL_ALBUM,FEED,9,0,,1998,0,0,,186,9,2025-11-06 17:28:43.528
17841406083211195,18416080381110837,2025-08-25 09:57:25,CAROUSEL_ALBUM,FEED,9,0,,2006,0,0,,187,9,2025-11-07 17:29:01.090
17841406083211195,18416080381110837,2025-08-25 09:57:25,CAROUSEL_ALBUM,FEED,9,0,,2013,0,0,,188,9,2025-11-09 17:28:38.967
17841406083211195,18416080381110837,2025-08-25 09:57:25,CAROUSEL_ALBUM,FEED,9,0,,2020,0,0,,188,9,2025-11-10 17:29:14.413
17841406083211195,18416080381110837,2025-08-25 09:57:25,CAROUSEL_ALBUM,FEED,9,0,,2026,0,0,,189,9,2025-11-11 17:29:05.812
17841406083211195,18416080381110837,2025-08-25 09:57:25,CAROUSEL_ALBUM,FEED,9,0,,2030,0,0,,190,9,2025-11-12 17:29:04.438
17841406083211195,18416080381110837,2025-08-25 09:57:25,CAROUSEL_ALBUM,FEED,9,0,,2033,0,0,,190,9,2025-11-13 17:29:31.149
17841406083211195,18416080381110837,2025-08-25 09:57:25,CAROUSEL_ALBUM,FEED,9,0,,2041,0,0,,190,9,2025-11-14 17:29:08.315
17841406083211195,18416080381110837,2025-08-25 09:57:25,CAROUSEL_ALBUM,FEED,9,0,,2053,0,0,,190,9,2025-11-15 17:30:56.075
17841406083211195,18416080381110837,2025-08-25 09:57:25,CAROUSEL_ALBUM,FEED,9,0,,2058,0,0,,191,9,2025-11-16 17:29:49.621
17841406083211195,18416080381110837,2025-08-25 09:57:25,CAROUSEL_ALBUM,FEED,9,0,,2062,0,0,,191,9,2025-11-17 17:29:12.872
17841406083211195,18416080381110837,2025-08-25 09:57:25,CAROUSEL_ALBUM,FEED,9,0,,2070,0,0,,192,9,2025-11-18 17:29:03.778
17841406083211195,18416080381110837,2025-08-25 09:57:25,CAROUSEL_ALBUM,FEED,9,0,,2081,0,0,,194,9,2025-11-19 17:35:11.183
17841406083211195,18416080381110837,2025-08-25 09:57:25,CAROUSEL_ALBUM,FEED,9,0,,2085,0,0,,195,9,2025-11-20 17:35:45.156
17841406083211195,18416080381110837,2025-08-25 09:57:25,CAROUSEL_ALBUM,FEED,9,0,,2091,0,0,,195,9,2025-11-21 17:35:36.099
17841406083211195,18416080381110837,2025-08-25 09:57:25,CAROUSEL_ALBUM,FEED,9,0,,2093,0,0,,195,9,2025-11-22 17:33:42.562
17841406083211195,18416080381110837,2025-08-25 09:57:25,CAROUSEL_ALBUM,FEED,9,0,,2100,0,0,,195,9,2025-11-23 17:33:11.054
17841406083211195,18416080381110837,2025-08-25 09:57:25,CAROUSEL_ALBUM,FEED,9,0,,2103,0,0,,196,9,2025-11-24 17:36:14.923
17841406083211195,18416080381110837,2025-08-25 09:57:25,CAROUSEL_ALBUM,FEED,9,0,,2105,0,0,,196,9,2025-11-25 17:34:34.026
17841406083211195,18416080381110837,2025-08-25 09:57:25,CAROUSEL_ALBUM,FEED,9,0,,2108,0,0,,196,9,2025-11-26 17:37:08.512
17841406083211195,18416080381110837,2025-08-25 09:57:25,CAROUSEL_ALBUM,FEED,9,0,,2109,0,0,,196,9,2025-11-28 17:35:14.153
17841406083211195,18416080381110837,2025-08-25 09:57:25,CAROUSEL_ALBUM,FEED,9,0,,2112,0,0,,197,9,2025-11-30 17:33:37.940
17841406083211195,18416080381110837,2025-08-25 09:57:25,CAROUSEL_ALBUM,FEED,9,0,,2120,0,0,,198,9,2025-12-02 17:35:07.734
17841406083211195,18416080381110837,2025-08-25 09:57:25,CAROUSEL_ALBUM,FEED,9,0,,2128,0,0,,199,9,2025-12-03 17:36:28.749
17841406083211195,18416080381110837,2025-08-25 09:57:25,CAROUSEL_ALBUM,FEED,9,0,,2134,0,0,,199,9,2025-12-04 17:34:30.957
17841406083211195,18416080381110837,2025-08-25 09:57:25,CAROUSEL_ALBUM,FEED,9,0,,2135,0,0,,199,9,2025-12-05 17:34:34.775
17841406083211195,18416080381110837,2025-08-25 09:57:25,CAROUSEL_ALBUM,FEED,9,0,,2136,0,0,,199,9,2025-12-07 17:33:28.021
17841406083211195,18416080381110837,2025-08-25 09:57:25,CAROUSEL_ALBUM,FEED,9,0,,2137,0,0,,199,9,2025-12-08 17:33:12.767
17841406083211195,18416080381110837,2025-08-25 09:57:25,CAROUSEL_ALBUM,FEED,9,0,,2139,0,0,,199,9,2025-12-09 17:35:25.125
17841406083211195,18416080381110837,2025-08-25 09:57:25,CAROUSEL_ALBUM,FEED,9,0,,2144,0,0,,199,9,2025-12-10 17:36:05.396
17841406083211195,18416080381110837,2025-08-25 09:57:25,CAROUSEL_ALBUM,FEED,9,0,,2145,0,0,,199,9,2025-12-11 17:33:40.058
17841406083211195,18416080381110837,2025-08-25 09:57:25,CAROUSEL_ALBUM,FEED,9,0,,2147,0,0,,200,9,2025-12-12 17:35:25.289
17841406083211195,18416080381110837,2025-08-25 09:57:25,CAROUSEL_ALBUM,FEED,9,0,,2151,0,0,,200,9,2025-12-15 17:36:51.717
17841406083211195,18416080381110837,2025-08-25 09:57:25,CAROUSEL_ALBUM,FEED,9,0,,2152,0,0,,200,9,2025-12-17 17:28:51.599
17841406083211195,18416080381110837,2025-08-25 09:57:25,CAROUSEL_ALBUM,FEED,9,0,,2155,0,0,,201,9,2025-12-21 17:29:45.215
17841406083211195,18416080381110837,2025-08-25 09:57:25,CAROUSEL_ALBUM,FEED,9,0,,2156,0,0,,201,9,2025-12-22 17:28:37.821
17841406083211195,18416080381110837,2025-08-25 09:57:25,CAROUSEL_ALBUM,FEED,9,0,,2157,0,0,,201,9,2025-12-25 17:29:11.621
17841406083211195,18417563545119574,2025-11-06 10:50:40,CAROUSEL_ALBUM,FEED,3,0,,262,4,0,,119,7,2025-11-06 17:28:37.024
17841406083211195,18417563545119574,2025-11-06 10:50:40,CAROUSEL_ALBUM,FEED,6,0,,474,5,0,,183,11,2025-11-07 17:29:01.082
17841406083211195,18417563545119574,2025-11-06 10:50:40,CAROUSEL_ALBUM,FEED,8,0,,554,5,0,,196,13,2025-11-08 17:29:24.250
17841406083211195,18417563545119574,2025-11-06 10:50:40,CAROUSEL_ALBUM,FEED,9,0,,650,5,0,,210,14,2025-11-09 17:28:38.943
17841406083211195,18417563545119574,2025-11-06 10:50:40,CAROUSEL_ALBUM,FEED,9,0,,776,5,0,,222,14,2025-11-10 17:29:07.630
17841406083211195,18417563545119574,2025-11-06 10:50:40,CAROUSEL_ALBUM,FEED,9,0,,866,5,0,,230,14,2025-11-11 17:28:56.846
17841406083211195,18417563545119574,2025-11-06 10:50:40,CAROUSEL_ALBUM,FEED,10,0,,1096,5,0,,257,15,2025-11-12 17:28:57.504
17841406083211195,18417563545119574,2025-11-06 10:50:40,CAROUSEL_ALBUM,FEED,10,0,,1207,5,0,,263,15,2025-11-13 17:29:19.488
17841406083211195,18417563545119574,2025-11-06 10:50:40,CAROUSEL_ALBUM,FEED,10,0,,1318,5,0,,268,15,2025-11-14 17:29:00.531
17841406083211195,18417563545119574,2025-11-06 10:50:40,CAROUSEL_ALBUM,FEED,11,0,,1463,5,0,,275,16,2025-11-15 17:30:46.795
17841406083211195,18417563545119574,2025-11-06 10:50:40,CAROUSEL_ALBUM,FEED,11,0,,1514,5,0,,280,16,2025-11-16 17:29:40.684
17841406083211195,18417563545119574,2025-11-06 10:50:40,CAROUSEL_ALBUM,FEED,11,0,,1569,5,0,,281,16,2025-11-17 17:29:03.595
17841406083211195,18417563545119574,2025-11-06 10:50:40,CAROUSEL_ALBUM,FEED,11,0,,1638,5,0,,283,16,2025-11-18 17:28:56.190
17841406083211195,18417563545119574,2025-11-06 10:50:40,CAROUSEL_ALBUM,FEED,11,0,,1683,5,0,,285,16,2025-11-19 17:35:40.556
17841406083211195,18417563545119574,2025-11-06 10:50:40,CAROUSEL_ALBUM,FEED,11,0,,1712,5,0,,286,16,2025-11-20 17:36:11.074
17841406083211195,18417563545119574,2025-11-06 10:50:40,CAROUSEL_ALBUM,FEED,11,0,,1734,5,0,,286,16,2025-11-21 17:36:02.516
17841406083211195,18417563545119574,2025-11-06 10:50:40,CAROUSEL_ALBUM,FEED,11,0,,1746,5,0,,286,16,2025-11-22 17:34:01.728
17841406083211195,18417563545119574,2025-11-06 10:50:40,CAROUSEL_ALBUM,FEED,11,0,,1757,5,0,,286,16,2025-11-23 17:33:29.829
17841406083211195,18417563545119574,2025-11-06 10:50:40,CAROUSEL_ALBUM,FEED,11,0,,1776,5,0,,288,16,2025-11-24 17:36:37.541
17841406083211195,18417563545119574,2025-11-06 10:50:40,CAROUSEL_ALBUM,FEED,11,0,,1792,5,0,,290,16,2025-11-25 17:34:55.733
17841406083211195,18417563545119574,2025-11-06 10:50:40,CAROUSEL_ALBUM,FEED,11,0,,1815,5,0,,291,16,2025-11-26 17:37:42.123
17841406083211195,18417563545119574,2025-11-06 10:50:40,CAROUSEL_ALBUM,FEED,11,0,,1840,5,0,,291,16,2025-11-27 17:34:45.025
17841406083211195,18417563545119574,2025-11-06 10:50:40,CAROUSEL_ALBUM,FEED,11,0,,1847,5,0,,291,16,2025-11-28 17:35:44.386
17841406083211195,18417563545119574,2025-11-06 10:50:40,CAROUSEL_ALBUM,FEED,11,0,,1849,5,0,,291,16,2025-11-29 17:36:31.265
17841406083211195,18417563545119574,2025-11-06 10:50:40,CAROUSEL_ALBUM,FEED,11,0,,1853,5,0,,291,16,2025-11-30 17:33:58.337
17841406083211195,18417563545119574,2025-11-06 10:50:40,CAROUSEL_ALBUM,FEED,11,0,,1865,5,0,,292,16,2025-12-01 17:34:08.914
17841406083211195,18417563545119574,2025-11-06 10:50:40,CAROUSEL_ALBUM,FEED,11,0,,1876,5,0,,292,16,2025-12-02 17:35:38.572
17841406083211195,18417563545119574,2025-11-06 10:50:40,CAROUSEL_ALBUM,FEED,11,0,,1891,5,0,,293,16,2025-12-03 17:36:55.128
17841406083211195,18417563545119574,2025-11-06 10:50:40,CAROUSEL_ALBUM,FEED,11,0,,1896,5,0,,293,16,2025-12-04 17:35:00.177
17841406083211195,18417563545119574,2025-11-06 10:50:40,CAROUSEL_ALBUM,FEED,11,0,,1900,5,0,,293,16,2025-12-05 17:34:57.771
17841406083211195,18417563545119574,2025-11-06 10:50:40,CAROUSEL_ALBUM,FEED,11,0,,1910,5,0,,294,16,2025-12-06 17:35:35.206
17841406083211195,18417563545119574,2025-11-06 10:50:40,CAROUSEL_ALBUM,FEED,11,0,,1913,5,0,,294,16,2025-12-07 17:33:54.982
17841406083211195,18417563545119574,2025-11-06 10:50:40,CAROUSEL_ALBUM,FEED,11,0,,1915,5,0,,294,16,2025-12-08 17:33:41.606
17841406083211195,18417563545119574,2025-11-06 10:50:40,CAROUSEL_ALBUM,FEED,11,0,,1924,5,0,,295,16,2025-12-09 17:35:53.028
17841406083211195,18417563545119574,2025-11-06 10:50:40,CAROUSEL_ALBUM,FEED,11,0,,1932,5,0,,295,16,2025-12-10 17:36:44.461
17841406083211195,18417563545119574,2025-11-06 10:50:40,CAROUSEL_ALBUM,FEED,11,0,,1933,5,0,,295,16,2025-12-11 17:34:06.391
17841406083211195,18417563545119574,2025-11-06 10:50:40,CAROUSEL_ALBUM,FEED,11,0,,1934,5,0,,295,16,2025-12-12 17:36:01.937
17841406083211195,18417563545119574,2025-11-06 10:50:40,CAROUSEL_ALBUM,FEED,11,0,,1940,5,0,,295,16,2025-12-15 06:34:28.284
17841406083211195,18417563545119574,2025-11-06 10:50:40,CAROUSEL_ALBUM,FEED,11,0,,1942,5,0,,295,16,2025-12-15 17:37:24.704
17841406083211195,18417563545119574,2025-11-06 10:50:40,CAROUSEL_ALBUM,FEED,11,0,,1948,5,0,,295,16,2025-12-16 17:35:03.669
17841406083211195,18417563545119574,2025-11-06 10:50:40,CAROUSEL_ALBUM,FEED,11,0,,1949,5,0,,295,16,2025-12-17 17:28:40.145
17841406083211195,18417563545119574,2025-11-06 10:50:40,CAROUSEL_ALBUM,FEED,11,0,,1962,5,0,,296,16,2025-12-18 17:30:53.801
17841406083211195,18417563545119574,2025-11-06 10:50:40,CAROUSEL_ALBUM,FEED,11,0,,1963,5,0,,298,16,2025-12-19 17:30:14.519
17841406083211195,18417563545119574,2025-11-06 10:50:40,CAROUSEL_ALBUM,FEED,11,0,,1964,5,0,,298,16,2025-12-21 17:29:37.381
17841406083211195,18417563545119574,2025-11-06 10:50:40,CAROUSEL_ALBUM,FEED,11,0,,1968,5,0,,298,16,2025-12-22 17:28:31.288
17841406083211195,18417563545119574,2025-11-06 10:50:40,CAROUSEL_ALBUM,FEED,11,0,,1972,5,0,,300,16,2025-12-23 17:28:29.212
17841406083211195,18417563545119574,2025-11-06 10:50:40,CAROUSEL_ALBUM,FEED,11,0,,1973,5,0,,300,16,2025-12-25 17:29:03.340
17841406083211195,18434727382107988,2025-12-22 10:35:34,CAROUSEL_ALBUM,FEED,5,0,,93,0,0,,38,5,2025-12-22 17:28:23.196
17841406083211195,18434727382107988,2025-12-22 10:35:34,CAROUSEL_ALBUM,FEED,6,0,,156,0,0,,49,6,2025-12-23 17:28:21.051
17841406083211195,18434727382107988,2025-12-22 10:35:34,CAROUSEL_ALBUM,FEED,7,0,,188,0,0,,57,7,2025-12-24 17:28:54.115
17841406083211195,18434727382107988,2025-12-22 10:35:34,CAROUSEL_ALBUM,FEED,8,0,,210,0,0,,64,8,2025-12-25 17:29:03.352
17841406083211195,18542660350028506,2025-11-24 06:46:26,CAROUSEL_ALBUM,FEED,17,0,,358,0,0,,111,17,2025-11-24 17:36:35.480
17841406083211195,18542660350028506,2025-11-24 06:46:26,CAROUSEL_ALBUM,FEED,21,0,,558,0,0,,148,21,2025-11-25 17:34:52.762
17841406083211195,18542660350028506,2025-11-24 06:46:26,CAROUSEL_ALBUM,FEED,22,0,,682,0,0,,164,22,2025-11-26 17:37:34.793
17841406083211195,18542660350028506,2025-11-24 06:46:26,CAROUSEL_ALBUM,FEED,23,0,,815,0,0,,182,23,2025-11-27 17:34:42.498
17841406083211195,18542660350028506,2025-11-24 06:46:26,CAROUSEL_ALBUM,FEED,23,0,,901,0,0,,196,23,2025-11-28 17:35:39.725
17841406083211195,18542660350028506,2025-11-24 06:46:26,CAROUSEL_ALBUM,FEED,23,0,,932,0,0,,199,23,2025-11-29 17:36:27.535
17841406083211195,18542660350028506,2025-11-24 06:46:26,CAROUSEL_ALBUM,FEED,24,0,,996,1,0,,209,25,2025-11-30 17:33:54.616
17841406083211195,18542660350028506,2025-11-24 06:46:26,CAROUSEL_ALBUM,FEED,24,0,,1056,1,0,,215,25,2025-12-01 17:34:00.990
17841406083211195,18542660350028506,2025-11-24 06:46:26,CAROUSEL_ALBUM,FEED,24,0,,1109,1,0,,220,25,2025-12-02 17:35:28.464
17841406083211195,18542660350028506,2025-11-24 06:46:26,CAROUSEL_ALBUM,FEED,24,0,,1183,1,0,,232,25,2025-12-03 17:36:45.834
17841406083211195,18542660350028506,2025-11-24 06:46:26,CAROUSEL_ALBUM,FEED,24,0,,1238,1,0,,237,25,2025-12-04 17:34:52.047
17841406083211195,18542660350028506,2025-11-24 06:46:26,CAROUSEL_ALBUM,FEED,24,0,,1263,1,0,,243,25,2025-12-05 17:34:50.228
17841406083211195,18542660350028506,2025-11-24 06:46:26,CAROUSEL_ALBUM,FEED,24,0,,1312,1,0,,251,25,2025-12-06 17:35:26.321
17841406083211195,18542660350028506,2025-11-24 06:46:26,CAROUSEL_ALBUM,FEED,24,0,,1330,1,0,,256,25,2025-12-07 17:33:44.786
17841406083211195,18542660350028506,2025-11-24 06:46:26,CAROUSEL_ALBUM,FEED,24,0,,1352,1,0,,261,25,2025-12-08 17:33:32.906
17841406083211195,18542660350028506,2025-11-24 06:46:26,CAROUSEL_ALBUM,FEED,24,0,,1377,1,0,,264,25,2025-12-09 17:35:43.769
17841406083211195,18542660350028506,2025-11-24 06:46:26,CAROUSEL_ALBUM,FEED,24,0,,1400,1,0,,268,25,2025-12-10 17:36:27.781
17841406083211195,18542660350028506,2025-11-24 06:46:26,CAROUSEL_ALBUM,FEED,24,0,,1410,1,0,,269,25,2025-12-11 17:33:56.841
17841406083211195,18542660350028506,2025-11-24 06:46:26,CAROUSEL_ALBUM,FEED,24,0,,1427,1,0,,273,25,2025-12-12 17:35:50.530
17841406083211195,18542660350028506,2025-11-24 06:46:26,CAROUSEL_ALBUM,FEED,24,0,,1463,1,0,,281,25,2025-12-15 06:34:20.225
17841406083211195,18542660350028506,2025-11-24 06:46:26,CAROUSEL_ALBUM,FEED,24,0,,1469,1,0,,281,25,2025-12-15 17:37:13.496
17841406083211195,18542660350028506,2025-11-24 06:46:26,CAROUSEL_ALBUM,FEED,24,0,,1484,1,0,,286,25,2025-12-16 17:34:50.951
17841406083211195,18542660350028506,2025-11-24 06:46:26,CAROUSEL_ALBUM,FEED,24,0,,1496,1,0,,288,25,2025-12-17 17:28:40.148
17841406083211195,18542660350028506,2025-11-24 06:46:26,CAROUSEL_ALBUM,FEED,24,0,,1520,1,0,,293,25,2025-12-18 17:30:53.807
17841406083211195,18542660350028506,2025-11-24 06:46:26,CAROUSEL_ALBUM,FEED,24,0,,1529,1,0,,296,25,2025-12-19 17:30:14.524
17841406083211195,18542660350028506,2025-11-24 06:46:26,CAROUSEL_ALBUM,FEED,24,0,,1538,1,0,,298,25,2025-12-20 17:36:50.212
17841406083211195,18542660350028506,2025-11-24 06:46:26,CAROUSEL_ALBUM,FEED,24,0,,1542,1,0,,299,25,2025-12-21 17:29:37.387
17841406083211195,18542660350028506,2025-11-24 06:46:26,CAROUSEL_ALBUM,FEED,24,0,,1555,1,0,,302,25,2025-12-22 17:28:31.291
17841406083211195,18542660350028506,2025-11-24 06:46:26,CAROUSEL_ALBUM,FEED,24,0,,1561,1,0,,303,25,2025-12-23 17:28:29.217
17841406083211195,18542660350028506,2025-11-24 06:46:26,CAROUSEL_ALBUM,FEED,24,0,,1563,1,0,,305,25,2025-12-24 17:28:54.103
17841406083211195,18542660350028506,2025-11-24 06:46:26,CAROUSEL_ALBUM,FEED,24,0,,1564,1,0,,305,25,2025-12-25 17:29:03.344
