USER_ID,ID,CREATED_TIME,MEDIA_TYPE,MEDIA_PRODUCT_TYPE,LIKE_COUNT,COMMENT_COUNT,REEL_VIEWS,REEL_COMMENTS,REEL_SAVED,REEL_SHARES,REEL_TOTAL_INTERACTIONS,TIMESTAMP
17841406083211195,17842226628505241,2025-06-01 10:50:43,VIDEO,REELS,7,0,226,0,0,0,7,2025-06-01 17:29:38.734
17841406083211195,17842226628505241,2025-06-01 10:50:43,VIDEO,REELS,11,0,310,0,0,0,11,2025-06-02 17:30:25.855
17841406083211195,17842226628505241,2025-06-01 10:50:43,VIDEO,REELS,11,0,321,0,0,0,11,2025-06-03 17:29:40.487
17841406083211195,17842226628505241,2025-06-01 10:50:43,VIDEO,REELS,11,0,327,0,0,0,11,2025-06-04 17:30:00.720
17841406083211195,17842226628505241,2025-06-01 10:50:43,VIDEO,REELS,11,0,338,0,0,0,11,2025-06-05 17:30:15.503
17841406083211195,17842226628505241,2025-06-01 10:50:43,VIDEO,REELS,12,0,394,0,0,0,12,2025-07-03 17:29:59.219
17841406083211195,17842226628505241,2025-06-01 10:50:43,VIDEO,REELS,12,0,395,0,0,0,12,2025-07-04 17:30:58.681
17841406083211195,17842226628505241,2025-06-01 10:50:43,VIDEO,REELS,12,0,397,0,0,0,12,2025-07-05 17:29:52.054
17841406083211195,17842226628505241,2025-06-01 10:50:43,VIDEO,REELS,12,0,400,0,0,0,12,2025-07-10 17:29:17.371
17841406083211195,17842226628505241,2025-06-01 10:50:43,VIDEO,REELS,12,0,401,0,0,0,12,2025-07-13 17:29:26.778
17841406083211195,17842226628505241,2025-06-01 10:50:43,VIDEO,REELS,12,0,406,0,0,0,12,2025-07-14 17:30:26.688
17841406083211195,17842226628505241,2025-06-01 10:50:43,VIDEO,REELS,12,0,407,0,0,0,12,2025-07-16 17:30:05.720
17841406083211195,17842226628505241,2025-06-01 10:50:43,VIDEO,REELS,12,0,408,0,0,0,12,2025-07-18 17:29:48.377
17841406083211195,17842226628505241,2025-06-01 10:50:43,VIDEO,REELS,12,0,409,0,0,0,12,2025-07-19 17:30:04.121
17841406083211195,17842226628505241,2025-06-01 10:50:43,VIDEO,REELS,12,0,411,0,0,0,12,2025-07-20 17:30:14.576
17841406083211195,17842226628505241,2025-06-01 10:50:43,VIDEO,REELS,12,0,412,0,0,0,12,2025-07-22 17:30:36.356
17841406083211195,17842226628505241,2025-06-01 10:50:43,VIDEO,REELS,12,0,413,0,0,0,12,2025-07-27 17:30:34.311
17841406083211195,17842226628505241,2025-06-01 10:50:43,VIDEO,REELS,12,0,415,0,0,0,12,2025-07-29 17:29:46.536
17841406083211195,17842226628505241,2025-06-01 10:50:43,VIDEO,REELS,12,0,418,0,0,0,12,2025-08-01 17:30:02.462
17841406083211195,17842226628505241,2025-06-01 10:50:43,VIDEO,REELS,12,0,419,0,0,0,12,2025-08-06 17:29:21.821
17841406083211195,17842226628505241,2025-06-01 10:50:43,VIDEO,REELS,12,0,421,0,0,0,12,2025-08-11 17:30:32.974
17841406083211195,17842226628505241,2025-06-01 10:50:43,VIDEO,REELS,12,0,423,0,0,0,12,2025-08-17 17:28:43.186
17841406083211195,17842226628505241,2025-06-01 10:50:43,VIDEO,REELS,12,0,424,0,0,0,12,2025-08-19 17:29:48.979
17841406083211195,17842226628505241,2025-06-01 10:50:43,VIDEO,REELS,12,0,425,0,0,0,12,2025-08-20 17:29:49.060
17841406083211195,17842226628505241,2025-06-01 10:50:43,VIDEO,REELS,12,0,428,0,0,0,12,2025-08-24 17:29:14.571
17841406083211195,17842226628505241,2025-06-01 10:50:43,VIDEO,REELS,12,0,429,0,0,0,12,2025-08-25 17:29:45.214
17841406083211195,17842226628505241,2025-06-01 10:50:43,VIDEO,REELS,12,0,430,0,0,0,12,2025-08-26 17:29:15.114
17841406083211195,17842226628505241,2025-06-01 10:50:43,VIDEO,REELS,12,0,431,0,0,0,12,2025-08-27 17:30:23.677
17841406083211195,17842226628505241,2025-06-01 10:50:43,VIDEO,REELS,12,0,433,0,0,0,12,2025-08-31 17:28:56.750
17841406083211195,17842226628505241,2025-06-01 10:50:43,VIDEO,REELS,13,0,442,0,0,0,13,2025-10-13 17:29:00.312
17841406083211195,17842226628505241,2025-06-01 10:50:43,VIDEO,REELS,13,0,443,0,0,0,13,2025-10-15 17:30:00.910
17841406083211195,17842226628505241,2025-06-01 10:50:43,VIDEO,REELS,13,0,445,0,0,0,13,2025-10-22 17:29:00.838
17841406083211195,17842226628505241,2025-06-01 10:50:43,VIDEO,REELS,13,0,446,0,0,0,13,2025-10-27 17:28:53.361
17841406083211195,17842226628505241,2025-06-01 10:50:43,VIDEO,REELS,13,0,448,0,0,0,13,2025-10-31 17:29:10.258
17841406083211195,17842226628505241,2025-06-01 10:50:43,VIDEO,REELS,13,0,449,0,0,0,13,2025-11-10 17:29:23.653
17841406083211195,17842226628505241,2025-06-01 10:50:43,VIDEO,REELS,13,0,450,0,0,0,13,2025-11-15 17:31:07.849
17841406083211195,17842226628505241,2025-06-01 10:50:43,VIDEO,REELS,13,0,451,0,0,0,13,2025-11-18 17:29:13.859
17841406083211195,17842226628505241,2025-06-01 10:50:43,VIDEO,REELS,13,0,452,0,0,0,13,2025-11-26 17:37:08.517
17841406083211195,17842226628505241,2025-06-01 10:50:43,VIDEO,REELS,13,0,453,0,0,0,13,2025-12-03 17:36:28.753
17841406083211195,17842226628505241,2025-06-01 10:50:43,VIDEO,REELS,13,0,454,0,0,0,13,2025-12-04 17:34:30.960
17841406083211195,17842226628505241,2025-06-01 10:50:43,VIDEO,REELS,13,0,457,0,0,0,13,2025-12-07 17:33:28.024
17841406083211195,17842226628505241,2025-06-01 10:50:43,VIDEO,REELS,13,0,457,0,0,0,13,2025-12-20 17:36:30.965
17841406083211195,17842226628505241,2025-06-01 10:50:43,VIDEO,REELS,13,0,458,0,0,0,13,2025-12-25 17:29:25.141
17841406083211195,17844703083547028,2025-08-29 07:58:40,VIDEO,REELS,4,0,184,0,1,0,5,2025-08-29 17:28:40.273
17841406083211195,17844703083547028,2025-08-29 07:58:40,VIDEO,REELS,5,0,243,0,1,0,6,2025-08-30 17:29:57.671
17841406083211195,17844703083547028,2025-08-29 07:58:40,VIDEO,REELS,5,0,262,0,1,0,6,2025-08-31 17:28:41.359
17841406083211195,17844703083547028,2025-08-29 07:58:40,VIDEO,REELS,6,0,368,0,1,0,7,2025-10-02 17:29:27.081
17841406083211195,17844703083547028,2025-08-29 07:58:40,VIDEO,REELS,6,0,370,0,1,0,7,2025-10-05 17:29:24.324
17841406083211195,17844703083547028,2025-08-29 07:58:40,VIDEO,REELS,6,0,372,0,1,0,7,2025-10-06 17:28:48.564
17841406083211195,17844703083547028,2025-08-29 07:58:40,VIDEO,REELS,6,0,373,0,1,0,7,2025-10-08 17:29:40.363
17841406083211195,17844703083547028,2025-08-29 07:58:40,VIDEO,REELS,6,0,377,0,1,0,7,2025-10-09 17:28:46.176
17841406083211195,17844703083547028,2025-08-29 07:58:40,VIDEO,REELS,6,0,382,0,1,0,7,2025-10-12 17:28:49.796
17841406083211195,17844703083547028,2025-08-29 07:58:40,VIDEO,REELS,6,0,383,0,1,0,7,2025-10-13 17:28:53.163
17841406083211195,17844703083547028,2025-08-29 07:58:40,VIDEO,REELS,6,0,384,0,1,0,7,2025-10-15 17:29:48.885
17841406083211195,17844703083547028,2025-08-29 07:58:40,VIDEO,REELS,6,0,385,0,1,0,7,2025-10-16 17:28:56.624
17841406083211195,17844703083547028,2025-08-29 07:58:40,VIDEO,REELS,7,0,388,0,1,0,8,2025-10-18 17:28:28.258
17841406083211195,17844703083547028,2025-08-29 07:58:40,VIDEO,REELS,7,0,390,0,1,0,8,2025-10-20 17:29:18.467
17841406083211195,17844703083547028,2025-08-29 07:58:40,VIDEO,REELS,7,0,391,0,1,0,8,2025-10-24 17:28:52.183
17841406083211195,17844703083547028,2025-08-29 07:58:40,VIDEO,REELS,7,0,391,0,1,0,8,2025-10-27 17:28:47.001
17841406083211195,17844703083547028,2025-08-29 07:58:40,VIDEO,REELS,7,0,392,0,1,0,8,2025-10-29 17:29:27.591
17841406083211195,17844703083547028,2025-08-29 07:58:40,VIDEO,REELS,7,0,395,0,1,0,8,2025-11-03 17:28:49.525
17841406083211195,17844703083547028,2025-08-29 07:58:40,VIDEO,REELS,7,0,396,0,1,0,8,2025-11-10 17:29:07.647
17841406083211195,17844703083547028,2025-08-29 07:58:40,VIDEO,REELS,7,0,398,0,1,0,8,2025-11-11 17:28:56.857
17841406083211195,17844703083547028,2025-08-29 07:58:40,VIDEO,REELS,7,0,399,0,1,0,8,2025-11-14 17:29:08.316
17841406083211195,17844703083547028,2025-08-29 07:58:40,VIDEO,REELS,7,0,404,0,1,0,8,2025-11-18 17:29:03.778
17841406083211195,17844703083547028,2025-08-29 07:58:40,VIDEO,REELS,7,0,406,0,1,0,8,2025-11-19 17:35:11.183
17841406083211195,17844703083547028,2025-08-29 07:58:40,VIDEO,REELS,7,0,408,0,1,0,8,2025-12-01 17:33:45.597
17841406083211195,17844703083547028,2025-08-29 07:58:40,VIDEO,REELS,7,0,409,0,1,0,8,2025-12-09 17:35:25.126
17841406083211195,17844703083547028,2025-08-29 07:58:40,VIDEO,REELS,7,0,410,0,1,0,8,2025-12-15 17:36:51.718
17841406083211195,17844703083547028,2025-08-29 07:58:40,VIDEO,REELS,7,0,410,0,1,0,8,2025-12-25 17:29:11.622
17841406083211195,17844810636406905,2025-01-28 10:21:55,VIDEO,REELS,13,0,610,0,0,0,13,2025-04-18 19:14:47.748
17841406083211195,17844810636406905,2025-01-28 10:21:55,VIDEO,REELS,13,0,611,0,0,0,13,2025-04-20 21:57:33.559
17841406083211195,17844810636406905,2025-01-28 10:21:55,VIDEO,REELS,13,0,614,0,0,0,13,2025-04-22 17:29:16.972
17841406083211195,17844810636406905,2025-01-28 10:21:55,VIDEO,REELS,13,0,615,0,0,0,13,2025-04-27 17:31:03.881
17841406083211195,17844810636406905,2025-01-28 10:21:55,VIDEO,REELS,13,0,616,0,0,0,13,2025-04-30 17:30:59.228
17841406083211195,17844810636406905,2025-01-28 10:21:55,VIDEO,REELS,13,0,617,0,0,0,13,2025-05-06 17:29:36.071
17841406083211195,17844810636406905,2025-01-28 10:21:55,VIDEO,REELS,13,0,618,0,0,0,13,2025-05-07 17:28:48.432
17841406083211195,17844810636406905,2025-01-28 10:21:55,VIDEO,REELS,13,0,619,0,0,0,13,2025-05-08 17:30:05.765
17841406083211195,17844810636406905,2025-01-28 10:21:55,VIDEO,REELS,13,0,621,0,0,0,13,2025-05-16 17:31:02.554
17841406083211195,17844810636406905,2025-01-28 10:21:55,VIDEO,REELS,13,0,621,0,0,0,13,2025-05-18 17:30:29.430
17841406083211195,17844810636406905,2025-01-28 10:21:55,VIDEO,REELS,13,0,621,0,0,0,13,2025-05-21 17:30:13.196
17841406083211195,17844810636406905,2025-01-28 10:21:55,VIDEO,REELS,13,0,622,0,0,0,13,2025-06-05 17:30:24.251
17841406083211195,17844810636406905,2025-01-28 10:21:55,VIDEO,REELS,13,0,627,0,0,0,13,2025-07-31 17:29:05.323
17841406083211195,17844810636406905,2025-01-28 10:21:55,VIDEO,REELS,13,0,628,0,0,0,13,2025-08-04 17:30:35.459
17841406083211195,17844810636406905,2025-01-28 10:21:55,VIDEO,REELS,13,0,630,0,0,0,13,2025-08-06 17:29:35.469
17841406083211195,17844810636406905,2025-01-28 10:21:55,VIDEO,REELS,13,0,631,0,0,0,13,2025-08-20 17:29:54.698
17841406083211195,17844810636406905,2025-01-28 10:21:55,VIDEO,REELS,13,0,632,0,0,0,13,2025-08-31 17:29:08.147
17841406083211195,17844810636406905,2025-01-28 10:21:55,VIDEO,REELS,13,0,634,0,0,0,13,2025-10-23 17:28:47.779
17841406083211195,17844810636406905,2025-01-28 10:21:55,VIDEO,REELS,13,0,634,0,0,0,13,2025-10-29 17:29:55.115
17841406083211195,17844810636406905,2025-01-28 10:21:55,VIDEO,REELS,13,0,635,0,0,0,13,2025-12-03 17:35:49.227
17841406083211195,17844810636406905,2025-01-28 10:21:55,VIDEO,REELS,13,0,636,0,0,0,13,2025-12-24 17:29:27.238
17841406083211195,17844810636406905,2025-01-28 10:21:55,VIDEO,REELS,13,0,638,0,0,0,13,2025-12-25 17:29:48.436
17841406083211195,17848885368350163,2025-01-10 11:14:05,VIDEO,REELS,15,0,722,0,0,2,17,2025-04-18 19:14:48.868
17841406083211195,17848885368350163,2025-01-10 11:14:05,VIDEO,REELS,15,0,724,0,0,2,17,2025-04-20 21:57:35.081
17841406083211195,17848885368350163,2025-01-10 11:14:05,VIDEO,REELS,15,0,725,0,0,2,17,2025-04-22 17:29:19.242
17841406083211195,17848885368350163,2025-01-10 11:14:05,VIDEO,REELS,15,0,726,0,0,2,17,2025-04-24 01:56:11.744
17841406083211195,17848885368350163,2025-01-10 11:14:05,VIDEO,REELS,15,0,727,0,0,2,17,2025-04-27 17:31:06.421
17841406083211195,17848885368350163,2025-01-10 11:14:05,VIDEO,REELS,15,0,727,0,0,2,17,2025-05-01 17:31:39.733
17841406083211195,17848885368350163,2025-01-10 11:14:05,VIDEO,REELS,15,0,728,0,0,2,17,2025-05-02 17:29:32.779
17841406083211195,17848885368350163,2025-01-10 11:14:05,VIDEO,REELS,15,0,728,0,0,2,17,2025-05-04 17:28:54.267
17841406083211195,17848885368350163,2025-01-10 11:14:05,VIDEO,REELS,15,0,731,0,0,2,17,2025-05-05 17:29:58.457
17841406083211195,17848885368350163,2025-01-10 11:14:05,VIDEO,REELS,15,0,732,0,0,2,17,2025-05-11 17:29:47.643
17841406083211195,17848885368350163,2025-01-10 11:14:05,VIDEO,REELS,15,0,733,0,0,2,17,2025-05-22 17:30:13.443
17841406083211195,17848885368350163,2025-01-10 11:14:05,VIDEO,REELS,15,0,734,0,0,2,17,2025-05-27 17:30:28.911
17841406083211195,17848885368350163,2025-01-10 11:14:05,VIDEO,REELS,15,0,735,0,0,2,17,2025-06-04 17:30:08.095
17841406083211195,17848885368350163,2025-01-10 11:14:05,VIDEO,REELS,15,0,736,0,0,2,17,2025-06-05 17:30:24.254
17841406083211195,17848885368350163,2025-01-10 11:14:05,VIDEO,REELS,15,0,740,0,0,2,17,2025-07-19 17:30:14.979
17841406083211195,17848885368350163,2025-01-10 11:14:05,VIDEO,REELS,15,0,743,0,0,2,17,2025-07-29 17:30:07.339
17841406083211195,17848885368350163,2025-01-10 11:14:05,VIDEO,REELS,15,0,743,0,0,2,17,2025-08-03 17:30:00.322
17841406083211195,17848885368350163,2025-01-10 11:14:05,VIDEO,REELS,15,0,743,0,0,2,17,2025-08-05 17:30:42.503
17841406083211195,17848885368350163,2025-01-10 11:14:05,VIDEO,REELS,15,0,745,0,0,2,17,2025-08-06 17:29:35.469
17841406083211195,17848885368350163,2025-01-10 11:14:05,VIDEO,REELS,15,0,746,0,0,2,17,2025-08-14 17:30:47.862
17841406083211195,17848885368350163,2025-01-10 11:14:05,VIDEO,REELS,15,0,748,0,0,2,17,2025-08-18 17:29:09.071
17841406083211195,17848885368350163,2025-01-10 11:14:05,VIDEO,REELS,15,0,749,0,0,2,17,2025-08-20 17:29:54.700
17841406083211195,17848885368350163,2025-01-10 11:14:05,VIDEO,REELS,15,0,750,0,0,2,17,2025-08-31 17:29:08.149
17841406083211195,17848885368350163,2025-01-10 11:14:05,VIDEO,REELS,15,0,754,0,0,2,17,2025-10-16 17:29:16.650
17841406083211195,17848885368350163,2025-01-10 11:14:05,VIDEO,REELS,15,0,755,0,0,2,17,2025-12-24 17:29:27.239
17841406083211195,17848885368350163,2025-01-10 11:14:05,VIDEO,REELS,15,0,757,0,0,2,17,2025-12-25 17:29:48.437
17841406083211195,17860209045536075,2025-11-06 04:27:25,VIDEO,REELS,3,0,260,0,0,5,8,2025-11-06 17:28:37.043
17841406083211195,17860209045536075,2025-11-06 04:27:25,VIDEO,REELS,6,0,454,0,0,5,11,2025-11-07 17:29:01.091
17841406083211195,17860209045536075,2025-11-06 04:27:25,VIDEO,REELS,10,0,499,0,0,5,15,2025-11-08 17:29:24.265
17841406083211195,17860209045536075,2025-11-06 04:27:25,VIDEO,REELS,11,0,531,0,0,5,16,2025-11-09 17:28:38.970
17841406083211195,17860209045536075,2025-11-06 04:27:25,VIDEO,REELS,11,0,549,0,1,5,17,2025-11-10 17:29:07.649
17841406083211195,17860209045536075,2025-11-06 04:27:25,VIDEO,REELS,11,0,571,0,1,5,17,2025-11-11 17:28:56.859
17841406083211195,17860209045536075,2025-11-06 04:27:25,VIDEO,REELS,11,0,603,0,1,5,17,2025-11-12 17:28:57.520
17841406083211195,17860209045536075,2025-11-06 04:27:25,VIDEO,REELS,11,0,653,0,1,5,17,2025-11-13 17:29:19.511
17841406083211195,17860209045536075,2025-11-06 04:27:25,VIDEO,REELS,12,0,715,0,1,5,18,2025-11-14 17:29:00.548
17841406083211195,17860209045536075,2025-11-06 04:27:25,VIDEO,REELS,12,0,792,0,1,5,23,2025-11-15 17:30:46.808
17841406083211195,17860209045536075,2025-11-06 04:27:25,VIDEO,REELS,12,0,806,0,1,5,23,2025-11-16 17:29:40.693
17841406083211195,17860209045536075,2025-11-06 04:27:25,VIDEO,REELS,12,0,817,0,1,5,23,2025-11-17 17:29:03.609
17841406083211195,17860209045536075,2025-11-06 04:27:25,VIDEO,REELS,12,0,821,0,1,5,23,2025-11-18 17:28:56.201
17841406083211195,17860209045536075,2025-11-06 04:27:25,VIDEO,REELS,12,0,823,0,1,5,23,2025-11-19 17:35:40.558
17841406083211195,17860209045536075,2025-11-06 04:27:25,VIDEO,REELS,12,0,825,0,1,5,23,2025-11-20 17:36:11.075
17841406083211195,17860209045536075,2025-11-06 04:27:25,VIDEO,REELS,12,0,827,0,1,5,23,2025-11-22 17:34:01.730
17841406083211195,17860209045536075,2025-11-06 04:27:25,VIDEO,REELS,12,0,828,0,1,5,23,2025-11-23 17:33:29.831
17841406083211195,17860209045536075,2025-11-06 04:27:25,VIDEO,REELS,12,0,831,0,1,5,23,2025-11-24 17:36:37.542
17841406083211195,17860209045536075,2025-11-06 04:27:25,VIDEO,REELS,12,0,833,0,1,5,23,2025-11-25 17:34:55.735
17841406083211195,17860209045536075,2025-11-06 04:27:25,VIDEO,REELS,12,0,835,0,1,5,23,2025-11-26 17:37:42.125
17841406083211195,17860209045536075,2025-11-06 04:27:25,VIDEO,REELS,12,0,836,0,1,5,23,2025-11-27 17:34:45.033
17841406083211195,17860209045536075,2025-11-06 04:27:25,VIDEO,REELS,12,0,837,0,1,5,23,2025-11-29 17:36:31.268
17841406083211195,17860209045536075,2025-11-06 04:27:25,VIDEO,REELS,12,0,838,0,1,5,23,2025-12-01 17:34:08.917
17841406083211195,17860209045536075,2025-11-06 04:27:25,VIDEO,REELS,12,0,839,0,1,5,23,2025-12-02 17:35:38.575
17841406083211195,17860209045536075,2025-11-06 04:27:25,VIDEO,REELS,12,0,840,0,1,5,23,2025-12-05 17:34:57.776
17841406083211195,17860209045536075,2025-11-06 04:27:25,VIDEO,REELS,12,0,841,0,1,5,23,2025-12-06 17:35:35.213
17841406083211195,17860209045536075,2025-11-06 04:27:25,VIDEO,REELS,12,0,842,0,1,5,23,2025-12-08 17:33:41.614
17841406083211195,17860209045536075,2025-11-06 04:27:25,VIDEO,REELS,12,0,843,0,1,5,23,2025-12-11 17:34:06.396
17841406083211195,17860209045536075,2025-11-06 04:27:25,VIDEO,REELS,12,0,844,0,1,5,23,2025-12-12 17:36:01.940
17841406083211195,17860209045536075,2025-11-06 04:27:25,VIDEO,REELS,12,0,846,0,1,5,23,2025-12-15 17:37:24.709
17841406083211195,17860209045536075,2025-11-06 04:27:25,VIDEO,REELS,12,0,846,0,1,5,23,2025-12-16 17:35:03.680
17841406083211195,17860209045536075,2025-11-06 04:27:25,VIDEO,REELS,12,0,847,0,1,5,23,2025-12-17 17:28:40.154
17841406083211195,17860209045536075,2025-11-06 04:27:25,VIDEO,REELS,12,0,849,0,1,5,23,2025-12-22 17:28:31.296
17841406083211195,17860209045536075,2025-11-06 04:27:25,VIDEO,REELS,12,0,851,0,1,5,23,2025-12-23 17:28:29.227
17841406083211195,17860209045536075,2025-11-06 04:27:25,VIDEO,REELS,12,0,852,0,1,5,23,2025-12-25 17:29:03.351
17841406083211195,17861077962453433,2025-08-07 10:27:51,VIDEO,REELS,1,0,138,0,0,0,1,2025-08-07 17:29:42.608
17841406083211195,17861077962453433,2025-08-07 10:27:51,VIDEO,REELS,1,0,243,0,0,0,1,2025-08-08 17:29:21.922
17841406083211195,17861077962453433,2025-08-07 10:27:51,VIDEO,REELS,1,0,258,0,0,0,1,2025-08-09 17:29:10.312
17841406083211195,17861077962453433,2025-08-07 10:27:51,VIDEO,REELS,1,0,259,0,0,0,1,2025-08-10 17:29:34.059
17841406083211195,17861077962453433,2025-08-07 10:27:51,VIDEO,REELS,1,0,269,0,0,0,1,2025-08-11 17:30:22.620
17841406083211195,17861077962453433,2025-08-07 10:27:51,VIDEO,REELS,1,0,281,0,0,0,1,2025-08-12 17:31:22.349
17841406083211195,17861077962453433,2025-08-07 10:27:51,VIDEO,REELS,1,0,285,0,0,0,1,2025-08-14 17:30:30.704
17841406083211195,17861077962453433,2025-08-07 10:27:51,VIDEO,REELS,2,0,294,0,0,0,2,2025-08-15 17:29:20.116
17841406083211195,17861077962453433,2025-08-07 10:27:51,VIDEO,REELS,2,0,295,0,0,0,2,2025-08-16 17:29:29.898
17841406083211195,17861077962453433,2025-08-07 10:27:51,VIDEO,REELS,2,0,296,0,0,0,2,2025-08-17 17:28:43.181
17841406083211195,17861077962453433,2025-08-07 10:27:51,VIDEO,REELS,2,0,299,0,0,0,2,2025-08-18 17:28:55.671
17841406083211195,17861077962453433,2025-08-07 10:27:51,VIDEO,REELS,2,0,303,0,0,0,2,2025-08-20 17:29:40.873
17841406083211195,17861077962453433,2025-08-07 10:27:51,VIDEO,REELS,2,0,308,0,0,0,2,2025-08-21 17:30:19.079
17841406083211195,17861077962453433,2025-08-07 10:27:51,VIDEO,REELS,2,0,310,0,0,0,2,2025-08-24 17:29:05.931
17841406083211195,17861077962453433,2025-08-07 10:27:51,VIDEO,REELS,2,0,311,0,0,0,2,2025-08-25 17:29:34.731
17841406083211195,17861077962453433,2025-08-07 10:27:51,VIDEO,REELS,2,0,316,0,0,0,2,2025-08-27 17:30:15.464
17841406083211195,17861077962453433,2025-08-07 10:27:51,VIDEO,REELS,2,0,318,0,0,0,2,2025-08-28 17:31:18.228
17841406083211195,17861077962453433,2025-08-07 10:27:51,VIDEO,REELS,2,0,319,0,0,0,2,2025-08-29 17:28:45.768
17841406083211195,17861077962453433,2025-08-07 10:27:51,VIDEO,REELS,2,0,320,0,0,0,2,2025-08-30 17:30:09.892
17841406083211195,17861077962453433,2025-08-07 10:27:51,VIDEO,REELS,2,0,323,0,0,0,2,2025-08-31 17:28:47.925
17841406083211195,17861077962453433,2025-08-07 10:27:51,VIDEO,REELS,2,0,374,0,0,0,2,2025-10-01 04:09:53.346
17841406083211195,17861077962453433,2025-08-07 10:27:51,VIDEO,REELS,2,0,378,0,0,0,2,2025-10-02 04:04:29.520
17841406083211195,17861077962453433,2025-08-07 10:27:51,VIDEO,REELS,2,0,379,0,0,0,2,2025-10-02 17:29:27.077
17841406083211195,17861077962453433,2025-08-07 10:27:51,VIDEO,REELS,2,0,381,0,0,0,2,2025-10-05 17:29:24.318
17841406083211195,17861077962453433,2025-08-07 10:27:51,VIDEO,REELS,2,0,382,0,0,0,2,2025-10-06 17:28:48.559
17841406083211195,17861077962453433,2025-08-07 10:27:51,VIDEO,REELS,2,0,385,0,0,0,2,2025-10-08 17:29:40.360
17841406083211195,17861077962453433,2025-08-07 10:27:51,VIDEO,REELS,2,0,386,0,0,0,2,2025-10-09 17:28:46.170
17841406083211195,17861077962453433,2025-08-07 10:27:51,VIDEO,REELS,2,0,387,0,0,0,2,2025-10-12 17:28:49.789
17841406083211195,17861077962453433,2025-08-07 10:27:51,VIDEO,REELS,2,0,388,0,0,0,2,2025-10-13 17:28:53.158
17841406083211195,17861077962453433,2025-08-07 10:27:51,VIDEO,REELS,2,0,389,0,0,0,2,2025-10-15 17:29:48.879
17841406083211195,17861077962453433,2025-08-07 10:27:51,VIDEO,REELS,2,0,390,0,0,0,2,2025-10-20 17:29:18.462
17841406083211195,17861077962453433,2025-08-07 10:27:51,VIDEO,REELS,2,0,391,0,0,0,2,2025-10-21 17:28:38.455
17841406083211195,17861077962453433,2025-08-07 10:27:51,VIDEO,REELS,2,0,392,0,0,0,2,2025-10-23 17:28:30.286
17841406083211195,17861077962453433,2025-08-07 10:27:51,VIDEO,REELS,2,0,393,0,0,0,2,2025-10-24 17:28:52.178
17841406083211195,17861077962453433,2025-08-07 10:27:51,VIDEO,REELS,2,0,399,0,0,0,2,2025-10-26 17:30:15.222
17841406083211195,17861077962453433,2025-08-07 10:27:51,VIDEO,REELS,2,0,400,0,0,0,2,2025-10-27 17:28:46.993
17841406083211195,17861077962453433,2025-08-07 10:27:51,VIDEO,REELS,2,0,402,0,0,0,2,2025-10-29 17:29:27.588
17841406083211195,17861077962453433,2025-08-07 10:27:51,VIDEO,REELS,2,0,404,0,0,0,2,2025-11-03 17:28:57.555
17841406083211195,17861077962453433,2025-08-07 10:27:51,VIDEO,REELS,2,0,404,0,0,0,2,2025-11-04 17:28:28.081
17841406083211195,17861077962453433,2025-08-07 10:27:51,VIDEO,REELS,2,0,404,0,0,0,2,2025-11-05 17:28:35.576
17841406083211195,17861077962453433,2025-08-07 10:27:51,VIDEO,REELS,2,0,405,0,0,0,2,2025-11-10 17:29:14.408
17841406083211195,17861077962453433,2025-08-07 10:27:51,VIDEO,REELS,2,0,407,0,0,0,2,2025-11-11 17:29:05.810
17841406083211195,17861077962453433,2025-08-07 10:27:51,VIDEO,REELS,2,0,408,0,0,0,2,2025-11-12 17:29:04.435
17841406083211195,17861077962453433,2025-08-07 10:27:51,VIDEO,REELS,2,0,408,0,0,0,2,2025-11-14 17:29:08.313
17841406083211195,17861077962453433,2025-08-07 10:27:51,VIDEO,REELS,2,0,410,0,0,0,2,2025-11-18 17:29:03.775
17841406083211195,17861077962453433,2025-08-07 10:27:51,VIDEO,REELS,2,0,411,0,0,0,2,2025-11-30 17:33:37.937
17841406083211195,17861077962453433,2025-08-07 10:27:51,VIDEO,REELS,2,0,412,0,0,0,2,2025-12-03 17:36:28.746
17841406083211195,17861077962453433,2025-08-07 10:27:51,VIDEO,REELS,2,0,414,0,0,0,2,2025-12-15 17:36:51.716
17841406083211195,17861077962453433,2025-08-07 10:27:51,VIDEO,REELS,2,0,415,0,0,0,2,2025-12-17 17:28:51.596
17841406083211195,17861077962453433,2025-08-07 10:27:51,VIDEO,REELS,2,0,415,0,0,0,2,2025-12-22 17:28:37.819
17841406083211195,17861077962453433,2025-08-07 10:27:51,VIDEO,REELS,2,0,415,0,0,0,2,2025-12-25 17:29:11.618
17841406083211195,17864788284494070,2025-10-30 04:50:17,VIDEO,REELS,0,0,50,0,0,0,0,2025-10-30 17:30:07.134
17841406083211195,17864788284494070,2025-10-30 04:50:17,VIDEO,REELS,2,0,83,0,0,0,2,2025-10-31 17:28:54.436
17841406083211195,17864788284494070,2025-10-30 04:50:17,VIDEO,REELS,2,0,95,0,0,0,2,2025-11-01 17:29:09.448
17841406083211195,17864788284494070,2025-10-30 04:50:17,VIDEO,REELS,2,0,99,0,0,0,2,2025-11-02 17:28:47.742
17841406083211195,17864788284494070,2025-10-30 04:50:17,VIDEO,REELS,2,0,103,0,0,0,2,2025-11-03 17:28:49.516
17841406083211195,17864788284494070,2025-10-30 04:50:17,VIDEO,REELS,2,0,115,0,0,0,2,2025-11-04 17:28:20.658
17841406083211195,17864788284494070,2025-10-30 04:50:17,VIDEO,REELS,2,0,119,0,0,0,2,2025-11-05 17:28:28.345
17841406083211195,17864788284494070,2025-10-30 04:50:17,VIDEO,REELS,2,0,124,0,0,0,2,2025-11-06 17:28:43.516
17841406083211195,17864788284494070,2025-10-30 04:50:17,VIDEO,REELS,3,0,130,0,0,0,3,2025-11-07 17:29:01.082
17841406083211195,17864788284494070,2025-10-30 04:50:17,VIDEO,REELS,4,0,137,0,0,0,4,2025-11-08 17:29:24.251
17841406083211195,17864788284494070,2025-10-30 04:50:17,VIDEO,REELS,4,0,139,0,0,0,4,2025-11-09 17:28:38.943
17841406083211195,17864788284494070,2025-10-30 04:50:17,VIDEO,REELS,4,0,144,0,0,0,4,2025-11-10 17:29:07.631
17841406083211195,17864788284494070,2025-10-30 04:50:17,VIDEO,REELS,4,0,153,0,0,0,4,2025-11-11 17:28:56.847
17841406083211195,17864788284494070,2025-10-30 04:50:17,VIDEO,REELS,4,0,159,0,0,0,4,2025-11-12 17:28:57.505
17841406083211195,17864788284494070,2025-10-30 04:50:17,VIDEO,REELS,4,0,163,0,0,0,4,2025-11-13 17:29:19.489
17841406083211195,17864788284494070,2025-10-30 04:50:17,VIDEO,REELS,5,0,165,0,0,0,5,2025-11-14 17:29:00.532
17841406083211195,17864788284494070,2025-10-30 04:50:17,VIDEO,REELS,5,0,171,0,0,0,6,2025-11-15 17:30:46.795
17841406083211195,17864788284494070,2025-10-30 04:50:17,VIDEO,REELS,5,0,174,0,0,0,6,2025-11-16 17:29:40.684
17841406083211195,17864788284494070,2025-10-30 04:50:17,VIDEO,REELS,5,0,176,0,0,0,6,2025-11-17 17:29:03.595
17841406083211195,17864788284494070,2025-10-30 04:50:17,VIDEO,REELS,5,0,182,0,0,0,6,2025-11-18 17:28:56.191
17841406083211195,17864788284494070,2025-10-30 04:50:17,VIDEO,REELS,5,0,187,0,0,0,6,2025-11-19 17:35:38.975
17841406083211195,17864788284494070,2025-10-30 04:50:17,VIDEO,REELS,5,0,192,0,0,0,6,2025-11-20 17:36:09.334
17841406083211195,17864788284494070,2025-10-30 04:50:17,VIDEO,REELS,5,0,193,0,0,0,6,2025-11-21 17:35:55.831
17841406083211195,17864788284494070,2025-10-30 04:50:17,VIDEO,REELS,5,0,193,0,0,0,6,2025-11-22 17:33:59.839
17841406083211195,17864788284494070,2025-10-30 04:50:17,VIDEO,REELS,5,0,194,0,0,0,6,2025-11-23 17:33:27.464
17841406083211195,17864788284494070,2025-10-30 04:50:17,VIDEO,REELS,5,0,195,0,0,0,6,2025-11-24 17:36:35.475
17841406083211195,17864788284494070,2025-10-30 04:50:17,VIDEO,REELS,5,0,196,0,0,0,6,2025-11-25 17:34:52.756
17841406083211195,17864788284494070,2025-10-30 04:50:17,VIDEO,REELS,5,0,198,0,0,0,6,2025-11-26 17:37:34.788
17841406083211195,17864788284494070,2025-10-30 04:50:17,VIDEO,REELS,5,0,199,0,0,0,6,2025-11-27 17:34:42.490
17841406083211195,17864788284494070,2025-10-30 04:50:17,VIDEO,REELS,5,0,200,0,0,0,6,2025-11-29 17:36:27.531
17841406083211195,17864788284494070,2025-10-30 04:50:17,VIDEO,REELS,5,0,201,0,0,0,6,2025-11-30 17:33:54.612
17841406083211195,17864788284494070,2025-10-30 04:50:17,VIDEO,REELS,5,0,202,0,0,0,6,2025-12-01 17:34:00.988
17841406083211195,17864788284494070,2025-10-30 04:50:17,VIDEO,REELS,5,0,203,0,0,0,6,2025-12-02 17:35:28.457
17841406083211195,17864788284494070,2025-10-30 04:50:17,VIDEO,REELS,5,0,207,0,0,0,6,2025-12-04 17:34:52.043
17841406083211195,17864788284494070,2025-10-30 04:50:17,VIDEO,REELS,5,0,208,0,0,0,6,2025-12-05 17:34:50.224
17841406083211195,17864788284494070,2025-10-30 04:50:17,VIDEO,REELS,5,0,209,0,0,0,6,2025-12-06 17:35:26.313
17841406083211195,17864788284494070,2025-10-30 04:50:17,VIDEO,REELS,5,0,210,0,0,0,6,2025-12-08 17:33:32.900
17841406083211195,17864788284494070,2025-10-30 04:50:17,VIDEO,REELS,5,0,213,0,0,0,6,2025-12-11 17:33:56.836
17841406083211195,17864788284494070,2025-10-30 04:50:17,VIDEO,REELS,5,0,215,0,0,0,6,2025-12-12 17:35:50.527
17841406083211195,17864788284494070,2025-10-30 04:50:17,VIDEO,REELS,5,0,215,0,0,0,6,2025-12-15 17:37:13.493
17841406083211195,17864788284494070,2025-10-30 04:50:17,VIDEO,REELS,5,0,216,0,0,0,6,2025-12-16 17:34:50.944
17841406083211195,17864788284494070,2025-10-30 04:50:17,VIDEO,REELS,5,0,217,0,0,0,6,2025-12-17 17:28:40.146
17841406083211195,17864788284494070,2025-10-30 04:50:17,VIDEO,REELS,5,0,220,0,0,0,6,2025-12-23 17:28:29.213
17841406083211195,17864788284494070,2025-10-30 04:50:17,VIDEO,REELS,5,0,221,0,0,0,6,2025-12-24 17:28:54.098
17841406083211195,17864788284494070,2025-10-30 04:50:17,VIDEO,REELS,5,0,222,0,0,0,6,2025-12-25 17:29:03.341
17841406083211195,17866660158425987,2025-07-29 09:58:17,VIDEO,REELS,2,0,164,0,0,0,2,2025-07-29 17:29:36.761
17841406083211195,17866660158425987,2025-07-29 09:58:17,VIDEO,REELS,2,0,312,0,0,0,2,2025-07-30 17:30:07.335
17841406083211195,17866660158425987,2025-07-29 09:58:17,VIDEO,REELS,2,0,328,0,0,0,2,2025-07-31 17:28:52.251
17841406083211195,17866660158425987,2025-07-29 09:58:17,VIDEO,REELS,3,0,333,0,0,0,3,2025-08-02 17:29:36.144
17841406083211195,17866660158425987,2025-07-29 09:58:17,VIDEO,REELS,3,0,336,0,0,0,3,2025-08-03 17:29:40.168
17841406083211195,17866660158425987,2025-07-29 09:58:17,VIDEO,REELS,3,0,337,0,0,0,3,2025-08-04 17:30:20.385
17841406083211195,17866660158425987,2025-07-29 09:58:17,VIDEO,REELS,3,0,338,0,0,0,3,2025-08-05 17:30:25.818
17841406083211195,17866660158425987,2025-07-29 09:58:17,VIDEO,REELS,3,0,346,0,0,0,3,2025-08-06 17:29:21.807
17841406083211195,17866660158425987,2025-07-29 09:58:17,VIDEO,REELS,4,0,354,0,0,0,4,2025-08-07 17:29:51.642
17841406083211195,17866660158425987,2025-07-29 09:58:17,VIDEO,REELS,4,0,359,0,0,0,4,2025-08-08 17:29:30.428
17841406083211195,17866660158425987,2025-07-29 09:58:17,VIDEO,REELS,4,0,360,0,0,0,4,2025-08-09 17:29:16.339
17841406083211195,17866660158425987,2025-07-29 09:58:17,VIDEO,REELS,4,0,364,0,0,0,4,2025-08-10 17:29:41.089
17841406083211195,17866660158425987,2025-07-29 09:58:17,VIDEO,REELS,4,0,366,0,0,0,4,2025-08-11 17:30:32.956
17841406083211195,17866660158425987,2025-07-29 09:58:17,VIDEO,REELS,4,0,369,0,0,0,4,2025-08-12 17:31:22.343
17841406083211195,17866660158425987,2025-07-29 09:58:17,VIDEO,REELS,4,0,370,0,0,0,4,2025-08-14 17:30:30.699
17841406083211195,17866660158425987,2025-07-29 09:58:17,VIDEO,REELS,5,0,371,0,0,0,5,2025-08-15 17:29:20.107
17841406083211195,17866660158425987,2025-07-29 09:58:17,VIDEO,REELS,5,0,371,0,0,0,5,2025-08-16 17:29:29.893
17841406083211195,17866660158425987,2025-07-29 09:58:17,VIDEO,REELS,5,0,372,0,0,0,5,2025-08-17 17:28:43.175
17841406083211195,17866660158425987,2025-07-29 09:58:17,VIDEO,REELS,5,0,373,0,0,0,5,2025-08-18 17:28:55.665
17841406083211195,17866660158425987,2025-07-29 09:58:17,VIDEO,REELS,5,0,374,0,0,0,5,2025-08-19 17:29:34.420
17841406083211195,17866660158425987,2025-07-29 09:58:17,VIDEO,REELS,5,0,375,0,0,0,5,2025-08-20 17:29:40.856
17841406083211195,17866660158425987,2025-07-29 09:58:17,VIDEO,REELS,5,0,377,0,0,0,5,2025-08-21 17:30:19.069
17841406083211195,17866660158425987,2025-07-29 09:58:17,VIDEO,REELS,5,0,379,0,0,0,5,2025-08-24 17:29:05.921
17841406083211195,17866660158425987,2025-07-29 09:58:17,VIDEO,REELS,5,0,380,0,0,0,5,2025-08-25 17:29:34.725
17841406083211195,17866660158425987,2025-07-29 09:58:17,VIDEO,REELS,5,0,384,0,0,0,5,2025-08-27 17:30:15.451
17841406083211195,17866660158425987,2025-07-29 09:58:17,VIDEO,REELS,5,0,386,0,0,0,5,2025-08-28 17:31:18.221
17841406083211195,17866660158425987,2025-07-29 09:58:17,VIDEO,REELS,5,0,387,0,0,0,5,2025-08-29 17:28:45.762
17841406083211195,17866660158425987,2025-07-29 09:58:17,VIDEO,REELS,5,0,388,0,0,0,5,2025-08-30 17:30:09.886
17841406083211195,17866660158425987,2025-07-29 09:58:17,VIDEO,REELS,5,0,389,0,0,0,5,2025-08-31 17:28:47.914
17841406083211195,17866660158425987,2025-07-29 09:58:17,VIDEO,REELS,5,0,419,0,0,0,5,2025-10-01 04:09:53.329
17841406083211195,17866660158425987,2025-07-29 09:58:17,VIDEO,REELS,5,0,424,0,0,0,5,2025-10-01 17:29:53.138
17841406083211195,17866660158425987,2025-07-29 09:58:17,VIDEO,REELS,5,0,425,0,0,0,5,2025-10-02 04:04:29.510
17841406083211195,17866660158425987,2025-07-29 09:58:17,VIDEO,REELS,5,0,425,0,0,0,5,2025-10-04 17:29:36.055
17841406083211195,17866660158425987,2025-07-29 09:58:17,VIDEO,REELS,5,0,430,0,0,0,5,2025-10-05 17:29:24.305
17841406083211195,17866660158425987,2025-07-29 09:58:17,VIDEO,REELS,5,0,431,0,0,0,5,2025-10-06 17:28:48.549
17841406083211195,17866660158425987,2025-07-29 09:58:17,VIDEO,REELS,5,0,432,0,0,0,5,2025-10-09 17:28:46.159
17841406083211195,17866660158425987,2025-07-29 09:58:17,VIDEO,REELS,5,0,433,0,0,0,5,2025-10-15 17:29:48.869
17841406083211195,17866660158425987,2025-07-29 09:58:17,VIDEO,REELS,5,0,434,0,0,0,5,2025-10-20 17:29:18.451
17841406083211195,17866660158425987,2025-07-29 09:58:17,VIDEO,REELS,5,0,435,0,0,0,5,2025-10-21 17:28:38.448
17841406083211195,17866660158425987,2025-07-29 09:58:17,VIDEO,REELS,5,0,436,0,0,0,5,2025-10-22 17:28:54.472
17841406083211195,17866660158425987,2025-07-29 09:58:17,VIDEO,REELS,5,0,441,0,0,0,5,2025-10-24 17:28:58.153
17841406083211195,17866660158425987,2025-07-29 09:58:17,VIDEO,REELS,5,0,442,0,0,0,5,2025-10-29 17:29:38.415
17841406083211195,17866660158425987,2025-07-29 09:58:17,VIDEO,REELS,5,0,445,0,0,0,5,2025-11-06 17:28:50.911
17841406083211195,17866660158425987,2025-07-29 09:58:17,VIDEO,REELS,5,0,445,0,0,0,5,2025-11-10 17:29:14.396
17841406083211195,17866660158425987,2025-07-29 09:58:17,VIDEO,REELS,5,0,446,0,0,0,5,2025-11-11 17:29:05.804
17841406083211195,17866660158425987,2025-07-29 09:58:17,VIDEO,REELS,5,0,447,0,0,0,5,2025-11-14 17:29:08.306
17841406083211195,17866660158425987,2025-07-29 09:58:17,VIDEO,REELS,5,0,448,0,0,0,5,2025-11-18 17:29:03.768
17841406083211195,17866660158425987,2025-07-29 09:58:17,VIDEO,REELS,5,0,449,0,0,0,5,2025-12-03 17:36:28.738
17841406083211195,17866660158425987,2025-07-29 09:58:17,VIDEO,REELS,5,0,450,0,0,0,5,2025-12-04 17:34:30.946
17841406083211195,17866660158425987,2025-07-29 09:58:17,VIDEO,REELS,5,0,451,0,0,0,5,2025-12-09 17:35:25.109
17841406083211195,17866660158425987,2025-07-29 09:58:17,VIDEO,REELS,5,0,452,0,0,0,5,2025-12-15 17:36:51.711
17841406083211195,17866660158425987,2025-07-29 09:58:17,VIDEO,REELS,5,0,453,0,0,0,5,2025-12-25 17:29:25.132
17841406083211195,17868150630401310,2025-06-26 10:05:51,VIDEO,REELS,8,0,402,0,0,14,22,2025-07-03 03:00:02.144
17841406083211195,17868150630401310,2025-06-26 10:05:51,VIDEO,REELS,8,0,409,0,0,14,22,2025-07-03 17:29:59.207
17841406083211195,17868150630401310,2025-06-26 10:05:51,VIDEO,REELS,8,0,413,0,0,14,22,2025-07-04 17:30:58.671
17841406083211195,17868150630401310,2025-06-26 10:05:51,VIDEO,REELS,8,0,413,0,0,14,22,2025-07-05 17:29:52.045
17841406083211195,17868150630401310,2025-06-26 10:05:51,VIDEO,REELS,8,0,415,0,0,14,22,2025-07-06 17:30:30.239
17841406083211195,17868150630401310,2025-06-26 10:05:51,VIDEO,REELS,8,0,418,0,0,14,22,2025-07-07 17:30:38.830
17841406083211195,17868150630401310,2025-06-26 10:05:51,VIDEO,REELS,8,0,420,0,0,14,22,2025-07-08 17:29:53.738
17841406083211195,17868150630401310,2025-06-26 10:05:51,VIDEO,REELS,8,0,423,0,0,14,22,2025-07-09 17:30:26.359
17841406083211195,17868150630401310,2025-06-26 10:05:51,VIDEO,REELS,8,0,424,0,0,14,22,2025-07-10 17:29:17.350
17841406083211195,17868150630401310,2025-06-26 10:05:51,VIDEO,REELS,8,0,425,0,0,14,22,2025-07-13 17:29:26.773
17841406083211195,17868150630401310,2025-06-26 10:05:51,VIDEO,REELS,8,0,425,0,0,14,22,2025-07-14 17:30:26.676
17841406083211195,17868150630401310,2025-06-26 10:05:51,VIDEO,REELS,8,0,425,0,0,14,22,2025-07-16 17:30:05.710
17841406083211195,17868150630401310,2025-06-26 10:05:51,VIDEO,REELS,8,0,426,0,0,14,22,2025-07-18 17:29:48.367
17841406083211195,17868150630401310,2025-06-26 10:05:51,VIDEO,REELS,8,0,427,0,0,14,22,2025-07-19 17:30:04.114
17841406083211195,17868150630401310,2025-06-26 10:05:51,VIDEO,REELS,8,0,428,0,0,14,22,2025-07-20 17:30:14.567
17841406083211195,17868150630401310,2025-06-26 10:05:51,VIDEO,REELS,8,0,429,0,0,14,22,2025-07-22 17:30:36.350
17841406083211195,17868150630401310,2025-06-26 10:05:51,VIDEO,REELS,8,0,430,0,0,14,22,2025-07-25 17:29:40.355
17841406083211195,17868150630401310,2025-06-26 10:05:51,VIDEO,REELS,8,0,432,0,0,14,22,2025-07-27 17:30:34.305
17841406083211195,17868150630401310,2025-06-26 10:05:51,VIDEO,REELS,8,0,434,0,0,14,22,2025-07-29 17:29:46.529
17841406083211195,17868150630401310,2025-06-26 10:05:51,VIDEO,REELS,8,0,438,0,0,14,22,2025-08-01 17:30:02.452
17841406083211195,17868150630401310,2025-06-26 10:05:51,VIDEO,REELS,8,0,440,0,0,14,22,2025-08-06 17:29:21.814
17841406083211195,17868150630401310,2025-06-26 10:05:51,VIDEO,REELS,8,0,441,0,0,14,22,2025-08-07 17:29:51.649
17841406083211195,17868150630401310,2025-06-26 10:05:51,VIDEO,REELS,8,0,442,0,0,14,22,2025-08-10 17:29:41.093
17841406083211195,17868150630401310,2025-06-26 10:05:51,VIDEO,REELS,8,0,443,0,0,14,22,2025-08-11 17:30:32.964
17841406083211195,17868150630401310,2025-06-26 10:05:51,VIDEO,REELS,8,0,444,0,0,14,22,2025-08-12 17:31:22.348
17841406083211195,17868150630401310,2025-06-26 10:05:51,VIDEO,REELS,8,0,445,0,0,14,22,2025-08-14 17:30:30.704
17841406083211195,17868150630401310,2025-06-26 10:05:51,VIDEO,REELS,8,0,446,0,0,14,22,2025-08-19 17:29:34.431
17841406083211195,17868150630401310,2025-06-26 10:05:51,VIDEO,REELS,8,0,447,0,0,14,22,2025-08-20 17:29:40.871
17841406083211195,17868150630401310,2025-06-26 10:05:51,VIDEO,REELS,8,0,448,0,0,14,22,2025-08-24 17:29:05.930
17841406083211195,17868150630401310,2025-06-26 10:05:51,VIDEO,REELS,8,0,449,0,0,14,22,2025-08-25 17:29:34.730
17841406083211195,17868150630401310,2025-06-26 10:05:51,VIDEO,REELS,8,0,450,0,0,14,22,2025-08-30 17:30:09.891
17841406083211195,17868150630401310,2025-06-26 10:05:51,VIDEO,REELS,8,0,451,0,0,14,22,2025-08-31 17:28:47.923
17841406083211195,17868150630401310,2025-06-26 10:05:51,VIDEO,REELS,8,0,462,0,0,14,22,2025-10-06 17:28:55.812
17841406083211195,17868150630401310,2025-06-26 10:05:51,VIDEO,REELS,8,0,463,0,0,14,22,2025-10-15 17:30:00.905
17841406083211195,17868150630401310,2025-06-26 10:05:51,VIDEO,REELS,8,0,464,0,0,14,22,2025-10-17 17:30:04.041
17841406083211195,17868150630401310,2025-06-26 10:05:51,VIDEO,REELS,8,0,465,0,0,14,22,2025-11-10 17:29:14.406
17841406083211195,17868150630401310,2025-06-26 10:05:51,VIDEO,REELS,8,0,466,0,0,14,22,2025-11-15 17:30:56.071
17841406083211195,17868150630401310,2025-06-26 10:05:51,VIDEO,REELS,8,0,467,0,0,14,22,2025-11-18 17:29:03.774
17841406083211195,17868150630401310,2025-06-26 10:05:51,VIDEO,REELS,8,0,468,0,0,14,22,2025-12-03 17:36:09.391
17841406083211195,17868150630401310,2025-06-26 10:05:51,VIDEO,REELS,8,0,470,0,0,14,22,2025-12-25 17:29:25.135
17841406083211195,17870035194481641,2025-12-15 10:57:02,VIDEO,REELS,4,0,211,0,1,0,5,2025-12-15 17:37:24.703
17841406083211195,17870035194481641,2025-12-15 10:57:02,VIDEO,REELS,4,0,305,0,1,0,5,2025-12-18 17:30:53.800
17841406083211195,17870035194481641,2025-12-15 10:57:02,VIDEO,REELS,4,0,310,0,1,0,5,2025-12-19 17:30:14.519
17841406083211195,17870035194481641,2025-12-15 10:57:02,VIDEO,REELS,4,0,319,0,1,0,5,2025-12-20 17:37:00.943
17841406083211195,17870035194481641,2025-12-15 10:57:02,VIDEO,REELS,4,0,321,0,1,0,5,2025-12-21 17:29:37.380
17841406083211195,17870035194481641,2025-12-15 10:57:02,VIDEO,REELS,4,1,268,1,1,0,6,2025-12-16 17:35:03.669
17841406083211195,17870035194481641,2025-12-15 10:57:02,VIDEO,REELS,4,1,292,1,1,0,6,2025-12-17 17:28:40.145
17841406083211195,17870035194481641,2025-12-15 10:57:02,VIDEO,REELS,5,0,325,0,1,0,6,2025-12-22 17:28:31.288
17841406083211195,17870035194481641,2025-12-15 10:57:02,VIDEO,REELS,5,0,332,0,1,0,6,2025-12-23 17:28:29.211
17841406083211195,17870035194481641,2025-12-15 10:57:02,VIDEO,REELS,5,0,337,0,1,0,6,2025-12-24 17:28:54.097
17841406083211195,17870035194481641,2025-12-15 10:57:02,VIDEO,REELS,5,0,337,0,1,0,6,2025-12-25 17:29:03.340
17841406083211195,17886419025099351,2025-01-29 02:16:53,VIDEO,REELS,13,0,598,0,0,5,18,2025-04-17 17:31:52.816
17841406083211195,17886419025099351,2025-01-29 02:16:53,VIDEO,REELS,13,0,598,0,0,5,18,2025-04-18 19:14:47.755
17841406083211195,17886419025099351,2025-01-29 02:16:53,VIDEO,REELS,13,0,599,0,0,5,18,2025-04-19 21:58:31.473
17841406083211195,17886419025099351,2025-01-29 02:16:53,VIDEO,REELS,13,0,601,0,0,5,18,2025-04-20 21:57:33.565
17841406083211195,17886419025099351,2025-01-29 02:16:53,VIDEO,REELS,13,0,606,0,0,5,18,2025-04-22 17:29:17.004
17841406083211195,17886419025099351,2025-01-29 02:16:53,VIDEO,REELS,13,0,607,0,0,5,18,2025-04-24 01:56:09.942
17841406083211195,17886419025099351,2025-01-29 02:16:53,VIDEO,REELS,13,0,608,0,0,5,18,2025-04-27 17:31:03.889
17841406083211195,17886419025099351,2025-01-29 02:16:53,VIDEO,REELS,13,0,609,0,0,5,18,2025-04-29 17:29:04.402
17841406083211195,17886419025099351,2025-01-29 02:16:53,VIDEO,REELS,13,0,610,0,0,5,18,2025-05-02 17:29:30.527
17841406083211195,17886419025099351,2025-01-29 02:16:53,VIDEO,REELS,13,0,611,0,0,5,18,2025-05-03 17:30:39.027
17841406083211195,17886419025099351,2025-01-29 02:16:53,VIDEO,REELS,13,0,613,0,0,5,18,2025-05-08 17:30:05.768
17841406083211195,17886419025099351,2025-01-29 02:16:53,VIDEO,REELS,13,0,615,0,0,5,18,2025-05-11 17:29:47.645
17841406083211195,17886419025099351,2025-01-29 02:16:53,VIDEO,REELS,13,0,616,0,0,5,18,2025-05-14 17:30:08.436
17841406083211195,17886419025099351,2025-01-29 02:16:53,VIDEO,REELS,13,0,617,0,0,5,18,2025-05-16 17:31:02.557
17841406083211195,17886419025099351,2025-01-29 02:16:53,VIDEO,REELS,13,0,618,0,0,5,18,2025-05-17 17:30:08.776
17841406083211195,17886419025099351,2025-01-29 02:16:53,VIDEO,REELS,13,0,620,0,0,5,18,2025-05-18 17:30:29.432
17841406083211195,17886419025099351,2025-01-29 02:16:53,VIDEO,REELS,13,0,622,0,0,5,18,2025-05-20 17:29:20.317
17841406083211195,17886419025099351,2025-01-29 02:16:53,VIDEO,REELS,13,0,622,0,0,5,18,2025-05-24 17:30:46.335
17841406083211195,17886419025099351,2025-01-29 02:16:53,VIDEO,REELS,13,0,622,0,0,5,18,2025-05-25 17:31:08.740
17841406083211195,17886419025099351,2025-01-29 02:16:53,VIDEO,REELS,13,0,625,0,0,5,18,2025-05-26 17:30:25.751
17841406083211195,17886419025099351,2025-01-29 02:16:53,VIDEO,REELS,13,0,627,0,0,5,18,2025-05-27 17:30:28.914
17841406083211195,17886419025099351,2025-01-29 02:16:53,VIDEO,REELS,13,0,628,0,0,5,18,2025-05-28 17:30:39.444
17841406083211195,17886419025099351,2025-01-29 02:16:53,VIDEO,REELS,13,0,629,0,0,5,18,2025-06-05 17:30:24.260
17841406083211195,17886419025099351,2025-01-29 02:16:53,VIDEO,REELS,14,0,642,0,0,5,19,2025-07-08 17:30:04.064
17841406083211195,17886419025099351,2025-01-29 02:16:53,VIDEO,REELS,14,0,643,0,0,5,19,2025-07-09 17:30:35.095
17841406083211195,17886419025099351,2025-01-29 02:16:53,VIDEO,REELS,14,0,644,0,0,5,19,2025-07-14 17:30:36.576
17841406083211195,17886419025099351,2025-01-29 02:16:53,VIDEO,REELS,14,0,645,0,0,5,19,2025-07-17 17:30:00.079
17841406083211195,17886419025099351,2025-01-29 02:16:53,VIDEO,REELS,14,0,646,0,0,5,19,2025-07-19 17:30:14.980
17841406083211195,17886419025099351,2025-01-29 02:16:53,VIDEO,REELS,14,0,648,0,0,5,19,2025-07-21 17:30:57.162
17841406083211195,17886419025099351,2025-01-29 02:16:53,VIDEO,REELS,14,0,650,0,0,5,19,2025-07-24 17:30:13.831
17841406083211195,17886419025099351,2025-01-29 02:16:53,VIDEO,REELS,14,0,651,0,0,5,19,2025-07-28 17:29:25.064
17841406083211195,17886419025099351,2025-01-29 02:16:53,VIDEO,REELS,14,0,654,0,0,5,19,2025-07-30 17:30:24.523
17841406083211195,17886419025099351,2025-01-29 02:16:53,VIDEO,REELS,14,0,655,0,0,5,19,2025-07-31 17:29:05.329
17841406083211195,17886419025099351,2025-01-29 02:16:53,VIDEO,REELS,14,0,656,0,0,5,19,2025-08-01 17:30:18.346
17841406083211195,17886419025099351,2025-01-29 02:16:53,VIDEO,REELS,14,0,657,0,0,5,19,2025-08-03 17:30:00.326
17841406083211195,17886419025099351,2025-01-29 02:16:53,VIDEO,REELS,14,0,660,0,0,5,19,2025-08-04 17:30:35.462
17841406083211195,17886419025099351,2025-01-29 02:16:53,VIDEO,REELS,14,0,661,0,0,5,19,2025-08-05 17:30:42.506
17841406083211195,17886419025099351,2025-01-29 02:16:53,VIDEO,REELS,14,0,662,0,0,5,19,2025-08-06 17:29:35.473
17841406083211195,17886419025099351,2025-01-29 02:16:53,VIDEO,REELS,14,0,663,0,0,5,19,2025-08-14 17:30:47.866
17841406083211195,17886419025099351,2025-01-29 02:16:53,VIDEO,REELS,14,0,663,0,0,5,19,2025-08-17 17:28:55.755
17841406083211195,17886419025099351,2025-01-29 02:16:53,VIDEO,REELS,14,0,664,0,0,5,19,2025-08-19 17:29:55.299
17841406083211195,17886419025099351,2025-01-29 02:16:53,VIDEO,REELS,14,0,665,0,0,5,19,2025-08-20 17:29:54.705
17841406083211195,17886419025099351,2025-01-29 02:16:53,VIDEO,REELS,14,0,667,0,0,5,19,2025-08-21 17:30:35.454
17841406083211195,17886419025099351,2025-01-29 02:16:53,VIDEO,REELS,14,0,668,0,0,5,19,2025-08-22 17:29:39.570
17841406083211195,17886419025099351,2025-01-29 02:16:53,VIDEO,REELS,14,0,669,0,0,5,19,2025-08-25 17:29:53.215
17841406083211195,17886419025099351,2025-01-29 02:16:53,VIDEO,REELS,14,0,669,0,0,5,19,2025-08-26 17:29:23.367
17841406083211195,17886419025099351,2025-01-29 02:16:53,VIDEO,REELS,14,0,670,0,0,5,19,2025-08-29 17:28:59.734
17841406083211195,17886419025099351,2025-01-29 02:16:53,VIDEO,REELS,14,0,671,0,0,5,19,2025-08-31 17:29:08.155
17841406083211195,17886419025099351,2025-01-29 02:16:53,VIDEO,REELS,14,0,681,0,0,5,19,2025-10-08 17:29:55.668
17841406083211195,17886419025099351,2025-01-29 02:16:53,VIDEO,REELS,14,0,682,0,0,5,19,2025-11-07 17:29:28.066
17841406083211195,17886419025099351,2025-01-29 02:16:53,VIDEO,REELS,14,0,683,0,0,5,19,2025-11-08 17:29:51.373
17841406083211195,17886419025099351,2025-01-29 02:16:53,VIDEO,REELS,14,0,684,0,0,5,19,2025-11-11 17:29:22.336
17841406083211195,17886419025099351,2025-01-29 02:16:53,VIDEO,REELS,14,0,686,0,0,5,19,2025-11-20 17:35:00.216
17841406083211195,17886419025099351,2025-01-29 02:16:53,VIDEO,REELS,14,0,687,0,0,5,19,2025-11-21 17:34:52.827
17841406083211195,17886419025099351,2025-01-29 02:16:53,VIDEO,REELS,14,0,688,0,0,5,19,2025-11-27 17:33:48.978
17841406083211195,17886419025099351,2025-01-29 02:16:53,VIDEO,REELS,14,0,689,0,0,5,19,2025-12-03 17:35:49.235
17841406083211195,17886419025099351,2025-01-29 02:16:53,VIDEO,REELS,14,0,690,0,0,5,19,2025-12-12 17:34:34.582
17841406083211195,17886419025099351,2025-01-29 02:16:53,VIDEO,REELS,14,0,691,0,0,5,19,2025-12-24 17:29:27.242
17841406083211195,17886419025099351,2025-01-29 02:16:53,VIDEO,REELS,14,0,693,0,0,5,19,2025-12-25 17:29:48.438
17841406083211195,17887588011332233,2025-07-31 10:31:42,VIDEO,REELS,0,0,188,0,0,0,0,2025-07-31 17:28:45.855
17841406083211195,17887588011332233,2025-07-31 10:31:42,VIDEO,REELS,0,0,249,0,0,0,0,2025-08-01 17:29:53.748
17841406083211195,17887588011332233,2025-07-31 10:31:42,VIDEO,REELS,0,0,253,0,0,0,0,2025-08-02 17:29:29.050
17841406083211195,17887588011332233,2025-07-31 10:31:42,VIDEO,REELS,0,0,254,0,0,0,0,2025-08-03 17:29:33.588
17841406083211195,17887588011332233,2025-07-31 10:31:42,VIDEO,REELS,0,0,258,0,0,0,0,2025-08-04 17:30:13.789
17841406083211195,17887588011332233,2025-07-31 10:31:42,VIDEO,REELS,1,0,260,0,0,0,1,2025-08-05 17:30:25.825
17841406083211195,17887588011332233,2025-07-31 10:31:42,VIDEO,REELS,1,0,266,0,0,0,1,2025-08-06 17:29:21.817
17841406083211195,17887588011332233,2025-07-31 10:31:42,VIDEO,REELS,2,0,272,0,0,0,2,2025-08-07 17:29:51.653
17841406083211195,17887588011332233,2025-07-31 10:31:42,VIDEO,REELS,2,0,278,0,0,0,2,2025-08-08 17:29:30.440
17841406083211195,17887588011332233,2025-07-31 10:31:42,VIDEO,REELS,2,0,280,0,0,0,2,2025-08-09 17:29:16.355
17841406083211195,17887588011332233,2025-07-31 10:31:42,VIDEO,REELS,2,0,283,0,0,0,2,2025-08-10 17:29:41.095
17841406083211195,17887588011332233,2025-07-31 10:31:42,VIDEO,REELS,2,0,286,0,0,0,2,2025-08-11 17:30:32.967
17841406083211195,17887588011332233,2025-07-31 10:31:42,VIDEO,REELS,2,0,290,0,0,0,2,2025-08-12 17:31:22.350
17841406083211195,17887588011332233,2025-07-31 10:31:42,VIDEO,REELS,2,0,296,0,0,0,2,2025-08-14 17:30:30.706
17841406083211195,17887588011332233,2025-07-31 10:31:42,VIDEO,REELS,3,0,297,0,0,0,3,2025-08-16 17:29:29.899
17841406083211195,17887588011332233,2025-07-31 10:31:42,VIDEO,REELS,3,0,298,0,0,0,3,2025-08-17 17:28:43.182
17841406083211195,17887588011332233,2025-07-31 10:31:42,VIDEO,REELS,3,0,298,0,0,0,3,2025-08-18 17:28:55.672
17841406083211195,17887588011332233,2025-07-31 10:31:42,VIDEO,REELS,3,0,302,0,0,0,3,2025-08-19 17:29:34.435
17841406083211195,17887588011332233,2025-07-31 10:31:42,VIDEO,REELS,3,0,303,0,0,0,3,2025-08-20 17:29:40.874
17841406083211195,17887588011332233,2025-07-31 10:31:42,VIDEO,REELS,3,0,307,0,0,0,3,2025-08-21 17:30:19.080
17841406083211195,17887588011332233,2025-07-31 10:31:42,VIDEO,REELS,3,0,310,0,0,0,3,2025-08-24 17:29:05.933
17841406083211195,17887588011332233,2025-07-31 10:31:42,VIDEO,REELS,3,0,311,0,0,0,3,2025-08-25 17:29:34.732
17841406083211195,17887588011332233,2025-07-31 10:31:42,VIDEO,REELS,3,0,315,0,0,0,3,2025-08-27 17:30:15.466
17841406083211195,17887588011332233,2025-07-31 10:31:42,VIDEO,REELS,3,0,316,0,0,0,3,2025-08-28 17:31:18.229
17841406083211195,17887588011332233,2025-07-31 10:31:42,VIDEO,REELS,3,0,317,0,0,0,3,2025-08-29 17:28:45.769
17841406083211195,17887588011332233,2025-07-31 10:31:42,VIDEO,REELS,3,0,318,0,0,0,3,2025-08-30 17:30:09.893
17841406083211195,17887588011332233,2025-07-31 10:31:42,VIDEO,REELS,3,0,319,0,0,0,3,2025-08-31 17:28:47.926
17841406083211195,17887588011332233,2025-07-31 10:31:42,VIDEO,REELS,3,0,345,0,0,0,3,2025-10-01 04:09:53.349
17841406083211195,17887588011332233,2025-07-31 10:31:42,VIDEO,REELS,3,0,348,0,0,0,3,2025-10-02 17:29:27.078
17841406083211195,17887588011332233,2025-07-31 10:31:42,VIDEO,REELS,3,0,349,0,0,0,3,2025-10-04 17:29:36.066
17841406083211195,17887588011332233,2025-07-31 10:31:42,VIDEO,REELS,3,0,350,0,0,0,3,2025-10-05 17:29:24.319
17841406083211195,17887588011332233,2025-07-31 10:31:42,VIDEO,REELS,3,0,351,0,0,0,3,2025-10-06 17:28:48.560
17841406083211195,17887588011332233,2025-07-31 10:31:42,VIDEO,REELS,3,0,352,0,0,0,3,2025-10-08 17:29:40.360
17841406083211195,17887588011332233,2025-07-31 10:31:42,VIDEO,REELS,3,0,353,0,0,0,3,2025-10-09 17:28:46.171
17841406083211195,17887588011332233,2025-07-31 10:31:42,VIDEO,REELS,3,0,354,0,0,0,3,2025-10-13 17:28:53.159
17841406083211195,17887588011332233,2025-07-31 10:31:42,VIDEO,REELS,3,0,356,0,0,0,3,2025-10-15 17:29:48.880
17841406083211195,17887588011332233,2025-07-31 10:31:42,VIDEO,REELS,3,0,357,0,0,0,3,2025-10-20 17:29:18.463
17841406083211195,17887588011332233,2025-07-31 10:31:42,VIDEO,REELS,3,0,358,0,0,0,3,2025-10-21 17:28:38.456
17841406083211195,17887588011332233,2025-07-31 10:31:42,VIDEO,REELS,3,0,359,0,0,0,3,2025-10-22 17:28:54.484
17841406083211195,17887588011332233,2025-07-31 10:31:42,VIDEO,REELS,3,0,360,0,0,0,3,2025-10-24 17:28:52.179
17841406083211195,17887588011332233,2025-07-31 10:31:42,VIDEO,REELS,3,0,361,0,0,0,3,2025-10-29 17:29:38.421
17841406083211195,17887588011332233,2025-07-31 10:31:42,VIDEO,REELS,3,0,362,0,0,0,3,2025-11-10 17:29:14.410
17841406083211195,17887588011332233,2025-07-31 10:31:42,VIDEO,REELS,3,0,363,0,0,0,3,2025-11-11 17:29:05.810
17841406083211195,17887588011332233,2025-07-31 10:31:42,VIDEO,REELS,3,0,364,0,0,0,3,2025-11-12 17:29:04.436
17841406083211195,17887588011332233,2025-07-31 10:31:42,VIDEO,REELS,3,0,364,0,0,0,3,2025-11-17 17:29:12.870
17841406083211195,17887588011332233,2025-07-31 10:31:42,VIDEO,REELS,3,0,365,0,0,0,3,2025-11-18 17:29:03.776
17841406083211195,17887588011332233,2025-07-31 10:31:42,VIDEO,REELS,3,0,366,0,0,0,3,2025-12-03 17:36:28.748
17841406083211195,17887588011332233,2025-07-31 10:31:42,VIDEO,REELS,3,0,367,0,0,0,3,2025-12-15 17:36:51.717
17841406083211195,17887588011332233,2025-07-31 10:31:42,VIDEO,REELS,3,0,368,0,0,0,3,2025-12-25 17:29:11.619
17841406083211195,17887840962127280,2025-03-29 02:27:19,VIDEO,REELS,9,1,310,1,0,4,14,2025-04-17 17:31:52.811
17841406083211195,17887840962127280,2025-03-29 02:27:19,VIDEO,REELS,9,1,310,1,0,4,14,2025-04-18 19:14:47.754
17841406083211195,17887840962127280,2025-03-29 02:27:19,VIDEO,REELS,9,1,313,1,0,4,14,2025-04-19 21:58:31.472
17841406083211195,17887840962127280,2025-03-29 02:27:19,VIDEO,REELS,9,1,317,1,0,4,14,2025-04-20 21:57:33.564
17841406083211195,17887840962127280,2025-03-29 02:27:19,VIDEO,REELS,9,1,324,1,0,4,14,2025-04-22 06:39:46.055
17841406083211195,17887840962127280,2025-03-29 02:27:19,VIDEO,REELS,9,1,325,1,0,4,14,2025-04-22 17:29:16.995
17841406083211195,17887840962127280,2025-03-29 02:27:19,VIDEO,REELS,9,1,327,1,0,4,14,2025-04-24 01:56:09.941
17841406083211195,17887840962127280,2025-03-29 02:27:19,VIDEO,REELS,9,1,333,1,0,4,14,2025-04-24 17:29:59.127
17841406083211195,17887840962127280,2025-03-29 02:27:19,VIDEO,REELS,9,1,336,1,0,4,14,2025-04-25 17:30:04.359
17841406083211195,17887840962127280,2025-03-29 02:27:19,VIDEO,REELS,9,1,338,1,0,4,14,2025-04-27 17:31:03.887
17841406083211195,17887840962127280,2025-03-29 02:27:19,VIDEO,REELS,9,1,340,1,0,4,14,2025-04-28 17:30:00.134
17841406083211195,17887840962127280,2025-03-29 02:27:19,VIDEO,REELS,9,1,345,1,0,4,14,2025-04-29 17:29:04.400
17841406083211195,17887840962127280,2025-03-29 02:27:19,VIDEO,REELS,9,1,345,1,0,4,14,2025-04-30 17:30:59.233
17841406083211195,17887840962127280,2025-03-29 02:27:19,VIDEO,REELS,9,1,346,1,0,4,14,2025-05-01 17:31:37.128
17841406083211195,17887840962127280,2025-03-29 02:27:19,VIDEO,REELS,9,1,349,1,0,4,14,2025-05-02 17:29:30.526
17841406083211195,17887840962127280,2025-03-29 02:27:19,VIDEO,REELS,9,1,351,1,0,4,14,2025-05-03 17:30:39.026
17841406083211195,17887840962127280,2025-03-29 02:27:19,VIDEO,REELS,9,1,354,1,0,4,14,2025-05-04 17:28:52.311
17841406083211195,17887840962127280,2025-03-29 02:27:19,VIDEO,REELS,9,1,361,1,0,4,14,2025-05-05 17:29:55.873
17841406083211195,17887840962127280,2025-03-29 02:27:19,VIDEO,REELS,9,1,365,1,0,4,14,2025-05-06 17:29:33.099
17841406083211195,17887840962127280,2025-03-29 02:27:19,VIDEO,REELS,9,1,366,1,0,4,14,2025-05-07 17:28:45.309
17841406083211195,17887840962127280,2025-03-29 02:27:19,VIDEO,REELS,9,1,368,1,0,4,14,2025-05-08 17:30:01.757
17841406083211195,17887840962127280,2025-03-29 02:27:19,VIDEO,REELS,9,1,375,1,0,4,14,2025-05-09 17:31:06.445
17841406083211195,17887840962127280,2025-03-29 02:27:19,VIDEO,REELS,9,1,376,1,0,4,14,2025-05-11 17:29:45.382
17841406083211195,17887840962127280,2025-03-29 02:27:19,VIDEO,REELS,9,1,376,1,0,4,14,2025-05-12 17:30:45.009
17841406083211195,17887840962127280,2025-03-29 02:27:19,VIDEO,REELS,9,1,378,1,0,4,14,2025-05-14 17:30:05.775
17841406083211195,17887840962127280,2025-03-29 02:27:19,VIDEO,REELS,9,1,382,1,0,4,14,2025-05-16 17:31:00.288
17841406083211195,17887840962127280,2025-03-29 02:27:19,VIDEO,REELS,9,1,385,1,0,4,14,2025-05-17 17:30:06.317
17841406083211195,17887840962127280,2025-03-29 02:27:19,VIDEO,REELS,9,1,386,1,0,4,14,2025-05-18 17:30:27.079
17841406083211195,17887840962127280,2025-03-29 02:27:19,VIDEO,REELS,9,1,387,1,0,4,14,2025-05-19 17:30:02.661
17841406083211195,17887840962127280,2025-03-29 02:27:19,VIDEO,REELS,9,1,389,1,0,4,14,2025-05-22 17:30:10.258
17841406083211195,17887840962127280,2025-03-29 02:27:19,VIDEO,REELS,9,1,392,1,0,4,14,2025-05-24 17:30:42.252
17841406083211195,17887840962127280,2025-03-29 02:27:19,VIDEO,REELS,9,1,394,1,0,4,14,2025-05-25 17:31:05.651
17841406083211195,17887840962127280,2025-03-29 02:27:19,VIDEO,REELS,9,1,396,1,0,4,14,2025-05-26 17:30:22.055
17841406083211195,17887840962127280,2025-03-29 02:27:19,VIDEO,REELS,9,1,398,1,0,4,14,2025-05-27 17:30:25.250
17841406083211195,17887840962127280,2025-03-29 02:27:19,VIDEO,REELS,9,1,399,1,0,4,14,2025-05-28 17:30:33.826
17841406083211195,17887840962127280,2025-03-29 02:27:19,VIDEO,REELS,9,1,399,1,0,4,14,2025-05-29 17:29:32.678
17841406083211195,17887840962127280,2025-03-29 02:27:19,VIDEO,REELS,9,1,400,1,0,4,14,2025-05-30 17:29:56.104
17841406083211195,17887840962127280,2025-03-29 02:27:19,VIDEO,REELS,9,1,401,1,0,4,14,2025-06-01 17:29:49.084
17841406083211195,17887840962127280,2025-03-29 02:27:19,VIDEO,REELS,9,1,402,1,0,4,14,2025-06-04 17:30:00.715
17841406083211195,17887840962127280,2025-03-29 02:27:19,VIDEO,REELS,9,1,403,1,0,4,14,2025-06-05 17:30:15.489
17841406083211195,17887840962127280,2025-03-29 02:27:19,VIDEO,REELS,10,1,418,1,0,4,15,2025-07-09 17:30:35.091
17841406083211195,17887840962127280,2025-03-29 02:27:19,VIDEO,REELS,10,1,419,1,0,4,15,2025-07-14 17:30:36.574
17841406083211195,17887840962127280,2025-03-29 02:27:19,VIDEO,REELS,10,1,420,1,0,4,15,2025-07-16 17:30:13.812
17841406083211195,17887840962127280,2025-03-29 02:27:19,VIDEO,REELS,10,1,421,1,0,4,15,2025-07-17 17:29:57.871
17841406083211195,17887840962127280,2025-03-29 02:27:19,VIDEO,REELS,10,1,422,1,0,4,15,2025-07-18 17:29:56.750
17841406083211195,17887840962127280,2025-03-29 02:27:19,VIDEO,REELS,10,1,422,1,0,4,15,2025-07-19 17:30:13.146
17841406083211195,17887840962127280,2025-03-29 02:27:19,VIDEO,REELS,10,1,423,1,0,4,15,2025-07-21 17:30:54.847
17841406083211195,17887840962127280,2025-03-29 02:27:19,VIDEO,REELS,10,1,424,1,0,4,15,2025-07-22 17:30:46.718
17841406083211195,17887840962127280,2025-03-29 02:27:19,VIDEO,REELS,10,1,425,1,0,4,15,2025-07-23 17:30:26.060
17841406083211195,17887840962127280,2025-03-29 02:27:19,VIDEO,REELS,10,1,427,1,0,4,15,2025-07-24 17:30:11.319
17841406083211195,17887840962127280,2025-03-29 02:27:19,VIDEO,REELS,10,1,430,1,0,4,15,2025-07-25 17:29:48.899
17841406083211195,17887840962127280,2025-03-29 02:27:19,VIDEO,REELS,10,1,430,1,0,4,15,2025-07-27 17:30:43.456
17841406083211195,17887840962127280,2025-03-29 02:27:19,VIDEO,REELS,10,1,430,1,0,4,15,2025-07-29 17:29:59.936
17841406083211195,17887840962127280,2025-03-29 02:27:19,VIDEO,REELS,10,1,431,1,0,4,15,2025-07-30 17:30:21.217
17841406083211195,17887840962127280,2025-03-29 02:27:19,VIDEO,REELS,10,1,431,1,0,4,15,2025-07-31 17:29:02.398
17841406083211195,17887840962127280,2025-03-29 02:27:19,VIDEO,REELS,10,1,432,1,0,4,15,2025-08-04 17:30:32.194
17841406083211195,17887840962127280,2025-03-29 02:27:19,VIDEO,REELS,10,1,437,1,0,4,15,2025-08-05 17:30:39.102
17841406083211195,17887840962127280,2025-03-29 02:27:19,VIDEO,REELS,10,1,438,1,0,4,15,2025-08-06 17:29:32.813
17841406083211195,17887840962127280,2025-03-29 02:27:19,VIDEO,REELS,10,1,439,1,0,4,15,2025-08-13 17:30:05.530
17841406083211195,17887840962127280,2025-03-29 02:27:19,VIDEO,REELS,10,1,440,1,0,4,15,2025-08-14 17:30:40.916
17841406083211195,17887840962127280,2025-03-29 02:27:19,VIDEO,REELS,10,1,441,1,0,4,15,2025-08-19 17:29:48.966
17841406083211195,17887840962127280,2025-03-29 02:27:19,VIDEO,REELS,10,1,443,1,0,4,15,2025-08-20 17:29:49.047
17841406083211195,17887840962127280,2025-03-29 02:27:19,VIDEO,REELS,10,1,446,1,0,4,15,2025-08-21 17:30:28.986
17841406083211195,17887840962127280,2025-03-29 02:27:19,VIDEO,REELS,10,1,448,1,0,4,15,2025-08-23 17:29:39.824
17841406083211195,17887840962127280,2025-03-29 02:27:19,VIDEO,REELS,10,1,449,1,0,4,15,2025-08-24 17:29:14.558
17841406083211195,17887840962127280,2025-03-29 02:27:19,VIDEO,REELS,10,1,449,1,0,4,15,2025-08-25 17:29:45.207
17841406083211195,17887840962127280,2025-03-29 02:27:19,VIDEO,REELS,10,1,450,1,0,4,15,2025-08-29 17:28:53.241
17841406083211195,17887840962127280,2025-03-29 02:27:19,VIDEO,REELS,10,1,451,1,0,4,15,2025-08-31 17:28:56.737
17841406083211195,17887840962127280,2025-03-29 02:27:19,VIDEO,REELS,10,1,457,1,0,4,15,2025-10-02 17:29:46.312
17841406083211195,17887840962127280,2025-03-29 02:27:19,VIDEO,REELS,10,1,458,1,0,4,15,2025-10-07 17:28:46.424
17841406083211195,17887840962127280,2025-03-29 02:27:19,VIDEO,REELS,10,1,459,1,0,4,15,2025-10-08 17:29:55.668
17841406083211195,17887840962127280,2025-03-29 02:27:19,VIDEO,REELS,10,1,460,1,0,4,15,2025-10-10 17:30:20.762
17841406083211195,17887840962127280,2025-03-29 02:27:19,VIDEO,REELS,10,1,461,1,0,4,15,2025-10-11 17:28:44.343
17841406083211195,17887840962127280,2025-03-29 02:27:19,VIDEO,REELS,10,1,462,1,0,4,15,2025-10-17 17:30:11.771
17841406083211195,17887840962127280,2025-03-29 02:27:19,VIDEO,REELS,10,1,462,1,0,4,15,2025-10-28 17:30:01.156
17841406083211195,17887840962127280,2025-03-29 02:27:19,VIDEO,REELS,10,1,463,1,0,4,15,2025-11-06 17:29:01.635
17841406083211195,17887840962127280,2025-03-29 02:27:19,VIDEO,REELS,10,1,463,1,0,4,15,2025-11-08 17:29:42.916
17841406083211195,17887840962127280,2025-03-29 02:27:19,VIDEO,REELS,10,1,464,1,0,4,15,2025-11-10 17:29:23.639
17841406083211195,17887840962127280,2025-03-29 02:27:19,VIDEO,REELS,10,1,465,1,0,4,15,2025-11-11 17:29:14.652
17841406083211195,17887840962127280,2025-03-29 02:27:19,VIDEO,REELS,10,1,467,1,0,4,15,2025-11-21 17:34:52.826
17841406083211195,17887840962127280,2025-03-29 02:27:19,VIDEO,REELS,10,1,468,1,0,4,15,2025-11-24 17:35:31.257
17841406083211195,17887840962127280,2025-03-29 02:27:19,VIDEO,REELS,10,1,469,1,0,4,15,2025-11-29 17:35:21.120
17841406083211195,17887840962127280,2025-03-29 02:27:19,VIDEO,REELS,10,1,469,1,0,4,15,2025-12-01 17:33:15.137
17841406083211195,17887840962127280,2025-03-29 02:27:19,VIDEO,REELS,10,1,470,1,0,4,15,2025-12-03 17:35:49.234
17841406083211195,17887840962127280,2025-03-29 02:27:19,VIDEO,REELS,10,1,472,1,0,4,15,2025-12-12 17:34:34.581
17841406083211195,17887840962127280,2025-03-29 02:27:19,VIDEO,REELS,10,1,473,1,0,4,15,2025-12-25 17:29:40.548
17841406083211195,17888806788187469,2025-02-07 10:06:17,VIDEO,REELS,4,0,412,0,0,0,4,2025-04-18 19:14:47.751
17841406083211195,17888806788187469,2025-02-07 10:06:17,VIDEO,REELS,4,0,414,0,0,0,4,2025-04-22 17:29:16.984
17841406083211195,17888806788187469,2025-02-07 10:06:17,VIDEO,REELS,4,0,415,0,0,0,4,2025-04-25 17:30:04.355
17841406083211195,17888806788187469,2025-02-07 10:06:17,VIDEO,REELS,4,0,416,0,0,0,4,2025-05-05 17:29:55.870
17841406083211195,17888806788187469,2025-02-07 10:06:17,VIDEO,REELS,4,0,416,0,0,0,4,2025-05-08 17:30:01.753
17841406083211195,17888806788187469,2025-02-07 10:06:17,VIDEO,REELS,4,0,418,0,0,0,4,2025-05-18 17:30:29.431
17841406083211195,17888806788187469,2025-02-07 10:06:17,VIDEO,REELS,4,0,419,0,0,0,4,2025-05-21 17:30:13.199
17841406083211195,17888806788187469,2025-02-07 10:06:17,VIDEO,REELS,4,0,420,0,0,0,4,2025-05-24 17:30:46.331
17841406083211195,17888806788187469,2025-02-07 10:06:17,VIDEO,REELS,4,0,421,0,0,0,4,2025-06-02 17:30:41.585
17841406083211195,17888806788187469,2025-02-07 10:06:17,VIDEO,REELS,4,0,422,0,0,0,4,2025-06-05 17:30:24.256
17841406083211195,17888806788187469,2025-02-07 10:06:17,VIDEO,REELS,4,0,425,0,0,0,4,2025-07-03 03:00:11.472
17841406083211195,17888806788187469,2025-02-07 10:06:17,VIDEO,REELS,4,0,425,0,0,0,4,2025-07-20 17:30:24.964
17841406083211195,17888806788187469,2025-02-07 10:06:17,VIDEO,REELS,4,0,426,0,0,0,4,2025-07-31 17:29:05.327
17841406083211195,17888806788187469,2025-02-07 10:06:17,VIDEO,REELS,4,0,427,0,0,0,4,2025-08-04 17:30:35.461
17841406083211195,17888806788187469,2025-02-07 10:06:17,VIDEO,REELS,4,0,429,0,0,0,4,2025-08-06 17:29:35.470
17841406083211195,17888806788187469,2025-02-07 10:06:17,VIDEO,REELS,4,0,430,0,0,0,4,2025-08-20 17:29:54.701
17841406083211195,17888806788187469,2025-02-07 10:06:17,VIDEO,REELS,4,0,431,0,0,0,4,2025-08-25 17:29:53.213
17841406083211195,17888806788187469,2025-02-07 10:06:17,VIDEO,REELS,4,0,434,0,0,0,4,2025-08-31 17:29:08.150
17841406083211195,17888806788187469,2025-02-07 10:06:17,VIDEO,REELS,4,0,439,0,0,0,4,2025-11-14 17:29:25.546
17841406083211195,17888806788187469,2025-02-07 10:06:17,VIDEO,REELS,4,0,440,0,0,0,4,2025-12-03 17:35:49.231
17841406083211195,17888806788187469,2025-02-07 10:06:17,VIDEO,REELS,4,0,441,0,0,0,4,2025-12-24 17:29:27.240
17841406083211195,17888806788187469,2025-02-07 10:06:17,VIDEO,REELS,4,0,442,0,0,0,4,2025-12-25 17:29:48.437
17841406083211195,17889040947297453,2025-07-17 10:10:56,VIDEO,REELS,3,0,80,0,0,0,3,2025-07-17 17:29:38.355
17841406083211195,17889040947297453,2025-07-17 10:10:56,VIDEO,REELS,3,0,161,0,0,0,3,2025-07-18 17:29:30.010
17841406083211195,17889040947297453,2025-07-17 10:10:56,VIDEO,REELS,3,0,184,0,0,0,3,2025-07-19 17:29:55.183
17841406083211195,17889040947297453,2025-07-17 10:10:56,VIDEO,REELS,3,0,186,0,0,0,3,2025-07-20 17:30:03.574
17841406083211195,17889040947297453,2025-07-17 10:10:56,VIDEO,REELS,4,0,193,0,0,0,4,2025-07-21 17:30:30.541
17841406083211195,17889040947297453,2025-07-17 10:10:56,VIDEO,REELS,4,0,214,0,0,0,4,2025-07-22 17:30:36.354
17841406083211195,17889040947297453,2025-07-17 10:10:56,VIDEO,REELS,4,0,230,0,0,0,4,2025-07-23 17:30:15.898
17841406083211195,17889040947297453,2025-07-17 10:10:56,VIDEO,REELS,4,0,232,0,0,0,4,2025-07-24 17:30:01.604
17841406083211195,17889040947297453,2025-07-17 10:10:56,VIDEO,REELS,4,0,238,0,0,0,4,2025-07-25 17:29:40.359
17841406083211195,17889040947297453,2025-07-17 10:10:56,VIDEO,REELS,4,0,249,0,0,0,4,2025-07-26 17:30:03.789
17841406083211195,17889040947297453,2025-07-17 10:10:56,VIDEO,REELS,4,0,250,0,0,0,4,2025-07-27 17:30:34.309
17841406083211195,17889040947297453,2025-07-17 10:10:56,VIDEO,REELS,4,0,260,0,0,0,4,2025-07-28 17:29:11.653
17841406083211195,17889040947297453,2025-07-17 10:10:56,VIDEO,REELS,4,0,266,0,0,0,4,2025-07-29 17:29:46.534
17841406083211195,17889040947297453,2025-07-17 10:10:56,VIDEO,REELS,4,0,273,0,0,0,4,2025-07-31 17:28:52.267
17841406083211195,17889040947297453,2025-07-17 10:10:56,VIDEO,REELS,4,0,274,0,0,0,4,2025-08-04 17:30:20.395
17841406083211195,17889040947297453,2025-07-17 10:10:56,VIDEO,REELS,4,0,275,0,0,0,4,2025-08-06 17:29:21.819
17841406083211195,17889040947297453,2025-07-17 10:10:56,VIDEO,REELS,4,0,280,0,0,0,4,2025-08-07 17:29:51.658
17841406083211195,17889040947297453,2025-07-17 10:10:56,VIDEO,REELS,4,0,283,0,0,0,4,2025-08-08 17:29:30.445
17841406083211195,17889040947297453,2025-07-17 10:10:56,VIDEO,REELS,4,0,284,0,0,0,4,2025-08-10 17:29:41.097
17841406083211195,17889040947297453,2025-07-17 10:10:56,VIDEO,REELS,4,0,291,0,0,0,4,2025-08-11 17:30:32.971
17841406083211195,17889040947297453,2025-07-17 10:10:56,VIDEO,REELS,4,0,293,0,0,0,4,2025-08-12 17:31:22.352
17841406083211195,17889040947297453,2025-07-17 10:10:56,VIDEO,REELS,4,0,294,0,0,0,4,2025-08-14 17:30:30.708
17841406083211195,17889040947297453,2025-07-17 10:10:56,VIDEO,REELS,4,0,295,0,0,0,4,2025-08-16 17:29:29.901
17841406083211195,17889040947297453,2025-07-17 10:10:56,VIDEO,REELS,4,0,296,0,0,0,4,2025-08-18 17:28:55.673
17841406083211195,17889040947297453,2025-07-17 10:10:56,VIDEO,REELS,4,0,297,0,0,0,4,2025-08-19 17:29:34.439
17841406083211195,17889040947297453,2025-07-17 10:10:56,VIDEO,REELS,4,0,298,0,0,0,4,2025-08-20 17:29:40.878
17841406083211195,17889040947297453,2025-07-17 10:10:56,VIDEO,REELS,4,0,299,0,0,0,4,2025-08-21 17:30:19.083
17841406083211195,17889040947297453,2025-07-17 10:10:56,VIDEO,REELS,4,0,301,0,0,0,4,2025-08-25 17:29:34.734
17841406083211195,17889040947297453,2025-07-17 10:10:56,VIDEO,REELS,4,0,305,0,0,0,4,2025-08-27 17:30:15.469
17841406083211195,17889040947297453,2025-07-17 10:10:56,VIDEO,REELS,4,0,308,0,0,0,4,2025-08-30 17:30:09.894
17841406083211195,17889040947297453,2025-07-17 10:10:56,VIDEO,REELS,4,0,309,0,0,0,4,2025-08-31 17:28:47.930
17841406083211195,17889040947297453,2025-07-17 10:10:56,VIDEO,REELS,4,0,322,0,0,0,4,2025-10-04 17:29:36.069
17841406083211195,17889040947297453,2025-07-17 10:10:56,VIDEO,REELS,4,0,327,0,0,0,4,2025-10-05 17:29:24.323
17841406083211195,17889040947297453,2025-07-17 10:10:56,VIDEO,REELS,4,0,328,0,0,0,4,2025-10-06 17:28:48.563
17841406083211195,17889040947297453,2025-07-17 10:10:56,VIDEO,REELS,4,0,330,0,0,0,4,2025-10-12 17:28:49.796
17841406083211195,17889040947297453,2025-07-17 10:10:56,VIDEO,REELS,4,0,331,0,0,0,4,2025-10-15 17:29:48.884
17841406083211195,17889040947297453,2025-07-17 10:10:56,VIDEO,REELS,4,0,332,0,0,0,4,2025-10-20 17:29:27.071
17841406083211195,17889040947297453,2025-07-17 10:10:56,VIDEO,REELS,4,0,333,0,0,0,4,2025-10-24 17:28:58.160
17841406083211195,17889040947297453,2025-07-17 10:10:56,VIDEO,REELS,4,0,333,0,0,0,4,2025-10-29 17:29:38.423
17841406083211195,17889040947297453,2025-07-17 10:10:56,VIDEO,REELS,4,0,334,0,0,0,4,2025-11-10 17:29:14.414
17841406083211195,17889040947297453,2025-07-17 10:10:56,VIDEO,REELS,4,0,335,0,0,0,4,2025-11-11 17:29:05.812
17841406083211195,17889040947297453,2025-07-17 10:10:56,VIDEO,REELS,4,0,336,0,0,0,4,2025-11-18 17:29:03.778
17841406083211195,17889040947297453,2025-07-17 10:10:56,VIDEO,REELS,4,0,337,0,0,0,4,2025-12-03 17:36:28.750
17841406083211195,17889040947297453,2025-07-17 10:10:56,VIDEO,REELS,4,0,338,0,0,0,4,2025-12-25 17:29:25.139
17841406083211195,17889683460226107,2025-10-03 10:10:00,VIDEO,REELS,1,0,85,0,0,0,1,2025-10-03 17:29:06.613
17841406083211195,17889683460226107,2025-10-03 10:10:00,VIDEO,REELS,1,0,154,0,0,0,1,2025-10-04 17:29:29.950
17841406083211195,17889683460226107,2025-10-03 10:10:00,VIDEO,REELS,2,0,215,0,0,0,2,2025-10-05 17:29:16.453
17841406083211195,17889683460226107,2025-10-03 10:10:00,VIDEO,REELS,2,0,235,0,0,0,2,2025-10-06 17:28:39.930
17841406083211195,17889683460226107,2025-10-03 10:10:00,VIDEO,REELS,2,0,255,0,0,0,2,2025-10-07 17:28:29.274
17841406083211195,17889683460226107,2025-10-03 10:10:00,VIDEO,REELS,2,0,267,0,0,0,2,2025-10-08 17:29:40.361
17841406083211195,17889683460226107,2025-10-03 10:10:00,VIDEO,REELS,2,0,283,0,0,0,2,2025-10-09 17:28:46.173
17841406083211195,17889683460226107,2025-10-03 10:10:00,VIDEO,REELS,2,0,300,0,0,0,2,2025-10-10 17:30:06.545
17841406083211195,17889683460226107,2025-10-03 10:10:00,VIDEO,REELS,2,0,302,0,0,0,2,2025-10-11 17:28:30.970
17841406083211195,17889683460226107,2025-10-03 10:10:00,VIDEO,REELS,3,0,309,0,0,0,3,2025-10-12 17:28:49.792
17841406083211195,17889683460226107,2025-10-03 10:10:00,VIDEO,REELS,3,0,315,0,0,0,3,2025-10-13 17:28:53.160
17841406083211195,17889683460226107,2025-10-03 10:10:00,VIDEO,REELS,4,0,319,0,0,0,4,2025-10-14 17:28:21.211
17841406083211195,17889683460226107,2025-10-03 10:10:00,VIDEO,REELS,4,0,320,0,0,0,4,2025-10-15 17:29:48.881
17841406083211195,17889683460226107,2025-10-03 10:10:00,VIDEO,REELS,4,0,325,0,0,0,4,2025-10-16 17:28:56.620
17841406083211195,17889683460226107,2025-10-03 10:10:00,VIDEO,REELS,14,0,341,0,0,0,14,2025-10-17 17:29:48.794
17841406083211195,17889683460226107,2025-10-03 10:10:00,VIDEO,REELS,14,0,343,0,0,0,14,2025-10-18 17:28:28.253
17841406083211195,17889683460226107,2025-10-03 10:10:00,VIDEO,REELS,14,0,345,0,0,0,14,2025-10-19 17:28:32.839
17841406083211195,17889683460226107,2025-10-03 10:10:00,VIDEO,REELS,14,0,349,0,0,0,14,2025-10-20 17:29:18.464
17841406083211195,17889683460226107,2025-10-03 10:10:00,VIDEO,REELS,14,0,350,0,0,0,14,2025-10-22 17:28:54.485
17841406083211195,17889683460226107,2025-10-03 10:10:00,VIDEO,REELS,14,0,352,0,0,0,14,2025-10-23 17:28:30.289
17841406083211195,17889683460226107,2025-10-03 10:10:00,VIDEO,REELS,14,0,353,0,0,0,14,2025-10-24 17:28:52.180
17841406083211195,17889683460226107,2025-10-03 10:10:00,VIDEO,REELS,14,0,353,0,0,0,14,2025-10-25 17:30:00.351
17841406083211195,17889683460226107,2025-10-03 10:10:00,VIDEO,REELS,14,0,355,0,0,0,14,2025-10-27 17:28:46.998
17841406083211195,17889683460226107,2025-10-03 10:10:00,VIDEO,REELS,14,0,358,0,0,0,14,2025-10-28 17:29:42.170
17841406083211195,17889683460226107,2025-10-03 10:10:00,VIDEO,REELS,14,0,362,0,0,0,14,2025-10-29 17:29:27.590
17841406083211195,17889683460226107,2025-10-03 10:10:00,VIDEO,REELS,14,0,369,0,0,0,14,2025-10-30 17:30:15.095
17841406083211195,17889683460226107,2025-10-03 10:10:00,VIDEO,REELS,14,0,370,0,0,0,14,2025-11-01 17:29:16.510
17841406083211195,17889683460226107,2025-10-03 10:10:00,VIDEO,REELS,14,0,370,0,0,0,14,2025-11-03 17:28:49.524
17841406083211195,17889683460226107,2025-10-03 10:10:00,VIDEO,REELS,14,0,372,0,0,0,14,2025-11-05 17:28:28.352
17841406083211195,17889683460226107,2025-10-03 10:10:00,VIDEO,REELS,14,0,373,0,0,0,14,2025-11-07 17:29:01.089
17841406083211195,17889683460226107,2025-10-03 10:10:00,VIDEO,REELS,15,0,374,0,0,0,15,2025-11-09 17:28:38.965
17841406083211195,17889683460226107,2025-10-03 10:10:00,VIDEO,REELS,15,0,376,0,0,0,15,2025-11-10 17:29:07.645
17841406083211195,17889683460226107,2025-10-03 10:10:00,VIDEO,REELS,15,0,382,0,0,0,15,2025-11-11 17:28:56.855
17841406083211195,17889683460226107,2025-10-03 10:10:00,VIDEO,REELS,15,0,384,0,0,0,15,2025-11-12 17:28:57.517
17841406083211195,17889683460226107,2025-10-03 10:10:00,VIDEO,REELS,15,0,384,0,0,0,15,2025-11-13 17:29:19.506
17841406083211195,17889683460226107,2025-10-03 10:10:00,VIDEO,REELS,15,0,385,0,0,0,15,2025-11-14 17:29:00.545
17841406083211195,17889683460226107,2025-10-03 10:10:00,VIDEO,REELS,15,0,389,0,0,0,15,2025-11-16 17:29:40.691
17841406083211195,17889683460226107,2025-10-03 10:10:00,VIDEO,REELS,15,0,390,0,0,0,15,2025-11-17 17:29:03.606
17841406083211195,17889683460226107,2025-10-03 10:10:00,VIDEO,REELS,15,0,391,0,0,0,15,2025-11-18 17:28:56.199
17841406083211195,17889683460226107,2025-10-03 10:10:00,VIDEO,REELS,15,0,395,0,0,0,15,2025-11-19 17:35:38.989
17841406083211195,17889683460226107,2025-10-03 10:10:00,VIDEO,REELS,15,0,396,0,0,0,15,2025-11-20 17:36:09.355
17841406083211195,17889683460226107,2025-10-03 10:10:00,VIDEO,REELS,15,0,397,0,0,0,15,2025-11-21 17:35:55.881
17841406083211195,17889683460226107,2025-10-03 10:10:00,VIDEO,REELS,15,0,398,0,1,0,16,2025-11-25 17:34:52.770
17841406083211195,17889683460226107,2025-10-03 10:10:00,VIDEO,REELS,15,0,398,0,1,0,16,2025-11-26 17:37:34.799
17841406083211195,17889683460226107,2025-10-03 10:10:00,VIDEO,REELS,15,0,399,0,1,0,16,2025-11-27 17:34:42.518
17841406083211195,17889683460226107,2025-10-03 10:10:00,VIDEO,REELS,15,0,402,0,1,0,16,2025-12-01 17:34:00.994
17841406083211195,17889683460226107,2025-10-03 10:10:00,VIDEO,REELS,15,0,403,0,1,0,16,2025-12-08 17:33:32.913
17841406083211195,17889683460226107,2025-10-03 10:10:00,VIDEO,REELS,15,0,404,0,1,0,16,2025-12-12 17:35:50.534
17841406083211195,17889683460226107,2025-10-03 10:10:00,VIDEO,REELS,15,0,404,0,1,0,16,2025-12-15 17:37:13.500
17841406083211195,17889683460226107,2025-10-03 10:10:00,VIDEO,REELS,15,0,405,0,1,0,16,2025-12-22 17:28:37.820
17841406083211195,17889683460226107,2025-10-03 10:10:00,VIDEO,REELS,15,0,405,0,1,0,16,2025-12-25 17:29:11.620
17841406083211195,17889862656372935,2025-11-11 04:45:50,VIDEO,REELS,25,1,932,1,0,1,27,2025-11-11 17:28:50.645
17841406083211195,17889862656372935,2025-11-11 04:45:50,VIDEO,REELS,36,2,1339,2,0,1,39,2025-11-12 17:28:50.087
17841406083211195,17889862656372935,2025-11-11 04:45:50,VIDEO,REELS,38,2,1432,2,0,1,41,2025-11-13 17:29:19.511
17841406083211195,17889862656372935,2025-11-11 04:45:50,VIDEO,REELS,47,2,1482,2,0,1,50,2025-11-14 17:29:00.547
17841406083211195,17889862656372935,2025-11-11 04:45:50,VIDEO,REELS,62,2,1532,2,0,1,66,2025-11-15 17:30:46.808
17841406083211195,17889862656372935,2025-11-11 04:45:50,VIDEO,REELS,63,2,1545,2,0,1,67,2025-11-16 17:29:40.693
17841406083211195,17889862656372935,2025-11-11 04:45:50,VIDEO,REELS,63,2,1549,2,0,1,67,2025-11-17 17:29:03.608
17841406083211195,17889862656372935,2025-11-11 04:45:50,VIDEO,REELS,63,2,1564,2,0,1,67,2025-11-18 17:28:56.201
17841406083211195,17889862656372935,2025-11-11 04:45:50,VIDEO,REELS,63,2,1571,2,0,1,67,2025-11-19 17:35:38.993
17841406083211195,17889862656372935,2025-11-11 04:45:50,VIDEO,REELS,63,2,1577,2,0,1,67,2025-11-20 17:36:09.359
17841406083211195,17889862656372935,2025-11-11 04:45:50,VIDEO,REELS,63,2,1581,2,0,1,67,2025-11-22 17:33:59.884
17841406083211195,17889862656372935,2025-11-11 04:45:50,VIDEO,REELS,63,2,1588,2,0,1,67,2025-11-23 17:33:27.490
17841406083211195,17889862656372935,2025-11-11 04:45:50,VIDEO,REELS,63,2,1592,2,0,1,67,2025-11-24 17:36:35.489
17841406083211195,17889862656372935,2025-11-11 04:45:50,VIDEO,REELS,63,2,1595,2,0,1,67,2025-11-25 17:34:52.773
17841406083211195,17889862656372935,2025-11-11 04:45:50,VIDEO,REELS,63,2,1602,2,0,1,67,2025-11-26 17:37:34.802
17841406083211195,17889862656372935,2025-11-11 04:45:50,VIDEO,REELS,63,2,1604,2,0,1,67,2025-11-27 17:34:42.524
17841406083211195,17889862656372935,2025-11-11 04:45:50,VIDEO,REELS,63,2,1605,2,0,1,67,2025-11-28 17:35:39.730
17841406083211195,17889862656372935,2025-11-11 04:45:50,VIDEO,REELS,63,2,1605,2,0,1,67,2025-11-29 17:36:27.545
17841406083211195,17889862656372935,2025-11-11 04:45:50,VIDEO,REELS,63,2,1608,2,0,1,67,2025-11-30 17:33:54.626
17841406083211195,17889862656372935,2025-11-11 04:45:50,VIDEO,REELS,63,2,1609,2,0,1,67,2025-12-01 17:34:00.995
17841406083211195,17889862656372935,2025-11-11 04:45:50,VIDEO,REELS,63,2,1611,2,0,1,67,2025-12-03 17:36:45.844
17841406083211195,17889862656372935,2025-11-11 04:45:50,VIDEO,REELS,63,2,1612,2,0,1,67,2025-12-05 17:34:50.238
17841406083211195,17889862656372935,2025-11-11 04:45:50,VIDEO,REELS,63,2,1613,2,0,1,67,2025-12-06 17:35:26.336
17841406083211195,17889862656372935,2025-11-11 04:45:50,VIDEO,REELS,63,2,1614,2,0,1,67,2025-12-08 17:33:32.917
17841406083211195,17889862656372935,2025-11-11 04:45:50,VIDEO,REELS,63,2,1617,2,0,1,67,2025-12-11 17:33:56.851
17841406083211195,17889862656372935,2025-11-11 04:45:50,VIDEO,REELS,63,2,1618,2,0,1,67,2025-12-15 17:37:13.501
17841406083211195,17889862656372935,2025-11-11 04:45:50,VIDEO,REELS,63,2,1619,2,0,1,67,2025-12-16 17:34:50.971
17841406083211195,17889862656372935,2025-11-11 04:45:50,VIDEO,REELS,63,2,1621,2,0,1,67,2025-12-17 17:28:40.154
17841406083211195,17889862656372935,2025-11-11 04:45:50,VIDEO,REELS,63,2,1623,2,0,1,67,2025-12-18 17:30:53.820
17841406083211195,17889862656372935,2025-11-11 04:45:50,VIDEO,REELS,63,2,1624,2,0,1,67,2025-12-19 17:30:14.534
17841406083211195,17889862656372935,2025-11-11 04:45:50,VIDEO,REELS,63,2,1625,2,0,1,67,2025-12-22 17:28:31.296
17841406083211195,17889862656372935,2025-11-11 04:45:50,VIDEO,REELS,63,2,1628,2,0,1,67,2025-12-23 17:28:29.227
17841406083211195,17889862656372935,2025-11-11 04:45:50,VIDEO,REELS,63,2,1629,2,0,1,67,2025-12-25 17:29:03.351
17841406083211195,17893931574286473,2025-08-21 10:18:57,VIDEO,REELS,1,0,113,0,0,0,1,2025-08-21 17:30:10.652
17841406083211195,17893931574286473,2025-08-21 10:18:57,VIDEO,REELS,4,0,289,0,0,0,4,2025-08-22 17:29:16.057
17841406083211195,17893931574286473,2025-08-21 10:18:57,VIDEO,REELS,4,0,318,0,0,0,4,2025-08-23 17:29:22.043
17841406083211195,17893931574286473,2025-08-21 10:18:57,VIDEO,REELS,5,0,332,0,0,0,5,2025-08-24 17:28:59.477
17841406083211195,17893931574286473,2025-08-21 10:18:57,VIDEO,REELS,6,0,346,0,0,0,6,2025-08-25 17:29:34.731
17841406083211195,17893931574286473,2025-08-21 10:18:57,VIDEO,REELS,6,0,358,0,0,0,6,2025-08-26 17:29:05.586
17841406083211195,17893931574286473,2025-08-21 10:18:57,VIDEO,REELS,6,0,375,0,0,0,6,2025-08-27 17:30:15.462
17841406083211195,17893931574286473,2025-08-21 10:18:57,VIDEO,REELS,7,0,386,0,0,0,7,2025-08-28 17:31:18.228
17841406083211195,17893931574286473,2025-08-21 10:18:57,VIDEO,REELS,7,0,390,0,0,0,7,2025-08-29 17:28:45.768
17841406083211195,17893931574286473,2025-08-21 10:18:57,VIDEO,REELS,8,0,395,0,0,0,8,2025-08-30 17:30:09.892
17841406083211195,17893931574286473,2025-08-21 10:18:57,VIDEO,REELS,8,0,406,0,0,0,8,2025-08-31 17:28:47.924
17841406083211195,17893931574286473,2025-08-21 10:18:57,VIDEO,REELS,8,0,517,0,0,0,8,2025-10-01 04:09:53.344
17841406083211195,17893931574286473,2025-08-21 10:18:57,VIDEO,REELS,8,0,518,0,0,0,8,2025-10-01 17:29:53.150
17841406083211195,17893931574286473,2025-08-21 10:18:57,VIDEO,REELS,8,0,519,0,0,0,8,2025-10-02 17:29:27.076
17841406083211195,17893931574286473,2025-08-21 10:18:57,VIDEO,REELS,8,0,523,0,0,0,8,2025-10-05 17:29:24.316
17841406083211195,17893931574286473,2025-08-21 10:18:57,VIDEO,REELS,8,0,524,0,0,0,8,2025-10-06 17:28:48.558
17841406083211195,17893931574286473,2025-08-21 10:18:57,VIDEO,REELS,8,0,526,0,0,0,8,2025-10-08 17:29:40.359
17841406083211195,17893931574286473,2025-08-21 10:18:57,VIDEO,REELS,8,0,527,0,0,0,8,2025-10-09 17:28:46.169
17841406083211195,17893931574286473,2025-08-21 10:18:57,VIDEO,REELS,8,0,529,0,0,0,8,2025-10-14 17:28:21.208
17841406083211195,17893931574286473,2025-08-21 10:18:57,VIDEO,REELS,8,0,530,0,0,0,8,2025-10-15 17:29:48.878
17841406083211195,17893931574286473,2025-08-21 10:18:57,VIDEO,REELS,8,0,531,0,0,0,8,2025-10-16 17:28:56.617
17841406083211195,17893931574286473,2025-08-21 10:18:57,VIDEO,REELS,9,0,532,0,0,0,9,2025-10-17 17:29:48.791
17841406083211195,17893931574286473,2025-08-21 10:18:57,VIDEO,REELS,9,0,533,0,0,0,9,2025-10-20 17:29:18.461
17841406083211195,17893931574286473,2025-08-21 10:18:57,VIDEO,REELS,9,0,535,0,0,0,9,2025-10-21 17:28:38.454
17841406083211195,17893931574286473,2025-08-21 10:18:57,VIDEO,REELS,9,0,536,0,0,0,9,2025-10-22 17:28:54.481
17841406083211195,17893931574286473,2025-08-21 10:18:57,VIDEO,REELS,9,0,537,0,0,0,9,2025-10-26 17:30:15.220
17841406083211195,17893931574286473,2025-08-21 10:18:57,VIDEO,REELS,9,0,538,0,0,0,9,2025-10-27 17:28:46.991
17841406083211195,17893931574286473,2025-08-21 10:18:57,VIDEO,REELS,9,0,539,0,0,0,9,2025-10-29 17:29:27.587
17841406083211195,17893931574286473,2025-08-21 10:18:57,VIDEO,REELS,9,0,544,0,0,0,9,2025-11-02 17:28:55.098
17841406083211195,17893931574286473,2025-08-21 10:18:57,VIDEO,REELS,9,0,545,0,0,0,9,2025-11-03 17:28:49.521
17841406083211195,17893931574286473,2025-08-21 10:18:57,VIDEO,REELS,9,0,547,0,0,0,9,2025-11-06 17:28:43.523
17841406083211195,17893931574286473,2025-08-21 10:18:57,VIDEO,REELS,9,0,550,0,0,0,9,2025-11-08 17:29:24.259
17841406083211195,17893931574286473,2025-08-21 10:18:57,VIDEO,REELS,9,0,551,0,0,0,9,2025-11-10 17:29:14.407
17841406083211195,17893931574286473,2025-08-21 10:18:57,VIDEO,REELS,9,0,553,0,0,0,9,2025-11-14 17:29:08.312
17841406083211195,17893931574286473,2025-08-21 10:18:57,VIDEO,REELS,9,0,554,0,0,0,9,2025-11-17 17:29:12.868
17841406083211195,17893931574286473,2025-08-21 10:18:57,VIDEO,REELS,9,0,555,0,0,0,9,2025-11-18 17:29:03.775
17841406083211195,17893931574286473,2025-08-21 10:18:57,VIDEO,REELS,9,0,556,0,0,0,9,2025-11-19 17:35:11.180
17841406083211195,17893931574286473,2025-08-21 10:18:57,VIDEO,REELS,9,0,557,0,0,0,9,2025-11-23 17:33:11.050
17841406083211195,17893931574286473,2025-08-21 10:18:57,VIDEO,REELS,9,0,558,0,0,0,9,2025-12-05 17:34:34.769
17841406083211195,17893931574286473,2025-08-21 10:18:57,VIDEO,REELS,9,0,559,0,0,0,9,2025-12-07 17:33:28.017
17841406083211195,17893931574286473,2025-08-21 10:18:57,VIDEO,REELS,9,0,559,0,0,0,9,2025-12-08 17:33:12.762
17841406083211195,17893931574286473,2025-08-21 10:18:57,VIDEO,REELS,9,0,560,0,0,0,9,2025-12-18 17:31:02.211
17841406083211195,17893931574286473,2025-08-21 10:18:57,VIDEO,REELS,9,0,561,0,0,0,9,2025-12-22 17:28:37.818
17841406083211195,17893931574286473,2025-08-21 10:18:57,VIDEO,REELS,9,0,562,0,0,0,9,2025-12-25 17:29:11.618
17841406083211195,17894429421301978,2025-09-23 10:46:40,VIDEO,REELS,6,2,282,2,2,0,10,2025-10-01 04:09:53.332
17841406083211195,17894429421301978,2025-09-23 10:46:40,VIDEO,REELS,6,2,285,2,2,0,10,2025-10-01 17:29:53.140
17841406083211195,17894429421301978,2025-09-23 10:46:40,VIDEO,REELS,6,2,286,2,2,0,10,2025-10-02 04:04:29.512
17841406083211195,17894429421301978,2025-09-23 10:46:40,VIDEO,REELS,6,2,288,2,2,0,10,2025-10-02 17:29:27.069
17841406083211195,17894429421301978,2025-09-23 10:46:40,VIDEO,REELS,6,2,293,2,2,0,10,2025-10-03 17:29:13.352
17841406083211195,17894429421301978,2025-09-23 10:46:40,VIDEO,REELS,6,2,295,2,2,0,10,2025-10-04 17:29:36.057
17841406083211195,17894429421301978,2025-09-23 10:46:40,VIDEO,REELS,6,2,299,2,2,0,10,2025-10-05 17:29:24.307
17841406083211195,17894429421301978,2025-09-23 10:46:40,VIDEO,REELS,6,2,306,2,2,0,10,2025-10-06 17:28:48.550
17841406083211195,17894429421301978,2025-09-23 10:46:40,VIDEO,REELS,6,2,307,2,2,0,10,2025-10-07 17:28:29.264
17841406083211195,17894429421301978,2025-09-23 10:46:40,VIDEO,REELS,6,2,310,2,2,0,10,2025-10-08 17:29:40.355
17841406083211195,17894429421301978,2025-09-23 10:46:40,VIDEO,REELS,6,2,313,2,2,0,10,2025-10-09 17:28:46.161
17841406083211195,17894429421301978,2025-09-23 10:46:40,VIDEO,REELS,6,2,319,2,2,0,10,2025-10-11 17:28:30.965
17841406083211195,17894429421301978,2025-09-23 10:46:40,VIDEO,REELS,7,2,320,2,2,0,11,2025-10-12 17:28:49.779
17841406083211195,17894429421301978,2025-09-23 10:46:40,VIDEO,REELS,8,2,322,2,2,0,12,2025-10-13 17:28:53.151
17841406083211195,17894429421301978,2025-09-23 10:46:40,VIDEO,REELS,8,2,324,2,2,0,12,2025-10-16 17:28:56.610
17841406083211195,17894429421301978,2025-09-23 10:46:40,VIDEO,REELS,11,2,330,2,2,0,15,2025-10-18 17:28:28.238
17841406083211195,17894429421301978,2025-09-23 10:46:40,VIDEO,REELS,11,2,331,2,2,0,15,2025-10-20 17:29:18.454
17841406083211195,17894429421301978,2025-09-23 10:46:40,VIDEO,REELS,11,2,333,2,2,0,15,2025-10-22 17:28:54.475
17841406083211195,17894429421301978,2025-09-23 10:46:40,VIDEO,REELS,11,2,334,2,2,0,15,2025-10-25 17:30:00.336
17841406083211195,17894429421301978,2025-09-23 10:46:40,VIDEO,REELS,11,2,335,2,2,0,15,2025-10-27 17:28:46.982
17841406083211195,17894429421301978,2025-09-23 10:46:40,VIDEO,REELS,12,2,338,2,2,0,16,2025-10-29 17:29:27.584
17841406083211195,17894429421301978,2025-09-23 10:46:40,VIDEO,REELS,12,2,342,2,2,0,16,2025-11-03 17:28:49.518
17841406083211195,17894429421301978,2025-09-23 10:46:40,VIDEO,REELS,12,2,343,2,2,0,16,2025-11-07 17:29:01.084
17841406083211195,17894429421301978,2025-09-23 10:46:40,VIDEO,REELS,13,2,344,2,2,0,17,2025-11-09 17:28:38.946
17841406083211195,17894429421301978,2025-09-23 10:46:40,VIDEO,REELS,13,2,346,2,2,0,17,2025-11-10 17:29:07.635
17841406083211195,17894429421301978,2025-09-23 10:46:40,VIDEO,REELS,13,2,352,2,2,0,17,2025-11-11 17:28:56.849
17841406083211195,17894429421301978,2025-09-23 10:46:40,VIDEO,REELS,13,2,354,2,2,0,17,2025-11-14 17:29:00.535
17841406083211195,17894429421301978,2025-09-23 10:46:40,VIDEO,REELS,13,2,358,2,2,0,18,2025-11-15 17:30:46.798
17841406083211195,17894429421301978,2025-09-23 10:46:40,VIDEO,REELS,13,2,360,2,2,0,18,2025-11-18 17:28:56.193
17841406083211195,17894429421301978,2025-09-23 10:46:40,VIDEO,REELS,13,2,362,2,2,0,18,2025-11-19 17:35:38.978
17841406083211195,17894429421301978,2025-09-23 10:46:40,VIDEO,REELS,13,2,363,2,2,0,18,2025-11-20 17:36:09.341
17841406083211195,17894429421301978,2025-09-23 10:46:40,VIDEO,REELS,13,2,364,2,2,0,18,2025-11-21 17:35:55.844
17841406083211195,17894429421301978,2025-09-23 10:46:40,VIDEO,REELS,13,2,365,2,2,0,18,2025-11-24 17:36:35.477
17841406083211195,17894429421301978,2025-09-23 10:46:40,VIDEO,REELS,13,2,367,2,2,0,18,2025-11-27 17:34:42.493
17841406083211195,17894429421301978,2025-09-23 10:46:40,VIDEO,REELS,13,2,369,2,2,0,18,2025-12-01 17:34:00.989
17841406083211195,17894429421301978,2025-09-23 10:46:40,VIDEO,REELS,13,2,370,2,2,0,18,2025-12-06 17:35:26.316
17841406083211195,17894429421301978,2025-09-23 10:46:40,VIDEO,REELS,13,2,373,2,2,0,18,2025-12-15 06:34:20.222
17841406083211195,17894429421301978,2025-09-23 10:46:40,VIDEO,REELS,13,2,373,2,2,0,18,2025-12-15 17:37:13.494
17841406083211195,17894429421301978,2025-09-23 10:46:40,VIDEO,REELS,13,2,374,2,2,0,18,2025-12-21 17:29:45.207
17841406083211195,17894429421301978,2025-09-23 10:46:40,VIDEO,REELS,13,2,376,2,2,0,18,2025-12-22 17:28:37.815
17841406083211195,17894429421301978,2025-09-23 10:46:40,VIDEO,REELS,13,2,378,2,2,0,18,2025-12-25 17:29:11.614
17841406083211195,17895530070048957,2025-01-21 07:41:05,VIDEO,REELS,16,2,1419,2,0,4,22,2025-04-18 19:14:47.747
17841406083211195,17895530070048957,2025-01-21 07:41:05,VIDEO,REELS,16,2,1420,2,0,4,22,2025-04-20 21:57:35.080
17841406083211195,17895530070048957,2025-01-21 07:41:05,VIDEO,REELS,16,2,1421,2,0,4,22,2025-04-22 17:29:19.238
17841406083211195,17895530070048957,2025-01-21 07:41:05,VIDEO,REELS,16,2,1422,2,0,4,22,2025-04-24 01:56:11.743
17841406083211195,17895530070048957,2025-01-21 07:41:05,VIDEO,REELS,16,2,1422,2,0,4,22,2025-04-27 17:31:06.419
17841406083211195,17895530070048957,2025-01-21 07:41:05,VIDEO,REELS,16,2,1423,2,0,4,22,2025-05-08 17:30:05.764
17841406083211195,17895530070048957,2025-01-21 07:41:05,VIDEO,REELS,16,2,1424,2,0,4,22,2025-05-14 17:30:08.433
17841406083211195,17895530070048957,2025-01-21 07:41:05,VIDEO,REELS,16,2,1425,2,0,4,22,2025-05-29 17:29:37.767
17841406083211195,17895530070048957,2025-01-21 07:41:05,VIDEO,REELS,16,2,1426,2,0,4,22,2025-06-04 17:30:08.094
17841406083211195,17895530070048957,2025-01-21 07:41:05,VIDEO,REELS,16,2,1427,2,0,4,22,2025-06-05 17:30:24.250
17841406083211195,17895530070048957,2025-01-21 07:41:05,VIDEO,REELS,16,2,1429,2,0,4,22,2025-07-31 17:29:05.322
17841406083211195,17895530070048957,2025-01-21 07:41:05,VIDEO,REELS,16,2,1431,2,0,4,22,2025-08-04 17:30:35.459
17841406083211195,17895530070048957,2025-01-21 07:41:05,VIDEO,REELS,16,2,1432,2,0,4,22,2025-08-05 17:30:42.501
17841406083211195,17895530070048957,2025-01-21 07:41:05,VIDEO,REELS,16,2,1433,2,0,4,22,2025-08-06 17:29:35.468
17841406083211195,17895530070048957,2025-01-21 07:41:05,VIDEO,REELS,16,2,1434,2,0,4,22,2025-08-08 17:29:44.666
17841406083211195,17895530070048957,2025-01-21 07:41:05,VIDEO,REELS,16,2,1435,2,0,4,22,2025-08-11 17:30:52.891
17841406083211195,17895530070048957,2025-01-21 07:41:05,VIDEO,REELS,16,2,1436,2,0,4,22,2025-08-20 17:29:54.696
17841406083211195,17895530070048957,2025-01-21 07:41:05,VIDEO,REELS,16,2,1437,2,0,4,22,2025-08-25 17:29:53.211
17841406083211195,17895530070048957,2025-01-21 07:41:05,VIDEO,REELS,16,2,1438,2,0,4,22,2025-08-31 17:29:08.145
17841406083211195,17895530070048957,2025-01-21 07:41:05,VIDEO,REELS,16,2,1443,2,0,4,22,2025-10-05 17:29:47.768
17841406083211195,17895530070048957,2025-01-21 07:41:05,VIDEO,REELS,16,2,1444,2,0,4,22,2025-10-12 17:29:06.947
17841406083211195,17895530070048957,2025-01-21 07:41:05,VIDEO,REELS,16,2,1444,2,0,4,22,2025-10-15 17:30:10.587
17841406083211195,17895530070048957,2025-01-21 07:41:05,VIDEO,REELS,16,2,1445,2,0,4,22,2025-12-03 17:35:49.225
17841406083211195,17895530070048957,2025-01-21 07:41:05,VIDEO,REELS,16,2,1446,2,0,4,22,2025-12-24 17:29:27.238
17841406083211195,17895530070048957,2025-01-21 07:41:05,VIDEO,REELS,16,2,1447,2,0,4,22,2025-12-25 17:29:48.436
17841406083211195,17895800883313218,2025-09-26 11:02:18,VIDEO,REELS,8,0,296,0,0,0,8,2025-10-01 04:09:46.353
17841406083211195,17895800883313218,2025-09-26 11:02:18,VIDEO,REELS,8,0,301,0,0,0,8,2025-10-01 17:29:53.149
17841406083211195,17895800883313218,2025-09-26 11:02:18,VIDEO,REELS,8,0,303,0,0,0,8,2025-10-02 02:39:18.157
17841406083211195,17895800883313218,2025-09-26 11:02:18,VIDEO,REELS,8,0,304,0,0,0,8,2025-10-02 04:04:29.518
17841406083211195,17895800883313218,2025-09-26 11:02:18,VIDEO,REELS,8,0,314,0,0,0,8,2025-10-02 17:29:27.075
17841406083211195,17895800883313218,2025-09-26 11:02:18,VIDEO,REELS,9,0,321,0,0,0,9,2025-10-03 17:29:13.356
17841406083211195,17895800883313218,2025-09-26 11:02:18,VIDEO,REELS,9,0,329,0,0,0,9,2025-10-04 17:29:36.063
17841406083211195,17895800883313218,2025-09-26 11:02:18,VIDEO,REELS,9,0,333,0,0,0,9,2025-10-05 17:29:24.316
17841406083211195,17895800883313218,2025-09-26 11:02:18,VIDEO,REELS,9,0,343,0,0,0,9,2025-10-06 17:28:48.557
17841406083211195,17895800883313218,2025-09-26 11:02:18,VIDEO,REELS,9,0,349,0,0,0,9,2025-10-07 17:28:29.270
17841406083211195,17895800883313218,2025-09-26 11:02:18,VIDEO,REELS,9,0,352,0,0,0,9,2025-10-08 17:29:40.359
17841406083211195,17895800883313218,2025-09-26 11:02:18,VIDEO,REELS,9,0,359,0,0,0,9,2025-10-09 17:28:46.168
17841406083211195,17895800883313218,2025-09-26 11:02:18,VIDEO,REELS,9,0,364,0,0,0,9,2025-10-10 17:30:06.543
17841406083211195,17895800883313218,2025-09-26 11:02:18,VIDEO,REELS,9,0,366,0,0,0,9,2025-10-11 17:28:30.968
17841406083211195,17895800883313218,2025-09-26 11:02:18,VIDEO,REELS,10,0,369,0,0,0,10,2025-10-12 17:28:49.787
17841406083211195,17895800883313218,2025-09-26 11:02:18,VIDEO,REELS,10,0,371,0,0,0,10,2025-10-13 17:28:53.157
17841406083211195,17895800883313218,2025-09-26 11:02:18,VIDEO,REELS,10,0,372,0,0,0,10,2025-10-16 17:28:56.617
17841406083211195,17895800883313218,2025-09-26 11:02:18,VIDEO,REELS,14,0,384,0,0,0,14,2025-10-17 17:29:48.790
17841406083211195,17895800883313218,2025-09-26 11:02:18,VIDEO,REELS,14,0,385,0,0,0,14,2025-10-18 17:28:28.249
17841406083211195,17895800883313218,2025-09-26 11:02:18,VIDEO,REELS,14,0,386,0,0,0,14,2025-10-19 17:28:32.836
17841406083211195,17895800883313218,2025-09-26 11:02:18,VIDEO,REELS,14,0,388,0,0,0,14,2025-10-20 17:29:18.461
17841406083211195,17895800883313218,2025-09-26 11:02:18,VIDEO,REELS,14,0,390,0,0,0,14,2025-10-22 17:28:54.481
17841406083211195,17895800883313218,2025-09-26 11:02:18,VIDEO,REELS,14,0,391,0,0,0,14,2025-10-24 17:28:52.176
17841406083211195,17895800883313218,2025-09-26 11:02:18,VIDEO,REELS,14,0,391,0,0,0,14,2025-10-25 17:30:00.346
17841406083211195,17895800883313218,2025-09-26 11:02:18,VIDEO,REELS,14,0,392,0,0,0,14,2025-10-27 17:28:46.990
17841406083211195,17895800883313218,2025-09-26 11:02:18,VIDEO,REELS,14,0,394,0,0,0,14,2025-10-28 17:29:42.168
17841406083211195,17895800883313218,2025-09-26 11:02:18,VIDEO,REELS,14,0,397,0,0,0,14,2025-10-29 17:29:27.587
17841406083211195,17895800883313218,2025-09-26 11:02:18,VIDEO,REELS,14,0,400,0,0,0,14,2025-11-03 17:28:49.521
17841406083211195,17895800883313218,2025-09-26 11:02:18,VIDEO,REELS,14,0,401,0,0,1,15,2025-11-05 17:28:28.349
17841406083211195,17895800883313218,2025-09-26 11:02:18,VIDEO,REELS,14,0,404,0,0,1,15,2025-11-06 17:28:43.522
17841406083211195,17895800883313218,2025-09-26 11:02:18,VIDEO,REELS,14,0,407,0,0,1,15,2025-11-07 17:29:01.087
17841406083211195,17895800883313218,2025-09-26 11:02:18,VIDEO,REELS,15,0,410,0,0,1,16,2025-11-09 17:28:38.950
17841406083211195,17895800883313218,2025-09-26 11:02:18,VIDEO,REELS,15,0,411,0,0,1,16,2025-11-10 17:29:07.639
17841406083211195,17895800883313218,2025-09-26 11:02:18,VIDEO,REELS,15,0,415,0,0,1,16,2025-11-11 17:28:56.851
17841406083211195,17895800883313218,2025-09-26 11:02:18,VIDEO,REELS,15,0,417,0,0,1,16,2025-11-14 17:29:00.539
17841406083211195,17895800883313218,2025-09-26 11:02:18,VIDEO,REELS,15,0,421,0,0,1,16,2025-11-18 17:28:56.195
17841406083211195,17895800883313218,2025-09-26 11:02:18,VIDEO,REELS,15,0,423,0,0,1,16,2025-11-20 17:36:09.347
17841406083211195,17895800883313218,2025-09-26 11:02:18,VIDEO,REELS,15,0,424,0,0,1,16,2025-11-24 17:36:35.481
17841406083211195,17895800883313218,2025-09-26 11:02:18,VIDEO,REELS,15,0,426,0,0,1,16,2025-11-25 17:34:52.763
17841406083211195,17895800883313218,2025-09-26 11:02:18,VIDEO,REELS,15,0,427,0,0,1,16,2025-11-26 17:37:34.794
17841406083211195,17895800883313218,2025-09-26 11:02:18,VIDEO,REELS,15,0,427,0,0,1,16,2025-11-27 17:34:42.501
17841406083211195,17895800883313218,2025-09-26 11:02:18,VIDEO,REELS,15,0,429,0,0,1,16,2025-12-01 17:34:00.991
17841406083211195,17895800883313218,2025-09-26 11:02:18,VIDEO,REELS,15,0,430,0,0,1,16,2025-12-08 17:33:32.907
17841406083211195,17895800883313218,2025-09-26 11:02:18,VIDEO,REELS,15,0,433,0,0,1,16,2025-12-12 17:35:50.531
17841406083211195,17895800883313218,2025-09-26 11:02:18,VIDEO,REELS,15,0,436,0,0,1,16,2025-12-15 17:37:13.496
17841406083211195,17895800883313218,2025-09-26 11:02:18,VIDEO,REELS,15,0,437,0,0,1,16,2025-12-18 17:31:02.211
17841406083211195,17895800883313218,2025-09-26 11:02:18,VIDEO,REELS,15,0,438,0,0,1,16,2025-12-22 17:28:37.818
17841406083211195,17895800883313218,2025-09-26 11:02:18,VIDEO,REELS,15,0,441,0,0,1,16,2025-12-25 17:29:11.617
17841406083211195,17897518683165337,2025-03-14 10:12:13,VIDEO,REELS,2,0,256,0,0,0,2,2025-04-17 17:31:52.829
17841406083211195,17897518683165337,2025-03-14 10:12:13,VIDEO,REELS,2,0,257,0,0,0,2,2025-04-18 19:14:47.759
17841406083211195,17897518683165337,2025-03-14 10:12:13,VIDEO,REELS,2,0,257,0,0,0,2,2025-04-22 06:39:46.063
17841406083211195,17897518683165337,2025-03-14 10:12:13,VIDEO,REELS,2,0,259,0,0,0,2,2025-04-25 17:30:04.373
17841406083211195,17897518683165337,2025-03-14 10:12:13,VIDEO,REELS,2,0,260,0,0,0,2,2025-05-05 17:29:55.880
17841406083211195,17897518683165337,2025-03-14 10:12:13,VIDEO,REELS,2,0,261,0,0,0,2,2025-05-08 17:30:01.766
17841406083211195,17897518683165337,2025-03-14 10:12:13,VIDEO,REELS,2,0,262,0,0,0,2,2025-05-14 17:30:05.781
17841406083211195,17897518683165337,2025-03-14 10:12:13,VIDEO,REELS,2,0,264,0,0,0,2,2025-05-17 17:30:06.320
17841406083211195,17897518683165337,2025-03-14 10:12:13,VIDEO,REELS,2,0,265,0,0,0,2,2025-05-18 17:30:27.082
17841406083211195,17897518683165337,2025-03-14 10:12:13,VIDEO,REELS,2,0,268,0,0,0,2,2025-05-24 17:30:42.270
17841406083211195,17897518683165337,2025-03-14 10:12:13,VIDEO,REELS,2,0,269,0,0,0,2,2025-06-05 17:30:15.498
17841406083211195,17897518683165337,2025-03-14 10:12:13,VIDEO,REELS,2,0,273,0,0,0,2,2025-07-09 17:30:35.135
17841406083211195,17897518683165337,2025-03-14 10:12:13,VIDEO,REELS,2,0,274,0,0,0,2,2025-07-14 17:30:36.583
17841406083211195,17897518683165337,2025-03-14 10:12:13,VIDEO,REELS,2,0,275,0,0,0,2,2025-07-21 17:30:54.856
17841406083211195,17897518683165337,2025-03-14 10:12:13,VIDEO,REELS,2,0,276,0,0,0,2,2025-07-26 17:30:13.363
17841406083211195,17897518683165337,2025-03-14 10:12:13,VIDEO,REELS,2,0,277,0,0,0,2,2025-08-04 17:30:32.200
17841406083211195,17897518683165337,2025-03-14 10:12:13,VIDEO,REELS,2,0,278,0,0,0,2,2025-08-06 17:29:32.817
17841406083211195,17897518683165337,2025-03-14 10:12:13,VIDEO,REELS,2,0,279,0,0,0,2,2025-08-11 17:30:48.473
17841406083211195,17897518683165337,2025-03-14 10:12:13,VIDEO,REELS,2,0,279,0,0,0,2,2025-08-20 17:29:49.056
17841406083211195,17897518683165337,2025-03-14 10:12:13,VIDEO,REELS,2,0,280,0,0,0,2,2025-08-24 17:29:14.567
17841406083211195,17897518683165337,2025-03-14 10:12:13,VIDEO,REELS,2,0,281,0,0,0,2,2025-08-25 17:29:45.212
17841406083211195,17897518683165337,2025-03-14 10:12:13,VIDEO,REELS,2,0,282,0,0,0,2,2025-08-31 17:28:56.746
17841406083211195,17897518683165337,2025-03-14 10:12:13,VIDEO,REELS,2,0,296,0,1,0,3,2025-10-02 04:04:43.623
17841406083211195,17897518683165337,2025-03-14 10:12:13,VIDEO,REELS,2,0,297,0,1,0,3,2025-10-10 17:30:20.765
17841406083211195,17897518683165337,2025-03-14 10:12:13,VIDEO,REELS,2,0,298,0,1,0,3,2025-10-13 17:29:08.099
17841406083211195,17897518683165337,2025-03-14 10:12:13,VIDEO,REELS,2,0,298,0,1,0,3,2025-10-16 17:29:14.752
17841406083211195,17897518683165337,2025-03-14 10:12:13,VIDEO,REELS,2,0,299,0,1,0,3,2025-10-26 17:30:37.471
17841406083211195,17897518683165337,2025-03-14 10:12:13,VIDEO,REELS,2,0,301,0,1,0,3,2025-11-06 17:29:01.642
17841406083211195,17897518683165337,2025-03-14 10:12:13,VIDEO,REELS,2,0,301,0,1,0,3,2025-11-07 17:29:19.585
17841406083211195,17897518683165337,2025-03-14 10:12:13,VIDEO,REELS,2,0,302,0,1,0,3,2025-11-20 17:35:00.218
17841406083211195,17897518683165337,2025-03-14 10:12:13,VIDEO,REELS,2,0,303,0,1,0,3,2025-12-01 17:33:15.140
17841406083211195,17897518683165337,2025-03-14 10:12:13,VIDEO,REELS,2,0,304,0,1,0,3,2025-12-03 17:35:49.240
17841406083211195,17897518683165337,2025-03-14 10:12:13,VIDEO,REELS,2,0,305,0,1,0,3,2025-12-24 17:29:21.597
17841406083211195,17897518683165337,2025-03-14 10:12:13,VIDEO,REELS,2,0,306,0,1,0,3,2025-12-25 17:29:40.552
17841406083211195,17899148949108102,2025-02-21 09:57:39,VIDEO,REELS,37,0,2204,0,1,7,45,2025-04-18 19:14:47.760
17841406083211195,17899148949108102,2025-02-21 09:57:39,VIDEO,REELS,37,0,2209,0,1,7,45,2025-04-20 21:57:33.570
17841406083211195,17899148949108102,2025-02-21 09:57:39,VIDEO,REELS,37,0,2210,0,1,7,45,2025-04-22 06:39:46.065
17841406083211195,17899148949108102,2025-02-21 09:57:39,VIDEO,REELS,37,0,2212,0,1,7,45,2025-04-24 17:29:59.148
17841406083211195,17899148949108102,2025-02-21 09:57:39,VIDEO,REELS,37,0,2212,0,1,7,45,2025-04-25 17:30:04.378
17841406083211195,17899148949108102,2025-02-21 09:57:39,VIDEO,REELS,37,0,2213,0,1,7,45,2025-05-05 17:29:55.882
17841406083211195,17899148949108102,2025-02-21 09:57:39,VIDEO,REELS,37,0,2214,0,1,7,45,2025-05-06 17:29:33.106
17841406083211195,17899148949108102,2025-02-21 09:57:39,VIDEO,REELS,37,0,2214,0,1,7,45,2025-05-08 17:30:01.769
17841406083211195,17899148949108102,2025-02-21 09:57:39,VIDEO,REELS,37,0,2216,0,1,7,45,2025-05-11 17:29:45.389
17841406083211195,17899148949108102,2025-02-21 09:57:39,VIDEO,REELS,37,0,2217,0,1,7,45,2025-05-12 17:30:45.016
17841406083211195,17899148949108102,2025-02-21 09:57:39,VIDEO,REELS,37,0,2218,0,1,7,45,2025-05-17 17:30:06.321
17841406083211195,17899148949108102,2025-02-21 09:57:39,VIDEO,REELS,37,0,2219,0,1,7,45,2025-05-18 17:30:27.083
17841406083211195,17899148949108102,2025-02-21 09:57:39,VIDEO,REELS,37,0,2220,0,1,7,45,2025-05-20 17:29:17.947
17841406083211195,17899148949108102,2025-02-21 09:57:39,VIDEO,REELS,37,0,2221,0,1,7,45,2025-05-21 17:30:08.525
17841406083211195,17899148949108102,2025-02-21 09:57:39,VIDEO,REELS,37,0,2221,0,1,7,45,2025-05-24 17:30:42.277
17841406083211195,17899148949108102,2025-02-21 09:57:39,VIDEO,REELS,37,0,2222,0,1,7,45,2025-05-25 17:31:05.661
17841406083211195,17899148949108102,2025-02-21 09:57:39,VIDEO,REELS,37,0,2223,0,1,7,45,2025-05-28 17:30:33.835
17841406083211195,17899148949108102,2025-02-21 09:57:39,VIDEO,REELS,37,0,2224,0,1,7,45,2025-05-29 17:29:37.782
17841406083211195,17899148949108102,2025-02-21 09:57:39,VIDEO,REELS,37,0,2226,0,1,7,45,2025-06-04 17:30:08.101
17841406083211195,17899148949108102,2025-02-21 09:57:39,VIDEO,REELS,37,0,2229,0,1,7,45,2025-06-05 17:30:24.271
17841406083211195,17899148949108102,2025-02-21 09:57:39,VIDEO,REELS,37,0,2233,0,1,7,45,2025-07-16 17:30:13.819
17841406083211195,17899148949108102,2025-02-21 09:57:39,VIDEO,REELS,37,0,2233,0,1,7,45,2025-07-21 17:30:54.858
17841406083211195,17899148949108102,2025-02-21 09:57:39,VIDEO,REELS,37,0,2234,0,1,7,45,2025-07-31 17:29:02.409
17841406083211195,17899148949108102,2025-02-21 09:57:39,VIDEO,REELS,37,0,2235,0,1,7,45,2025-08-04 17:30:32.202
17841406083211195,17899148949108102,2025-02-21 09:57:39,VIDEO,REELS,37,0,2236,0,1,7,45,2025-08-06 17:29:32.817
17841406083211195,17899148949108102,2025-02-21 09:57:39,VIDEO,REELS,37,0,2237,0,1,7,45,2025-08-08 17:29:41.602
17841406083211195,17899148949108102,2025-02-21 09:57:39,VIDEO,REELS,37,0,2237,0,1,7,45,2025-08-11 17:30:48.474
17841406083211195,17899148949108102,2025-02-21 09:57:39,VIDEO,REELS,37,0,2238,0,1,7,45,2025-08-15 17:29:37.700
17841406083211195,17899148949108102,2025-02-21 09:57:39,VIDEO,REELS,37,0,2239,0,1,7,45,2025-08-16 17:29:48.209
17841406083211195,17899148949108102,2025-02-21 09:57:39,VIDEO,REELS,37,0,2239,0,1,7,45,2025-08-20 17:29:54.712
17841406083211195,17899148949108102,2025-02-21 09:57:39,VIDEO,REELS,37,0,2241,0,1,7,45,2025-08-21 17:30:35.464
17841406083211195,17899148949108102,2025-02-21 09:57:39,VIDEO,REELS,37,0,2245,0,1,7,45,2025-08-31 17:29:08.164
17841406083211195,17899148949108102,2025-02-21 09:57:39,VIDEO,REELS,37,0,2255,0,1,7,45,2025-10-06 17:29:02.572
17841406083211195,17899148949108102,2025-02-21 09:57:39,VIDEO,REELS,37,0,2256,0,1,7,45,2025-10-23 17:28:45.980
17841406083211195,17899148949108102,2025-02-21 09:57:39,VIDEO,REELS,37,0,2258,0,1,7,45,2025-11-04 17:28:42.951
17841406083211195,17899148949108102,2025-02-21 09:57:39,VIDEO,REELS,37,0,2258,0,1,7,45,2025-11-05 17:28:52.202
17841406083211195,17899148949108102,2025-02-21 09:57:39,VIDEO,REELS,37,0,2259,0,1,7,45,2025-11-11 17:29:22.341
17841406083211195,17899148949108102,2025-02-21 09:57:39,VIDEO,REELS,37,0,2260,0,1,7,45,2025-11-14 17:29:25.556
17841406083211195,17899148949108102,2025-02-21 09:57:39,VIDEO,REELS,37,0,2261,0,1,7,45,2025-12-03 17:35:49.242
17841406083211195,17899148949108102,2025-02-21 09:57:39,VIDEO,REELS,37,0,2262,0,1,7,45,2025-12-04 17:33:52.386
17841406083211195,17899148949108102,2025-02-21 09:57:39,VIDEO,REELS,37,0,2262,0,1,7,45,2025-12-08 17:32:36.783
17841406083211195,17899148949108102,2025-02-21 09:57:39,VIDEO,REELS,37,0,2262,0,1,7,45,2025-12-12 17:34:34.585
17841406083211195,17899148949108102,2025-02-21 09:57:39,VIDEO,REELS,37,0,2263,0,1,7,45,2025-12-24 17:29:21.599
17841406083211195,17899148949108102,2025-02-21 09:57:39,VIDEO,REELS,37,0,2265,0,1,7,45,2025-12-25 17:29:40.553
17841406083211195,17899593885356407,2025-12-24 10:06:46,VIDEO,REELS,4,0,135,0,0,0,4,2025-12-24 17:28:45.060
17841406083211195,17899593885356407,2025-12-24 10:06:46,VIDEO,REELS,5,0,177,0,0,0,5,2025-12-25 17:28:51.210
17841406083211195,17901275202294042,2025-10-21 04:00:00,VIDEO,REELS,8,0,168,0,0,0,8,2025-10-21 17:28:31.345
17841406083211195,17901275202294042,2025-10-21 04:00:00,VIDEO,REELS,11,0,263,0,0,1,12,2025-10-22 17:28:54.483
17841406083211195,17901275202294042,2025-10-21 04:00:00,VIDEO,REELS,11,1,294,1,0,1,13,2025-10-23 17:28:30.287
17841406083211195,17901275202294042,2025-10-21 04:00:00,VIDEO,REELS,12,1,305,1,0,1,14,2025-10-24 17:28:52.179
17841406083211195,17901275202294042,2025-10-21 04:00:00,VIDEO,REELS,12,1,312,1,0,1,14,2025-10-25 17:30:00.354
17841406083211195,17901275202294042,2025-10-21 04:00:00,VIDEO,REELS,12,1,315,1,0,1,14,2025-10-26 17:30:15.223
17841406083211195,17901275202294042,2025-10-21 04:00:00,VIDEO,REELS,12,1,316,1,0,1,14,2025-10-27 17:28:46.994
17841406083211195,17901275202294042,2025-10-21 04:00:00,VIDEO,REELS,12,1,325,1,0,1,14,2025-10-28 17:29:42.169
17841406083211195,17901275202294042,2025-10-21 04:00:00,VIDEO,REELS,12,1,329,1,0,1,14,2025-10-29 17:29:27.588
17841406083211195,17901275202294042,2025-10-21 04:00:00,VIDEO,REELS,12,1,334,1,0,1,14,2025-10-30 17:30:15.093
17841406083211195,17901275202294042,2025-10-21 04:00:00,VIDEO,REELS,12,1,337,1,0,1,14,2025-10-31 17:29:01.880
17841406083211195,17901275202294042,2025-10-21 04:00:00,VIDEO,REELS,12,1,340,1,0,1,14,2025-11-02 17:28:55.099
17841406083211195,17901275202294042,2025-10-21 04:00:00,VIDEO,REELS,12,1,341,1,0,1,14,2025-11-03 17:28:49.522
17841406083211195,17901275202294042,2025-10-21 04:00:00,VIDEO,REELS,12,1,344,1,0,1,14,2025-11-04 17:28:20.663
17841406083211195,17901275202294042,2025-10-21 04:00:00,VIDEO,REELS,12,1,345,1,0,1,14,2025-11-06 17:28:43.524
17841406083211195,17901275202294042,2025-10-21 04:00:00,VIDEO,REELS,12,1,348,1,0,1,14,2025-11-07 17:29:01.088
17841406083211195,17901275202294042,2025-10-21 04:00:00,VIDEO,REELS,13,1,349,1,0,1,15,2025-11-08 17:29:24.260
17841406083211195,17901275202294042,2025-10-21 04:00:00,VIDEO,REELS,13,1,349,1,0,1,15,2025-11-09 17:28:38.952
17841406083211195,17901275202294042,2025-10-21 04:00:00,VIDEO,REELS,13,1,350,1,0,1,15,2025-11-10 17:29:07.641
17841406083211195,17901275202294042,2025-10-21 04:00:00,VIDEO,REELS,13,1,353,1,0,1,15,2025-11-11 17:28:56.852
17841406083211195,17901275202294042,2025-10-21 04:00:00,VIDEO,REELS,13,1,355,1,0,1,15,2025-11-12 17:28:57.514
17841406083211195,17901275202294042,2025-10-21 04:00:00,VIDEO,REELS,13,1,356,1,0,1,15,2025-11-13 17:29:19.501
17841406083211195,17901275202294042,2025-10-21 04:00:00,VIDEO,REELS,13,1,357,1,0,1,15,2025-11-14 17:29:00.541
17841406083211195,17901275202294042,2025-10-21 04:00:00,VIDEO,REELS,13,1,360,1,0,1,15,2025-11-15 17:30:46.802
17841406083211195,17901275202294042,2025-10-21 04:00:00,VIDEO,REELS,13,1,362,1,0,1,15,2025-11-17 17:29:03.603
17841406083211195,17901275202294042,2025-10-21 04:00:00,VIDEO,REELS,13,1,363,1,0,1,15,2025-11-18 17:28:56.196
17841406083211195,17901275202294042,2025-10-21 04:00:00,VIDEO,REELS,13,1,365,1,0,1,15,2025-11-20 17:36:09.350
17841406083211195,17901275202294042,2025-10-21 04:00:00,VIDEO,REELS,13,1,366,1,0,1,15,2025-11-21 17:35:55.868
17841406083211195,17901275202294042,2025-10-21 04:00:00,VIDEO,REELS,13,1,368,1,0,1,15,2025-11-22 17:33:59.865
17841406083211195,17901275202294042,2025-10-21 04:00:00,VIDEO,REELS,13,1,368,1,0,1,15,2025-11-24 17:36:35.483
17841406083211195,17901275202294042,2025-10-21 04:00:00,VIDEO,REELS,13,1,369,1,0,1,15,2025-11-25 17:34:52.766
17841406083211195,17901275202294042,2025-10-21 04:00:00,VIDEO,REELS,13,1,371,1,0,1,15,2025-11-26 17:37:34.796
17841406083211195,17901275202294042,2025-10-21 04:00:00,VIDEO,REELS,13,1,372,1,0,1,15,2025-11-27 17:34:42.509
17841406083211195,17901275202294042,2025-10-21 04:00:00,VIDEO,REELS,13,1,373,1,0,1,15,2025-11-29 17:36:27.539
17841406083211195,17901275202294042,2025-10-21 04:00:00,VIDEO,REELS,13,1,374,1,0,1,15,2025-12-01 17:34:00.992
17841406083211195,17901275202294042,2025-10-21 04:00:00,VIDEO,REELS,13,1,376,1,0,1,15,2025-12-03 17:36:45.838
17841406083211195,17901275202294042,2025-10-21 04:00:00,VIDEO,REELS,13,1,376,1,0,1,15,2025-12-06 17:35:26.328
17841406083211195,17901275202294042,2025-10-21 04:00:00,VIDEO,REELS,13,1,377,1,0,1,15,2025-12-08 17:33:32.909
17841406083211195,17901275202294042,2025-10-21 04:00:00,VIDEO,REELS,13,1,378,1,0,1,15,2025-12-15 17:37:13.498
17841406083211195,17901275202294042,2025-10-21 04:00:00,VIDEO,REELS,13,1,379,1,0,1,15,2025-12-16 17:34:50.959
17841406083211195,17901275202294042,2025-10-21 04:00:00,VIDEO,REELS,13,1,380,1,0,1,15,2025-12-23 17:28:36.751
17841406083211195,17901275202294042,2025-10-21 04:00:00,VIDEO,REELS,13,1,385,1,0,1,15,2025-12-25 17:29:11.619
17841406083211195,17901552399196712,2025-06-03 10:07:56,VIDEO,REELS,7,0,115,0,0,14,21,2025-06-03 17:29:30.233
17841406083211195,17901552399196712,2025-06-03 10:07:56,VIDEO,REELS,8,0,269,0,0,14,22,2025-06-04 17:29:50.152
17841406083211195,17901552399196712,2025-06-03 10:07:56,VIDEO,REELS,8,0,281,0,0,14,22,2025-06-05 17:30:15.497
17841406083211195,17901552399196712,2025-06-03 10:07:56,VIDEO,REELS,9,0,343,0,0,14,23,2025-07-03 17:29:59.213
17841406083211195,17901552399196712,2025-06-03 10:07:56,VIDEO,REELS,9,0,344,0,0,14,23,2025-07-04 17:30:58.676
17841406083211195,17901552399196712,2025-06-03 10:07:56,VIDEO,REELS,9,0,346,0,0,14,23,2025-07-05 17:29:52.050
17841406083211195,17901552399196712,2025-06-03 10:07:56,VIDEO,REELS,9,0,347,0,0,14,23,2025-07-09 17:30:26.373
17841406083211195,17901552399196712,2025-06-03 10:07:56,VIDEO,REELS,9,0,348,0,0,14,23,2025-07-16 17:30:05.716
17841406083211195,17901552399196712,2025-06-03 10:07:56,VIDEO,REELS,9,0,349,0,0,14,23,2025-07-18 17:29:48.373
17841406083211195,17901552399196712,2025-06-03 10:07:56,VIDEO,REELS,9,0,350,0,0,14,23,2025-07-19 17:30:04.118
17841406083211195,17901552399196712,2025-06-03 10:07:56,VIDEO,REELS,9,0,351,0,0,14,23,2025-07-27 17:30:34.309
17841406083211195,17901552399196712,2025-06-03 10:07:56,VIDEO,REELS,9,0,352,0,0,14,23,2025-07-29 17:29:46.534
17841406083211195,17901552399196712,2025-06-03 10:07:56,VIDEO,REELS,9,0,355,0,0,14,23,2025-08-01 17:30:02.458
17841406083211195,17901552399196712,2025-06-03 10:07:56,VIDEO,REELS,9,0,356,0,0,14,23,2025-08-04 17:30:20.395
17841406083211195,17901552399196712,2025-06-03 10:07:56,VIDEO,REELS,9,0,357,0,0,14,23,2025-08-06 17:29:21.818
17841406083211195,17901552399196712,2025-06-03 10:07:56,VIDEO,REELS,9,0,358,0,0,14,23,2025-08-10 17:29:41.097
17841406083211195,17901552399196712,2025-06-03 10:07:56,VIDEO,REELS,9,0,359,0,0,14,23,2025-08-19 17:29:34.439
17841406083211195,17901552399196712,2025-06-03 10:07:56,VIDEO,REELS,9,0,360,0,0,14,23,2025-08-20 17:29:40.877
17841406083211195,17901552399196712,2025-06-03 10:07:56,VIDEO,REELS,9,0,361,0,0,14,23,2025-08-24 17:29:14.566
17841406083211195,17901552399196712,2025-06-03 10:07:56,VIDEO,REELS,9,0,362,0,0,14,23,2025-08-27 17:30:23.673
17841406083211195,17901552399196712,2025-06-03 10:07:56,VIDEO,REELS,9,0,362,0,0,14,23,2025-08-31 17:28:56.745
17841406083211195,17901552399196712,2025-06-03 10:07:56,VIDEO,REELS,9,0,367,0,0,14,23,2025-10-15 17:30:00.908
17841406083211195,17901552399196712,2025-06-03 10:07:56,VIDEO,REELS,9,0,368,0,0,14,23,2025-11-10 17:29:23.647
17841406083211195,17901552399196712,2025-06-03 10:07:56,VIDEO,REELS,9,0,371,0,0,14,23,2025-11-15 17:31:07.845
17841406083211195,17901552399196712,2025-06-03 10:07:56,VIDEO,REELS,9,0,372,0,0,14,23,2025-11-18 17:29:13.856
17841406083211195,17901552399196712,2025-06-03 10:07:56,VIDEO,REELS,9,0,373,0,0,14,23,2025-12-03 17:36:28.750
17841406083211195,17901552399196712,2025-06-03 10:07:56,VIDEO,REELS,9,0,374,0,0,14,23,2025-12-25 17:29:25.139
17841406083211195,17905613616271406,2025-11-08 04:00:00,VIDEO,REELS,3,0,107,0,1,0,4,2025-11-08 17:29:16.340
17841406083211195,17905613616271406,2025-11-08 04:00:00,VIDEO,REELS,5,0,205,0,1,0,6,2025-11-09 17:28:31.915
17841406083211195,17905613616271406,2025-11-08 04:00:00,VIDEO,REELS,5,0,266,0,1,0,6,2025-11-10 17:29:07.632
17841406083211195,17905613616271406,2025-11-08 04:00:00,VIDEO,REELS,7,0,292,0,1,1,9,2025-11-11 17:28:56.847
17841406083211195,17905613616271406,2025-11-08 04:00:00,VIDEO,REELS,25,0,503,0,1,17,43,2025-11-12 17:28:57.505
17841406083211195,17905613616271406,2025-11-08 04:00:00,VIDEO,REELS,29,0,620,0,1,24,54,2025-11-13 17:29:19.490
17841406083211195,17905613616271406,2025-11-08 04:00:00,VIDEO,REELS,42,0,885,0,1,35,78,2025-11-14 17:29:00.533
17841406083211195,17905613616271406,2025-11-08 04:00:00,VIDEO,REELS,64,0,1172,0,1,54,155,2025-11-15 17:30:46.796
17841406083211195,17905613616271406,2025-11-08 04:00:00,VIDEO,REELS,64,0,1235,0,1,54,155,2025-11-16 17:29:40.685
17841406083211195,17905613616271406,2025-11-08 04:00:00,VIDEO,REELS,64,0,1239,0,1,54,155,2025-11-17 17:29:03.596
17841406083211195,17905613616271406,2025-11-08 04:00:00,VIDEO,REELS,64,0,1253,0,1,54,155,2025-11-18 17:28:56.191
17841406083211195,17905613616271406,2025-11-08 04:00:00,VIDEO,REELS,64,0,1259,0,1,54,155,2025-11-19 17:35:38.975
17841406083211195,17905613616271406,2025-11-08 04:00:00,VIDEO,REELS,64,0,1263,0,1,54,155,2025-11-20 17:36:09.335
17841406083211195,17905613616271406,2025-11-08 04:00:00,VIDEO,REELS,64,0,1271,0,1,54,155,2025-11-23 17:33:27.465
17841406083211195,17905613616271406,2025-11-08 04:00:00,VIDEO,REELS,64,0,1274,0,1,54,155,2025-11-24 17:36:35.476
17841406083211195,17905613616271406,2025-11-08 04:00:00,VIDEO,REELS,64,0,1277,0,1,54,155,2025-11-25 17:34:55.734
17841406083211195,17905613616271406,2025-11-08 04:00:00,VIDEO,REELS,64,0,1281,0,1,54,155,2025-11-26 17:37:42.124
17841406083211195,17905613616271406,2025-11-08 04:00:00,VIDEO,REELS,64,0,1282,0,1,54,155,2025-11-27 17:34:45.027
17841406083211195,17905613616271406,2025-11-08 04:00:00,VIDEO,REELS,64,0,1284,0,1,54,154,2025-11-29 17:36:31.266
17841406083211195,17905613616271406,2025-11-08 04:00:00,VIDEO,REELS,64,0,1284,0,1,54,155,2025-11-28 17:35:44.387
17841406083211195,17905613616271406,2025-11-08 04:00:00,VIDEO,REELS,64,0,1286,0,1,54,154,2025-11-30 17:33:58.338
17841406083211195,17905613616271406,2025-11-08 04:00:00,VIDEO,REELS,64,0,1289,0,1,54,154,2025-12-01 17:34:08.915
17841406083211195,17905613616271406,2025-11-08 04:00:00,VIDEO,REELS,64,0,1290,0,1,54,154,2025-12-05 17:34:57.772
17841406083211195,17905613616271406,2025-11-08 04:00:00,VIDEO,REELS,64,0,1293,0,1,54,154,2025-12-06 17:35:35.208
17841406083211195,17905613616271406,2025-11-08 04:00:00,VIDEO,REELS,64,0,1295,0,1,54,154,2025-12-08 17:33:41.607
17841406083211195,17905613616271406,2025-11-08 04:00:00,VIDEO,REELS,64,0,1296,0,1,54,154,2025-12-16 17:35:03.672
17841406083211195,17905613616271406,2025-11-08 04:00:00,VIDEO,REELS,64,0,1298,0,1,54,154,2025-12-17 17:28:40.146
17841406083211195,17905613616271406,2025-11-08 04:00:00,VIDEO,REELS,64,0,1300,0,1,54,154,2025-12-19 17:30:14.521
17841406083211195,17905613616271406,2025-11-08 04:00:00,VIDEO,REELS,64,0,1304,0,1,54,154,2025-12-22 17:28:31.289
17841406083211195,17905613616271406,2025-11-08 04:00:00,VIDEO,REELS,64,0,1305,0,1,54,154,2025-12-23 17:28:29.214
17841406083211195,17905613616271406,2025-11-08 04:00:00,VIDEO,REELS,64,0,1306,0,1,54,154,2025-12-25 17:29:03.342
17841406083211195,17906079144048854,2025-05-22 10:21:34,VIDEO,REELS,12,0,176,0,0,14,26,2025-05-22 17:30:00.973
17841406083211195,17906079144048854,2025-05-22 10:21:34,VIDEO,REELS,20,0,448,0,0,15,35,2025-05-23 17:30:33.419
17841406083211195,17906079144048854,2025-05-22 10:21:34,VIDEO,REELS,24,0,502,0,0,15,39,2025-05-24 17:30:30.750
17841406083211195,17906079144048854,2025-05-22 10:21:34,VIDEO,REELS,26,0,518,0,0,15,41,2025-05-25 17:30:55.152
17841406083211195,17906079144048854,2025-05-22 10:21:34,VIDEO,REELS,26,0,535,0,0,15,41,2025-05-26 17:30:22.050
17841406083211195,17906079144048854,2025-05-22 10:21:34,VIDEO,REELS,26,0,545,0,0,15,41,2025-05-27 17:30:25.246
17841406083211195,17906079144048854,2025-05-22 10:21:34,VIDEO,REELS,26,0,557,0,0,15,41,2025-05-28 17:30:33.823
17841406083211195,17906079144048854,2025-05-22 10:21:34,VIDEO,REELS,26,0,560,0,0,15,41,2025-05-29 17:29:32.675
17841406083211195,17906079144048854,2025-05-22 10:21:34,VIDEO,REELS,26,0,564,0,0,15,41,2025-05-30 17:29:56.101
17841406083211195,17906079144048854,2025-05-22 10:21:34,VIDEO,REELS,26,0,571,0,0,15,41,2025-05-31 17:30:02.392
17841406083211195,17906079144048854,2025-05-22 10:21:34,VIDEO,REELS,26,0,576,0,0,15,41,2025-06-01 17:29:49.080
17841406083211195,17906079144048854,2025-05-22 10:21:34,VIDEO,REELS,26,0,580,0,0,15,41,2025-06-02 17:30:36.018
17841406083211195,17906079144048854,2025-05-22 10:21:34,VIDEO,REELS,26,0,581,0,0,15,41,2025-06-03 17:29:40.471
17841406083211195,17906079144048854,2025-05-22 10:21:34,VIDEO,REELS,26,0,587,0,0,15,41,2025-06-04 17:30:00.714
17841406083211195,17906079144048854,2025-05-22 10:21:34,VIDEO,REELS,26,0,588,0,0,15,41,2025-06-05 17:30:15.486
17841406083211195,17906079144048854,2025-05-22 10:21:34,VIDEO,REELS,27,0,618,0,0,15,42,2025-07-03 17:29:59.203
17841406083211195,17906079144048854,2025-05-22 10:21:34,VIDEO,REELS,27,0,619,0,0,15,42,2025-07-05 17:29:52.040
17841406083211195,17906079144048854,2025-05-22 10:21:34,VIDEO,REELS,27,0,620,0,0,15,42,2025-07-15 17:29:51.509
17841406083211195,17906079144048854,2025-05-22 10:21:34,VIDEO,REELS,27,0,621,0,0,15,42,2025-07-16 17:30:05.705
17841406083211195,17906079144048854,2025-05-22 10:21:34,VIDEO,REELS,27,0,622,0,0,15,42,2025-07-19 17:30:04.111
17841406083211195,17906079144048854,2025-05-22 10:21:34,VIDEO,REELS,27,0,623,0,0,15,42,2025-07-20 17:30:14.562
17841406083211195,17906079144048854,2025-05-22 10:21:34,VIDEO,REELS,27,0,623,0,0,15,42,2025-07-21 17:30:41.012
17841406083211195,17906079144048854,2025-05-22 10:21:34,VIDEO,REELS,27,0,624,0,0,15,42,2025-07-22 17:30:36.348
17841406083211195,17906079144048854,2025-05-22 10:21:34,VIDEO,REELS,27,0,626,0,0,15,42,2025-07-23 17:30:15.881
17841406083211195,17906079144048854,2025-05-22 10:21:34,VIDEO,REELS,27,0,628,0,0,15,42,2025-07-25 17:29:40.353
17841406083211195,17906079144048854,2025-05-22 10:21:34,VIDEO,REELS,27,0,630,0,0,15,42,2025-07-26 17:30:03.780
17841406083211195,17906079144048854,2025-05-22 10:21:34,VIDEO,REELS,27,0,631,0,0,15,42,2025-07-27 17:30:34.302
17841406083211195,17906079144048854,2025-05-22 10:21:34,VIDEO,REELS,27,0,632,0,0,15,42,2025-07-29 17:29:46.526
17841406083211195,17906079144048854,2025-05-22 10:21:34,VIDEO,REELS,27,0,634,0,0,15,42,2025-07-30 17:30:07.337
17841406083211195,17906079144048854,2025-05-22 10:21:34,VIDEO,REELS,27,0,635,0,0,15,42,2025-08-01 17:30:02.446
17841406083211195,17906079144048854,2025-05-22 10:21:34,VIDEO,REELS,27,0,636,0,0,15,42,2025-08-04 17:30:20.387
17841406083211195,17906079144048854,2025-05-22 10:21:34,VIDEO,REELS,27,0,639,0,0,15,42,2025-08-06 17:29:21.810
17841406083211195,17906079144048854,2025-05-22 10:21:34,VIDEO,REELS,27,0,640,0,0,15,42,2025-08-11 17:30:48.463
17841406083211195,17906079144048854,2025-05-22 10:21:34,VIDEO,REELS,27,0,642,0,0,15,42,2025-08-12 17:31:33.939
17841406083211195,17906079144048854,2025-05-22 10:21:34,VIDEO,REELS,27,0,644,0,0,15,42,2025-08-14 17:30:40.913
17841406083211195,17906079144048854,2025-05-22 10:21:34,VIDEO,REELS,27,0,646,0,0,15,42,2025-08-19 17:29:48.962
17841406083211195,17906079144048854,2025-05-22 10:21:34,VIDEO,REELS,27,0,647,0,0,15,42,2025-08-20 17:29:49.044
17841406083211195,17906079144048854,2025-05-22 10:21:34,VIDEO,REELS,27,0,648,0,0,15,42,2025-08-25 17:29:45.206
17841406083211195,17906079144048854,2025-05-22 10:21:34,VIDEO,REELS,27,0,649,0,0,15,42,2025-08-31 17:28:56.735
17841406083211195,17906079144048854,2025-05-22 10:21:34,VIDEO,REELS,27,0,660,0,0,15,42,2025-10-06 17:28:55.805
17841406083211195,17906079144048854,2025-05-22 10:21:34,VIDEO,REELS,27,0,662,0,0,15,42,2025-10-10 17:30:14.050
17841406083211195,17906079144048854,2025-05-22 10:21:34,VIDEO,REELS,27,0,663,0,0,15,42,2025-10-15 17:30:00.902
17841406083211195,17906079144048854,2025-05-22 10:21:34,VIDEO,REELS,27,0,664,0,0,15,42,2025-10-17 17:30:04.036
17841406083211195,17906079144048854,2025-05-22 10:21:34,VIDEO,REELS,27,0,665,0,0,15,42,2025-11-10 17:29:23.637
17841406083211195,17906079144048854,2025-05-22 10:21:34,VIDEO,REELS,27,0,666,0,0,15,42,2025-11-13 17:29:47.731
17841406083211195,17906079144048854,2025-05-22 10:21:34,VIDEO,REELS,27,0,667,0,0,15,42,2025-11-15 17:31:07.837
17841406083211195,17906079144048854,2025-05-22 10:21:34,VIDEO,REELS,27,0,668,0,0,15,42,2025-11-17 17:29:22.820
17841406083211195,17906079144048854,2025-05-22 10:21:34,VIDEO,REELS,27,0,669,0,0,15,42,2025-11-18 17:29:13.850
17841406083211195,17906079144048854,2025-05-22 10:21:34,VIDEO,REELS,27,0,670,0,0,15,42,2025-12-03 17:36:09.386
17841406083211195,17906079144048854,2025-05-22 10:21:34,VIDEO,REELS,27,0,671,0,0,15,42,2025-12-17 17:29:02.282
17841406083211195,17906079144048854,2025-05-22 10:21:34,VIDEO,REELS,27,0,672,0,0,15,42,2025-12-21 17:29:53.707
17841406083211195,17906079144048854,2025-05-22 10:21:34,VIDEO,REELS,27,0,673,0,0,15,42,2025-12-25 17:29:25.133
17841406083211195,17907723741141853,2025-12-23 10:34:51,VIDEO,REELS,4,0,80,0,0,0,4,2025-12-23 17:28:21.046
17841406083211195,17907723741141853,2025-12-23 10:34:51,VIDEO,REELS,6,0,130,0,0,0,6,2025-12-24 17:28:45.051
17841406083211195,17907723741141853,2025-12-23 10:34:51,VIDEO,REELS,7,0,156,0,0,0,7,2025-12-25 17:29:03.346
17841406083211195,17911573716233617,2025-10-17 11:22:00,VIDEO,REELS,15,0,79,0,0,0,15,2025-10-17 17:29:43.073
17841406083211195,17911573716233617,2025-10-17 11:22:00,VIDEO,REELS,17,0,135,0,0,0,17,2025-10-18 17:28:22.278
17841406083211195,17911573716233617,2025-10-17 11:22:00,VIDEO,REELS,17,0,164,0,0,0,17,2025-10-19 17:28:26.531
17841406083211195,17911573716233617,2025-10-17 11:22:00,VIDEO,REELS,17,0,195,0,0,0,17,2025-10-20 17:29:11.422
17841406083211195,17911573716233617,2025-10-17 11:22:00,VIDEO,REELS,17,0,211,0,0,0,17,2025-10-21 17:28:38.459
17841406083211195,17911573716233617,2025-10-17 11:22:00,VIDEO,REELS,17,0,226,0,0,0,17,2025-10-22 17:28:54.488
17841406083211195,17911573716233617,2025-10-17 11:22:00,VIDEO,REELS,17,0,232,0,0,0,17,2025-10-23 17:28:30.292
17841406083211195,17911573716233617,2025-10-17 11:22:00,VIDEO,REELS,17,0,237,0,0,0,17,2025-10-24 17:28:52.183
17841406083211195,17911573716233617,2025-10-17 11:22:00,VIDEO,REELS,17,0,244,0,0,0,17,2025-10-25 17:30:00.339
17841406083211195,17911573716233617,2025-10-17 11:22:00,VIDEO,REELS,17,0,248,0,0,0,17,2025-10-26 17:30:15.232
17841406083211195,17911573716233617,2025-10-17 11:22:00,VIDEO,REELS,17,0,251,0,0,0,17,2025-10-27 17:28:47.002
17841406083211195,17911573716233617,2025-10-17 11:22:00,VIDEO,REELS,17,0,260,0,0,0,17,2025-10-28 17:29:42.171
17841406083211195,17911573716233617,2025-10-17 11:22:00,VIDEO,REELS,17,0,270,0,0,0,17,2025-10-29 17:29:27.591
17841406083211195,17911573716233617,2025-10-17 11:22:00,VIDEO,REELS,17,0,273,0,0,0,17,2025-10-30 17:30:15.097
17841406083211195,17911573716233617,2025-10-17 11:22:00,VIDEO,REELS,17,0,274,0,0,0,17,2025-10-31 17:29:01.883
17841406083211195,17911573716233617,2025-10-17 11:22:00,VIDEO,REELS,17,0,276,0,0,0,17,2025-11-01 17:29:16.511
17841406083211195,17911573716233617,2025-10-17 11:22:00,VIDEO,REELS,17,0,278,0,0,0,17,2025-11-02 17:28:55.106
17841406083211195,17911573716233617,2025-10-17 11:22:00,VIDEO,REELS,17,0,279,0,0,0,17,2025-11-03 17:28:49.525
17841406083211195,17911573716233617,2025-10-17 11:22:00,VIDEO,REELS,17,0,282,0,0,0,17,2025-11-05 17:28:28.354
17841406083211195,17911573716233617,2025-10-17 11:22:00,VIDEO,REELS,17,0,283,0,0,0,17,2025-11-06 17:28:43.530
17841406083211195,17911573716233617,2025-10-17 11:22:00,VIDEO,REELS,17,0,290,0,0,0,17,2025-11-07 17:29:01.091
17841406083211195,17911573716233617,2025-10-17 11:22:00,VIDEO,REELS,18,0,291,0,0,0,18,2025-11-08 17:29:24.265
17841406083211195,17911573716233617,2025-10-17 11:22:00,VIDEO,REELS,18,0,291,0,0,0,18,2025-11-09 17:28:38.969
17841406083211195,17911573716233617,2025-10-17 11:22:00,VIDEO,REELS,18,0,293,0,0,0,18,2025-11-10 17:29:07.648
17841406083211195,17911573716233617,2025-10-17 11:22:00,VIDEO,REELS,18,0,298,0,0,0,18,2025-11-12 17:28:57.519
17841406083211195,17911573716233617,2025-10-17 11:22:00,VIDEO,REELS,18,0,299,0,0,0,18,2025-11-13 17:29:19.510
17841406083211195,17911573716233617,2025-10-17 11:22:00,VIDEO,REELS,18,0,300,0,0,0,18,2025-11-14 17:29:00.546
17841406083211195,17911573716233617,2025-10-17 11:22:00,VIDEO,REELS,18,0,303,0,0,0,18,2025-11-15 17:30:46.807
17841406083211195,17911573716233617,2025-10-17 11:22:00,VIDEO,REELS,18,0,306,0,0,0,18,2025-11-16 17:29:40.692
17841406083211195,17911573716233617,2025-10-17 11:22:00,VIDEO,REELS,18,0,307,0,0,0,18,2025-11-17 17:29:03.607
17841406083211195,17911573716233617,2025-10-17 11:22:00,VIDEO,REELS,18,0,310,0,0,0,18,2025-11-18 17:28:56.200
17841406083211195,17911573716233617,2025-10-17 11:22:00,VIDEO,REELS,18,0,314,0,0,0,18,2025-11-19 17:35:38.991
17841406083211195,17911573716233617,2025-10-17 11:22:00,VIDEO,REELS,18,0,315,0,0,0,18,2025-11-20 17:36:09.357
17841406083211195,17911573716233617,2025-10-17 11:22:00,VIDEO,REELS,18,0,316,0,0,0,18,2025-11-21 17:35:55.885
17841406083211195,17911573716233617,2025-10-17 11:22:00,VIDEO,REELS,18,0,318,0,1,0,19,2025-11-22 17:33:59.879
17841406083211195,17911573716233617,2025-10-17 11:22:00,VIDEO,REELS,18,0,318,0,1,0,19,2025-11-23 17:33:27.488
17841406083211195,17911573716233617,2025-10-17 11:22:00,VIDEO,REELS,18,0,320,0,1,0,19,2025-11-24 17:36:35.488
17841406083211195,17911573716233617,2025-10-17 11:22:00,VIDEO,REELS,18,0,322,0,1,0,19,2025-11-25 17:34:52.772
17841406083211195,17911573716233617,2025-10-17 11:22:00,VIDEO,REELS,18,0,323,0,1,0,19,2025-11-27 17:34:42.522
17841406083211195,17911573716233617,2025-10-17 11:22:00,VIDEO,REELS,18,0,324,0,1,0,19,2025-11-29 17:36:27.544
17841406083211195,17911573716233617,2025-10-17 11:22:00,VIDEO,REELS,18,0,325,0,1,0,19,2025-11-30 17:33:54.625
17841406083211195,17911573716233617,2025-10-17 11:22:00,VIDEO,REELS,18,0,326,0,1,0,19,2025-12-01 17:34:00.995
17841406083211195,17911573716233617,2025-10-17 11:22:00,VIDEO,REELS,18,0,327,0,1,0,19,2025-12-07 17:33:44.795
17841406083211195,17911573716233617,2025-10-17 11:22:00,VIDEO,REELS,18,0,328,0,1,0,19,2025-12-08 17:33:32.915
17841406083211195,17911573716233617,2025-10-17 11:22:00,VIDEO,REELS,18,0,329,0,1,0,19,2025-12-12 17:35:50.535
17841406083211195,17911573716233617,2025-10-17 11:22:00,VIDEO,REELS,18,0,330,0,1,0,19,2025-12-15 06:34:20.232
17841406083211195,17911573716233617,2025-10-17 11:22:00,VIDEO,REELS,18,0,331,0,1,0,19,2025-12-16 17:34:50.969
17841406083211195,17911573716233617,2025-10-17 11:22:00,VIDEO,REELS,18,0,332,0,1,0,19,2025-12-17 17:28:40.154
17841406083211195,17911573716233617,2025-10-17 11:22:00,VIDEO,REELS,18,0,332,0,1,0,19,2025-12-25 17:29:11.622
17841406083211195,17913107163252579,2025-12-02 10:53:35,VIDEO,REELS,5,0,94,0,0,0,5,2025-12-02 17:35:38.575
17841406083211195,17913107163252579,2025-12-02 10:53:35,VIDEO,REELS,5,0,201,0,0,0,5,2025-12-03 17:36:55.133
17841406083211195,17913107163252579,2025-12-02 10:53:35,VIDEO,REELS,5,0,218,0,0,0,5,2025-12-04 17:35:00.180
17841406083211195,17913107163252579,2025-12-02 10:53:35,VIDEO,REELS,6,0,225,0,0,0,6,2025-12-05 17:34:57.777
17841406083211195,17913107163252579,2025-12-02 10:53:35,VIDEO,REELS,6,0,232,0,0,0,6,2025-12-06 17:35:35.214
17841406083211195,17913107163252579,2025-12-02 10:53:35,VIDEO,REELS,6,0,234,0,0,0,6,2025-12-07 17:33:54.988
17841406083211195,17913107163252579,2025-12-02 10:53:35,VIDEO,REELS,6,0,239,0,0,0,6,2025-12-08 17:33:41.615
17841406083211195,17913107163252579,2025-12-02 10:53:35,VIDEO,REELS,6,0,243,0,0,0,6,2025-12-09 17:35:53.035
17841406083211195,17913107163252579,2025-12-02 10:53:35,VIDEO,REELS,6,0,248,0,0,0,6,2025-12-10 17:36:44.469
17841406083211195,17913107163252579,2025-12-02 10:53:35,VIDEO,REELS,6,0,249,0,0,0,6,2025-12-11 17:34:06.397
17841406083211195,17913107163252579,2025-12-02 10:53:35,VIDEO,REELS,6,0,251,0,0,0,6,2025-12-12 17:36:01.940
17841406083211195,17913107163252579,2025-12-02 10:53:35,VIDEO,REELS,7,0,253,0,0,0,7,2025-12-15 17:37:24.709
17841406083211195,17913107163252579,2025-12-02 10:53:35,VIDEO,REELS,7,0,254,0,0,0,7,2025-12-16 17:35:03.680
17841406083211195,17913107163252579,2025-12-02 10:53:35,VIDEO,REELS,7,0,256,0,0,0,7,2025-12-17 17:28:40.155
17841406083211195,17913107163252579,2025-12-02 10:53:35,VIDEO,REELS,7,0,259,0,0,0,7,2025-12-18 17:30:53.822
17841406083211195,17913107163252579,2025-12-02 10:53:35,VIDEO,REELS,7,0,260,0,0,0,7,2025-12-19 17:30:14.535
17841406083211195,17913107163252579,2025-12-02 10:53:35,VIDEO,REELS,7,0,261,0,0,0,7,2025-12-21 17:29:37.401
17841406083211195,17913107163252579,2025-12-02 10:53:35,VIDEO,REELS,7,0,264,0,0,0,7,2025-12-22 17:28:31.296
17841406083211195,17913107163252579,2025-12-02 10:53:35,VIDEO,REELS,7,0,266,0,0,0,7,2025-12-23 17:28:29.228
17841406083211195,17913107163252579,2025-12-02 10:53:35,VIDEO,REELS,7,0,268,0,0,0,7,2025-12-24 17:28:54.115
17841406083211195,17913107163252579,2025-12-02 10:53:35,VIDEO,REELS,7,0,269,0,0,0,7,2025-12-25 17:29:03.351
17841406083211195,17913770298097197,2025-11-27 10:59:13,VIDEO,REELS,8,0,128,0,0,0,8,2025-11-27 17:34:42.519
17841406083211195,17913770298097197,2025-11-27 10:59:13,VIDEO,REELS,10,0,248,0,0,0,11,2025-11-28 17:35:39.728
17841406083211195,17913770298097197,2025-11-27 10:59:13,VIDEO,REELS,10,0,258,0,0,0,11,2025-11-29 17:36:27.542
17841406083211195,17913770298097197,2025-11-27 10:59:13,VIDEO,REELS,10,0,264,0,0,0,11,2025-11-30 17:33:54.623
17841406083211195,17913770298097197,2025-11-27 10:59:13,VIDEO,REELS,12,0,275,0,0,0,13,2025-12-01 17:34:00.994
17841406083211195,17913770298097197,2025-11-27 10:59:13,VIDEO,REELS,12,0,286,0,0,0,13,2025-12-02 17:35:28.475
17841406083211195,17913770298097197,2025-11-27 10:59:13,VIDEO,REELS,12,0,295,0,0,0,13,2025-12-03 17:36:45.841
17841406083211195,17913770298097197,2025-11-27 10:59:13,VIDEO,REELS,12,1,299,1,0,0,14,2025-12-04 17:34:52.055
17841406083211195,17913770298097197,2025-11-27 10:59:13,VIDEO,REELS,12,1,310,1,0,0,14,2025-12-05 17:34:50.235
17841406083211195,17913770298097197,2025-11-27 10:59:13,VIDEO,REELS,12,1,311,1,0,0,14,2025-12-06 17:35:26.332
17841406083211195,17913770298097197,2025-11-27 10:59:13,VIDEO,REELS,12,1,315,1,0,0,14,2025-12-07 17:33:44.793
17841406083211195,17913770298097197,2025-11-27 10:59:13,VIDEO,REELS,12,1,318,1,0,0,14,2025-12-08 17:33:32.913
17841406083211195,17913770298097197,2025-11-27 10:59:13,VIDEO,REELS,12,1,324,1,0,1,15,2025-12-09 17:35:43.783
17841406083211195,17913770298097197,2025-11-27 10:59:13,VIDEO,REELS,12,1,331,1,0,1,15,2025-12-10 17:36:27.788
17841406083211195,17913770298097197,2025-11-27 10:59:13,VIDEO,REELS,12,1,335,1,0,1,15,2025-12-11 17:33:56.848
17841406083211195,17913770298097197,2025-11-27 10:59:13,VIDEO,REELS,12,1,338,1,0,1,15,2025-12-12 17:35:50.534
17841406083211195,17913770298097197,2025-11-27 10:59:13,VIDEO,REELS,12,1,341,1,0,1,15,2025-12-15 17:37:13.500
17841406083211195,17913770298097197,2025-11-27 10:59:13,VIDEO,REELS,12,1,343,1,0,1,15,2025-12-16 17:34:50.966
17841406083211195,17913770298097197,2025-11-27 10:59:13,VIDEO,REELS,12,1,345,1,0,1,15,2025-12-17 17:28:40.153
17841406083211195,17913770298097197,2025-11-27 10:59:13,VIDEO,REELS,12,1,347,1,0,1,15,2025-12-18 17:30:53.818
17841406083211195,17913770298097197,2025-11-27 10:59:13,VIDEO,REELS,12,1,348,1,0,1,15,2025-12-19 17:30:14.532
17841406083211195,17913770298097197,2025-11-27 10:59:13,VIDEO,REELS,12,1,351,1,0,1,15,2025-12-21 17:29:37.396
17841406083211195,17913770298097197,2025-11-27 10:59:13,VIDEO,REELS,12,1,352,1,0,1,15,2025-12-22 17:28:31.295
17841406083211195,17913770298097197,2025-11-27 10:59:13,VIDEO,REELS,12,1,353,1,0,1,15,2025-12-23 17:28:29.225
17841406083211195,17913770298097197,2025-11-27 10:59:13,VIDEO,REELS,12,1,353,1,0,1,15,2025-12-25 17:29:03.349
17841406083211195,17917450587191415,2025-10-10 11:02:50,VIDEO,REELS,4,0,92,0,0,0,4,2025-10-10 17:30:00.882
17841406083211195,17917450587191415,2025-10-10 11:02:50,VIDEO,REELS,6,0,289,0,2,0,8,2025-10-11 17:28:26.216
17841406083211195,17917450587191415,2025-10-10 11:02:50,VIDEO,REELS,7,0,306,0,2,0,9,2025-10-12 17:28:43.706
17841406083211195,17917450587191415,2025-10-10 11:02:50,VIDEO,REELS,7,0,329,0,2,0,9,2025-10-13 17:28:47.599
17841406083211195,17917450587191415,2025-10-10 11:02:50,VIDEO,REELS,7,0,338,0,2,0,9,2025-10-14 15:45:52.439
17841406083211195,17917450587191415,2025-10-10 11:02:50,VIDEO,REELS,7,0,338,0,2,0,9,2025-10-14 17:28:15.723
17841406083211195,17917450587191415,2025-10-10 11:02:50,VIDEO,REELS,7,0,353,0,2,0,9,2025-10-15 17:29:41.729
17841406083211195,17917450587191415,2025-10-10 11:02:50,VIDEO,REELS,7,0,359,0,2,0,9,2025-10-16 17:28:56.610
17841406083211195,17917450587191415,2025-10-10 11:02:50,VIDEO,REELS,17,0,384,0,2,0,19,2025-10-17 17:29:48.783
17841406083211195,17917450587191415,2025-10-10 11:02:50,VIDEO,REELS,17,0,390,0,2,0,19,2025-10-18 17:28:28.239
17841406083211195,17917450587191415,2025-10-10 11:02:50,VIDEO,REELS,17,0,397,0,2,0,19,2025-10-19 17:28:32.830
17841406083211195,17917450587191415,2025-10-10 11:02:50,VIDEO,REELS,17,0,405,0,2,0,19,2025-10-20 17:29:18.454
17841406083211195,17917450587191415,2025-10-10 11:02:50,VIDEO,REELS,17,0,412,0,2,0,19,2025-10-21 17:28:38.450
17841406083211195,17917450587191415,2025-10-10 11:02:50,VIDEO,REELS,17,0,417,0,2,0,19,2025-10-22 17:28:54.475
17841406083211195,17917450587191415,2025-10-10 11:02:50,VIDEO,REELS,17,0,424,0,2,0,19,2025-10-23 17:28:30.280
17841406083211195,17917450587191415,2025-10-10 11:02:50,VIDEO,REELS,17,0,428,0,2,0,19,2025-10-24 17:28:52.172
17841406083211195,17917450587191415,2025-10-10 11:02:50,VIDEO,REELS,17,0,431,0,2,0,19,2025-10-25 17:30:00.336
17841406083211195,17917450587191415,2025-10-10 11:02:50,VIDEO,REELS,17,0,432,0,2,0,19,2025-10-27 17:28:46.983
17841406083211195,17917450587191415,2025-10-10 11:02:50,VIDEO,REELS,17,0,434,0,2,0,19,2025-10-28 17:29:42.165
17841406083211195,17917450587191415,2025-10-10 11:02:50,VIDEO,REELS,17,0,437,0,2,0,19,2025-10-29 17:29:27.584
17841406083211195,17917450587191415,2025-10-10 11:02:50,VIDEO,REELS,17,0,443,0,2,0,19,2025-10-30 17:30:15.089
17841406083211195,17917450587191415,2025-10-10 11:02:50,VIDEO,REELS,17,0,444,0,2,0,19,2025-11-01 17:29:16.504
17841406083211195,17917450587191415,2025-10-10 11:02:50,VIDEO,REELS,17,0,446,0,2,0,19,2025-11-02 17:28:55.090
17841406083211195,17917450587191415,2025-10-10 11:02:50,VIDEO,REELS,17,0,447,0,2,0,19,2025-11-03 17:28:49.518
17841406083211195,17917450587191415,2025-10-10 11:02:50,VIDEO,REELS,17,0,450,0,2,0,19,2025-11-04 17:28:20.660
17841406083211195,17917450587191415,2025-10-10 11:02:50,VIDEO,REELS,17,0,450,0,2,0,19,2025-11-05 17:28:28.347
17841406083211195,17917450587191415,2025-10-10 11:02:50,VIDEO,REELS,17,0,457,0,2,0,19,2025-11-06 17:28:43.519
17841406083211195,17917450587191415,2025-10-10 11:02:50,VIDEO,REELS,17,0,459,0,2,0,19,2025-11-07 17:29:01.085
17841406083211195,17917450587191415,2025-10-10 11:02:50,VIDEO,REELS,18,0,460,0,2,0,20,2025-11-09 17:28:38.946
17841406083211195,17917450587191415,2025-10-10 11:02:50,VIDEO,REELS,18,0,462,0,2,0,20,2025-11-10 17:29:07.635
17841406083211195,17917450587191415,2025-10-10 11:02:50,VIDEO,REELS,18,0,466,0,2,0,20,2025-11-11 17:28:56.849
17841406083211195,17917450587191415,2025-10-10 11:02:50,VIDEO,REELS,18,0,470,0,2,0,20,2025-11-12 17:28:57.508
17841406083211195,17917450587191415,2025-10-10 11:02:50,VIDEO,REELS,18,0,471,0,2,0,20,2025-11-14 17:29:00.536
17841406083211195,17917450587191415,2025-10-10 11:02:50,VIDEO,REELS,18,0,474,0,2,0,21,2025-11-15 17:30:46.798
17841406083211195,17917450587191415,2025-10-10 11:02:50,VIDEO,REELS,18,0,475,0,2,0,21,2025-11-17 17:29:03.598
17841406083211195,17917450587191415,2025-10-10 11:02:50,VIDEO,REELS,18,0,476,0,2,0,21,2025-11-18 17:28:56.193
17841406083211195,17917450587191415,2025-10-10 11:02:50,VIDEO,REELS,18,0,479,0,2,0,21,2025-11-19 17:35:38.979
17841406083211195,17917450587191415,2025-10-10 11:02:50,VIDEO,REELS,18,0,480,0,2,0,21,2025-11-20 17:36:09.342
17841406083211195,17917450587191415,2025-10-10 11:02:50,VIDEO,REELS,18,0,487,0,2,0,21,2025-11-21 17:35:55.846
17841406083211195,17917450587191415,2025-10-10 11:02:50,VIDEO,REELS,18,0,487,0,2,0,21,2025-11-24 17:36:35.478
17841406083211195,17917450587191415,2025-10-10 11:02:50,VIDEO,REELS,18,0,491,0,2,0,21,2025-11-27 17:34:42.494
17841406083211195,17917450587191415,2025-10-10 11:02:50,VIDEO,REELS,18,0,492,0,2,0,21,2025-11-29 17:36:27.533
17841406083211195,17917450587191415,2025-10-10 11:02:50,VIDEO,REELS,18,0,493,0,2,0,21,2025-12-01 17:34:00.989
17841406083211195,17917450587191415,2025-10-10 11:02:50,VIDEO,REELS,18,0,494,0,2,0,21,2025-12-03 17:36:45.832
17841406083211195,17917450587191415,2025-10-10 11:02:50,VIDEO,REELS,18,0,495,0,2,0,21,2025-12-06 17:35:26.318
17841406083211195,17917450587191415,2025-10-10 11:02:50,VIDEO,REELS,18,0,499,0,2,0,21,2025-12-08 17:33:32.903
17841406083211195,17917450587191415,2025-10-10 11:02:50,VIDEO,REELS,18,0,501,0,2,0,21,2025-12-11 17:33:56.838
17841406083211195,17917450587191415,2025-10-10 11:02:50,VIDEO,REELS,18,0,502,0,2,0,21,2025-12-16 17:34:50.948
17841406083211195,17917450587191415,2025-10-10 11:02:50,VIDEO,REELS,18,0,503,0,2,0,21,2025-12-18 17:31:02.206
17841406083211195,17917450587191415,2025-10-10 11:02:50,VIDEO,REELS,18,0,504,0,2,0,21,2025-12-19 17:30:20.748
17841406083211195,17917450587191415,2025-10-10 11:02:50,VIDEO,REELS,18,0,505,0,2,0,21,2025-12-21 17:29:45.207
17841406083211195,17917450587191415,2025-10-10 11:02:50,VIDEO,REELS,18,0,506,0,2,0,21,2025-12-22 17:28:37.815
17841406083211195,17917450587191415,2025-10-10 11:02:50,VIDEO,REELS,18,0,507,0,2,0,21,2025-12-25 17:29:11.614
17841406083211195,17922056850123967,2025-08-22 10:02:59,VIDEO,REELS,2,0,137,0,0,0,2,2025-08-22 17:29:16.051
17841406083211195,17922056850123967,2025-08-22 10:02:59,VIDEO,REELS,2,0,246,0,0,0,2,2025-08-23 17:29:22.039
17841406083211195,17922056850123967,2025-08-22 10:02:59,VIDEO,REELS,2,0,252,0,0,0,2,2025-08-24 17:28:59.474
17841406083211195,17922056850123967,2025-08-22 10:02:59,VIDEO,REELS,2,0,266,0,0,0,2,2025-08-25 17:29:26.496
17841406083211195,17922056850123967,2025-08-22 10:02:59,VIDEO,REELS,2,0,279,0,0,0,2,2025-08-26 17:29:05.581
17841406083211195,17922056850123967,2025-08-22 10:02:59,VIDEO,REELS,2,0,292,0,0,0,2,2025-08-27 17:30:15.458
17841406083211195,17922056850123967,2025-08-22 10:02:59,VIDEO,REELS,3,0,303,0,0,0,3,2025-08-28 17:31:18.225
17841406083211195,17922056850123967,2025-08-22 10:02:59,VIDEO,REELS,3,0,312,0,0,0,3,2025-08-29 17:28:45.766
17841406083211195,17922056850123967,2025-08-22 10:02:59,VIDEO,REELS,3,0,318,0,0,0,3,2025-08-30 17:30:09.890
17841406083211195,17922056850123967,2025-08-22 10:02:59,VIDEO,REELS,3,0,324,0,0,0,3,2025-08-31 17:28:47.921
17841406083211195,17922056850123967,2025-08-22 10:02:59,VIDEO,REELS,3,0,423,0,0,0,3,2025-10-01 04:09:53.342
17841406083211195,17922056850123967,2025-08-22 10:02:59,VIDEO,REELS,3,0,425,0,0,0,3,2025-10-01 17:29:53.148
17841406083211195,17922056850123967,2025-08-22 10:02:59,VIDEO,REELS,3,0,429,0,0,0,3,2025-10-02 04:04:29.517
17841406083211195,17922056850123967,2025-08-22 10:02:59,VIDEO,REELS,3,0,429,0,0,0,3,2025-10-02 17:29:27.074
17841406083211195,17922056850123967,2025-08-22 10:02:59,VIDEO,REELS,3,0,431,0,0,0,3,2025-10-04 17:29:36.062
17841406083211195,17922056850123967,2025-08-22 10:02:59,VIDEO,REELS,3,0,433,0,0,0,3,2025-10-05 17:29:24.314
17841406083211195,17922056850123967,2025-08-22 10:02:59,VIDEO,REELS,3,0,434,0,0,0,3,2025-10-06 17:28:48.556
17841406083211195,17922056850123967,2025-08-22 10:02:59,VIDEO,REELS,3,0,437,0,0,0,3,2025-10-08 17:29:40.358
17841406083211195,17922056850123967,2025-08-22 10:02:59,VIDEO,REELS,3,0,438,0,0,0,3,2025-10-09 17:28:46.167
17841406083211195,17922056850123967,2025-08-22 10:02:59,VIDEO,REELS,3,0,439,0,0,0,3,2025-10-14 17:28:21.206
17841406083211195,17922056850123967,2025-08-22 10:02:59,VIDEO,REELS,3,0,439,0,0,0,3,2025-10-15 17:29:48.877
17841406083211195,17922056850123967,2025-08-22 10:02:59,VIDEO,REELS,3,0,440,0,0,0,3,2025-10-16 17:28:56.616
17841406083211195,17922056850123967,2025-08-22 10:02:59,VIDEO,REELS,4,0,441,0,0,0,4,2025-10-17 17:29:48.789
17841406083211195,17922056850123967,2025-08-22 10:02:59,VIDEO,REELS,4,0,441,0,0,0,4,2025-10-20 17:29:18.459
17841406083211195,17922056850123967,2025-08-22 10:02:59,VIDEO,REELS,4,0,442,0,0,0,4,2025-10-21 17:28:38.453
17841406083211195,17922056850123967,2025-08-22 10:02:59,VIDEO,REELS,4,0,444,0,0,0,4,2025-10-22 17:28:54.480
17841406083211195,17922056850123967,2025-08-22 10:02:59,VIDEO,REELS,4,0,445,0,0,0,4,2025-10-26 17:30:15.218
17841406083211195,17922056850123967,2025-08-22 10:02:59,VIDEO,REELS,4,0,446,0,0,0,4,2025-10-27 17:28:46.989
17841406083211195,17922056850123967,2025-08-22 10:02:59,VIDEO,REELS,4,0,448,0,0,0,4,2025-10-29 17:29:27.586
17841406083211195,17922056850123967,2025-08-22 10:02:59,VIDEO,REELS,4,0,451,0,0,0,4,2025-11-03 17:28:49.520
17841406083211195,17922056850123967,2025-08-22 10:02:59,VIDEO,REELS,4,0,452,0,0,0,4,2025-11-06 17:28:43.521
17841406083211195,17922056850123967,2025-08-22 10:02:59,VIDEO,REELS,4,0,453,0,0,0,4,2025-11-07 17:29:01.086
17841406083211195,17922056850123967,2025-08-22 10:02:59,VIDEO,REELS,4,0,453,0,0,0,4,2025-11-10 17:29:14.404
17841406083211195,17922056850123967,2025-08-22 10:02:59,VIDEO,REELS,4,0,456,0,0,0,4,2025-11-11 17:29:05.807
17841406083211195,17922056850123967,2025-08-22 10:02:59,VIDEO,REELS,4,0,457,0,0,0,4,2025-11-14 17:29:08.311
17841406083211195,17922056850123967,2025-08-22 10:02:59,VIDEO,REELS,4,0,458,0,0,0,4,2025-11-15 17:30:56.070
17841406083211195,17922056850123967,2025-08-22 10:02:59,VIDEO,REELS,4,0,458,0,0,0,4,2025-11-17 17:29:12.866
17841406083211195,17922056850123967,2025-08-22 10:02:59,VIDEO,REELS,4,0,459,0,0,0,4,2025-11-18 17:29:03.773
17841406083211195,17922056850123967,2025-08-22 10:02:59,VIDEO,REELS,4,0,461,0,0,0,4,2025-11-19 17:35:11.179
17841406083211195,17922056850123967,2025-08-22 10:02:59,VIDEO,REELS,4,0,462,0,0,0,4,2025-11-21 17:35:36.092
17841406083211195,17922056850123967,2025-08-22 10:02:59,VIDEO,REELS,4,0,463,0,0,0,4,2025-11-23 17:33:11.048
17841406083211195,17922056850123967,2025-08-22 10:02:59,VIDEO,REELS,4,0,464,0,0,0,4,2025-11-30 17:33:37.934
17841406083211195,17922056850123967,2025-08-22 10:02:59,VIDEO,REELS,4,0,464,0,0,0,4,2025-12-08 17:33:12.760
17841406083211195,17922056850123967,2025-08-22 10:02:59,VIDEO,REELS,4,0,465,0,0,0,4,2025-12-11 17:33:40.054
17841406083211195,17922056850123967,2025-08-22 10:02:59,VIDEO,REELS,4,0,465,0,0,0,4,2025-12-17 17:28:51.595
17841406083211195,17922056850123967,2025-08-22 10:02:59,VIDEO,REELS,4,0,465,0,0,0,4,2025-12-18 17:31:02.210
17841406083211195,17922056850123967,2025-08-22 10:02:59,VIDEO,REELS,4,0,466,0,0,0,4,2025-12-22 17:28:37.818
17841406083211195,17922056850123967,2025-08-22 10:02:59,VIDEO,REELS,4,0,466,0,0,0,4,2025-12-25 17:29:11.617
17841406083211195,17930882967000857,2025-11-07 12:00:00,VIDEO,REELS,6,0,107,0,0,0,6,2025-11-07 17:28:53.877
17841406083211195,17930882967000857,2025-11-07 12:00:00,VIDEO,REELS,11,0,245,0,0,0,11,2025-11-08 17:29:16.351
17841406083211195,17930882967000857,2025-11-07 12:00:00,VIDEO,REELS,12,0,272,0,0,0,12,2025-11-09 17:28:38.968
17841406083211195,17930882967000857,2025-11-07 12:00:00,VIDEO,REELS,12,0,301,0,0,0,12,2025-11-10 17:29:07.648
17841406083211195,17930882967000857,2025-11-07 12:00:00,VIDEO,REELS,12,0,317,0,0,0,12,2025-11-11 17:28:56.857
17841406083211195,17930882967000857,2025-11-07 12:00:00,VIDEO,REELS,19,0,337,0,0,0,19,2025-11-12 17:28:57.519
17841406083211195,17930882967000857,2025-11-07 12:00:00,VIDEO,REELS,19,0,349,0,0,0,19,2025-11-13 17:29:19.509
17841406083211195,17930882967000857,2025-11-07 12:00:00,VIDEO,REELS,25,0,381,0,0,0,25,2025-11-14 17:29:00.546
17841406083211195,17930882967000857,2025-11-07 12:00:00,VIDEO,REELS,31,0,418,0,0,0,32,2025-11-15 17:30:46.806
17841406083211195,17930882967000857,2025-11-07 12:00:00,VIDEO,REELS,31,0,431,0,0,0,32,2025-11-16 17:29:40.692
17841406083211195,17930882967000857,2025-11-07 12:00:00,VIDEO,REELS,31,0,435,0,0,0,32,2025-11-17 17:29:03.607
17841406083211195,17930882967000857,2025-11-07 12:00:00,VIDEO,REELS,31,0,450,0,0,0,32,2025-11-18 17:28:56.200
17841406083211195,17930882967000857,2025-11-07 12:00:00,VIDEO,REELS,31,0,458,0,0,0,32,2025-11-19 17:35:38.991
17841406083211195,17930882967000857,2025-11-07 12:00:00,VIDEO,REELS,31,0,465,0,0,0,32,2025-11-20 17:36:09.358
17841406083211195,17930882967000857,2025-11-07 12:00:00,VIDEO,REELS,31,0,468,0,0,0,32,2025-11-22 17:33:59.880
17841406083211195,17930882967000857,2025-11-07 12:00:00,VIDEO,REELS,31,0,469,0,0,0,32,2025-11-23 17:33:27.488
17841406083211195,17930882967000857,2025-11-07 12:00:00,VIDEO,REELS,31,0,470,0,0,0,32,2025-11-24 17:36:37.542
17841406083211195,17930882967000857,2025-11-07 12:00:00,VIDEO,REELS,31,0,473,0,0,0,32,2025-11-25 17:34:55.735
17841406083211195,17930882967000857,2025-11-07 12:00:00,VIDEO,REELS,31,0,475,0,0,0,32,2025-11-26 17:37:42.125
17841406083211195,17930882967000857,2025-11-07 12:00:00,VIDEO,REELS,31,0,477,0,0,0,32,2025-11-27 17:34:45.032
17841406083211195,17930882967000857,2025-11-07 12:00:00,VIDEO,REELS,31,0,478,0,0,0,32,2025-11-29 17:36:31.268
17841406083211195,17930882967000857,2025-11-07 12:00:00,VIDEO,REELS,31,0,480,0,0,0,32,2025-11-30 17:33:58.340
17841406083211195,17930882967000857,2025-11-07 12:00:00,VIDEO,REELS,31,0,481,0,0,0,32,2025-12-01 17:34:08.917
17841406083211195,17930882967000857,2025-11-07 12:00:00,VIDEO,REELS,31,0,483,0,0,0,32,2025-12-05 17:34:57.776
17841406083211195,17930882967000857,2025-11-07 12:00:00,VIDEO,REELS,31,0,484,0,0,0,32,2025-12-06 17:35:35.213
17841406083211195,17930882967000857,2025-11-07 12:00:00,VIDEO,REELS,31,0,486,0,0,0,32,2025-12-08 17:33:41.614
17841406083211195,17930882967000857,2025-11-07 12:00:00,VIDEO,REELS,31,0,487,0,0,0,32,2025-12-11 17:34:06.396
17841406083211195,17930882967000857,2025-11-07 12:00:00,VIDEO,REELS,31,0,489,0,0,0,32,2025-12-16 17:35:03.679
17841406083211195,17930882967000857,2025-11-07 12:00:00,VIDEO,REELS,31,0,491,0,0,0,32,2025-12-17 17:28:40.153
17841406083211195,17930882967000857,2025-11-07 12:00:00,VIDEO,REELS,31,0,493,0,0,0,32,2025-12-22 17:28:31.295
17841406083211195,17930882967000857,2025-11-07 12:00:00,VIDEO,REELS,31,0,496,0,0,0,32,2025-12-23 17:28:29.226
17841406083211195,17930882967000857,2025-11-07 12:00:00,VIDEO,REELS,31,0,497,0,0,0,32,2025-12-25 17:29:03.350
17841406083211195,17933527203008243,2025-10-01 11:02:32,VIDEO,REELS,2,0,66,0,0,0,2,2025-10-01 17:29:46.295
17841406083211195,17933527203008243,2025-10-01 11:02:32,VIDEO,REELS,3,0,78,0,0,0,3,2025-10-02 02:39:12.550
17841406083211195,17933527203008243,2025-10-01 11:02:32,VIDEO,REELS,3,0,84,0,0,0,3,2025-10-02 04:04:21.943
17841406083211195,17933527203008243,2025-10-01 11:02:32,VIDEO,REELS,4,0,133,0,0,0,4,2025-10-02 17:29:21.630
17841406083211195,17933527203008243,2025-10-01 11:02:32,VIDEO,REELS,4,0,157,0,0,0,4,2025-10-03 17:29:06.611
17841406083211195,17933527203008243,2025-10-01 11:02:32,VIDEO,REELS,4,0,169,0,0,0,4,2025-10-04 17:29:29.945
17841406083211195,17933527203008243,2025-10-01 11:02:32,VIDEO,REELS,4,0,175,0,0,0,4,2025-10-05 17:29:16.448
17841406083211195,17933527203008243,2025-10-01 11:02:32,VIDEO,REELS,4,0,182,0,0,0,4,2025-10-06 17:28:48.556
17841406083211195,17933527203008243,2025-10-01 11:02:32,VIDEO,REELS,4,0,193,0,0,0,4,2025-10-07 17:28:29.270
17841406083211195,17933527203008243,2025-10-01 11:02:32,VIDEO,REELS,4,0,201,0,0,0,4,2025-10-08 17:29:40.358
17841406083211195,17933527203008243,2025-10-01 11:02:32,VIDEO,REELS,4,0,203,0,0,0,4,2025-10-09 17:28:46.168
17841406083211195,17933527203008243,2025-10-01 11:02:32,VIDEO,REELS,4,0,209,0,0,0,4,2025-10-10 17:30:06.543
17841406083211195,17933527203008243,2025-10-01 11:02:32,VIDEO,REELS,4,0,212,0,0,0,4,2025-10-11 17:28:30.968
17841406083211195,17933527203008243,2025-10-01 11:02:32,VIDEO,REELS,5,0,214,0,0,0,5,2025-10-12 17:28:49.786
17841406083211195,17933527203008243,2025-10-01 11:02:32,VIDEO,REELS,5,0,218,0,0,0,5,2025-10-13 17:28:53.157
17841406083211195,17933527203008243,2025-10-01 11:02:32,VIDEO,REELS,6,0,219,0,0,0,6,2025-10-14 17:28:21.207
17841406083211195,17933527203008243,2025-10-01 11:02:32,VIDEO,REELS,6,0,220,0,0,0,6,2025-10-16 17:28:56.616
17841406083211195,17933527203008243,2025-10-01 11:02:32,VIDEO,REELS,15,0,238,0,0,0,15,2025-10-17 17:29:48.790
17841406083211195,17933527203008243,2025-10-01 11:02:32,VIDEO,REELS,15,0,240,0,0,0,15,2025-10-18 17:28:28.248
17841406083211195,17933527203008243,2025-10-01 11:02:32,VIDEO,REELS,15,0,242,0,0,0,15,2025-10-19 17:28:32.836
17841406083211195,17933527203008243,2025-10-01 11:02:32,VIDEO,REELS,15,0,246,0,0,0,15,2025-10-20 17:29:18.460
17841406083211195,17933527203008243,2025-10-01 11:02:32,VIDEO,REELS,15,0,248,0,0,0,15,2025-10-22 17:28:54.481
17841406083211195,17933527203008243,2025-10-01 11:02:32,VIDEO,REELS,15,0,252,0,0,0,15,2025-10-23 17:28:30.284
17841406083211195,17933527203008243,2025-10-01 11:02:32,VIDEO,REELS,15,0,253,0,0,0,15,2025-10-24 17:28:52.176
17841406083211195,17933527203008243,2025-10-01 11:02:32,VIDEO,REELS,15,0,253,0,0,0,15,2025-10-25 17:30:00.344
17841406083211195,17933527203008243,2025-10-01 11:02:32,VIDEO,REELS,15,0,254,0,0,0,15,2025-10-27 17:28:46.990
17841406083211195,17933527203008243,2025-10-01 11:02:32,VIDEO,REELS,15,0,257,0,0,0,15,2025-10-29 17:29:27.587
17841406083211195,17933527203008243,2025-10-01 11:02:32,VIDEO,REELS,15,0,260,0,0,0,15,2025-11-01 17:29:16.507
17841406083211195,17933527203008243,2025-10-01 11:02:32,VIDEO,REELS,15,0,261,0,0,0,15,2025-11-02 17:28:55.096
17841406083211195,17933527203008243,2025-10-01 11:02:32,VIDEO,REELS,15,0,262,0,0,0,15,2025-11-03 17:28:49.521
17841406083211195,17933527203008243,2025-10-01 11:02:32,VIDEO,REELS,15,0,266,0,0,0,15,2025-11-06 17:28:43.522
17841406083211195,17933527203008243,2025-10-01 11:02:32,VIDEO,REELS,15,0,267,0,0,0,15,2025-11-07 17:29:01.086
17841406083211195,17933527203008243,2025-10-01 11:02:32,VIDEO,REELS,16,0,268,0,0,0,16,2025-11-09 17:28:38.949
17841406083211195,17933527203008243,2025-10-01 11:02:32,VIDEO,REELS,16,0,271,0,0,0,16,2025-11-10 17:29:07.639
17841406083211195,17933527203008243,2025-10-01 11:02:32,VIDEO,REELS,16,0,273,0,0,0,16,2025-11-11 17:28:56.850
17841406083211195,17933527203008243,2025-10-01 11:02:32,VIDEO,REELS,16,0,275,0,0,0,16,2025-11-14 17:29:00.538
17841406083211195,17933527203008243,2025-10-01 11:02:32,VIDEO,REELS,16,0,280,0,0,0,16,2025-11-16 17:29:40.688
17841406083211195,17933527203008243,2025-10-01 11:02:32,VIDEO,REELS,16,0,285,0,0,0,16,2025-11-17 17:29:03.601
17841406083211195,17933527203008243,2025-10-01 11:02:32,VIDEO,REELS,16,0,286,0,0,0,16,2025-11-18 17:28:56.195
17841406083211195,17933527203008243,2025-10-01 11:02:32,VIDEO,REELS,16,0,288,0,0,0,16,2025-11-19 17:35:38.983
17841406083211195,17933527203008243,2025-10-01 11:02:32,VIDEO,REELS,16,0,289,0,0,0,16,2025-11-20 17:36:09.346
17841406083211195,17933527203008243,2025-10-01 11:02:32,VIDEO,REELS,16,0,290,0,0,0,16,2025-11-21 17:35:55.854
17841406083211195,17933527203008243,2025-10-01 11:02:32,VIDEO,REELS,16,0,294,0,1,0,17,2025-11-27 17:34:42.500
17841406083211195,17933527203008243,2025-10-01 11:02:32,VIDEO,REELS,16,0,296,0,1,0,17,2025-12-01 17:34:00.990
17841406083211195,17933527203008243,2025-10-01 11:02:32,VIDEO,REELS,16,0,297,0,1,0,17,2025-12-06 17:35:26.323
17841406083211195,17933527203008243,2025-10-01 11:02:32,VIDEO,REELS,16,0,298,0,1,0,17,2025-12-07 17:33:44.787
17841406083211195,17933527203008243,2025-10-01 11:02:32,VIDEO,REELS,16,0,299,0,1,0,17,2025-12-08 17:33:32.906
17841406083211195,17933527203008243,2025-10-01 11:02:32,VIDEO,REELS,16,0,300,0,1,0,17,2025-12-12 17:35:50.531
17841406083211195,17933527203008243,2025-10-01 11:02:32,VIDEO,REELS,16,0,301,0,1,0,17,2025-12-22 17:28:37.818
17841406083211195,17933527203008243,2025-10-01 11:02:32,VIDEO,REELS,16,0,302,0,1,0,17,2025-12-25 17:29:11.617
17841406083211195,17939974271935930,2025-09-09 10:48:11,VIDEO,REELS,4,0,362,0,0,0,4,2025-10-02 04:04:29.509
17841406083211195,17939974271935930,2025-09-09 10:48:11,VIDEO,REELS,4,0,362,0,0,0,4,2025-10-02 17:29:27.067
17841406083211195,17939974271935930,2025-09-09 10:48:11,VIDEO,REELS,4,0,364,0,0,0,4,2025-10-03 17:29:13.350
17841406083211195,17939974271935930,2025-09-09 10:48:11,VIDEO,REELS,4,0,365,0,0,0,4,2025-10-05 17:29:24.305
17841406083211195,17939974271935930,2025-09-09 10:48:11,VIDEO,REELS,4,0,366,0,0,0,4,2025-10-06 17:28:48.548
17841406083211195,17939974271935930,2025-09-09 10:48:11,VIDEO,REELS,4,0,367,0,0,0,4,2025-10-07 17:28:29.262
17841406083211195,17939974271935930,2025-09-09 10:48:11,VIDEO,REELS,4,0,368,0,0,0,4,2025-10-08 17:29:40.353
17841406083211195,17939974271935930,2025-09-09 10:48:11,VIDEO,REELS,4,0,370,0,0,0,4,2025-10-09 17:28:46.158
17841406083211195,17939974271935930,2025-09-09 10:48:11,VIDEO,REELS,4,0,375,0,0,0,4,2025-10-12 17:28:49.776
17841406083211195,17939974271935930,2025-09-09 10:48:11,VIDEO,REELS,4,0,376,0,0,0,4,2025-10-13 17:28:53.148
17841406083211195,17939974271935930,2025-09-09 10:48:11,VIDEO,REELS,4,0,376,0,0,0,4,2025-10-15 17:29:48.869
17841406083211195,17939974271935930,2025-09-09 10:48:11,VIDEO,REELS,4,0,377,0,0,0,4,2025-10-16 17:28:56.607
17841406083211195,17939974271935930,2025-09-09 10:48:11,VIDEO,REELS,6,0,381,0,0,0,6,2025-10-18 17:28:28.234
17841406083211195,17939974271935930,2025-09-09 10:48:11,VIDEO,REELS,6,0,383,0,0,0,6,2025-10-20 17:29:18.451
17841406083211195,17939974271935930,2025-09-09 10:48:11,VIDEO,REELS,6,0,384,0,0,0,6,2025-10-21 17:28:38.448
17841406083211195,17939974271935930,2025-09-09 10:48:11,VIDEO,REELS,6,0,385,0,0,0,6,2025-10-23 17:28:30.276
17841406083211195,17939974271935930,2025-09-09 10:48:11,VIDEO,REELS,6,0,385,0,0,0,6,2025-10-24 17:28:52.169
17841406083211195,17939974271935930,2025-09-09 10:48:11,VIDEO,REELS,6,0,385,0,0,0,6,2025-10-27 17:28:46.978
17841406083211195,17939974271935930,2025-09-09 10:48:11,VIDEO,REELS,6,0,386,0,0,0,6,2025-10-29 17:29:27.582
17841406083211195,17939974271935930,2025-09-09 10:48:11,VIDEO,REELS,6,0,389,0,0,0,6,2025-11-03 17:28:49.516
17841406083211195,17939974271935930,2025-09-09 10:48:11,VIDEO,REELS,6,0,390,0,0,0,6,2025-11-07 17:29:01.083
17841406083211195,17939974271935930,2025-09-09 10:48:11,VIDEO,REELS,6,0,391,0,0,0,6,2025-11-10 17:29:07.632
17841406083211195,17939974271935930,2025-09-09 10:48:11,VIDEO,REELS,6,0,394,0,0,0,6,2025-11-11 17:28:56.847
17841406083211195,17939974271935930,2025-09-09 10:48:11,VIDEO,REELS,6,0,395,0,0,0,6,2025-11-14 17:29:00.533
17841406083211195,17939974271935930,2025-09-09 10:48:11,VIDEO,REELS,6,0,398,0,0,0,6,2025-11-18 17:29:03.767
17841406083211195,17939974271935930,2025-09-09 10:48:11,VIDEO,REELS,6,0,400,0,0,0,6,2025-11-19 17:35:38.974
17841406083211195,17939974271935930,2025-09-09 10:48:11,VIDEO,REELS,6,0,401,0,0,0,6,2025-11-22 17:33:59.838
17841406083211195,17939974271935930,2025-09-09 10:48:11,VIDEO,REELS,6,0,401,0,0,0,6,2025-12-01 17:34:00.987
17841406083211195,17939974271935930,2025-09-09 10:48:11,VIDEO,REELS,6,0,402,0,0,0,6,2025-12-08 17:33:32.900
17841406083211195,17939974271935930,2025-09-09 10:48:11,VIDEO,REELS,6,0,403,0,0,0,6,2025-12-15 17:37:13.493
17841406083211195,17939974271935930,2025-09-09 10:48:11,VIDEO,REELS,6,0,404,0,0,0,6,2025-12-25 17:29:11.612
17841406083211195,17940198845918321,2025-08-12 10:18:48,VIDEO,REELS,1,0,173,0,0,0,1,2025-08-12 17:31:14.750
17841406083211195,17940198845918321,2025-08-12 10:18:48,VIDEO,REELS,1,0,222,0,0,0,1,2025-08-13 17:29:45.094
17841406083211195,17940198845918321,2025-08-12 10:18:48,VIDEO,REELS,1,0,230,0,0,0,1,2025-08-14 17:30:30.700
17841406083211195,17940198845918321,2025-08-12 10:18:48,VIDEO,REELS,2,0,236,0,0,0,2,2025-08-15 17:29:20.110
17841406083211195,17940198845918321,2025-08-12 10:18:48,VIDEO,REELS,2,0,237,0,0,0,2,2025-08-16 17:29:29.894
17841406083211195,17940198845918321,2025-08-12 10:18:48,VIDEO,REELS,2,0,242,0,0,0,2,2025-08-17 17:28:43.176
17841406083211195,17940198845918321,2025-08-12 10:18:48,VIDEO,REELS,2,0,249,0,0,0,2,2025-08-18 17:28:55.667
17841406083211195,17940198845918321,2025-08-12 10:18:48,VIDEO,REELS,2,0,253,0,0,0,2,2025-08-19 17:29:34.424
17841406083211195,17940198845918321,2025-08-12 10:18:48,VIDEO,REELS,2,0,254,0,0,0,2,2025-08-20 17:29:40.862
17841406083211195,17940198845918321,2025-08-12 10:18:48,VIDEO,REELS,2,0,258,0,0,0,2,2025-08-21 17:30:19.072
17841406083211195,17940198845918321,2025-08-12 10:18:48,VIDEO,REELS,2,0,260,0,0,0,2,2025-08-22 17:29:22.408
17841406083211195,17940198845918321,2025-08-12 10:18:48,VIDEO,REELS,2,0,260,0,0,0,2,2025-08-24 17:29:05.924
17841406083211195,17940198845918321,2025-08-12 10:18:48,VIDEO,REELS,2,0,261,0,0,0,2,2025-08-25 17:29:34.727
17841406083211195,17940198845918321,2025-08-12 10:18:48,VIDEO,REELS,2,0,266,0,0,0,2,2025-08-27 17:30:15.454
17841406083211195,17940198845918321,2025-08-12 10:18:48,VIDEO,REELS,2,0,269,0,0,0,2,2025-08-30 17:30:09.888
17841406083211195,17940198845918321,2025-08-12 10:18:48,VIDEO,REELS,2,0,271,0,0,0,2,2025-08-31 17:28:47.917
17841406083211195,17940198845918321,2025-08-12 10:18:48,VIDEO,REELS,2,0,329,0,0,0,2,2025-10-01 04:09:53.335
17841406083211195,17940198845918321,2025-08-12 10:18:48,VIDEO,REELS,2,0,333,0,0,0,2,2025-10-02 17:29:27.070
17841406083211195,17940198845918321,2025-08-12 10:18:48,VIDEO,REELS,2,0,335,0,0,0,2,2025-10-03 17:29:13.353
17841406083211195,17940198845918321,2025-08-12 10:18:48,VIDEO,REELS,2,0,337,0,0,0,2,2025-10-05 17:29:24.309
17841406083211195,17940198845918321,2025-08-12 10:18:48,VIDEO,REELS,2,0,338,0,0,0,2,2025-10-06 17:28:48.551
17841406083211195,17940198845918321,2025-08-12 10:18:48,VIDEO,REELS,2,0,340,0,0,0,2,2025-10-08 17:29:40.356
17841406083211195,17940198845918321,2025-08-12 10:18:48,VIDEO,REELS,2,0,341,0,0,0,2,2025-10-09 17:28:46.163
17841406083211195,17940198845918321,2025-08-12 10:18:48,VIDEO,REELS,2,0,342,0,0,0,2,2025-10-13 17:28:53.152
17841406083211195,17940198845918321,2025-08-12 10:18:48,VIDEO,REELS,2,0,343,0,0,0,2,2025-10-15 17:29:48.873
17841406083211195,17940198845918321,2025-08-12 10:18:48,VIDEO,REELS,2,0,344,0,0,0,2,2025-10-20 17:29:18.456
17841406083211195,17940198845918321,2025-08-12 10:18:48,VIDEO,REELS,2,0,345,0,0,0,2,2025-10-21 17:28:38.451
17841406083211195,17940198845918321,2025-08-12 10:18:48,VIDEO,REELS,2,0,346,0,0,0,2,2025-10-22 17:28:54.477
17841406083211195,17940198845918321,2025-08-12 10:18:48,VIDEO,REELS,2,0,347,0,0,0,2,2025-10-26 17:30:15.213
17841406083211195,17940198845918321,2025-08-12 10:18:48,VIDEO,REELS,2,0,348,0,0,0,2,2025-10-27 17:28:46.984
17841406083211195,17940198845918321,2025-08-12 10:18:48,VIDEO,REELS,2,0,349,0,0,0,2,2025-10-29 17:29:27.585
17841406083211195,17940198845918321,2025-08-12 10:18:48,VIDEO,REELS,2,0,351,0,0,0,2,2025-11-03 17:28:57.549
17841406083211195,17940198845918321,2025-08-12 10:18:48,VIDEO,REELS,2,0,351,0,0,0,2,2025-11-06 17:28:50.915
17841406083211195,17940198845918321,2025-08-12 10:18:48,VIDEO,REELS,2,0,351,0,0,0,2,2025-11-10 17:29:14.400
17841406083211195,17940198845918321,2025-08-12 10:18:48,VIDEO,REELS,2,0,353,0,0,0,2,2025-11-11 17:29:05.806
17841406083211195,17940198845918321,2025-08-12 10:18:48,VIDEO,REELS,2,0,354,0,0,0,2,2025-11-17 17:29:12.862
17841406083211195,17940198845918321,2025-08-12 10:18:48,VIDEO,REELS,2,0,355,0,0,0,2,2025-11-18 17:29:03.770
17841406083211195,17940198845918321,2025-08-12 10:18:48,VIDEO,REELS,2,0,356,0,0,0,2,2025-11-30 17:33:37.931
17841406083211195,17940198845918321,2025-08-12 10:18:48,VIDEO,REELS,2,0,358,0,0,0,2,2025-12-03 17:36:28.740
17841406083211195,17940198845918321,2025-08-12 10:18:48,VIDEO,REELS,2,0,359,0,0,0,2,2025-12-15 17:36:51.712
17841406083211195,17940198845918321,2025-08-12 10:18:48,VIDEO,REELS,2,0,360,0,0,0,2,2025-12-25 17:29:11.615
17841406083211195,17940633293878207,2025-05-13 09:55:26,VIDEO,REELS,7,0,297,0,0,14,21,2025-05-13 17:29:25.845
17841406083211195,17940633293878207,2025-05-13 09:55:26,VIDEO,REELS,9,0,411,0,0,14,23,2025-05-14 17:29:56.904
17841406083211195,17940633293878207,2025-05-13 09:55:26,VIDEO,REELS,9,0,432,0,0,14,23,2025-05-15 17:30:17.673
17841406083211195,17940633293878207,2025-05-13 09:55:26,VIDEO,REELS,9,0,437,0,0,14,23,2025-05-16 17:31:00.294
17841406083211195,17940633293878207,2025-05-13 09:55:26,VIDEO,REELS,10,0,440,0,0,14,24,2025-05-17 17:30:06.321
17841406083211195,17940633293878207,2025-05-13 09:55:26,VIDEO,REELS,10,0,447,0,0,14,24,2025-05-18 17:30:27.083
17841406083211195,17940633293878207,2025-05-13 09:55:26,VIDEO,REELS,10,0,454,0,0,14,24,2025-05-19 17:30:02.667
17841406083211195,17940633293878207,2025-05-13 09:55:26,VIDEO,REELS,11,0,456,0,0,14,25,2025-05-20 17:29:17.947
17841406083211195,17940633293878207,2025-05-13 09:55:26,VIDEO,REELS,11,0,457,0,0,14,25,2025-05-21 17:30:08.525
17841406083211195,17940633293878207,2025-05-13 09:55:26,VIDEO,REELS,11,0,464,0,0,14,25,2025-05-22 17:30:10.264
17841406083211195,17940633293878207,2025-05-13 09:55:26,VIDEO,REELS,11,0,471,0,0,14,25,2025-05-23 17:30:42.898
17841406083211195,17940633293878207,2025-05-13 09:55:26,VIDEO,REELS,11,0,472,0,0,14,25,2025-05-25 17:31:05.660
17841406083211195,17940633293878207,2025-05-13 09:55:26,VIDEO,REELS,11,0,475,0,0,14,25,2025-05-26 17:30:22.065
17841406083211195,17940633293878207,2025-05-13 09:55:26,VIDEO,REELS,11,0,477,0,0,14,25,2025-05-28 17:30:33.835
17841406083211195,17940633293878207,2025-05-13 09:55:26,VIDEO,REELS,11,0,478,0,0,14,25,2025-05-29 17:29:32.686
17841406083211195,17940633293878207,2025-05-13 09:55:26,VIDEO,REELS,11,0,479,0,0,14,25,2025-05-30 17:29:56.111
17841406083211195,17940633293878207,2025-05-13 09:55:26,VIDEO,REELS,11,0,480,0,0,14,25,2025-05-31 17:30:02.407
17841406083211195,17940633293878207,2025-05-13 09:55:26,VIDEO,REELS,11,0,481,0,0,14,25,2025-06-01 17:29:49.091
17841406083211195,17940633293878207,2025-05-13 09:55:26,VIDEO,REELS,11,0,482,0,0,14,25,2025-06-02 17:30:36.030
17841406083211195,17940633293878207,2025-05-13 09:55:26,VIDEO,REELS,11,0,483,0,0,14,25,2025-06-03 17:29:40.484
17841406083211195,17940633293878207,2025-05-13 09:55:26,VIDEO,REELS,11,0,491,0,0,14,25,2025-06-04 17:30:00.719
17841406083211195,17940633293878207,2025-05-13 09:55:26,VIDEO,REELS,11,0,494,0,0,14,25,2025-06-05 17:30:15.500
17841406083211195,17940633293878207,2025-05-13 09:55:26,VIDEO,REELS,11,0,511,0,0,14,25,2025-07-03 17:29:59.215
17841406083211195,17940633293878207,2025-05-13 09:55:26,VIDEO,REELS,11,0,512,0,0,14,25,2025-07-04 17:30:58.678
17841406083211195,17940633293878207,2025-05-13 09:55:26,VIDEO,REELS,11,0,513,0,0,14,25,2025-07-05 17:29:52.051
17841406083211195,17940633293878207,2025-05-13 09:55:26,VIDEO,REELS,11,0,514,0,0,14,25,2025-07-08 17:29:53.770
17841406083211195,17940633293878207,2025-05-13 09:55:26,VIDEO,REELS,11,0,515,0,0,14,25,2025-07-09 17:30:26.377
17841406083211195,17940633293878207,2025-05-13 09:55:26,VIDEO,REELS,11,0,517,0,0,14,25,2025-07-14 17:30:26.685
17841406083211195,17940633293878207,2025-05-13 09:55:26,VIDEO,REELS,11,0,518,0,0,14,25,2025-07-29 17:29:59.941
17841406083211195,17940633293878207,2025-05-13 09:55:26,VIDEO,REELS,11,0,521,0,0,14,25,2025-08-06 17:29:32.817
17841406083211195,17940633293878207,2025-05-13 09:55:26,VIDEO,REELS,11,0,522,0,0,14,25,2025-08-11 17:30:48.474
17841406083211195,17940633293878207,2025-05-13 09:55:26,VIDEO,REELS,11,0,523,0,0,14,25,2025-08-14 17:30:40.923
17841406083211195,17940633293878207,2025-05-13 09:55:26,VIDEO,REELS,11,0,525,0,0,14,25,2025-08-19 17:29:48.977
17841406083211195,17940633293878207,2025-05-13 09:55:26,VIDEO,REELS,11,0,526,0,0,14,25,2025-08-20 17:29:49.057
17841406083211195,17940633293878207,2025-05-13 09:55:26,VIDEO,REELS,11,0,527,0,0,14,25,2025-08-24 17:29:14.568
17841406083211195,17940633293878207,2025-05-13 09:55:26,VIDEO,REELS,11,0,527,0,0,14,25,2025-08-25 17:29:45.213
17841406083211195,17940633293878207,2025-05-13 09:55:26,VIDEO,REELS,11,0,528,0,0,14,25,2025-08-31 17:28:56.748
17841406083211195,17940633293878207,2025-05-13 09:55:26,VIDEO,REELS,11,0,533,0,0,14,25,2025-10-15 17:30:00.909
17841406083211195,17940633293878207,2025-05-13 09:55:26,VIDEO,REELS,11,0,534,0,0,14,25,2025-11-10 17:29:23.650
17841406083211195,17940633293878207,2025-05-13 09:55:26,VIDEO,REELS,11,0,535,0,0,14,25,2025-11-13 17:29:47.744
17841406083211195,17940633293878207,2025-05-13 09:55:26,VIDEO,REELS,11,0,536,0,0,14,25,2025-11-15 17:31:07.846
17841406083211195,17940633293878207,2025-05-13 09:55:26,VIDEO,REELS,11,0,539,0,0,14,25,2025-11-17 17:29:22.830
17841406083211195,17940633293878207,2025-05-13 09:55:26,VIDEO,REELS,11,0,540,0,0,14,25,2025-12-02 17:34:52.700
17841406083211195,17940633293878207,2025-05-13 09:55:26,VIDEO,REELS,11,0,541,0,0,14,25,2025-12-03 17:36:09.396
17841406083211195,17940633293878207,2025-05-13 09:55:26,VIDEO,REELS,11,0,542,0,0,14,25,2025-12-25 17:29:40.552
17841406083211195,17952194987776940,2025-01-14 10:18:16,VIDEO,REELS,11,0,393,0,1,0,12,2025-04-18 19:14:48.870
17841406083211195,17952194987776940,2025-01-14 10:18:16,VIDEO,REELS,11,0,394,0,1,0,12,2025-04-20 21:57:35.083
17841406083211195,17952194987776940,2025-01-14 10:18:16,VIDEO,REELS,11,0,395,0,1,0,12,2025-04-22 17:29:19.247
17841406083211195,17952194987776940,2025-01-14 10:18:16,VIDEO,REELS,11,0,396,0,1,0,12,2025-04-27 17:31:06.423
17841406083211195,17952194987776940,2025-01-14 10:18:16,VIDEO,REELS,11,0,396,0,1,0,12,2025-05-02 17:29:32.783
17841406083211195,17952194987776940,2025-01-14 10:18:16,VIDEO,REELS,11,0,396,0,1,0,12,2025-05-08 17:30:05.771
17841406083211195,17952194987776940,2025-01-14 10:18:16,VIDEO,REELS,11,0,397,0,1,0,12,2025-05-11 17:29:47.646
17841406083211195,17952194987776940,2025-01-14 10:18:16,VIDEO,REELS,11,0,397,0,1,0,12,2025-05-13 17:29:35.400
17841406083211195,17952194987776940,2025-01-14 10:18:16,VIDEO,REELS,11,0,398,0,1,0,12,2025-05-25 17:31:08.742
17841406083211195,17952194987776940,2025-01-14 10:18:16,VIDEO,REELS,11,0,398,0,1,0,12,2025-06-05 17:30:24.266
17841406083211195,17952194987776940,2025-01-14 10:18:16,VIDEO,REELS,11,0,399,0,1,0,12,2025-07-20 17:30:27.509
17841406083211195,17952194987776940,2025-01-14 10:18:16,VIDEO,REELS,11,0,399,0,1,0,12,2025-07-24 17:30:13.833
17841406083211195,17952194987776940,2025-01-14 10:18:16,VIDEO,REELS,11,0,400,0,1,0,12,2025-07-28 17:29:25.066
17841406083211195,17952194987776940,2025-01-14 10:18:16,VIDEO,REELS,11,0,401,0,1,0,12,2025-08-03 17:30:00.328
17841406083211195,17952194987776940,2025-01-14 10:18:16,VIDEO,REELS,11,0,402,0,1,0,12,2025-08-05 17:30:42.508
17841406083211195,17952194987776940,2025-01-14 10:18:16,VIDEO,REELS,11,0,403,0,1,0,12,2025-08-06 17:29:35.476
17841406083211195,17952194987776940,2025-01-14 10:18:16,VIDEO,REELS,11,0,404,0,1,0,12,2025-08-08 17:29:44.674
17841406083211195,17952194987776940,2025-01-14 10:18:16,VIDEO,REELS,11,0,404,0,1,0,12,2025-08-16 17:29:48.205
17841406083211195,17952194987776940,2025-01-14 10:18:16,VIDEO,REELS,11,0,404,0,1,0,12,2025-08-20 17:29:54.708
17841406083211195,17952194987776940,2025-01-14 10:18:16,VIDEO,REELS,11,0,405,0,1,0,12,2025-10-16 17:29:16.653
17841406083211195,17952194987776940,2025-01-14 10:18:16,VIDEO,REELS,11,0,405,0,1,0,12,2025-10-19 17:28:49.868
17841406083211195,17952194987776940,2025-01-14 10:18:16,VIDEO,REELS,11,0,406,0,1,0,12,2025-10-25 17:30:17.910
17841406083211195,17952194987776940,2025-01-14 10:18:16,VIDEO,REELS,11,0,407,0,1,0,12,2025-11-08 17:29:51.376
17841406083211195,17952194987776940,2025-01-14 10:18:16,VIDEO,REELS,11,0,409,0,1,0,12,2025-11-14 17:29:25.553
17841406083211195,17952194987776940,2025-01-14 10:18:16,VIDEO,REELS,11,0,411,0,1,0,12,2025-12-24 17:29:27.244
17841406083211195,17952194987776940,2025-01-14 10:18:16,VIDEO,REELS,11,0,412,0,1,0,12,2025-12-25 17:29:48.439
17841406083211195,17954372066975382,2025-07-09 10:14:46,VIDEO,REELS,6,0,284,0,0,14,20,2025-07-09 17:30:16.169
17841406083211195,17954372066975382,2025-07-09 10:14:46,VIDEO,REELS,6,0,342,0,0,14,20,2025-07-10 17:29:08.649
17841406083211195,17954372066975382,2025-07-09 10:14:46,VIDEO,REELS,6,0,352,0,0,14,20,2025-07-11 17:29:32.100
17841406083211195,17954372066975382,2025-07-09 10:14:46,VIDEO,REELS,7,0,357,0,0,14,21,2025-07-12 17:29:54.996
17841406083211195,17954372066975382,2025-07-09 10:14:46,VIDEO,REELS,7,0,362,0,0,14,21,2025-07-13 17:29:17.453
17841406083211195,17954372066975382,2025-07-09 10:14:46,VIDEO,REELS,8,0,373,0,0,14,22,2025-07-14 17:30:26.685
17841406083211195,17954372066975382,2025-07-09 10:14:46,VIDEO,REELS,9,0,382,0,1,14,24,2025-07-15 17:29:51.516
17841406083211195,17954372066975382,2025-07-09 10:14:46,VIDEO,REELS,9,0,385,0,1,14,24,2025-07-16 17:30:05.718
17841406083211195,17954372066975382,2025-07-09 10:14:46,VIDEO,REELS,9,0,400,0,1,14,24,2025-07-17 17:29:49.525
17841406083211195,17954372066975382,2025-07-09 10:14:46,VIDEO,REELS,9,0,406,0,1,14,24,2025-07-18 17:29:48.375
17841406083211195,17954372066975382,2025-07-09 10:14:46,VIDEO,REELS,9,0,409,0,1,14,24,2025-07-19 17:30:04.120
17841406083211195,17954372066975382,2025-07-09 10:14:46,VIDEO,REELS,9,0,412,0,1,14,24,2025-07-20 17:30:14.575
17841406083211195,17954372066975382,2025-07-09 10:14:46,VIDEO,REELS,9,1,423,1,1,14,25,2025-07-21 17:30:41.028
17841406083211195,17954372066975382,2025-07-09 10:14:46,VIDEO,REELS,9,1,430,1,1,14,25,2025-07-22 17:30:36.355
17841406083211195,17954372066975382,2025-07-09 10:14:46,VIDEO,REELS,9,1,441,1,1,14,25,2025-07-23 17:30:15.901
17841406083211195,17954372066975382,2025-07-09 10:14:46,VIDEO,REELS,9,1,444,1,1,14,25,2025-07-24 17:30:01.607
17841406083211195,17954372066975382,2025-07-09 10:14:46,VIDEO,REELS,9,1,451,1,1,14,25,2025-07-25 17:29:40.361
17841406083211195,17954372066975382,2025-07-09 10:14:46,VIDEO,REELS,9,1,453,1,1,14,25,2025-07-27 17:30:34.310
17841406083211195,17954372066975382,2025-07-09 10:14:46,VIDEO,REELS,9,1,455,1,1,14,25,2025-07-28 17:29:11.656
17841406083211195,17954372066975382,2025-07-09 10:14:46,VIDEO,REELS,9,1,455,1,1,14,25,2025-07-29 17:29:46.535
17841406083211195,17954372066975382,2025-07-09 10:14:46,VIDEO,REELS,9,1,458,1,1,14,25,2025-07-30 17:30:07.351
17841406083211195,17954372066975382,2025-07-09 10:14:46,VIDEO,REELS,9,1,459,1,1,14,25,2025-07-31 17:28:52.269
17841406083211195,17954372066975382,2025-07-09 10:14:46,VIDEO,REELS,9,1,460,1,1,14,25,2025-08-01 17:30:02.460
17841406083211195,17954372066975382,2025-07-09 10:14:46,VIDEO,REELS,9,1,461,1,1,14,25,2025-08-05 17:30:25.828
17841406083211195,17954372066975382,2025-07-09 10:14:46,VIDEO,REELS,9,1,462,1,1,14,25,2025-08-06 17:29:21.820
17841406083211195,17954372066975382,2025-07-09 10:14:46,VIDEO,REELS,9,1,464,1,1,14,25,2025-08-07 17:29:51.659
17841406083211195,17954372066975382,2025-07-09 10:14:46,VIDEO,REELS,9,1,465,1,1,14,25,2025-08-10 17:29:41.098
17841406083211195,17954372066975382,2025-07-09 10:14:46,VIDEO,REELS,9,1,470,1,1,14,25,2025-08-11 17:30:32.972
17841406083211195,17954372066975382,2025-07-09 10:14:46,VIDEO,REELS,9,1,472,1,1,14,25,2025-08-12 17:31:22.353
17841406083211195,17954372066975382,2025-07-09 10:14:46,VIDEO,REELS,9,1,473,1,1,14,25,2025-08-14 17:30:30.708
17841406083211195,17954372066975382,2025-07-09 10:14:46,VIDEO,REELS,9,1,474,1,1,14,25,2025-08-16 17:29:29.901
17841406083211195,17954372066975382,2025-07-09 10:14:46,VIDEO,REELS,9,1,475,1,1,14,25,2025-08-17 17:28:43.185
17841406083211195,17954372066975382,2025-07-09 10:14:46,VIDEO,REELS,9,1,476,1,1,14,25,2025-08-19 17:29:34.441
17841406083211195,17954372066975382,2025-07-09 10:14:46,VIDEO,REELS,9,1,477,1,1,14,25,2025-08-20 17:29:40.879
17841406083211195,17954372066975382,2025-07-09 10:14:46,VIDEO,REELS,9,1,478,1,1,14,25,2025-08-21 17:30:19.084
17841406083211195,17954372066975382,2025-07-09 10:14:46,VIDEO,REELS,9,1,479,1,1,14,25,2025-08-24 17:29:05.937
17841406083211195,17954372066975382,2025-07-09 10:14:46,VIDEO,REELS,9,1,482,1,1,14,25,2025-08-25 17:29:34.735
17841406083211195,17954372066975382,2025-07-09 10:14:46,VIDEO,REELS,9,1,486,1,1,14,25,2025-08-27 17:30:15.470
17841406083211195,17954372066975382,2025-07-09 10:14:46,VIDEO,REELS,9,1,488,1,1,14,25,2025-08-29 17:28:45.772
17841406083211195,17954372066975382,2025-07-09 10:14:46,VIDEO,REELS,9,1,488,1,1,14,25,2025-08-30 17:30:09.895
17841406083211195,17954372066975382,2025-07-09 10:14:46,VIDEO,REELS,9,1,492,1,1,14,25,2025-08-31 17:28:47.931
17841406083211195,17954372066975382,2025-07-09 10:14:46,VIDEO,REELS,9,1,503,1,2,14,26,2025-10-04 17:29:36.071
17841406083211195,17954372066975382,2025-07-09 10:14:46,VIDEO,REELS,9,1,505,1,2,14,26,2025-10-05 17:29:24.325
17841406083211195,17954372066975382,2025-07-09 10:14:46,VIDEO,REELS,9,1,506,1,2,14,26,2025-10-06 17:28:48.565
17841406083211195,17954372066975382,2025-07-09 10:14:46,VIDEO,REELS,9,1,512,1,2,14,26,2025-10-15 17:30:00.909
17841406083211195,17954372066975382,2025-07-09 10:14:46,VIDEO,REELS,9,1,513,1,2,14,26,2025-10-16 17:29:06.184
17841406083211195,17954372066975382,2025-07-09 10:14:46,VIDEO,REELS,9,1,517,1,2,14,26,2025-10-20 17:29:27.073
17841406083211195,17954372066975382,2025-07-09 10:14:46,VIDEO,REELS,9,1,518,1,2,14,26,2025-10-21 17:28:47.410
17841406083211195,17954372066975382,2025-07-09 10:14:46,VIDEO,REELS,9,1,519,1,2,14,26,2025-10-29 17:29:38.424
17841406083211195,17954372066975382,2025-07-09 10:14:46,VIDEO,REELS,9,1,520,1,2,14,26,2025-11-06 17:28:50.932
17841406083211195,17954372066975382,2025-07-09 10:14:46,VIDEO,REELS,9,1,520,1,2,14,26,2025-11-10 17:29:14.415
17841406083211195,17954372066975382,2025-07-09 10:14:46,VIDEO,REELS,9,1,521,1,2,14,26,2025-11-14 17:29:08.316
17841406083211195,17954372066975382,2025-07-09 10:14:46,VIDEO,REELS,9,1,523,1,2,14,26,2025-11-18 17:29:03.779
17841406083211195,17954372066975382,2025-07-09 10:14:46,VIDEO,REELS,9,1,524,1,2,14,26,2025-12-03 17:36:28.751
17841406083211195,17954372066975382,2025-07-09 10:14:46,VIDEO,REELS,9,1,526,1,2,14,26,2025-12-24 17:29:12.930
17841406083211195,17954372066975382,2025-07-09 10:14:46,VIDEO,REELS,9,1,527,1,2,14,26,2025-12-25 17:29:25.140
17841406083211195,17959769967004580,2025-10-24 09:02:47,VIDEO,REELS,12,0,760,0,0,6,18,2025-10-24 17:28:45.559
17841406083211195,17959769967004580,2025-10-24 09:02:47,VIDEO,REELS,16,0,1406,0,1,13,30,2025-10-25 17:29:22.994
17841406083211195,17959769967004580,2025-10-24 09:02:47,VIDEO,REELS,20,0,1876,0,2,15,37,2025-10-26 17:30:08.093
17841406083211195,17959769967004580,2025-10-24 09:02:47,VIDEO,REELS,25,0,2149,0,3,15,43,2025-10-27 17:28:39.928
17841406083211195,17959769967004580,2025-10-24 09:02:47,VIDEO,REELS,26,0,2291,0,3,15,44,2025-10-28 17:29:42.171
17841406083211195,17959769967004580,2025-10-24 09:02:47,VIDEO,REELS,29,0,2450,0,3,18,50,2025-10-29 17:29:27.591
17841406083211195,17959769967004580,2025-10-24 09:02:47,VIDEO,REELS,29,0,2536,0,3,18,50,2025-10-30 17:30:15.096
17841406083211195,17959769967004580,2025-10-24 09:02:47,VIDEO,REELS,30,0,2629,0,3,18,51,2025-10-31 17:29:01.883
17841406083211195,17959769967004580,2025-10-24 09:02:47,VIDEO,REELS,30,0,2714,0,3,18,51,2025-11-01 17:29:16.511
17841406083211195,17959769967004580,2025-10-24 09:02:47,VIDEO,REELS,31,0,2813,0,3,18,52,2025-11-02 17:28:55.106
17841406083211195,17959769967004580,2025-10-24 09:02:47,VIDEO,REELS,31,0,2889,0,3,18,52,2025-11-03 17:28:49.525
17841406083211195,17959769967004580,2025-10-24 09:02:47,VIDEO,REELS,31,0,2969,0,3,18,52,2025-11-04 17:28:20.666
17841406083211195,17959769967004580,2025-10-24 09:02:47,VIDEO,REELS,31,0,3035,0,3,18,52,2025-11-05 17:28:28.354
17841406083211195,17959769967004580,2025-10-24 09:02:47,VIDEO,REELS,31,0,3108,0,3,18,52,2025-11-06 17:28:43.529
17841406083211195,17959769967004580,2025-10-24 09:02:47,VIDEO,REELS,31,0,3138,0,3,18,52,2025-11-07 17:29:01.090
17841406083211195,17959769967004580,2025-10-24 09:02:47,VIDEO,REELS,32,0,3159,0,3,18,53,2025-11-08 17:29:24.264
17841406083211195,17959769967004580,2025-10-24 09:02:47,VIDEO,REELS,32,0,3170,0,3,18,53,2025-11-09 17:28:38.968
17841406083211195,17959769967004580,2025-10-24 09:02:47,VIDEO,REELS,32,0,3188,0,3,18,53,2025-11-10 17:29:07.647
17841406083211195,17959769967004580,2025-10-24 09:02:47,VIDEO,REELS,32,0,3195,0,3,18,53,2025-11-11 17:28:56.857
17841406083211195,17959769967004580,2025-10-24 09:02:47,VIDEO,REELS,32,0,3208,0,3,18,53,2025-11-12 17:28:57.519
17841406083211195,17959769967004580,2025-10-24 09:02:47,VIDEO,REELS,32,0,3214,0,3,18,53,2025-11-13 17:29:19.509
17841406083211195,17959769967004580,2025-10-24 09:02:47,VIDEO,REELS,32,0,3218,0,3,18,53,2025-11-14 17:29:00.546
17841406083211195,17959769967004580,2025-10-24 09:02:47,VIDEO,REELS,32,0,3224,0,3,18,59,2025-11-15 17:30:46.806
17841406083211195,17959769967004580,2025-10-24 09:02:47,VIDEO,REELS,32,0,3226,0,3,18,59,2025-11-16 17:29:40.692
17841406083211195,17959769967004580,2025-10-24 09:02:47,VIDEO,REELS,32,0,3228,0,3,18,59,2025-11-17 17:29:03.607
17841406083211195,17959769967004580,2025-10-24 09:02:47,VIDEO,REELS,32,0,3230,0,3,18,59,2025-11-18 17:28:56.200
17841406083211195,17959769967004580,2025-10-24 09:02:47,VIDEO,REELS,32,0,3233,0,3,18,59,2025-11-20 17:36:09.357
17841406083211195,17959769967004580,2025-10-24 09:02:47,VIDEO,REELS,32,0,3234,0,3,18,59,2025-11-23 17:33:27.487
17841406083211195,17959769967004580,2025-10-24 09:02:47,VIDEO,REELS,32,0,3235,0,3,18,59,2025-11-24 17:36:35.487
17841406083211195,17959769967004580,2025-10-24 09:02:47,VIDEO,REELS,32,0,3236,0,3,18,59,2025-11-25 17:34:52.771
17841406083211195,17959769967004580,2025-10-24 09:02:47,VIDEO,REELS,32,0,3237,0,3,18,58,2025-11-27 17:34:42.522
17841406083211195,17959769967004580,2025-10-24 09:02:47,VIDEO,REELS,32,0,3237,0,3,18,59,2025-11-26 17:37:34.801
17841406083211195,17959769967004580,2025-10-24 09:02:47,VIDEO,REELS,32,0,3238,0,3,18,58,2025-11-29 17:36:27.543
17841406083211195,17959769967004580,2025-10-24 09:02:47,VIDEO,REELS,32,0,3239,0,3,18,58,2025-11-30 17:33:54.624
17841406083211195,17959769967004580,2025-10-24 09:02:47,VIDEO,REELS,32,0,3240,0,3,18,58,2025-12-01 17:34:00.994
17841406083211195,17959769967004580,2025-10-24 09:02:47,VIDEO,REELS,32,0,3242,0,3,18,58,2025-12-02 17:35:28.476
17841406083211195,17959769967004580,2025-10-24 09:02:47,VIDEO,REELS,32,0,3244,0,3,18,58,2025-12-05 17:34:50.236
17841406083211195,17959769967004580,2025-10-24 09:02:47,VIDEO,REELS,32,0,3244,0,3,18,58,2025-12-08 17:33:32.915
17841406083211195,17959769967004580,2025-10-24 09:02:47,VIDEO,REELS,32,0,3245,0,3,18,58,2025-12-15 17:37:13.500
17841406083211195,17959769967004580,2025-10-24 09:02:47,VIDEO,REELS,32,0,3246,0,3,18,58,2025-12-16 17:34:50.968
17841406083211195,17959769967004580,2025-10-24 09:02:47,VIDEO,REELS,32,0,3247,0,3,18,58,2025-12-17 17:28:40.153
17841406083211195,17959769967004580,2025-10-24 09:02:47,VIDEO,REELS,32,0,3248,0,3,18,58,2025-12-24 17:28:54.112
17841406083211195,17959769967004580,2025-10-24 09:02:47,VIDEO,REELS,32,0,3249,0,3,18,58,2025-12-25 17:29:03.350
17841406083211195,17959902752870371,2025-03-17 10:41:23,VIDEO,REELS,12,2,1041,2,1,3,18,2025-04-17 17:31:52.836
17841406083211195,17959902752870371,2025-03-17 10:41:23,VIDEO,REELS,12,2,1042,2,1,3,18,2025-04-18 19:14:47.761
17841406083211195,17959902752870371,2025-03-17 10:41:23,VIDEO,REELS,12,2,1043,2,1,3,18,2025-04-22 03:15:18.681
17841406083211195,17959902752870371,2025-03-17 10:41:23,VIDEO,REELS,12,2,1044,2,1,3,18,2025-04-25 17:30:04.383
17841406083211195,17959902752870371,2025-03-17 10:41:23,VIDEO,REELS,12,2,1045,2,1,3,18,2025-04-30 17:30:59.241
17841406083211195,17959902752870371,2025-03-17 10:41:23,VIDEO,REELS,12,2,1046,2,1,3,18,2025-05-03 17:30:39.035
17841406083211195,17959902752870371,2025-03-17 10:41:23,VIDEO,REELS,12,2,1047,2,1,3,18,2025-05-05 17:29:55.884
17841406083211195,17959902752870371,2025-03-17 10:41:23,VIDEO,REELS,12,2,1048,2,1,3,18,2025-05-08 17:30:01.771
17841406083211195,17959902752870371,2025-03-17 10:41:23,VIDEO,REELS,12,2,1050,2,1,3,18,2025-05-14 17:30:05.785
17841406083211195,17959902752870371,2025-03-17 10:41:23,VIDEO,REELS,12,2,1051,2,1,3,18,2025-05-17 17:30:06.322
17841406083211195,17959902752870371,2025-03-17 10:41:23,VIDEO,REELS,12,2,1052,2,1,3,18,2025-05-24 17:30:42.284
17841406083211195,17959902752870371,2025-03-17 10:41:23,VIDEO,REELS,12,2,1053,2,1,3,18,2025-05-27 17:30:25.263
17841406083211195,17959902752870371,2025-03-17 10:41:23,VIDEO,REELS,12,2,1054,2,1,3,18,2025-05-29 17:29:32.688
17841406083211195,17959902752870371,2025-03-17 10:41:23,VIDEO,REELS,12,2,1055,2,1,3,18,2025-06-04 17:30:00.720
17841406083211195,17959902752870371,2025-03-17 10:41:23,VIDEO,REELS,12,2,1056,2,1,3,18,2025-06-05 17:30:15.502
17841406083211195,17959902752870371,2025-03-17 10:41:23,VIDEO,REELS,12,2,1061,2,1,3,18,2025-07-23 17:30:26.071
17841406083211195,17959902752870371,2025-03-17 10:41:23,VIDEO,REELS,12,2,1065,2,1,3,18,2025-07-27 17:30:43.462
17841406083211195,17959902752870371,2025-03-17 10:41:23,VIDEO,REELS,12,2,1070,2,1,3,18,2025-07-28 17:29:22.366
17841406083211195,17959902752870371,2025-03-17 10:41:23,VIDEO,REELS,12,2,1078,2,1,3,18,2025-08-01 17:30:15.523
17841406083211195,17959902752870371,2025-03-17 10:41:23,VIDEO,REELS,12,2,1079,2,1,3,18,2025-08-04 17:30:32.204
17841406083211195,17959902752870371,2025-03-17 10:41:23,VIDEO,REELS,12,2,1080,2,1,3,18,2025-08-06 17:29:32.819
17841406083211195,17959902752870371,2025-03-17 10:41:23,VIDEO,REELS,12,2,1081,2,1,3,18,2025-08-11 17:30:48.476
17841406083211195,17959902752870371,2025-03-17 10:41:23,VIDEO,REELS,12,2,1081,2,1,3,18,2025-08-20 17:29:49.060
17841406083211195,17959902752870371,2025-03-17 10:41:23,VIDEO,REELS,12,2,1082,2,1,3,18,2025-08-24 17:29:14.570
17841406083211195,17959902752870371,2025-03-17 10:41:23,VIDEO,REELS,12,2,1083,2,1,3,18,2025-08-25 17:29:45.214
17841406083211195,17959902752870371,2025-03-17 10:41:23,VIDEO,REELS,12,2,1084,2,1,3,18,2025-08-31 17:28:56.750
17841406083211195,17959902752870371,2025-03-17 10:41:23,VIDEO,REELS,12,2,1089,2,1,3,18,2025-10-10 17:30:20.767
17841406083211195,17959902752870371,2025-03-17 10:41:23,VIDEO,REELS,12,2,1092,2,1,3,18,2025-11-11 17:29:14.658
17841406083211195,17959902752870371,2025-03-17 10:41:23,VIDEO,REELS,12,2,1093,2,1,3,18,2025-12-01 17:33:15.141
17841406083211195,17959902752870371,2025-03-17 10:41:23,VIDEO,REELS,12,2,1094,2,1,3,18,2025-12-03 17:35:49.243
17841406083211195,17959902752870371,2025-03-17 10:41:23,VIDEO,REELS,12,2,1095,2,1,3,18,2025-12-11 17:33:08.744
17841406083211195,17959902752870371,2025-03-17 10:41:23,VIDEO,REELS,12,2,1095,2,1,3,18,2025-12-15 06:33:28.472
17841406083211195,17959902752870371,2025-03-17 10:41:23,VIDEO,REELS,12,2,1096,2,1,3,18,2025-12-24 17:29:21.601
17841406083211195,17959902752870371,2025-03-17 10:41:23,VIDEO,REELS,12,2,1097,2,1,3,18,2025-12-25 17:29:40.554
17841406083211195,17963250335946553,2025-07-08 10:40:10,VIDEO,REELS,5,0,317,0,0,1,6,2025-07-08 17:29:43.413
17841406083211195,17963250335946553,2025-07-08 10:40:10,VIDEO,REELS,10,0,523,0,0,15,25,2025-07-09 17:30:16.154
17841406083211195,17963250335946553,2025-07-08 10:40:10,VIDEO,REELS,11,0,541,0,0,15,26,2025-07-10 17:29:08.638
17841406083211195,17963250335946553,2025-07-08 10:40:10,VIDEO,REELS,12,0,556,0,0,15,27,2025-07-11 17:29:41.215
17841406083211195,17963250335946553,2025-07-08 10:40:10,VIDEO,REELS,12,0,559,0,0,15,27,2025-07-12 17:30:05.020
17841406083211195,17963250335946553,2025-07-08 10:40:10,VIDEO,REELS,12,0,563,0,0,15,27,2025-07-13 17:29:26.771
17841406083211195,17963250335946553,2025-07-08 10:40:10,VIDEO,REELS,12,0,570,0,0,15,27,2025-07-14 17:30:26.672
17841406083211195,17963250335946553,2025-07-08 10:40:10,VIDEO,REELS,12,0,571,0,0,15,27,2025-07-15 17:29:51.510
17841406083211195,17963250335946553,2025-07-08 10:40:10,VIDEO,REELS,12,0,575,0,0,15,27,2025-07-16 17:30:05.707
17841406083211195,17963250335946553,2025-07-08 10:40:10,VIDEO,REELS,12,0,596,0,0,15,27,2025-07-17 17:29:49.503
17841406083211195,17963250335946553,2025-07-08 10:40:10,VIDEO,REELS,12,0,600,0,0,15,27,2025-07-18 17:29:48.364
17841406083211195,17963250335946553,2025-07-08 10:40:10,VIDEO,REELS,12,0,607,0,0,15,27,2025-07-19 17:30:04.113
17841406083211195,17963250335946553,2025-07-08 10:40:10,VIDEO,REELS,12,0,608,0,0,15,27,2025-07-20 17:30:14.564
17841406083211195,17963250335946553,2025-07-08 10:40:10,VIDEO,REELS,12,0,613,0,0,15,27,2025-07-21 17:30:41.014
17841406083211195,17963250335946553,2025-07-08 10:40:10,VIDEO,REELS,12,0,621,0,0,15,27,2025-07-22 17:30:36.349
17841406083211195,17963250335946553,2025-07-08 10:40:10,VIDEO,REELS,12,0,629,0,0,15,27,2025-07-23 17:30:15.884
17841406083211195,17963250335946553,2025-07-08 10:40:10,VIDEO,REELS,12,0,631,0,0,15,27,2025-07-24 17:30:01.596
17841406083211195,17963250335946553,2025-07-08 10:40:10,VIDEO,REELS,12,0,637,0,0,15,27,2025-07-25 17:29:40.353
17841406083211195,17963250335946553,2025-07-08 10:40:10,VIDEO,REELS,12,0,640,0,0,15,27,2025-07-26 17:30:03.780
17841406083211195,17963250335946553,2025-07-08 10:40:10,VIDEO,REELS,12,0,642,0,0,15,27,2025-07-27 17:30:34.302
17841406083211195,17963250335946553,2025-07-08 10:40:10,VIDEO,REELS,12,0,643,0,0,15,27,2025-07-28 17:29:11.640
17841406083211195,17963250335946553,2025-07-08 10:40:10,VIDEO,REELS,12,0,643,0,0,15,27,2025-07-29 17:29:46.527
17841406083211195,17963250335946553,2025-07-08 10:40:10,VIDEO,REELS,12,0,646,0,0,15,27,2025-07-30 17:30:07.339
17841406083211195,17963250335946553,2025-07-08 10:40:10,VIDEO,REELS,12,0,648,0,0,15,27,2025-07-31 17:28:52.255
17841406083211195,17963250335946553,2025-07-08 10:40:10,VIDEO,REELS,12,0,649,0,0,15,27,2025-08-01 17:30:02.448
17841406083211195,17963250335946553,2025-07-08 10:40:10,VIDEO,REELS,12,0,654,0,0,15,27,2025-08-05 17:30:25.820
17841406083211195,17963250335946553,2025-07-08 10:40:10,VIDEO,REELS,12,0,662,0,0,15,27,2025-08-06 17:29:21.811
17841406083211195,17963250335946553,2025-07-08 10:40:10,VIDEO,REELS,12,0,664,0,0,15,27,2025-08-07 17:29:51.646
17841406083211195,17963250335946553,2025-07-08 10:40:10,VIDEO,REELS,12,0,666,0,0,15,27,2025-08-08 17:29:30.432
17841406083211195,17963250335946553,2025-07-08 10:40:10,VIDEO,REELS,12,0,666,0,0,15,27,2025-08-09 17:29:16.345
17841406083211195,17963250335946553,2025-07-08 10:40:10,VIDEO,REELS,12,0,668,0,0,15,27,2025-08-10 17:29:41.091
17841406083211195,17963250335946553,2025-07-08 10:40:10,VIDEO,REELS,12,0,673,0,0,15,27,2025-08-11 17:30:32.960
17841406083211195,17963250335946553,2025-07-08 10:40:10,VIDEO,REELS,12,0,674,0,0,15,27,2025-08-12 17:31:22.346
17841406083211195,17963250335946553,2025-07-08 10:40:10,VIDEO,REELS,12,0,678,0,0,15,27,2025-08-14 17:30:30.702
17841406083211195,17963250335946553,2025-07-08 10:40:10,VIDEO,REELS,12,0,679,0,0,15,27,2025-08-16 17:29:29.895
17841406083211195,17963250335946553,2025-07-08 10:40:10,VIDEO,REELS,12,0,680,0,0,15,27,2025-08-19 17:29:34.427
17841406083211195,17963250335946553,2025-07-08 10:40:10,VIDEO,REELS,12,0,681,0,0,15,27,2025-08-20 17:29:40.866
17841406083211195,17963250335946553,2025-07-08 10:40:10,VIDEO,REELS,12,0,682,0,0,15,27,2025-08-21 17:30:19.075
17841406083211195,17963250335946553,2025-07-08 10:40:10,VIDEO,REELS,12,0,682,0,0,15,27,2025-08-25 17:29:34.728
17841406083211195,17963250335946553,2025-07-08 10:40:10,VIDEO,REELS,12,0,685,0,0,15,27,2025-08-27 17:30:15.457
17841406083211195,17963250335946553,2025-07-08 10:40:10,VIDEO,REELS,12,0,686,0,0,15,27,2025-08-29 17:28:45.766
17841406083211195,17963250335946553,2025-07-08 10:40:10,VIDEO,REELS,12,0,687,0,0,15,27,2025-08-30 17:30:09.890
17841406083211195,17963250335946553,2025-07-08 10:40:10,VIDEO,REELS,12,0,690,0,0,15,27,2025-08-31 17:28:47.920
17841406083211195,17963250335946553,2025-07-08 10:40:10,VIDEO,REELS,12,0,703,0,0,15,27,2025-10-04 17:29:36.061
17841406083211195,17963250335946553,2025-07-08 10:40:10,VIDEO,REELS,12,0,704,0,0,15,27,2025-10-05 17:29:24.314
17841406083211195,17963250335946553,2025-07-08 10:40:10,VIDEO,REELS,12,0,705,0,0,15,27,2025-10-06 17:28:48.555
17841406083211195,17963250335946553,2025-07-08 10:40:10,VIDEO,REELS,12,0,707,0,0,15,27,2025-10-10 17:30:14.051
17841406083211195,17963250335946553,2025-07-08 10:40:10,VIDEO,REELS,12,0,708,0,0,15,27,2025-10-15 17:30:00.903
17841406083211195,17963250335946553,2025-07-08 10:40:10,VIDEO,REELS,12,0,710,0,0,15,27,2025-10-16 17:29:06.173
17841406083211195,17963250335946553,2025-07-08 10:40:10,VIDEO,REELS,12,0,712,0,0,15,27,2025-10-20 17:29:27.064
17841406083211195,17963250335946553,2025-07-08 10:40:10,VIDEO,REELS,12,0,713,0,0,15,27,2025-10-29 17:29:38.418
17841406083211195,17963250335946553,2025-07-08 10:40:10,VIDEO,REELS,12,0,714,0,0,15,27,2025-11-06 17:28:50.918
17841406083211195,17963250335946553,2025-07-08 10:40:10,VIDEO,REELS,12,0,715,0,0,15,27,2025-11-10 17:29:14.403
17841406083211195,17963250335946553,2025-07-08 10:40:10,VIDEO,REELS,12,0,716,0,0,15,27,2025-11-14 17:29:08.310
17841406083211195,17963250335946553,2025-07-08 10:40:10,VIDEO,REELS,12,0,717,0,0,15,27,2025-11-18 17:29:03.772
17841406083211195,17963250335946553,2025-07-08 10:40:10,VIDEO,REELS,12,0,718,0,0,15,27,2025-11-28 17:35:14.148
17841406083211195,17963250335946553,2025-07-08 10:40:10,VIDEO,REELS,12,0,718,0,0,15,27,2025-12-03 17:36:28.742
17841406083211195,17963250335946553,2025-07-08 10:40:10,VIDEO,REELS,12,0,720,0,0,15,27,2025-12-24 17:29:12.920
17841406083211195,17963250335946553,2025-07-08 10:40:10,VIDEO,REELS,12,0,722,0,0,15,27,2025-12-25 17:29:25.134
17841406083211195,17965889726712130,2025-01-24 09:48:39,VIDEO,REELS,14,0,442,0,0,635,649,2025-04-18 19:14:47.751
17841406083211195,17965889726712130,2025-01-24 09:48:39,VIDEO,REELS,14,0,443,0,0,635,649,2025-04-20 21:57:33.561
17841406083211195,17965889726712130,2025-01-24 09:48:39,VIDEO,REELS,14,0,445,0,0,635,649,2025-04-22 17:29:16.983
17841406083211195,17965889726712130,2025-01-24 09:48:39,VIDEO,REELS,14,0,446,0,0,635,649,2025-04-27 17:31:03.884
17841406083211195,17965889726712130,2025-01-24 09:48:39,VIDEO,REELS,14,0,449,0,0,635,649,2025-04-28 17:30:03.690
17841406083211195,17965889726712130,2025-01-24 09:48:39,VIDEO,REELS,14,0,450,0,0,635,649,2025-05-08 17:30:05.767
17841406083211195,17965889726712130,2025-01-24 09:48:39,VIDEO,REELS,14,0,452,0,0,635,649,2025-05-15 17:30:20.065
17841406083211195,17965889726712130,2025-01-24 09:48:39,VIDEO,REELS,14,0,453,0,0,635,649,2025-05-21 17:30:13.199
17841406083211195,17965889726712130,2025-01-24 09:48:39,VIDEO,REELS,14,0,454,0,0,635,649,2025-06-05 17:30:24.255
17841406083211195,17965889726712130,2025-01-24 09:48:39,VIDEO,REELS,14,0,460,0,0,635,649,2025-07-31 17:29:05.326
17841406083211195,17965889726712130,2025-01-24 09:48:39,VIDEO,REELS,14,0,461,0,0,635,649,2025-08-04 17:30:35.461
17841406083211195,17965889726712130,2025-01-24 09:48:39,VIDEO,REELS,14,0,462,0,0,635,649,2025-08-05 17:30:42.504
17841406083211195,17965889726712130,2025-01-24 09:48:39,VIDEO,REELS,14,0,463,0,0,635,649,2025-08-06 17:29:35.470
17841406083211195,17965889726712130,2025-01-24 09:48:39,VIDEO,REELS,14,0,464,0,0,635,649,2025-08-20 17:29:54.700
17841406083211195,17965889726712130,2025-01-24 09:48:39,VIDEO,REELS,14,0,465,0,0,635,649,2025-08-31 17:29:08.150
17841406083211195,17965889726712130,2025-01-24 09:48:39,VIDEO,REELS,14,0,467,0,0,635,649,2025-10-23 17:28:47.780
17841406083211195,17965889726712130,2025-01-24 09:48:39,VIDEO,REELS,14,0,467,0,0,635,649,2025-10-29 17:29:55.116
17841406083211195,17965889726712130,2025-01-24 09:48:39,VIDEO,REELS,14,0,468,0,0,635,649,2025-12-03 17:35:49.230
17841406083211195,17965889726712130,2025-01-24 09:48:39,VIDEO,REELS,14,0,469,0,0,635,649,2025-12-04 17:33:52.373
17841406083211195,17965889726712130,2025-01-24 09:48:39,VIDEO,REELS,14,0,470,0,0,635,649,2025-12-24 17:29:27.240
17841406083211195,17965889726712130,2025-01-24 09:48:39,VIDEO,REELS,14,0,471,0,0,635,649,2025-12-25 17:29:48.437
17841406083211195,17965915991732026,2025-02-27 10:20:52,VIDEO,REELS,9,0,423,0,0,0,9,2025-04-18 19:14:47.751
17841406083211195,17965915991732026,2025-02-27 10:20:52,VIDEO,REELS,9,0,424,0,0,0,9,2025-04-20 21:57:33.561
17841406083211195,17965915991732026,2025-02-27 10:20:52,VIDEO,REELS,9,0,425,0,0,0,9,2025-04-22 06:39:46.051
17841406083211195,17965915991732026,2025-02-27 10:20:52,VIDEO,REELS,9,0,426,0,0,0,9,2025-04-25 17:30:04.354
17841406083211195,17965915991732026,2025-02-27 10:20:52,VIDEO,REELS,9,0,427,0,0,0,9,2025-05-01 17:31:37.125
17841406083211195,17965915991732026,2025-02-27 10:20:52,VIDEO,REELS,9,0,428,0,0,0,9,2025-05-08 17:30:01.752
17841406083211195,17965915991732026,2025-02-27 10:20:52,VIDEO,REELS,9,0,429,0,0,0,9,2025-05-10 17:30:36.593
17841406083211195,17965915991732026,2025-02-27 10:20:52,VIDEO,REELS,9,0,429,0,0,0,9,2025-05-11 17:29:45.379
17841406083211195,17965915991732026,2025-02-27 10:20:52,VIDEO,REELS,9,0,429,0,0,0,9,2025-05-17 17:30:06.315
17841406083211195,17965915991732026,2025-02-27 10:20:52,VIDEO,REELS,9,0,430,0,0,0,9,2025-05-19 17:30:02.659
17841406083211195,17965915991732026,2025-02-27 10:20:52,VIDEO,REELS,9,0,431,0,0,0,9,2025-05-20 17:29:17.939
17841406083211195,17965915991732026,2025-02-27 10:20:52,VIDEO,REELS,9,0,432,0,0,0,9,2025-05-24 17:30:42.244
17841406083211195,17965915991732026,2025-02-27 10:20:52,VIDEO,REELS,9,0,433,0,0,0,9,2025-05-29 17:29:32.676
17841406083211195,17965915991732026,2025-02-27 10:20:52,VIDEO,REELS,9,0,434,0,0,0,9,2025-05-31 17:30:02.393
17841406083211195,17965915991732026,2025-02-27 10:20:52,VIDEO,REELS,9,0,435,0,0,0,9,2025-06-01 17:29:49.081
17841406083211195,17965915991732026,2025-02-27 10:20:52,VIDEO,REELS,9,0,435,0,0,0,9,2025-06-05 17:30:24.255
17841406083211195,17965915991732026,2025-02-27 10:20:52,VIDEO,REELS,9,0,442,0,0,0,9,2025-07-21 17:30:54.843
17841406083211195,17965915991732026,2025-02-27 10:20:52,VIDEO,REELS,9,0,443,0,0,0,9,2025-07-22 17:30:46.716
17841406083211195,17965915991732026,2025-02-27 10:20:52,VIDEO,REELS,9,0,444,0,0,0,9,2025-07-24 17:30:11.315
17841406083211195,17965915991732026,2025-02-27 10:20:52,VIDEO,REELS,9,0,445,0,0,0,9,2025-07-31 17:29:02.393
17841406083211195,17965915991732026,2025-02-27 10:20:52,VIDEO,REELS,9,0,446,0,0,0,9,2025-08-03 17:29:51.701
17841406083211195,17965915991732026,2025-02-27 10:20:52,VIDEO,REELS,9,0,448,0,0,0,9,2025-08-04 17:30:32.191
17841406083211195,17965915991732026,2025-02-27 10:20:52,VIDEO,REELS,9,0,449,0,0,0,9,2025-08-06 17:29:32.811
17841406083211195,17965915991732026,2025-02-27 10:20:52,VIDEO,REELS,9,0,450,0,0,0,9,2025-08-20 17:29:54.701
17841406083211195,17965915991732026,2025-02-27 10:20:52,VIDEO,REELS,9,0,451,0,0,0,9,2025-08-21 17:30:35.449
17841406083211195,17965915991732026,2025-02-27 10:20:52,VIDEO,REELS,9,0,451,0,0,0,9,2025-08-29 17:28:59.731
17841406083211195,17965915991732026,2025-02-27 10:20:52,VIDEO,REELS,9,0,452,0,0,0,9,2025-08-30 17:30:35.880
17841406083211195,17965915991732026,2025-02-27 10:20:52,VIDEO,REELS,9,0,453,0,0,0,9,2025-08-31 17:29:08.150
17841406083211195,17965915991732026,2025-02-27 10:20:52,VIDEO,REELS,9,0,459,0,0,0,9,2025-10-02 17:29:46.308
17841406083211195,17965915991732026,2025-02-27 10:20:52,VIDEO,REELS,9,0,460,0,0,0,9,2025-10-05 17:29:46.404
17841406083211195,17965915991732026,2025-02-27 10:20:52,VIDEO,REELS,9,0,466,0,0,0,9,2025-11-10 17:29:31.994
17841406083211195,17965915991732026,2025-02-27 10:20:52,VIDEO,REELS,9,0,467,0,0,0,9,2025-11-22 17:33:09.882
17841406083211195,17965915991732026,2025-02-27 10:20:52,VIDEO,REELS,9,0,468,0,0,0,9,2025-12-03 17:35:49.230
17841406083211195,17965915991732026,2025-02-27 10:20:52,VIDEO,REELS,9,0,469,0,0,0,9,2025-12-24 17:29:21.587
17841406083211195,17965915991732026,2025-02-27 10:20:52,VIDEO,REELS,9,0,470,0,0,0,9,2025-12-25 17:29:40.546
17841406083211195,17971505738929895,2025-08-26 09:59:35,VIDEO,REELS,1,0,80,0,0,0,1,2025-08-26 17:28:54.291
17841406083211195,17971505738929895,2025-08-26 09:59:35,VIDEO,REELS,1,0,177,0,0,0,1,2025-08-27 17:30:06.184
17841406083211195,17971505738929895,2025-08-26 09:59:35,VIDEO,REELS,1,0,216,0,0,0,1,2025-08-28 17:31:18.219
17841406083211195,17971505738929895,2025-08-26 09:59:35,VIDEO,REELS,1,0,224,0,0,0,1,2025-08-29 17:28:45.761
17841406083211195,17971505738929895,2025-08-26 09:59:35,VIDEO,REELS,1,0,234,0,0,0,1,2025-08-30 17:30:09.885
17841406083211195,17971505738929895,2025-08-26 09:59:35,VIDEO,REELS,1,0,241,0,0,0,1,2025-08-31 17:28:47.912
17841406083211195,17971505738929895,2025-08-26 09:59:35,VIDEO,REELS,1,0,368,0,0,0,1,2025-10-01 04:09:53.327
17841406083211195,17971505738929895,2025-08-26 09:59:35,VIDEO,REELS,1,0,369,0,0,0,1,2025-10-01 17:29:53.136
17841406083211195,17971505738929895,2025-08-26 09:59:35,VIDEO,REELS,1,0,370,0,0,0,1,2025-10-02 04:04:29.509
17841406083211195,17971505738929895,2025-08-26 09:59:35,VIDEO,REELS,1,0,371,0,0,0,1,2025-10-02 17:29:27.066
17841406083211195,17971505738929895,2025-08-26 09:59:35,VIDEO,REELS,1,0,374,0,0,0,1,2025-10-05 17:29:24.304
17841406083211195,17971505738929895,2025-08-26 09:59:35,VIDEO,REELS,1,0,375,0,0,0,1,2025-10-06 17:28:48.547
17841406083211195,17971505738929895,2025-08-26 09:59:35,VIDEO,REELS,1,0,378,0,0,0,1,2025-10-08 17:29:40.353
17841406083211195,17971505738929895,2025-08-26 09:59:35,VIDEO,REELS,1,0,379,0,0,0,1,2025-10-09 17:28:46.158
17841406083211195,17971505738929895,2025-08-26 09:59:35,VIDEO,REELS,1,0,381,0,0,0,1,2025-10-14 17:28:21.197
17841406083211195,17971505738929895,2025-08-26 09:59:35,VIDEO,REELS,1,0,381,0,0,0,1,2025-10-15 17:29:48.868
17841406083211195,17971505738929895,2025-08-26 09:59:35,VIDEO,REELS,1,0,382,0,0,0,1,2025-10-16 17:28:56.606
17841406083211195,17971505738929895,2025-08-26 09:59:35,VIDEO,REELS,1,0,384,0,0,0,1,2025-10-17 17:29:48.779
17841406083211195,17971505738929895,2025-08-26 09:59:35,VIDEO,REELS,1,0,385,0,0,0,1,2025-10-20 17:29:18.450
17841406083211195,17971505738929895,2025-08-26 09:59:35,VIDEO,REELS,1,0,386,0,0,0,1,2025-10-21 17:28:38.448
17841406083211195,17971505738929895,2025-08-26 09:59:35,VIDEO,REELS,1,0,386,0,0,0,1,2025-10-22 17:28:54.471
17841406083211195,17971505738929895,2025-08-26 09:59:35,VIDEO,REELS,1,0,387,0,0,0,1,2025-10-23 17:28:30.276
17841406083211195,17971505738929895,2025-08-26 09:59:35,VIDEO,REELS,1,0,387,0,0,0,1,2025-10-26 17:30:15.204
17841406083211195,17971505738929895,2025-08-26 09:59:35,VIDEO,REELS,1,0,388,0,0,0,1,2025-10-27 17:28:46.977
17841406083211195,17971505738929895,2025-08-26 09:59:35,VIDEO,REELS,1,0,389,0,0,0,1,2025-10-29 17:29:27.582
17841406083211195,17971505738929895,2025-08-26 09:59:35,VIDEO,REELS,1,0,392,0,0,0,1,2025-11-03 17:28:49.516
17841406083211195,17971505738929895,2025-08-26 09:59:35,VIDEO,REELS,1,0,393,0,0,0,1,2025-11-05 17:28:28.344
17841406083211195,17971505738929895,2025-08-26 09:59:35,VIDEO,REELS,1,0,394,0,0,0,1,2025-11-06 17:28:43.515
17841406083211195,17971505738929895,2025-08-26 09:59:35,VIDEO,REELS,1,0,395,0,0,0,1,2025-11-10 17:29:07.630
17841406083211195,17971505738929895,2025-08-26 09:59:35,VIDEO,REELS,1,0,397,0,0,0,1,2025-11-11 17:29:05.803
17841406083211195,17971505738929895,2025-08-26 09:59:35,VIDEO,REELS,1,0,398,0,0,0,1,2025-11-14 17:29:08.306
17841406083211195,17971505738929895,2025-08-26 09:59:35,VIDEO,REELS,1,0,399,0,0,0,1,2025-11-17 17:29:12.858
17841406083211195,17971505738929895,2025-08-26 09:59:35,VIDEO,REELS,1,0,401,0,0,0,1,2025-11-18 17:29:03.767
17841406083211195,17971505738929895,2025-08-26 09:59:35,VIDEO,REELS,1,0,402,0,0,0,1,2025-11-19 17:35:11.176
17841406083211195,17971505738929895,2025-08-26 09:59:35,VIDEO,REELS,1,0,403,0,0,0,1,2025-11-28 17:35:14.145
17841406083211195,17971505738929895,2025-08-26 09:59:35,VIDEO,REELS,1,0,403,0,0,0,1,2025-11-30 17:33:37.928
17841406083211195,17971505738929895,2025-08-26 09:59:35,VIDEO,REELS,1,0,404,0,0,0,1,2025-12-02 17:35:07.718
17841406083211195,17971505738929895,2025-08-26 09:59:35,VIDEO,REELS,1,0,405,0,0,0,1,2025-12-03 17:36:28.736
17841406083211195,17971505738929895,2025-08-26 09:59:35,VIDEO,REELS,1,0,406,0,0,0,1,2025-12-08 17:33:12.753
17841406083211195,17971505738929895,2025-08-26 09:59:35,VIDEO,REELS,1,0,407,0,0,0,1,2025-12-25 17:29:11.612
17841406083211195,17976254039714493,2025-05-20 10:02:43,VIDEO,REELS,6,0,146,0,0,16,22,2025-05-20 17:29:08.653
17841406083211195,17976254039714493,2025-05-20 10:02:43,VIDEO,REELS,7,0,347,0,0,16,23,2025-05-21 17:29:59.871
17841406083211195,17976254039714493,2025-05-20 10:02:43,VIDEO,REELS,7,0,382,0,0,16,23,2025-05-22 17:30:10.254
17841406083211195,17976254039714493,2025-05-20 10:02:43,VIDEO,REELS,7,0,395,0,0,16,23,2025-05-23 17:30:42.867
17841406083211195,17976254039714493,2025-05-20 10:02:43,VIDEO,REELS,7,0,398,0,0,16,23,2025-05-24 17:30:42.239
17841406083211195,17976254039714493,2025-05-20 10:02:43,VIDEO,REELS,7,0,399,0,0,16,23,2025-05-25 17:31:05.648
17841406083211195,17976254039714493,2025-05-20 10:02:43,VIDEO,REELS,7,0,402,0,0,16,23,2025-05-26 17:30:22.051
17841406083211195,17976254039714493,2025-05-20 10:02:43,VIDEO,REELS,7,0,405,0,0,16,23,2025-05-27 17:30:25.246
17841406083211195,17976254039714493,2025-05-20 10:02:43,VIDEO,REELS,7,0,406,0,0,16,23,2025-05-28 17:30:33.824
17841406083211195,17976254039714493,2025-05-20 10:02:43,VIDEO,REELS,7,0,408,0,0,16,23,2025-05-29 17:29:32.675
17841406083211195,17976254039714493,2025-05-20 10:02:43,VIDEO,REELS,7,0,410,0,0,16,23,2025-05-30 17:29:56.101
17841406083211195,17976254039714493,2025-05-20 10:02:43,VIDEO,REELS,7,0,412,0,0,16,23,2025-06-01 17:29:49.081
17841406083211195,17976254039714493,2025-05-20 10:02:43,VIDEO,REELS,7,0,416,0,0,16,23,2025-06-03 17:29:40.471
17841406083211195,17976254039714493,2025-05-20 10:02:43,VIDEO,REELS,7,0,420,0,0,16,23,2025-06-05 17:30:15.486
17841406083211195,17976254039714493,2025-05-20 10:02:43,VIDEO,REELS,7,0,444,0,0,16,23,2025-07-03 17:29:59.203
17841406083211195,17976254039714493,2025-05-20 10:02:43,VIDEO,REELS,7,0,445,0,0,16,23,2025-07-05 17:29:52.041
17841406083211195,17976254039714493,2025-05-20 10:02:43,VIDEO,REELS,7,0,446,0,0,16,23,2025-07-08 17:29:53.730
17841406083211195,17976254039714493,2025-05-20 10:02:43,VIDEO,REELS,7,0,448,0,0,16,23,2025-07-19 17:30:04.112
17841406083211195,17976254039714493,2025-05-20 10:02:43,VIDEO,REELS,7,0,449,0,0,16,23,2025-07-29 17:29:46.527
17841406083211195,17976254039714493,2025-05-20 10:02:43,VIDEO,REELS,7,0,452,0,0,16,23,2025-08-04 17:30:20.388
17841406083211195,17976254039714493,2025-05-20 10:02:43,VIDEO,REELS,7,0,453,0,0,16,23,2025-08-06 17:29:32.811
17841406083211195,17976254039714493,2025-05-20 10:02:43,VIDEO,REELS,7,0,454,0,0,16,23,2025-08-11 17:30:48.463
17841406083211195,17976254039714493,2025-05-20 10:02:43,VIDEO,REELS,7,0,455,0,0,16,23,2025-08-14 17:30:40.913
17841406083211195,17976254039714493,2025-05-20 10:02:43,VIDEO,REELS,7,0,459,0,0,16,23,2025-08-19 17:29:48.962
17841406083211195,17976254039714493,2025-05-20 10:02:43,VIDEO,REELS,7,0,460,0,0,16,23,2025-08-20 17:29:49.045
17841406083211195,17976254039714493,2025-05-20 10:02:43,VIDEO,REELS,7,0,461,0,0,16,23,2025-08-31 17:28:56.736
17841406083211195,17976254039714493,2025-05-20 10:02:43,VIDEO,REELS,7,0,469,0,0,16,23,2025-10-06 17:28:55.806
17841406083211195,17976254039714493,2025-05-20 10:02:43,VIDEO,REELS,7,0,469,0,0,16,23,2025-10-15 17:30:00.902
17841406083211195,17976254039714493,2025-05-20 10:02:43,VIDEO,REELS,7,0,470,0,0,16,23,2025-11-10 17:29:23.637
17841406083211195,17976254039714493,2025-05-20 10:02:43,VIDEO,REELS,7,0,471,0,0,16,23,2025-11-15 17:31:07.838
17841406083211195,17976254039714493,2025-05-20 10:02:43,VIDEO,REELS,7,0,472,0,0,16,23,2025-11-18 17:29:13.850
17841406083211195,17976254039714493,2025-05-20 10:02:43,VIDEO,REELS,7,0,473,0,0,16,23,2025-12-03 17:36:09.386
17841406083211195,17976254039714493,2025-05-20 10:02:43,VIDEO,REELS,7,0,474,0,0,16,23,2025-12-25 17:29:25.133
17841406083211195,17985104759698514,2025-07-11 10:33:13,VIDEO,REELS,2,0,205,0,0,0,2,2025-07-11 17:29:32.088
17841406083211195,17985104759698514,2025-07-11 10:33:13,VIDEO,REELS,2,0,215,0,0,0,2,2025-07-12 17:29:54.992
17841406083211195,17985104759698514,2025-07-11 10:33:13,VIDEO,REELS,2,0,223,0,0,0,2,2025-07-13 17:29:17.448
17841406083211195,17985104759698514,2025-07-11 10:33:13,VIDEO,REELS,3,0,243,0,0,0,3,2025-07-14 17:30:15.299
17841406083211195,17985104759698514,2025-07-11 10:33:13,VIDEO,REELS,3,0,248,0,0,0,3,2025-07-15 17:29:51.512
17841406083211195,17985104759698514,2025-07-11 10:33:13,VIDEO,REELS,3,0,252,0,0,0,3,2025-07-16 17:30:05.711
17841406083211195,17985104759698514,2025-07-11 10:33:13,VIDEO,REELS,3,0,260,0,0,0,3,2025-07-17 17:29:49.509
17841406083211195,17985104759698514,2025-07-11 10:33:13,VIDEO,REELS,3,0,264,0,0,0,3,2025-07-18 17:29:48.367
17841406083211195,17985104759698514,2025-07-11 10:33:13,VIDEO,REELS,3,0,267,0,0,0,3,2025-07-19 17:30:04.115
17841406083211195,17985104759698514,2025-07-11 10:33:13,VIDEO,REELS,3,0,269,0,0,0,3,2025-07-20 17:30:14.568
17841406083211195,17985104759698514,2025-07-11 10:33:13,VIDEO,REELS,3,0,274,0,0,0,3,2025-07-21 17:30:41.018
17841406083211195,17985104759698514,2025-07-11 10:33:13,VIDEO,REELS,3,0,278,0,0,0,3,2025-07-22 17:30:36.351
17841406083211195,17985104759698514,2025-07-11 10:33:13,VIDEO,REELS,3,0,284,0,0,0,3,2025-07-23 17:30:15.889
17841406083211195,17985104759698514,2025-07-11 10:33:13,VIDEO,REELS,3,0,285,0,0,0,3,2025-07-24 17:30:01.599
17841406083211195,17985104759698514,2025-07-11 10:33:13,VIDEO,REELS,3,0,289,0,0,0,3,2025-07-25 17:29:40.356
17841406083211195,17985104759698514,2025-07-11 10:33:13,VIDEO,REELS,3,0,291,0,0,0,3,2025-07-26 17:30:03.785
17841406083211195,17985104759698514,2025-07-11 10:33:13,VIDEO,REELS,3,0,292,0,0,0,3,2025-07-27 17:30:34.305
17841406083211195,17985104759698514,2025-07-11 10:33:13,VIDEO,REELS,3,0,296,0,0,0,3,2025-07-28 17:29:11.644
17841406083211195,17985104759698514,2025-07-11 10:33:13,VIDEO,REELS,3,0,297,0,0,0,3,2025-07-29 17:29:46.530
17841406083211195,17985104759698514,2025-07-11 10:33:13,VIDEO,REELS,3,0,301,0,0,0,3,2025-07-30 17:30:07.343
17841406083211195,17985104759698514,2025-07-11 10:33:13,VIDEO,REELS,3,0,302,0,0,0,3,2025-07-31 17:28:52.260
17841406083211195,17985104759698514,2025-07-11 10:33:13,VIDEO,REELS,3,0,303,0,0,0,3,2025-08-01 17:30:02.452
17841406083211195,17985104759698514,2025-07-11 10:33:13,VIDEO,REELS,3,0,304,0,0,0,3,2025-08-04 17:30:20.391
17841406083211195,17985104759698514,2025-07-11 10:33:13,VIDEO,REELS,3,0,305,0,0,0,3,2025-08-05 17:30:25.823
17841406083211195,17985104759698514,2025-07-11 10:33:13,VIDEO,REELS,3,0,306,0,0,0,3,2025-08-06 17:29:21.814
17841406083211195,17985104759698514,2025-07-11 10:33:13,VIDEO,REELS,3,0,308,0,0,0,3,2025-08-07 17:29:51.650
17841406083211195,17985104759698514,2025-07-11 10:33:13,VIDEO,REELS,3,0,310,0,0,0,3,2025-08-09 17:29:16.351
17841406083211195,17985104759698514,2025-07-11 10:33:13,VIDEO,REELS,3,0,311,0,0,0,3,2025-08-10 17:29:41.093
17841406083211195,17985104759698514,2025-07-11 10:33:13,VIDEO,REELS,3,0,316,0,0,0,3,2025-08-11 17:30:32.964
17841406083211195,17985104759698514,2025-07-11 10:33:13,VIDEO,REELS,3,0,317,0,0,0,3,2025-08-12 17:31:22.348
17841406083211195,17985104759698514,2025-07-11 10:33:13,VIDEO,REELS,3,0,318,0,0,0,3,2025-08-14 17:30:30.704
17841406083211195,17985104759698514,2025-07-11 10:33:13,VIDEO,REELS,3,0,319,0,0,0,3,2025-08-16 17:29:29.898
17841406083211195,17985104759698514,2025-07-11 10:33:13,VIDEO,REELS,3,0,320,0,0,0,3,2025-08-17 17:28:43.181
17841406083211195,17985104759698514,2025-07-11 10:33:13,VIDEO,REELS,3,0,321,0,0,0,3,2025-08-18 17:28:55.670
17841406083211195,17985104759698514,2025-07-11 10:33:13,VIDEO,REELS,3,0,322,0,0,0,3,2025-08-19 17:29:34.432
17841406083211195,17985104759698514,2025-07-11 10:33:13,VIDEO,REELS,3,0,323,0,0,0,3,2025-08-20 17:29:40.871
17841406083211195,17985104759698514,2025-07-11 10:33:13,VIDEO,REELS,3,0,324,0,0,0,3,2025-08-21 17:30:19.078
17841406083211195,17985104759698514,2025-07-11 10:33:13,VIDEO,REELS,3,0,327,0,0,0,3,2025-08-24 17:29:05.930
17841406083211195,17985104759698514,2025-07-11 10:33:13,VIDEO,REELS,3,0,327,0,0,0,3,2025-08-25 17:29:34.731
17841406083211195,17985104759698514,2025-07-11 10:33:13,VIDEO,REELS,3,0,331,0,0,0,3,2025-08-27 17:30:15.462
17841406083211195,17985104759698514,2025-07-11 10:33:13,VIDEO,REELS,3,0,332,0,0,0,3,2025-08-29 17:28:45.767
17841406083211195,17985104759698514,2025-07-11 10:33:13,VIDEO,REELS,3,0,334,0,0,0,3,2025-08-30 17:30:09.891
17841406083211195,17985104759698514,2025-07-11 10:33:13,VIDEO,REELS,3,0,335,0,0,0,3,2025-08-31 17:28:47.924
17841406083211195,17985104759698514,2025-07-11 10:33:13,VIDEO,REELS,3,0,346,0,0,0,3,2025-10-04 17:29:36.063
17841406083211195,17985104759698514,2025-07-11 10:33:13,VIDEO,REELS,3,0,349,0,0,0,3,2025-10-05 17:29:24.316
17841406083211195,17985104759698514,2025-07-11 10:33:13,VIDEO,REELS,3,0,350,0,0,0,3,2025-10-06 17:28:48.557
17841406083211195,17985104759698514,2025-07-11 10:33:13,VIDEO,REELS,3,0,356,0,0,0,3,2025-10-15 17:30:00.905
17841406083211195,17985104759698514,2025-07-11 10:33:13,VIDEO,REELS,3,0,357,0,0,0,3,2025-10-16 17:29:06.177
17841406083211195,17985104759698514,2025-07-11 10:33:13,VIDEO,REELS,3,0,358,0,0,0,3,2025-10-20 17:29:27.068
17841406083211195,17985104759698514,2025-07-11 10:33:13,VIDEO,REELS,3,0,359,0,0,0,3,2025-10-24 17:28:58.157
17841406083211195,17985104759698514,2025-07-11 10:33:13,VIDEO,REELS,3,0,360,0,0,0,3,2025-10-29 17:29:38.420
17841406083211195,17985104759698514,2025-07-11 10:33:13,VIDEO,REELS,3,0,361,0,0,0,3,2025-11-10 17:29:14.407
17841406083211195,17985104759698514,2025-07-11 10:33:13,VIDEO,REELS,3,0,362,0,0,0,3,2025-11-11 17:29:05.809
17841406083211195,17985104759698514,2025-07-11 10:33:13,VIDEO,REELS,3,0,363,0,0,0,3,2025-11-14 17:29:08.312
17841406083211195,17985104759698514,2025-07-11 10:33:13,VIDEO,REELS,3,0,368,0,0,0,3,2025-11-16 17:29:49.617
17841406083211195,17985104759698514,2025-07-11 10:33:13,VIDEO,REELS,3,0,370,0,0,0,3,2025-11-18 17:29:03.774
17841406083211195,17985104759698514,2025-07-11 10:33:13,VIDEO,REELS,3,0,371,0,0,0,3,2025-11-20 17:35:45.154
17841406083211195,17985104759698514,2025-07-11 10:33:13,VIDEO,REELS,3,0,371,0,0,0,3,2025-11-21 17:35:36.095
17841406083211195,17985104759698514,2025-07-11 10:33:13,VIDEO,REELS,3,0,372,0,0,0,3,2025-12-03 17:36:28.745
17841406083211195,17985104759698514,2025-07-11 10:33:13,VIDEO,REELS,3,0,374,0,0,0,3,2025-12-09 17:35:25.121
17841406083211195,17985104759698514,2025-07-11 10:33:13,VIDEO,REELS,3,0,374,0,0,0,3,2025-12-22 17:28:44.208
17841406083211195,17985104759698514,2025-07-11 10:33:13,VIDEO,REELS,3,0,374,0,0,0,3,2025-12-24 17:29:12.923
17841406083211195,17985104759698514,2025-07-11 10:33:13,VIDEO,REELS,3,0,375,0,0,0,3,2025-12-25 17:29:25.136
17841406083211195,17985654029672987,2025-05-15 10:29:18,VIDEO,REELS,8,0,126,0,0,12,20,2025-05-15 17:30:07.084
17841406083211195,17985654029672987,2025-05-15 10:29:18,VIDEO,REELS,9,0,272,0,0,12,21,2025-05-16 17:30:52.839
17841406083211195,17985654029672987,2025-05-15 10:29:18,VIDEO,REELS,10,0,310,0,0,12,22,2025-05-17 17:29:58.678
17841406083211195,17985654029672987,2025-05-15 10:29:18,VIDEO,REELS,10,0,317,0,0,12,22,2025-05-18 17:30:17.741
17841406083211195,17985654029672987,2025-05-15 10:29:18,VIDEO,REELS,10,0,327,0,0,12,22,2025-05-19 17:30:02.654
17841406083211195,17985654029672987,2025-05-15 10:29:18,VIDEO,REELS,11,0,330,0,0,12,23,2025-05-20 17:29:17.934
17841406083211195,17985654029672987,2025-05-15 10:29:18,VIDEO,REELS,11,0,331,0,0,12,23,2025-05-21 17:30:08.500
17841406083211195,17985654029672987,2025-05-15 10:29:18,VIDEO,REELS,11,0,334,0,0,12,23,2025-05-22 17:30:10.250
17841406083211195,17985654029672987,2025-05-15 10:29:18,VIDEO,REELS,11,0,341,0,0,12,23,2025-05-23 17:30:42.855
17841406083211195,17985654029672987,2025-05-15 10:29:18,VIDEO,REELS,11,0,342,0,0,12,23,2025-05-24 17:30:42.228
17841406083211195,17985654029672987,2025-05-15 10:29:18,VIDEO,REELS,11,0,345,0,0,12,23,2025-05-25 17:31:05.643
17841406083211195,17985654029672987,2025-05-15 10:29:18,VIDEO,REELS,11,0,354,0,0,12,23,2025-05-26 17:30:22.042
17841406083211195,17985654029672987,2025-05-15 10:29:18,VIDEO,REELS,11,0,356,0,0,12,23,2025-05-28 17:30:33.818
17841406083211195,17985654029672987,2025-05-15 10:29:18,VIDEO,REELS,11,0,358,0,0,12,23,2025-05-30 17:29:56.096
17841406083211195,17985654029672987,2025-05-15 10:29:18,VIDEO,REELS,11,0,359,0,0,12,23,2025-06-01 17:29:49.076
17841406083211195,17985654029672987,2025-05-15 10:29:18,VIDEO,REELS,11,0,362,0,0,12,23,2025-06-02 17:30:36.012
17841406083211195,17985654029672987,2025-05-15 10:29:18,VIDEO,REELS,11,1,364,1,0,12,24,2025-06-03 17:29:40.466
17841406083211195,17985654029672987,2025-05-15 10:29:18,VIDEO,REELS,11,1,368,1,0,12,24,2025-06-04 17:30:00.711
17841406083211195,17985654029672987,2025-05-15 10:29:18,VIDEO,REELS,11,1,369,1,0,12,24,2025-06-05 17:30:15.481
17841406083211195,17985654029672987,2025-05-15 10:29:18,VIDEO,REELS,11,1,389,1,0,12,24,2025-07-03 17:29:59.198
17841406083211195,17985654029672987,2025-05-15 10:29:18,VIDEO,REELS,11,1,390,1,0,12,24,2025-07-05 17:29:52.036
17841406083211195,17985654029672987,2025-05-15 10:29:18,VIDEO,REELS,11,1,391,1,0,12,24,2025-07-07 17:30:38.822
17841406083211195,17985654029672987,2025-05-15 10:29:18,VIDEO,REELS,11,1,392,1,0,12,24,2025-07-08 17:29:53.713
17841406083211195,17985654029672987,2025-05-15 10:29:18,VIDEO,REELS,11,1,395,1,0,12,24,2025-07-29 17:29:46.524
17841406083211195,17985654029672987,2025-05-15 10:29:18,VIDEO,REELS,11,1,401,1,0,12,24,2025-07-31 17:29:02.386
17841406083211195,17985654029672987,2025-05-15 10:29:18,VIDEO,REELS,11,1,401,1,0,12,24,2025-08-01 17:30:15.505
17841406083211195,17985654029672987,2025-05-15 10:29:18,VIDEO,REELS,11,1,402,1,0,12,24,2025-08-04 17:30:32.185
17841406083211195,17985654029672987,2025-05-15 10:29:18,VIDEO,REELS,11,1,402,1,0,12,24,2025-08-06 17:29:32.807
17841406083211195,17985654029672987,2025-05-15 10:29:18,VIDEO,REELS,11,1,403,1,0,12,24,2025-08-07 17:30:03.394
17841406083211195,17985654029672987,2025-05-15 10:29:18,VIDEO,REELS,11,1,404,1,0,12,24,2025-08-08 17:29:41.575
17841406083211195,17985654029672987,2025-05-15 10:29:18,VIDEO,REELS,11,1,405,1,0,12,24,2025-08-10 17:29:54.195
17841406083211195,17985654029672987,2025-05-15 10:29:18,VIDEO,REELS,11,1,405,1,0,12,24,2025-08-12 17:31:33.935
17841406083211195,17985654029672987,2025-05-15 10:29:18,VIDEO,REELS,11,1,405,1,0,12,24,2025-08-14 17:30:40.910
17841406083211195,17985654029672987,2025-05-15 10:29:18,VIDEO,REELS,11,1,406,1,0,12,24,2025-08-19 17:29:48.955
17841406083211195,17985654029672987,2025-05-15 10:29:18,VIDEO,REELS,11,1,407,1,0,12,24,2025-08-20 17:29:49.039
17841406083211195,17985654029672987,2025-05-15 10:29:18,VIDEO,REELS,11,1,408,1,0,12,24,2025-08-24 17:29:14.550
17841406083211195,17985654029672987,2025-05-15 10:29:18,VIDEO,REELS,11,1,408,1,0,12,24,2025-08-31 17:28:56.730
17841406083211195,17985654029672987,2025-05-15 10:29:18,VIDEO,REELS,11,1,417,1,0,13,25,2025-10-15 17:30:00.899
17841406083211195,17985654029672987,2025-05-15 10:29:18,VIDEO,REELS,11,1,417,1,0,13,25,2025-10-16 17:29:06.167
17841406083211195,17985654029672987,2025-05-15 10:29:18,VIDEO,REELS,11,1,417,1,0,13,25,2025-10-27 17:29:04.341
17841406083211195,17985654029672987,2025-05-15 10:29:18,VIDEO,REELS,11,1,417,1,0,13,25,2025-11-10 17:29:23.631
17841406083211195,17985654029672987,2025-05-15 10:29:18,VIDEO,REELS,11,1,418,1,0,13,25,2025-11-13 17:29:47.726
17841406083211195,17985654029672987,2025-05-15 10:29:18,VIDEO,REELS,11,1,420,1,0,13,25,2025-11-15 17:31:07.834
17841406083211195,17985654029672987,2025-05-15 10:29:18,VIDEO,REELS,11,1,421,1,0,13,25,2025-11-18 17:29:13.846
17841406083211195,17985654029672987,2025-05-15 10:29:18,VIDEO,REELS,11,1,422,1,0,13,25,2025-12-03 17:36:09.381
17841406083211195,17985654029672987,2025-05-15 10:29:18,VIDEO,REELS,11,1,423,1,0,13,25,2025-12-24 17:29:21.582
17841406083211195,17985654029672987,2025-05-15 10:29:18,VIDEO,REELS,11,1,424,1,0,13,25,2025-12-25 17:29:40.543
17841406083211195,17986988660853570,2025-09-17 10:56:47,VIDEO,REELS,9,0,387,0,1,5,15,2025-10-01 04:09:53.349
17841406083211195,17986988660853570,2025-09-17 10:56:47,VIDEO,REELS,9,0,389,0,1,5,15,2025-10-01 17:29:53.154
17841406083211195,17986988660853570,2025-09-17 10:56:47,VIDEO,REELS,9,0,390,0,1,5,15,2025-10-02 04:04:29.521
17841406083211195,17986988660853570,2025-09-17 10:56:47,VIDEO,REELS,9,0,394,0,1,5,15,2025-10-02 17:29:27.078
17841406083211195,17986988660853570,2025-09-17 10:56:47,VIDEO,REELS,9,1,400,1,1,5,16,2025-10-03 17:29:13.358
17841406083211195,17986988660853570,2025-09-17 10:56:47,VIDEO,REELS,9,1,401,1,1,5,16,2025-10-05 17:29:24.320
17841406083211195,17986988660853570,2025-09-17 10:56:47,VIDEO,REELS,9,1,402,1,1,5,16,2025-10-06 17:28:48.560
17841406083211195,17986988660853570,2025-09-17 10:56:47,VIDEO,REELS,9,1,404,1,1,5,16,2025-10-07 17:28:29.274
17841406083211195,17986988660853570,2025-09-17 10:56:47,VIDEO,REELS,9,1,405,1,1,5,16,2025-10-08 17:29:40.361
17841406083211195,17986988660853570,2025-09-17 10:56:47,VIDEO,REELS,9,1,408,1,1,5,16,2025-10-09 17:28:46.172
17841406083211195,17986988660853570,2025-09-17 10:56:47,VIDEO,REELS,9,1,412,1,1,5,16,2025-10-12 17:28:49.791
17841406083211195,17986988660853570,2025-09-17 10:56:47,VIDEO,REELS,9,1,414,1,1,5,16,2025-10-14 17:28:21.210
17841406083211195,17986988660853570,2025-09-17 10:56:47,VIDEO,REELS,9,1,415,1,1,5,16,2025-10-16 17:28:56.619
17841406083211195,17986988660853570,2025-09-17 10:56:47,VIDEO,REELS,11,1,419,1,1,5,18,2025-10-18 17:28:28.252
17841406083211195,17986988660853570,2025-09-17 10:56:47,VIDEO,REELS,11,1,422,1,1,5,18,2025-10-20 17:29:18.464
17841406083211195,17986988660853570,2025-09-17 10:56:47,VIDEO,REELS,11,1,423,1,1,5,18,2025-10-24 17:28:52.180
17841406083211195,17986988660853570,2025-09-17 10:56:47,VIDEO,REELS,11,1,424,1,1,5,18,2025-10-25 17:30:00.342
17841406083211195,17986988660853570,2025-09-17 10:56:47,VIDEO,REELS,11,1,425,1,1,5,18,2025-10-27 17:28:46.996
17841406083211195,17986988660853570,2025-09-17 10:56:47,VIDEO,REELS,11,1,427,1,1,5,18,2025-10-29 17:29:27.589
17841406083211195,17986988660853570,2025-09-17 10:56:47,VIDEO,REELS,11,1,429,1,1,5,18,2025-11-03 17:28:49.523
17841406083211195,17986988660853570,2025-09-17 10:56:47,VIDEO,REELS,11,1,430,1,1,5,18,2025-11-06 17:28:43.526
17841406083211195,17986988660853570,2025-09-17 10:56:47,VIDEO,REELS,11,1,431,1,1,5,18,2025-11-07 17:29:01.089
17841406083211195,17986988660853570,2025-09-17 10:56:47,VIDEO,REELS,12,1,432,1,1,5,19,2025-11-10 17:29:07.644
17841406083211195,17986988660853570,2025-09-17 10:56:47,VIDEO,REELS,12,1,434,1,1,5,19,2025-11-11 17:28:56.854
17841406083211195,17986988660853570,2025-09-17 10:56:47,VIDEO,REELS,12,1,436,1,1,5,19,2025-11-13 17:29:19.505
17841406083211195,17986988660853570,2025-09-17 10:56:47,VIDEO,REELS,12,1,437,1,1,5,19,2025-11-14 17:29:00.544
17841406083211195,17986988660853570,2025-09-17 10:56:47,VIDEO,REELS,12,1,441,1,1,5,19,2025-11-18 17:28:56.198
17841406083211195,17986988660853570,2025-09-17 10:56:47,VIDEO,REELS,12,1,445,1,1,5,19,2025-11-19 17:35:38.989
17841406083211195,17986988660853570,2025-09-17 10:56:47,VIDEO,REELS,12,1,446,1,1,5,19,2025-11-20 17:36:09.354
17841406083211195,17986988660853570,2025-09-17 10:56:47,VIDEO,REELS,12,1,446,1,1,5,19,2025-11-21 17:35:55.880
17841406083211195,17986988660853570,2025-09-17 10:56:47,VIDEO,REELS,12,1,447,1,1,5,19,2025-11-22 17:33:59.871
17841406083211195,17986988660853570,2025-09-17 10:56:47,VIDEO,REELS,12,1,447,1,1,5,19,2025-11-27 17:34:42.516
17841406083211195,17986988660853570,2025-09-17 10:56:47,VIDEO,REELS,12,1,448,1,1,5,19,2025-12-01 17:34:00.993
17841406083211195,17986988660853570,2025-09-17 10:56:47,VIDEO,REELS,12,1,449,1,1,5,19,2025-12-08 17:33:32.912
17841406083211195,17986988660853570,2025-09-17 10:56:47,VIDEO,REELS,12,1,450,1,1,5,19,2025-12-12 17:35:50.534
17841406083211195,17986988660853570,2025-09-17 10:56:47,VIDEO,REELS,12,1,455,1,1,5,19,2025-12-15 17:37:13.499
17841406083211195,17986988660853570,2025-09-17 10:56:47,VIDEO,REELS,12,1,456,1,1,5,19,2025-12-22 17:28:37.820
17841406083211195,17986988660853570,2025-09-17 10:56:47,VIDEO,REELS,12,1,457,1,1,5,19,2025-12-25 17:29:11.619
17841406083211195,17989174055820076,2025-06-12 10:23:43,VIDEO,REELS,8,0,299,0,0,14,22,2025-07-03 17:29:59.218
17841406083211195,17989174055820076,2025-06-12 10:23:43,VIDEO,REELS,8,0,300,0,0,14,22,2025-07-04 17:30:58.680
17841406083211195,17989174055820076,2025-06-12 10:23:43,VIDEO,REELS,8,0,301,0,0,14,22,2025-07-05 17:29:52.054
17841406083211195,17989174055820076,2025-06-12 10:23:43,VIDEO,REELS,8,0,302,0,0,14,22,2025-07-06 17:30:30.249
17841406083211195,17989174055820076,2025-06-12 10:23:43,VIDEO,REELS,8,0,303,0,0,14,22,2025-07-08 17:29:53.777
17841406083211195,17989174055820076,2025-06-12 10:23:43,VIDEO,REELS,8,0,305,0,0,14,22,2025-07-16 17:30:05.720
17841406083211195,17989174055820076,2025-06-12 10:23:43,VIDEO,REELS,8,0,306,0,0,14,22,2025-07-18 17:29:48.376
17841406083211195,17989174055820076,2025-06-12 10:23:43,VIDEO,REELS,8,0,307,0,0,14,22,2025-07-22 17:30:36.356
17841406083211195,17989174055820076,2025-06-12 10:23:43,VIDEO,REELS,8,0,308,0,0,14,22,2025-07-27 17:30:34.311
17841406083211195,17989174055820076,2025-06-12 10:23:43,VIDEO,REELS,8,0,309,0,0,14,22,2025-07-29 17:29:46.536
17841406083211195,17989174055820076,2025-06-12 10:23:43,VIDEO,REELS,8,0,312,0,0,14,22,2025-08-01 17:30:02.462
17841406083211195,17989174055820076,2025-06-12 10:23:43,VIDEO,REELS,8,0,313,0,0,14,22,2025-08-04 17:30:20.397
17841406083211195,17989174055820076,2025-06-12 10:23:43,VIDEO,REELS,8,0,314,0,0,14,22,2025-08-06 17:29:21.820
17841406083211195,17989174055820076,2025-06-12 10:23:43,VIDEO,REELS,8,0,315,0,0,14,22,2025-08-11 17:30:32.974
17841406083211195,17989174055820076,2025-06-12 10:23:43,VIDEO,REELS,8,0,316,0,0,14,22,2025-08-14 17:30:30.709
17841406083211195,17989174055820076,2025-06-12 10:23:43,VIDEO,REELS,8,0,317,0,0,14,22,2025-08-19 17:29:34.442
17841406083211195,17989174055820076,2025-06-12 10:23:43,VIDEO,REELS,8,0,318,0,0,14,22,2025-08-20 17:29:40.881
17841406083211195,17989174055820076,2025-06-12 10:23:43,VIDEO,REELS,8,0,319,0,0,14,22,2025-08-25 17:29:34.735
17841406083211195,17989174055820076,2025-06-12 10:23:43,VIDEO,REELS,8,0,320,0,0,14,22,2025-08-27 17:30:15.471
17841406083211195,17989174055820076,2025-06-12 10:23:43,VIDEO,REELS,8,0,321,0,0,14,22,2025-08-28 17:31:18.233
17841406083211195,17989174055820076,2025-06-12 10:23:43,VIDEO,REELS,8,0,321,0,0,14,22,2025-08-31 17:28:47.932
17841406083211195,17989174055820076,2025-06-12 10:23:43,VIDEO,REELS,8,0,327,0,0,14,22,2025-10-15 17:30:00.910
17841406083211195,17989174055820076,2025-06-12 10:23:43,VIDEO,REELS,8,0,328,0,0,14,22,2025-11-07 17:29:10.488
17841406083211195,17989174055820076,2025-06-12 10:23:43,VIDEO,REELS,8,0,329,0,0,14,22,2025-11-10 17:29:14.416
17841406083211195,17989174055820076,2025-06-12 10:23:43,VIDEO,REELS,8,0,330,0,0,14,22,2025-11-18 17:29:13.859
17841406083211195,17989174055820076,2025-06-12 10:23:43,VIDEO,REELS,8,0,331,0,0,14,22,2025-12-03 17:36:28.752
17841406083211195,17989174055820076,2025-06-12 10:23:43,VIDEO,REELS,8,0,332,0,0,14,22,2025-12-08 17:33:12.769
17841406083211195,17989174055820076,2025-06-12 10:23:43,VIDEO,REELS,8,0,333,0,0,14,22,2025-12-12 17:35:25.290
17841406083211195,17989174055820076,2025-06-12 10:23:43,VIDEO,REELS,8,0,335,0,0,14,22,2025-12-25 17:29:25.141
17841406083211195,17998617203775535,2025-03-21 10:45:08,VIDEO,REELS,6,0,218,0,0,0,6,2025-04-17 17:31:52.822
17841406083211195,17998617203775535,2025-03-21 10:45:08,VIDEO,REELS,6,0,219,0,0,0,6,2025-04-18 19:14:47.757
17841406083211195,17998617203775535,2025-03-21 10:45:08,VIDEO,REELS,6,0,219,0,0,0,6,2025-04-19 21:58:31.474
17841406083211195,17998617203775535,2025-03-21 10:45:08,VIDEO,REELS,6,0,221,0,0,0,6,2025-04-22 17:29:17.010
17841406083211195,17998617203775535,2025-03-21 10:45:08,VIDEO,REELS,6,0,222,0,0,0,6,2025-04-25 17:30:04.371
17841406083211195,17998617203775535,2025-03-21 10:45:08,VIDEO,REELS,6,0,223,0,0,0,6,2025-05-01 17:31:37.132
17841406083211195,17998617203775535,2025-03-21 10:45:08,VIDEO,REELS,6,0,223,0,0,0,6,2025-05-02 17:29:30.529
17841406083211195,17998617203775535,2025-03-21 10:45:08,VIDEO,REELS,6,0,223,0,0,0,6,2025-05-03 17:30:39.030
17841406083211195,17998617203775535,2025-03-21 10:45:08,VIDEO,REELS,6,0,224,0,0,0,6,2025-05-05 17:29:55.878
17841406083211195,17998617203775535,2025-03-21 10:45:08,VIDEO,REELS,6,0,225,0,0,0,6,2025-05-06 17:29:33.103
17841406083211195,17998617203775535,2025-03-21 10:45:08,VIDEO,REELS,6,0,225,0,0,0,6,2025-05-07 17:28:45.312
17841406083211195,17998617203775535,2025-03-21 10:45:08,VIDEO,REELS,6,0,226,0,0,0,6,2025-05-08 17:30:01.763
17841406083211195,17998617203775535,2025-03-21 10:45:08,VIDEO,REELS,6,0,228,0,0,0,6,2025-05-09 17:31:06.449
17841406083211195,17998617203775535,2025-03-21 10:45:08,VIDEO,REELS,6,0,229,0,0,0,6,2025-05-11 17:29:45.385
17841406083211195,17998617203775535,2025-03-21 10:45:08,VIDEO,REELS,6,0,230,0,0,0,6,2025-05-14 17:30:05.779
17841406083211195,17998617203775535,2025-03-21 10:45:08,VIDEO,REELS,6,0,231,0,0,0,6,2025-05-15 17:30:17.670
17841406083211195,17998617203775535,2025-03-21 10:45:08,VIDEO,REELS,6,0,232,0,0,0,6,2025-05-17 17:30:06.319
17841406083211195,17998617203775535,2025-03-21 10:45:08,VIDEO,REELS,6,0,233,0,0,0,6,2025-05-24 17:30:42.263
17841406083211195,17998617203775535,2025-03-21 10:45:08,VIDEO,REELS,6,0,234,0,0,0,6,2025-05-26 17:30:22.060
17841406083211195,17998617203775535,2025-03-21 10:45:08,VIDEO,REELS,6,0,234,0,0,0,6,2025-05-27 17:30:25.256
17841406083211195,17998617203775535,2025-03-21 10:45:08,VIDEO,REELS,6,0,235,0,0,0,6,2025-05-29 17:29:32.682
17841406083211195,17998617203775535,2025-03-21 10:45:08,VIDEO,REELS,6,0,236,0,0,0,6,2025-06-02 17:30:36.025
17841406083211195,17998617203775535,2025-03-21 10:45:08,VIDEO,REELS,6,0,237,0,0,0,6,2025-06-04 17:30:00.717
17841406083211195,17998617203775535,2025-03-21 10:45:08,VIDEO,REELS,6,0,238,0,0,0,6,2025-06-05 17:30:15.494
17841406083211195,17998617203775535,2025-03-21 10:45:08,VIDEO,REELS,6,0,244,0,0,0,6,2025-07-21 17:30:54.853
17841406083211195,17998617203775535,2025-03-21 10:45:08,VIDEO,REELS,6,0,246,0,0,0,6,2025-08-01 17:30:15.517
17841406083211195,17998617203775535,2025-03-21 10:45:08,VIDEO,REELS,6,0,247,0,0,0,6,2025-08-04 17:30:32.198
17841406083211195,17998617203775535,2025-03-21 10:45:08,VIDEO,REELS,6,0,248,0,0,0,6,2025-08-06 17:29:32.815
17841406083211195,17998617203775535,2025-03-21 10:45:08,VIDEO,REELS,6,0,249,0,0,0,6,2025-08-11 17:30:48.470
17841406083211195,17998617203775535,2025-03-21 10:45:08,VIDEO,REELS,6,0,250,0,0,0,6,2025-08-12 17:31:33.944
17841406083211195,17998617203775535,2025-03-21 10:45:08,VIDEO,REELS,6,0,251,0,0,0,6,2025-08-14 17:30:40.919
17841406083211195,17998617203775535,2025-03-21 10:45:08,VIDEO,REELS,6,0,252,0,0,0,6,2025-08-20 17:29:49.053
17841406083211195,17998617203775535,2025-03-21 10:45:08,VIDEO,REELS,6,0,253,0,0,0,6,2025-08-24 17:29:14.563
17841406083211195,17998617203775535,2025-03-21 10:45:08,VIDEO,REELS,6,0,254,0,0,0,6,2025-08-31 17:28:56.743
17841406083211195,17998617203775535,2025-03-21 10:45:08,VIDEO,REELS,6,0,257,0,0,0,6,2025-10-03 17:29:30.449
17841406083211195,17998617203775535,2025-03-21 10:45:08,VIDEO,REELS,6,0,258,0,0,0,6,2025-10-10 17:30:20.764
17841406083211195,17998617203775535,2025-03-21 10:45:08,VIDEO,REELS,6,0,259,0,0,0,6,2025-10-27 17:29:04.356
17841406083211195,17998617203775535,2025-03-21 10:45:08,VIDEO,REELS,6,0,259,0,0,0,6,2025-11-06 17:29:01.639
17841406083211195,17998617203775535,2025-03-21 10:45:08,VIDEO,REELS,6,0,260,0,0,0,6,2025-11-13 17:29:47.739
17841406083211195,17998617203775535,2025-03-21 10:45:08,VIDEO,REELS,6,0,261,0,0,0,6,2025-12-01 17:33:15.139
17841406083211195,17998617203775535,2025-03-21 10:45:08,VIDEO,REELS,6,0,262,0,0,0,6,2025-12-03 17:35:49.238
17841406083211195,17998617203775535,2025-03-21 10:45:08,VIDEO,REELS,6,0,263,0,0,0,6,2025-12-24 17:29:21.595
17841406083211195,17998617203775535,2025-03-21 10:45:08,VIDEO,REELS,6,0,264,0,0,0,6,2025-12-25 17:29:40.550
17841406083211195,18007535549738493,2025-04-14 10:36:58,VIDEO,REELS,5,1,312,1,1,0,7,2025-04-17 17:31:52.814
17841406083211195,18007535549738493,2025-04-14 10:36:58,VIDEO,REELS,5,1,329,1,1,0,7,2025-04-18 17:29:00.944
17841406083211195,18007535549738493,2025-04-14 10:36:58,VIDEO,REELS,5,1,330,1,1,0,7,2025-04-18 17:54:05.321
17841406083211195,18007535549738493,2025-04-14 10:36:58,VIDEO,REELS,5,1,330,1,1,0,7,2025-04-18 19:14:47.755
17841406083211195,18007535549738493,2025-04-14 10:36:58,VIDEO,REELS,5,1,339,1,1,0,7,2025-04-19 21:58:31.472
17841406083211195,18007535549738493,2025-04-14 10:36:58,VIDEO,REELS,5,1,351,1,1,0,7,2025-04-20 21:57:33.565
17841406083211195,18007535549738493,2025-04-14 10:36:58,VIDEO,REELS,6,1,361,1,1,0,8,2025-04-22 05:33:02.540
17841406083211195,18007535549738493,2025-04-14 10:36:58,VIDEO,REELS,6,1,364,1,1,0,8,2025-04-22 06:39:46.057
17841406083211195,18007535549738493,2025-04-14 10:36:58,VIDEO,REELS,6,1,367,1,1,0,8,2025-04-22 17:29:17.004
17841406083211195,18007535549738493,2025-04-14 10:36:58,VIDEO,REELS,6,1,370,1,1,0,8,2025-04-24 01:56:09.942
17841406083211195,18007535549738493,2025-04-14 10:36:58,VIDEO,REELS,6,1,378,1,1,0,8,2025-04-24 17:29:59.130
17841406083211195,18007535549738493,2025-04-14 10:36:58,VIDEO,REELS,7,2,386,2,1,0,10,2025-04-25 17:30:04.364
17841406083211195,18007535549738493,2025-04-14 10:36:58,VIDEO,REELS,7,2,398,2,1,0,10,2025-04-26 17:29:17.235
17841406083211195,18007535549738493,2025-04-14 10:36:58,VIDEO,REELS,7,2,402,2,1,0,10,2025-04-27 17:31:03.889
17841406083211195,18007535549738493,2025-04-14 10:36:58,VIDEO,REELS,7,2,412,2,1,0,10,2025-04-28 17:30:00.135
17841406083211195,18007535549738493,2025-04-14 10:36:58,VIDEO,REELS,7,2,414,2,1,0,10,2025-04-29 17:29:04.402
17841406083211195,18007535549738493,2025-04-14 10:36:58,VIDEO,REELS,7,2,416,2,1,0,10,2025-04-30 17:30:59.234
17841406083211195,18007535549738493,2025-04-14 10:36:58,VIDEO,REELS,7,2,419,2,1,0,10,2025-05-01 17:31:37.129
17841406083211195,18007535549738493,2025-04-14 10:36:58,VIDEO,REELS,7,2,422,2,1,0,10,2025-05-02 17:29:30.527
17841406083211195,18007535549738493,2025-04-14 10:36:58,VIDEO,REELS,7,2,425,2,1,0,10,2025-05-03 17:30:39.027
17841406083211195,18007535549738493,2025-04-14 10:36:58,VIDEO,REELS,7,2,428,2,1,0,10,2025-05-04 17:28:52.312
17841406083211195,18007535549738493,2025-04-14 10:36:58,VIDEO,REELS,7,2,436,2,1,0,10,2025-05-05 17:29:55.874
17841406083211195,18007535549738493,2025-04-14 10:36:58,VIDEO,REELS,7,2,440,2,1,0,10,2025-05-06 17:29:33.100
17841406083211195,18007535549738493,2025-04-14 10:36:58,VIDEO,REELS,7,2,449,2,1,2,12,2025-05-07 17:28:45.310
17841406083211195,18007535549738493,2025-04-14 10:36:58,VIDEO,REELS,7,2,451,2,1,2,12,2025-05-08 17:30:01.758
17841406083211195,18007535549738493,2025-04-14 10:36:58,VIDEO,REELS,7,2,457,2,1,2,12,2025-05-09 17:31:06.446
17841406083211195,18007535549738493,2025-04-14 10:36:58,VIDEO,REELS,7,2,458,2,1,2,12,2025-05-10 17:30:36.597
17841406083211195,18007535549738493,2025-04-14 10:36:58,VIDEO,REELS,7,2,459,2,1,2,12,2025-05-11 17:29:45.383
17841406083211195,18007535549738493,2025-04-14 10:36:58,VIDEO,REELS,7,2,461,2,1,2,12,2025-05-12 17:30:45.010
17841406083211195,18007535549738493,2025-04-14 10:36:58,VIDEO,REELS,7,2,464,2,1,2,12,2025-05-14 17:30:05.776
17841406083211195,18007535549738493,2025-04-14 10:36:58,VIDEO,REELS,7,2,467,2,1,2,12,2025-05-15 17:30:17.667
17841406083211195,18007535549738493,2025-04-14 10:36:58,VIDEO,REELS,7,2,469,2,1,2,12,2025-05-16 17:31:00.289
17841406083211195,18007535549738493,2025-04-14 10:36:58,VIDEO,REELS,7,2,473,2,1,2,12,2025-05-17 17:30:06.318
17841406083211195,18007535549738493,2025-04-14 10:36:58,VIDEO,REELS,7,2,475,2,1,2,12,2025-05-18 17:30:27.080
17841406083211195,18007535549738493,2025-04-14 10:36:58,VIDEO,REELS,7,2,475,2,1,2,12,2025-05-19 17:30:02.662
17841406083211195,18007535549738493,2025-04-14 10:36:58,VIDEO,REELS,7,2,477,2,1,2,12,2025-05-20 17:29:17.942
17841406083211195,18007535549738493,2025-04-14 10:36:58,VIDEO,REELS,7,2,478,2,1,2,12,2025-05-21 17:30:08.515
17841406083211195,18007535549738493,2025-04-14 10:36:58,VIDEO,REELS,7,2,481,2,1,2,12,2025-05-22 17:30:10.259
17841406083211195,18007535549738493,2025-04-14 10:36:58,VIDEO,REELS,7,2,484,2,1,2,12,2025-05-23 17:30:42.874
17841406083211195,18007535549738493,2025-04-14 10:36:58,VIDEO,REELS,7,2,486,2,1,2,12,2025-05-24 17:30:42.254
17841406083211195,18007535549738493,2025-04-14 10:36:58,VIDEO,REELS,7,2,487,2,1,2,12,2025-05-25 17:31:05.653
17841406083211195,18007535549738493,2025-04-14 10:36:58,VIDEO,REELS,7,2,487,2,1,2,12,2025-05-26 17:30:22.057
17841406083211195,18007535549738493,2025-04-14 10:36:58,VIDEO,REELS,7,2,488,2,1,2,12,2025-05-27 17:30:25.252
17841406083211195,18007535549738493,2025-04-14 10:36:58,VIDEO,REELS,7,2,489,2,1,2,12,2025-05-30 17:29:56.105
17841406083211195,18007535549738493,2025-04-14 10:36:58,VIDEO,REELS,7,2,490,2,1,2,12,2025-05-31 17:30:02.398
17841406083211195,18007535549738493,2025-04-14 10:36:58,VIDEO,REELS,7,2,491,2,1,2,12,2025-06-01 17:29:49.085
17841406083211195,18007535549738493,2025-04-14 10:36:58,VIDEO,REELS,7,2,492,2,1,2,12,2025-06-03 17:29:40.475
17841406083211195,18007535549738493,2025-04-14 10:36:58,VIDEO,REELS,7,2,493,2,1,2,12,2025-06-04 17:30:00.715
17841406083211195,18007535549738493,2025-04-14 10:36:58,VIDEO,REELS,7,2,495,2,1,2,12,2025-06-05 17:30:15.490
17841406083211195,18007535549738493,2025-04-14 10:36:58,VIDEO,REELS,7,2,503,2,1,2,12,2025-07-03 17:30:07.993
17841406083211195,18007535549738493,2025-04-14 10:36:58,VIDEO,REELS,7,2,504,2,1,2,12,2025-07-06 17:30:41.009
17841406083211195,18007535549738493,2025-04-14 10:36:58,VIDEO,REELS,7,2,505,2,1,2,12,2025-07-07 17:30:48.215
17841406083211195,18007535549738493,2025-04-14 10:36:58,VIDEO,REELS,7,2,505,2,1,2,12,2025-07-08 17:30:04.063
17841406083211195,18007535549738493,2025-04-14 10:36:58,VIDEO,REELS,7,2,506,2,1,2,12,2025-07-09 17:30:35.094
17841406083211195,18007535549738493,2025-04-14 10:36:58,VIDEO,REELS,7,2,507,2,1,2,12,2025-07-14 17:30:36.576
17841406083211195,18007535549738493,2025-04-14 10:36:58,VIDEO,REELS,7,2,508,2,1,2,12,2025-07-21 17:30:54.849
17841406083211195,18007535549738493,2025-04-14 10:36:58,VIDEO,REELS,7,2,509,2,1,2,12,2025-07-27 17:30:43.456
17841406083211195,18007535549738493,2025-04-14 10:36:58,VIDEO,REELS,7,2,510,2,1,2,12,2025-07-29 17:29:59.937
17841406083211195,18007535549738493,2025-04-14 10:36:58,VIDEO,REELS,7,2,511,2,1,2,12,2025-08-03 17:29:51.706
17841406083211195,18007535549738493,2025-04-14 10:36:58,VIDEO,REELS,7,2,511,2,1,2,12,2025-08-04 17:30:32.195
17841406083211195,18007535549738493,2025-04-14 10:36:58,VIDEO,REELS,7,2,514,2,1,2,12,2025-08-06 17:29:32.813
17841406083211195,18007535549738493,2025-04-14 10:36:58,VIDEO,REELS,7,2,515,2,1,2,12,2025-08-08 17:29:41.594
17841406083211195,18007535549738493,2025-04-14 10:36:58,VIDEO,REELS,7,2,517,2,1,2,12,2025-08-11 17:30:48.467
17841406083211195,18007535549738493,2025-04-14 10:36:58,VIDEO,REELS,7,2,517,2,1,2,12,2025-08-13 17:30:05.531
17841406083211195,18007535549738493,2025-04-14 10:36:58,VIDEO,REELS,7,2,518,2,1,2,12,2025-08-19 17:29:48.967
17841406083211195,18007535549738493,2025-04-14 10:36:58,VIDEO,REELS,7,2,519,2,1,2,12,2025-08-20 17:29:49.049
17841406083211195,18007535549738493,2025-04-14 10:36:58,VIDEO,REELS,7,2,520,2,1,2,12,2025-08-24 17:29:14.559
17841406083211195,18007535549738493,2025-04-14 10:36:58,VIDEO,REELS,7,2,521,2,1,2,12,2025-08-25 17:29:45.208
17841406083211195,18007535549738493,2025-04-14 10:36:58,VIDEO,REELS,7,2,522,2,1,2,12,2025-08-28 17:31:28.493
17841406083211195,18007535549738493,2025-04-14 10:36:58,VIDEO,REELS,7,2,523,2,1,2,12,2025-08-31 17:28:56.739
17841406083211195,18007535549738493,2025-04-14 10:36:58,VIDEO,REELS,7,2,530,2,1,2,12,2025-10-10 17:30:20.762
17841406083211195,18007535549738493,2025-04-14 10:36:58,VIDEO,REELS,7,2,531,2,1,2,12,2025-10-12 17:29:04.380
17841406083211195,18007535549738493,2025-04-14 10:36:58,VIDEO,REELS,7,2,532,2,1,2,12,2025-11-07 17:29:19.582
17841406083211195,18007535549738493,2025-04-14 10:36:58,VIDEO,REELS,7,2,533,2,1,2,12,2025-11-10 17:29:23.640
17841406083211195,18007535549738493,2025-04-14 10:36:58,VIDEO,REELS,7,2,534,2,1,2,12,2025-11-24 17:36:00.678
17841406083211195,18007535549738493,2025-04-14 10:36:58,VIDEO,REELS,7,2,535,2,1,2,12,2025-12-01 17:33:33.579
17841406083211195,18007535549738493,2025-04-14 10:36:58,VIDEO,REELS,7,2,536,2,1,2,12,2025-12-03 17:36:09.388
17841406083211195,18007535549738493,2025-04-14 10:36:58,VIDEO,REELS,7,2,537,2,1,2,12,2025-12-04 17:34:15.570
17841406083211195,18007535549738493,2025-04-14 10:36:58,VIDEO,REELS,7,2,538,2,1,2,12,2025-12-20 17:36:15.183
17841406083211195,18007535549738493,2025-04-14 10:36:58,VIDEO,REELS,7,2,538,2,1,2,12,2025-12-25 17:29:40.549
17841406083211195,18008368910627970,2025-09-19 10:16:30,VIDEO,REELS,11,0,318,0,2,0,13,2025-10-01 04:09:53.351
17841406083211195,18008368910627970,2025-09-19 10:16:30,VIDEO,REELS,11,0,320,0,2,0,13,2025-10-01 17:29:53.155
17841406083211195,18008368910627970,2025-09-19 10:16:30,VIDEO,REELS,11,0,321,0,2,0,13,2025-10-02 04:04:29.522
17841406083211195,18008368910627970,2025-09-19 10:16:30,VIDEO,REELS,11,0,324,0,2,0,13,2025-10-02 17:29:27.079
17841406083211195,18008368910627970,2025-09-19 10:16:30,VIDEO,REELS,11,0,332,0,2,0,13,2025-10-03 17:29:13.358
17841406083211195,18008368910627970,2025-09-19 10:16:30,VIDEO,REELS,11,0,333,0,2,0,13,2025-10-04 17:29:36.067
17841406083211195,18008368910627970,2025-09-19 10:16:30,VIDEO,REELS,11,0,334,0,2,0,13,2025-10-05 17:29:24.321
17841406083211195,18008368910627970,2025-09-19 10:16:30,VIDEO,REELS,11,0,336,0,2,0,13,2025-10-06 17:28:48.561
17841406083211195,18008368910627970,2025-09-19 10:16:30,VIDEO,REELS,11,0,337,0,2,0,13,2025-10-07 17:28:29.275
17841406083211195,18008368910627970,2025-09-19 10:16:30,VIDEO,REELS,11,0,339,0,2,0,13,2025-10-08 17:29:40.362
17841406083211195,18008368910627970,2025-09-19 10:16:30,VIDEO,REELS,11,0,341,0,2,0,13,2025-10-09 17:28:46.174
17841406083211195,18008368910627970,2025-09-19 10:16:30,VIDEO,REELS,11,0,345,0,2,0,13,2025-10-10 17:30:06.546
17841406083211195,18008368910627970,2025-09-19 10:16:30,VIDEO,REELS,11,0,345,0,2,0,13,2025-10-11 17:28:30.971
17841406083211195,18008368910627970,2025-09-19 10:16:30,VIDEO,REELS,11,0,346,0,2,0,13,2025-10-12 17:28:49.793
17841406083211195,18008368910627970,2025-09-19 10:16:30,VIDEO,REELS,11,0,348,0,2,0,13,2025-10-13 17:28:53.161
17841406083211195,18008368910627970,2025-09-19 10:16:30,VIDEO,REELS,11,0,349,0,2,0,13,2025-10-14 17:28:21.213
17841406083211195,18008368910627970,2025-09-19 10:16:30,VIDEO,REELS,11,0,350,0,2,0,13,2025-10-16 17:28:56.622
17841406083211195,18008368910627970,2025-09-19 10:16:30,VIDEO,REELS,13,1,354,1,2,0,16,2025-10-18 17:28:28.255
17841406083211195,18008368910627970,2025-09-19 10:16:30,VIDEO,REELS,14,1,356,1,2,0,17,2025-10-20 17:29:18.466
17841406083211195,18008368910627970,2025-09-19 10:16:30,VIDEO,REELS,14,1,357,1,2,0,17,2025-10-21 17:28:38.457
17841406083211195,18008368910627970,2025-09-19 10:16:30,VIDEO,REELS,14,1,358,1,2,0,17,2025-10-23 17:28:30.290
17841406083211195,18008368910627970,2025-09-19 10:16:30,VIDEO,REELS,14,1,359,1,2,0,17,2025-10-24 17:28:52.181
17841406083211195,18008368910627970,2025-09-19 10:16:30,VIDEO,REELS,14,1,361,1,2,0,17,2025-10-25 17:30:00.345
17841406083211195,18008368910627970,2025-09-19 10:16:30,VIDEO,REELS,14,1,362,1,2,0,17,2025-10-27 17:28:46.999
17841406083211195,18008368910627970,2025-09-19 10:16:30,VIDEO,REELS,14,1,363,1,2,0,17,2025-10-28 17:29:42.170
17841406083211195,18008368910627970,2025-09-19 10:16:30,VIDEO,REELS,14,1,364,1,2,0,17,2025-10-29 17:29:27.590
17841406083211195,18008368910627970,2025-09-19 10:16:30,VIDEO,REELS,14,1,367,1,2,0,17,2025-11-03 17:28:49.524
17841406083211195,18008368910627970,2025-09-19 10:16:30,VIDEO,REELS,14,1,368,1,2,1,18,2025-11-04 17:28:20.665
17841406083211195,18008368910627970,2025-09-19 10:16:30,VIDEO,REELS,14,1,371,1,2,1,18,2025-11-05 17:28:28.353
17841406083211195,18008368910627970,2025-09-19 10:16:30,VIDEO,REELS,14,1,372,1,2,1,18,2025-11-07 17:29:01.090
17841406083211195,18008368910627970,2025-09-19 10:16:30,VIDEO,REELS,15,1,373,1,2,1,19,2025-11-09 17:28:38.966
17841406083211195,18008368910627970,2025-09-19 10:16:30,VIDEO,REELS,15,1,374,1,2,1,19,2025-11-10 17:29:07.646
17841406083211195,18008368910627970,2025-09-19 10:16:30,VIDEO,REELS,15,1,376,1,2,1,19,2025-11-11 17:28:56.856
17841406083211195,18008368910627970,2025-09-19 10:16:30,VIDEO,REELS,15,1,378,1,2,1,19,2025-11-12 17:28:57.518
17841406083211195,18008368910627970,2025-09-19 10:16:30,VIDEO,REELS,15,1,380,1,2,1,19,2025-11-13 17:29:19.507
17841406083211195,18008368910627970,2025-09-19 10:16:30,VIDEO,REELS,15,1,381,1,2,1,19,2025-11-14 17:29:00.545
17841406083211195,18008368910627970,2025-09-19 10:16:30,VIDEO,REELS,15,1,384,1,2,1,19,2025-11-18 17:28:56.199
17841406083211195,18008368910627970,2025-09-19 10:16:30,VIDEO,REELS,15,1,388,1,2,1,19,2025-11-19 17:35:38.990
17841406083211195,18008368910627970,2025-09-19 10:16:30,VIDEO,REELS,15,1,389,1,2,1,19,2025-11-21 17:35:55.882
17841406083211195,18008368910627970,2025-09-19 10:16:30,VIDEO,REELS,15,1,390,1,2,1,19,2025-11-22 17:33:59.874
17841406083211195,18008368910627970,2025-09-19 10:16:30,VIDEO,REELS,15,1,391,1,2,1,19,2025-11-26 17:37:34.800
17841406083211195,18008368910627970,2025-09-19 10:16:30,VIDEO,REELS,15,1,391,1,2,1,19,2025-11-27 17:34:42.520
17841406083211195,18008368910627970,2025-09-19 10:16:30,VIDEO,REELS,15,1,392,1,2,1,19,2025-12-01 17:34:00.994
17841406083211195,18008368910627970,2025-09-19 10:16:30,VIDEO,REELS,15,1,393,1,2,1,19,2025-12-02 17:35:28.475
17841406083211195,18008368910627970,2025-09-19 10:16:30,VIDEO,REELS,15,1,394,1,2,1,19,2025-12-04 17:34:52.055
17841406083211195,18008368910627970,2025-09-19 10:16:30,VIDEO,REELS,15,1,395,1,2,1,19,2025-12-12 17:35:50.535
17841406083211195,18008368910627970,2025-09-19 10:16:30,VIDEO,REELS,15,1,400,1,2,1,19,2025-12-15 17:37:13.500
17841406083211195,18008368910627970,2025-09-19 10:16:30,VIDEO,REELS,15,1,401,1,2,1,19,2025-12-25 17:29:11.621
17841406083211195,18031421705303574,2025-02-20 09:59:50,VIDEO,REELS,7,0,503,0,0,0,7,2025-04-18 19:14:47.752
17841406083211195,18031421705303574,2025-02-20 09:59:50,VIDEO,REELS,7,0,506,0,0,0,7,2025-04-22 06:39:46.053
17841406083211195,18031421705303574,2025-02-20 09:59:50,VIDEO,REELS,7,0,508,0,0,0,7,2025-04-24 17:29:59.118
17841406083211195,18031421705303574,2025-02-20 09:59:50,VIDEO,REELS,7,0,508,0,0,0,7,2025-04-25 17:30:04.356
17841406083211195,18031421705303574,2025-02-20 09:59:50,VIDEO,REELS,7,0,509,0,0,0,7,2025-05-08 17:30:01.754
17841406083211195,18031421705303574,2025-02-20 09:59:50,VIDEO,REELS,7,0,511,0,0,0,7,2025-05-14 17:30:05.773
17841406083211195,18031421705303574,2025-02-20 09:59:50,VIDEO,REELS,7,0,511,0,0,0,7,2025-05-17 17:30:06.316
17841406083211195,18031421705303574,2025-02-20 09:59:50,VIDEO,REELS,7,0,512,0,0,0,7,2025-05-18 17:30:27.078
17841406083211195,18031421705303574,2025-02-20 09:59:50,VIDEO,REELS,7,0,513,0,0,0,7,2025-05-20 17:29:17.940
17841406083211195,18031421705303574,2025-02-20 09:59:50,VIDEO,REELS,7,0,513,0,0,0,7,2025-05-22 17:30:10.256
17841406083211195,18031421705303574,2025-02-20 09:59:50,VIDEO,REELS,7,0,513,0,0,0,7,2025-05-24 17:30:42.246
17841406083211195,18031421705303574,2025-02-20 09:59:50,VIDEO,REELS,7,0,514,0,0,0,7,2025-05-28 17:30:39.442
17841406083211195,18031421705303574,2025-02-20 09:59:50,VIDEO,REELS,7,0,515,0,0,0,7,2025-06-04 17:30:08.096
17841406083211195,18031421705303574,2025-02-20 09:59:50,VIDEO,REELS,7,0,516,0,0,0,7,2025-06-05 17:30:24.257
17841406083211195,18031421705303574,2025-02-20 09:59:50,VIDEO,REELS,7,0,521,0,0,0,7,2025-07-12 17:30:18.821
17841406083211195,18031421705303574,2025-02-20 09:59:50,VIDEO,REELS,7,0,522,0,0,0,7,2025-07-20 17:30:24.966
17841406083211195,18031421705303574,2025-02-20 09:59:50,VIDEO,REELS,7,0,523,0,0,0,7,2025-07-21 17:30:54.844
17841406083211195,18031421705303574,2025-02-20 09:59:50,VIDEO,REELS,7,0,524,0,0,0,7,2025-07-31 17:29:02.395
17841406083211195,18031421705303574,2025-02-20 09:59:50,VIDEO,REELS,7,0,525,0,0,0,7,2025-08-04 17:30:32.192
17841406083211195,18031421705303574,2025-02-20 09:59:50,VIDEO,REELS,7,0,526,0,0,0,7,2025-08-06 17:29:32.812
17841406083211195,18031421705303574,2025-02-20 09:59:50,VIDEO,REELS,7,0,527,0,0,0,7,2025-08-08 17:29:41.586
17841406083211195,18031421705303574,2025-02-20 09:59:50,VIDEO,REELS,7,0,528,0,0,0,7,2025-08-11 17:30:48.465
17841406083211195,18031421705303574,2025-02-20 09:59:50,VIDEO,REELS,7,0,529,0,0,0,7,2025-08-20 17:29:54.702
17841406083211195,18031421705303574,2025-02-20 09:59:50,VIDEO,REELS,7,0,533,0,0,0,7,2025-08-21 17:30:35.451
17841406083211195,18031421705303574,2025-02-20 09:59:50,VIDEO,REELS,7,0,534,0,0,0,7,2025-08-25 17:29:53.214
17841406083211195,18031421705303574,2025-02-20 09:59:50,VIDEO,REELS,7,0,536,0,0,0,7,2025-08-31 17:29:08.152
17841406083211195,18031421705303574,2025-02-20 09:59:50,VIDEO,REELS,7,0,542,0,0,0,7,2025-10-08 17:29:55.667
17841406083211195,18031421705303574,2025-02-20 09:59:50,VIDEO,REELS,7,0,543,0,0,0,7,2025-10-16 17:29:14.741
17841406083211195,18031421705303574,2025-02-20 09:59:50,VIDEO,REELS,7,0,543,0,0,0,7,2025-10-23 17:28:45.969
17841406083211195,18031421705303574,2025-02-20 09:59:50,VIDEO,REELS,7,0,544,0,0,0,7,2025-11-08 17:29:51.371
17841406083211195,18031421705303574,2025-02-20 09:59:50,VIDEO,REELS,7,0,545,0,0,0,7,2025-11-10 17:29:31.996
17841406083211195,18031421705303574,2025-02-20 09:59:50,VIDEO,REELS,7,0,546,0,0,0,7,2025-11-11 17:29:22.335
17841406083211195,18031421705303574,2025-02-20 09:59:50,VIDEO,REELS,7,0,547,0,0,0,7,2025-11-14 17:29:25.547
17841406083211195,18031421705303574,2025-02-20 09:59:50,VIDEO,REELS,7,0,548,0,0,0,7,2025-12-03 17:35:49.231
17841406083211195,18031421705303574,2025-02-20 09:59:50,VIDEO,REELS,7,0,549,0,0,0,7,2025-12-04 17:33:52.375
17841406083211195,18031421705303574,2025-02-20 09:59:50,VIDEO,REELS,7,0,550,0,0,0,7,2025-12-25 17:29:40.547
17841406083211195,18032802248437697,2025-01-03 10:32:20,VIDEO,REELS,36,0,1849,0,0,0,36,2025-04-18 19:14:48.871
17841406083211195,18032802248437697,2025-01-03 10:32:20,VIDEO,REELS,36,0,1850,0,0,0,36,2025-04-20 21:57:35.084
17841406083211195,18032802248437697,2025-01-03 10:32:20,VIDEO,REELS,36,0,1851,0,0,0,36,2025-04-22 17:29:19.248
17841406083211195,18032802248437697,2025-01-03 10:32:20,VIDEO,REELS,36,0,1852,0,0,0,36,2025-05-05 17:29:58.460
17841406083211195,18032802248437697,2025-01-03 10:32:20,VIDEO,REELS,36,0,1853,0,0,0,36,2025-05-11 17:29:47.648
17841406083211195,18032802248437697,2025-01-03 10:32:20,VIDEO,REELS,36,0,1855,0,0,0,36,2025-05-16 17:31:02.561
17841406083211195,18032802248437697,2025-01-03 10:32:20,VIDEO,REELS,36,0,1855,0,0,0,36,2025-06-05 17:30:24.270
17841406083211195,18032802248437697,2025-01-03 10:32:20,VIDEO,REELS,36,0,1857,0,0,0,36,2025-07-19 17:30:14.982
17841406083211195,18032802248437697,2025-01-03 10:32:20,VIDEO,REELS,36,0,1858,0,0,0,36,2025-08-05 17:30:42.510
17841406083211195,18032802248437697,2025-01-03 10:32:20,VIDEO,REELS,36,0,1859,0,0,0,36,2025-08-08 17:29:44.677
17841406083211195,18032802248437697,2025-01-03 10:32:20,VIDEO,REELS,36,0,1859,0,0,0,36,2025-08-10 17:29:57.892
17841406083211195,18032802248437697,2025-01-03 10:32:20,VIDEO,REELS,36,0,1860,0,0,0,36,2025-08-11 17:30:52.902
17841406083211195,18032802248437697,2025-01-03 10:32:20,VIDEO,REELS,36,0,1861,0,0,0,36,2025-08-20 17:29:54.711
17841406083211195,18032802248437697,2025-01-03 10:32:20,VIDEO,REELS,36,0,1862,0,0,0,36,2025-08-25 17:29:53.219
17841406083211195,18032802248437697,2025-01-03 10:32:20,VIDEO,REELS,36,0,1863,0,0,0,36,2025-08-31 17:29:08.163
17841406083211195,18032802248437697,2025-01-03 10:32:20,VIDEO,REELS,36,0,1866,0,0,0,36,2025-10-16 17:29:16.654
17841406083211195,18032802248437697,2025-01-03 10:32:20,VIDEO,REELS,36,0,1867,0,0,0,36,2025-12-24 17:29:27.246
17841406083211195,18032802248437697,2025-01-03 10:32:20,VIDEO,REELS,36,0,1869,0,0,0,36,2025-12-25 17:29:48.441
17841406083211195,18033130847391258,2025-06-05 10:09:15,VIDEO,REELS,7,0,193,0,0,14,21,2025-06-05 17:30:04.401
17841406083211195,18033130847391258,2025-06-05 10:09:15,VIDEO,REELS,8,0,356,0,0,14,22,2025-07-03 17:29:59.199
17841406083211195,18033130847391258,2025-06-05 10:09:15,VIDEO,REELS,8,0,357,0,0,14,22,2025-07-04 17:30:58.663
17841406083211195,18033130847391258,2025-06-05 10:09:15,VIDEO,REELS,8,0,358,0,0,14,22,2025-07-05 17:29:52.037
17841406083211195,18033130847391258,2025-06-05 10:09:15,VIDEO,REELS,8,0,359,0,0,14,22,2025-07-10 17:29:17.317
17841406083211195,18033130847391258,2025-06-05 10:09:15,VIDEO,REELS,8,0,359,0,0,14,22,2025-07-15 17:29:51.507
17841406083211195,18033130847391258,2025-06-05 10:09:15,VIDEO,REELS,8,0,360,0,0,14,22,2025-07-16 17:30:05.702
17841406083211195,18033130847391258,2025-06-05 10:09:15,VIDEO,REELS,8,0,361,0,0,14,22,2025-07-18 17:29:48.359
17841406083211195,18033130847391258,2025-06-05 10:09:15,VIDEO,REELS,8,0,362,0,0,14,22,2025-07-19 17:30:04.106
17841406083211195,18033130847391258,2025-06-05 10:09:15,VIDEO,REELS,8,0,363,0,0,14,22,2025-07-25 17:29:40.351
17841406083211195,18033130847391258,2025-06-05 10:09:15,VIDEO,REELS,8,0,363,0,0,14,22,2025-07-27 17:30:34.300
17841406083211195,18033130847391258,2025-06-05 10:09:15,VIDEO,REELS,8,0,364,0,0,14,22,2025-07-29 17:29:46.524
17841406083211195,18033130847391258,2025-06-05 10:09:15,VIDEO,REELS,8,0,367,0,0,14,22,2025-08-01 17:30:02.443
17841406083211195,18033130847391258,2025-06-05 10:09:15,VIDEO,REELS,8,0,368,0,0,14,22,2025-08-06 17:29:21.807
17841406083211195,18033130847391258,2025-06-05 10:09:15,VIDEO,REELS,8,0,369,0,0,14,22,2025-08-14 17:30:30.698
17841406083211195,18033130847391258,2025-06-05 10:09:15,VIDEO,REELS,8,0,370,0,0,14,22,2025-08-17 17:28:43.175
17841406083211195,18033130847391258,2025-06-05 10:09:15,VIDEO,REELS,8,0,371,0,0,14,22,2025-08-19 17:29:34.420
17841406083211195,18033130847391258,2025-06-05 10:09:15,VIDEO,REELS,8,0,372,0,0,14,22,2025-08-20 17:29:40.855
17841406083211195,18033130847391258,2025-06-05 10:09:15,VIDEO,REELS,8,0,373,0,0,14,22,2025-08-24 17:29:05.921
17841406083211195,18033130847391258,2025-06-05 10:09:15,VIDEO,REELS,8,0,374,0,0,14,22,2025-08-29 17:28:53.238
17841406083211195,18033130847391258,2025-06-05 10:09:15,VIDEO,REELS,8,0,375,0,0,14,22,2025-08-31 17:28:56.731
17841406083211195,18033130847391258,2025-06-05 10:09:15,VIDEO,REELS,8,0,385,0,0,14,22,2025-10-15 17:30:00.900
17841406083211195,18033130847391258,2025-06-05 10:09:15,VIDEO,REELS,8,0,386,0,0,14,22,2025-10-29 17:29:38.415
17841406083211195,18033130847391258,2025-06-05 10:09:15,VIDEO,REELS,8,0,389,0,0,14,22,2025-11-10 17:29:23.633
17841406083211195,18033130847391258,2025-06-05 10:09:15,VIDEO,REELS,8,0,391,0,0,14,22,2025-11-17 17:29:22.817
17841406083211195,18033130847391258,2025-06-05 10:09:15,VIDEO,REELS,8,0,392,0,0,14,22,2025-11-18 17:29:13.847
17841406083211195,18033130847391258,2025-06-05 10:09:15,VIDEO,REELS,8,0,393,0,0,14,22,2025-12-03 17:36:28.737
17841406083211195,18033130847391258,2025-06-05 10:09:15,VIDEO,REELS,8,0,394,0,0,14,22,2025-12-25 17:29:25.131
17841406083211195,18034513877480479,2025-08-14 10:16:13,VIDEO,REELS,1,0,74,0,0,0,1,2025-08-14 17:30:24.753
17841406083211195,18034513877480479,2025-08-14 10:16:13,VIDEO,REELS,2,0,160,0,0,0,2,2025-08-15 17:29:13.798
17841406083211195,18034513877480479,2025-08-14 10:16:13,VIDEO,REELS,2,0,230,0,0,0,2,2025-08-16 17:29:21.926
17841406083211195,18034513877480479,2025-08-14 10:16:13,VIDEO,REELS,2,0,232,0,0,0,2,2025-08-17 17:28:43.181
17841406083211195,18034513877480479,2025-08-14 10:16:13,VIDEO,REELS,2,0,238,0,0,0,2,2025-08-18 17:28:55.671
17841406083211195,18034513877480479,2025-08-14 10:16:13,VIDEO,REELS,2,0,243,0,0,0,2,2025-08-19 17:29:34.433
17841406083211195,18034513877480479,2025-08-14 10:16:13,VIDEO,REELS,2,0,244,0,0,0,2,2025-08-20 17:29:40.872
17841406083211195,18034513877480479,2025-08-14 10:16:13,VIDEO,REELS,2,0,251,0,0,0,2,2025-08-21 17:30:19.079
17841406083211195,18034513877480479,2025-08-14 10:16:13,VIDEO,REELS,2,0,255,0,0,0,2,2025-08-24 17:29:05.931
17841406083211195,18034513877480479,2025-08-14 10:16:13,VIDEO,REELS,2,0,259,0,0,0,2,2025-08-25 17:29:34.731
17841406083211195,18034513877480479,2025-08-14 10:16:13,VIDEO,REELS,2,0,263,0,0,0,2,2025-08-26 17:29:05.587
17841406083211195,18034513877480479,2025-08-14 10:16:13,VIDEO,REELS,2,0,264,0,0,0,2,2025-08-27 17:30:15.463
17841406083211195,18034513877480479,2025-08-14 10:16:13,VIDEO,REELS,2,0,267,0,0,0,2,2025-08-29 17:28:45.768
17841406083211195,18034513877480479,2025-08-14 10:16:13,VIDEO,REELS,2,0,268,0,0,0,2,2025-08-30 17:30:09.892
17841406083211195,18034513877480479,2025-08-14 10:16:13,VIDEO,REELS,2,0,271,0,0,0,2,2025-08-31 17:28:47.925
17841406083211195,18034513877480479,2025-08-14 10:16:13,VIDEO,REELS,2,0,329,0,0,0,2,2025-10-01 04:09:53.346
17841406083211195,18034513877480479,2025-08-14 10:16:13,VIDEO,REELS,2,0,335,0,0,0,2,2025-10-01 17:29:53.151
17841406083211195,18034513877480479,2025-08-14 10:16:13,VIDEO,REELS,2,0,337,0,0,0,2,2025-10-02 04:04:29.519
17841406083211195,18034513877480479,2025-08-14 10:16:13,VIDEO,REELS,2,0,338,0,0,0,2,2025-10-02 17:29:27.076
17841406083211195,18034513877480479,2025-08-14 10:16:13,VIDEO,REELS,2,0,341,0,0,0,2,2025-10-05 17:29:24.317
17841406083211195,18034513877480479,2025-08-14 10:16:13,VIDEO,REELS,2,0,342,0,0,0,2,2025-10-06 17:28:48.558
17841406083211195,18034513877480479,2025-08-14 10:16:13,VIDEO,REELS,2,0,346,0,0,0,2,2025-10-08 17:29:40.359
17841406083211195,18034513877480479,2025-08-14 10:16:13,VIDEO,REELS,2,0,347,0,0,0,2,2025-10-09 17:28:46.169
17841406083211195,18034513877480479,2025-08-14 10:16:13,VIDEO,REELS,2,0,348,0,0,0,2,2025-10-13 17:28:53.157
17841406083211195,18034513877480479,2025-08-14 10:16:13,VIDEO,REELS,2,0,349,0,0,0,2,2025-10-15 17:29:48.878
17841406083211195,18034513877480479,2025-08-14 10:16:13,VIDEO,REELS,2,0,350,0,0,0,2,2025-10-20 17:29:18.462
17841406083211195,18034513877480479,2025-08-14 10:16:13,VIDEO,REELS,2,0,351,0,0,0,2,2025-10-21 17:28:38.455
17841406083211195,18034513877480479,2025-08-14 10:16:13,VIDEO,REELS,2,0,352,0,0,0,2,2025-10-22 17:28:54.482
17841406083211195,18034513877480479,2025-08-14 10:16:13,VIDEO,REELS,2,0,353,0,0,0,2,2025-10-26 17:30:15.221
17841406083211195,18034513877480479,2025-08-14 10:16:13,VIDEO,REELS,2,0,354,0,0,0,2,2025-10-27 17:28:46.993
17841406083211195,18034513877480479,2025-08-14 10:16:13,VIDEO,REELS,2,0,355,0,0,0,2,2025-10-29 17:29:27.588
17841406083211195,18034513877480479,2025-08-14 10:16:13,VIDEO,REELS,2,0,358,0,0,0,2,2025-11-06 17:28:50.924
17841406083211195,18034513877480479,2025-08-14 10:16:13,VIDEO,REELS,2,0,359,0,0,0,2,2025-11-10 17:29:14.408
17841406083211195,18034513877480479,2025-08-14 10:16:13,VIDEO,REELS,2,0,361,0,0,0,2,2025-11-11 17:29:05.809
17841406083211195,18034513877480479,2025-08-14 10:16:13,VIDEO,REELS,2,0,362,0,0,0,2,2025-11-13 17:29:31.143
17841406083211195,18034513877480479,2025-08-14 10:16:13,VIDEO,REELS,2,0,363,0,0,0,2,2025-11-17 17:29:12.869
17841406083211195,18034513877480479,2025-08-14 10:16:13,VIDEO,REELS,2,0,364,0,0,0,2,2025-11-18 17:29:03.775
17841406083211195,18034513877480479,2025-08-14 10:16:13,VIDEO,REELS,2,0,365,0,0,0,2,2025-12-03 17:36:28.746
17841406083211195,18034513877480479,2025-08-14 10:16:13,VIDEO,REELS,2,0,366,0,0,0,2,2025-12-07 17:33:28.018
17841406083211195,18034513877480479,2025-08-14 10:16:13,VIDEO,REELS,2,0,367,0,0,0,2,2025-12-15 17:36:51.715
17841406083211195,18034513877480479,2025-08-14 10:16:13,VIDEO,REELS,2,0,367,0,0,0,2,2025-12-25 17:29:11.618
17841406083211195,18036135668680206,2025-08-15 10:06:42,VIDEO,REELS,3,0,120,0,0,0,3,2025-08-15 17:29:13.793
17841406083211195,18036135668680206,2025-08-15 10:06:42,VIDEO,REELS,3,0,219,0,0,0,3,2025-08-16 17:29:21.920
17841406083211195,18036135668680206,2025-08-15 10:06:42,VIDEO,REELS,3,0,231,0,0,0,3,2025-08-17 17:28:36.934
17841406083211195,18036135668680206,2025-08-15 10:06:42,VIDEO,REELS,3,0,243,0,0,0,3,2025-08-18 17:28:55.667
17841406083211195,18036135668680206,2025-08-15 10:06:42,VIDEO,REELS,3,0,254,0,0,0,3,2025-08-19 17:29:34.425
17841406083211195,18036135668680206,2025-08-15 10:06:42,VIDEO,REELS,3,0,255,0,0,0,3,2025-08-20 17:29:40.863
17841406083211195,18036135668680206,2025-08-15 10:06:42,VIDEO,REELS,3,0,267,0,0,0,3,2025-08-21 17:30:19.073
17841406083211195,18036135668680206,2025-08-15 10:06:42,VIDEO,REELS,3,0,277,0,0,0,3,2025-08-22 17:29:22.409
17841406083211195,18036135668680206,2025-08-15 10:06:42,VIDEO,REELS,3,0,279,0,0,0,3,2025-08-23 17:29:30.924
17841406083211195,18036135668680206,2025-08-15 10:06:42,VIDEO,REELS,3,0,280,0,0,0,3,2025-08-24 17:29:05.925
17841406083211195,18036135668680206,2025-08-15 10:06:42,VIDEO,REELS,3,0,283,0,0,0,3,2025-08-25 17:29:34.727
17841406083211195,18036135668680206,2025-08-15 10:06:42,VIDEO,REELS,3,0,287,0,0,0,3,2025-08-26 17:29:05.578
17841406083211195,18036135668680206,2025-08-15 10:06:42,VIDEO,REELS,3,0,288,0,0,0,3,2025-08-27 17:30:15.454
17841406083211195,18036135668680206,2025-08-15 10:06:42,VIDEO,REELS,3,0,294,0,0,0,3,2025-08-28 17:31:18.223
17841406083211195,18036135668680206,2025-08-15 10:06:42,VIDEO,REELS,3,0,295,0,0,0,3,2025-08-29 17:28:45.764
17841406083211195,18036135668680206,2025-08-15 10:06:42,VIDEO,REELS,3,0,296,0,0,0,3,2025-08-30 17:30:09.889
17841406083211195,18036135668680206,2025-08-15 10:06:42,VIDEO,REELS,3,0,301,0,0,0,3,2025-08-31 17:28:47.918
17841406083211195,18036135668680206,2025-08-15 10:06:42,VIDEO,REELS,3,0,373,0,0,0,3,2025-10-01 04:09:53.337
17841406083211195,18036135668680206,2025-08-15 10:06:42,VIDEO,REELS,3,0,379,0,0,0,3,2025-10-02 02:39:18.153
17841406083211195,18036135668680206,2025-08-15 10:06:42,VIDEO,REELS,3,0,380,0,0,0,3,2025-10-02 04:04:29.514
17841406083211195,18036135668680206,2025-08-15 10:06:42,VIDEO,REELS,3,0,382,0,0,0,3,2025-10-02 17:29:27.071
17841406083211195,18036135668680206,2025-08-15 10:06:42,VIDEO,REELS,3,0,384,0,0,0,3,2025-10-05 17:29:24.311
17841406083211195,18036135668680206,2025-08-15 10:06:42,VIDEO,REELS,3,0,386,0,0,0,3,2025-10-06 17:28:48.553
17841406083211195,18036135668680206,2025-08-15 10:06:42,VIDEO,REELS,3,0,390,0,0,0,3,2025-10-08 17:29:40.357
17841406083211195,18036135668680206,2025-08-15 10:06:42,VIDEO,REELS,3,0,393,0,0,0,3,2025-10-09 17:28:46.164
17841406083211195,18036135668680206,2025-08-15 10:06:42,VIDEO,REELS,3,0,394,0,0,0,3,2025-10-13 17:28:53.154
17841406083211195,18036135668680206,2025-08-15 10:06:42,VIDEO,REELS,3,0,395,0,0,0,3,2025-10-14 17:28:21.204
17841406083211195,18036135668680206,2025-08-15 10:06:42,VIDEO,REELS,3,0,396,0,0,0,3,2025-10-15 17:29:48.874
17841406083211195,18036135668680206,2025-08-15 10:06:42,VIDEO,REELS,3,0,397,0,0,0,3,2025-10-20 17:29:18.457
17841406083211195,18036135668680206,2025-08-15 10:06:42,VIDEO,REELS,3,0,398,0,0,0,3,2025-10-21 17:28:38.452
17841406083211195,18036135668680206,2025-08-15 10:06:42,VIDEO,REELS,3,0,399,0,0,0,3,2025-10-22 17:28:54.478
17841406083211195,18036135668680206,2025-08-15 10:06:42,VIDEO,REELS,3,0,401,0,0,0,3,2025-10-26 17:30:15.215
17841406083211195,18036135668680206,2025-08-15 10:06:42,VIDEO,REELS,3,0,402,0,0,0,3,2025-10-27 17:28:46.986
17841406083211195,18036135668680206,2025-08-15 10:06:42,VIDEO,REELS,3,0,404,0,0,0,3,2025-10-29 17:29:27.585
17841406083211195,18036135668680206,2025-08-15 10:06:42,VIDEO,REELS,3,0,407,0,0,0,3,2025-11-06 17:28:50.916
17841406083211195,18036135668680206,2025-08-15 10:06:42,VIDEO,REELS,3,0,407,0,0,0,3,2025-11-10 17:29:14.401
17841406083211195,18036135668680206,2025-08-15 10:06:42,VIDEO,REELS,3,0,409,0,0,0,3,2025-11-11 17:29:05.806
17841406083211195,18036135668680206,2025-08-15 10:06:42,VIDEO,REELS,3,0,410,0,0,0,3,2025-11-13 17:29:31.133
17841406083211195,18036135668680206,2025-08-15 10:06:42,VIDEO,REELS,3,0,410,0,0,0,3,2025-11-17 17:29:12.863
17841406083211195,18036135668680206,2025-08-15 10:06:42,VIDEO,REELS,3,0,411,0,0,0,3,2025-11-18 17:29:03.771
17841406083211195,18036135668680206,2025-08-15 10:06:42,VIDEO,REELS,3,0,412,0,0,0,3,2025-12-03 17:36:28.741
17841406083211195,18036135668680206,2025-08-15 10:06:42,VIDEO,REELS,3,0,413,0,0,0,3,2025-12-07 17:33:28.013
17841406083211195,18036135668680206,2025-08-15 10:06:42,VIDEO,REELS,3,0,414,0,0,0,3,2025-12-25 17:29:11.616
17841406083211195,18037481294400467,2025-07-18 10:38:13,VIDEO,REELS,0,0,133,0,0,0,0,2025-07-18 17:29:30.005
17841406083211195,18037481294400467,2025-07-18 10:38:13,VIDEO,REELS,0,0,152,0,0,0,0,2025-07-19 17:29:55.181
17841406083211195,18037481294400467,2025-07-18 10:38:13,VIDEO,REELS,0,0,164,0,0,0,0,2025-07-20 17:30:03.571
17841406083211195,18037481294400467,2025-07-18 10:38:13,VIDEO,REELS,0,0,177,0,0,0,0,2025-07-21 17:30:30.538
17841406083211195,18037481294400467,2025-07-18 10:38:13,VIDEO,REELS,0,0,187,0,0,0,0,2025-07-22 17:30:26.715
17841406083211195,18037481294400467,2025-07-18 10:38:13,VIDEO,REELS,0,0,192,0,0,0,0,2025-07-23 17:30:04.191
17841406083211195,18037481294400467,2025-07-18 10:38:13,VIDEO,REELS,0,0,199,0,0,0,0,2025-07-24 17:30:01.604
17841406083211195,18037481294400467,2025-07-18 10:38:13,VIDEO,REELS,0,0,208,0,0,0,0,2025-07-25 17:29:40.359
17841406083211195,18037481294400467,2025-07-18 10:38:13,VIDEO,REELS,0,0,211,0,0,0,0,2025-07-26 17:30:03.789
17841406083211195,18037481294400467,2025-07-18 10:38:13,VIDEO,REELS,0,0,211,0,0,0,0,2025-07-27 17:30:34.308
17841406083211195,18037481294400467,2025-07-18 10:38:13,VIDEO,REELS,0,0,226,0,0,0,0,2025-07-28 17:29:11.652
17841406083211195,18037481294400467,2025-07-18 10:38:13,VIDEO,REELS,0,0,228,0,0,0,0,2025-07-29 17:29:46.533
17841406083211195,18037481294400467,2025-07-18 10:38:13,VIDEO,REELS,0,0,234,0,0,0,0,2025-07-31 17:28:52.266
17841406083211195,18037481294400467,2025-07-18 10:38:13,VIDEO,REELS,0,0,238,0,0,0,0,2025-08-05 17:30:25.827
17841406083211195,18037481294400467,2025-07-18 10:38:13,VIDEO,REELS,0,0,238,0,0,0,0,2025-08-06 17:29:21.818
17841406083211195,18037481294400467,2025-07-18 10:38:13,VIDEO,REELS,0,0,240,0,0,0,0,2025-08-07 17:29:51.657
17841406083211195,18037481294400467,2025-07-18 10:38:13,VIDEO,REELS,0,0,244,0,0,0,0,2025-08-09 17:29:16.358
17841406083211195,18037481294400467,2025-07-18 10:38:13,VIDEO,REELS,0,0,251,0,0,0,0,2025-08-10 17:29:41.096
17841406083211195,18037481294400467,2025-07-18 10:38:13,VIDEO,REELS,0,0,257,0,0,0,0,2025-08-11 17:30:32.970
17841406083211195,18037481294400467,2025-07-18 10:38:13,VIDEO,REELS,0,0,259,0,0,0,0,2025-08-12 17:31:22.352
17841406083211195,18037481294400467,2025-07-18 10:38:13,VIDEO,REELS,0,0,261,0,0,0,0,2025-08-14 17:30:30.707
17841406083211195,18037481294400467,2025-07-18 10:38:13,VIDEO,REELS,0,0,262,0,0,0,0,2025-08-15 17:29:20.120
17841406083211195,18037481294400467,2025-07-18 10:38:13,VIDEO,REELS,0,0,263,0,0,0,0,2025-08-16 17:29:29.900
17841406083211195,18037481294400467,2025-07-18 10:38:13,VIDEO,REELS,0,0,264,0,0,0,0,2025-08-18 17:28:55.673
17841406083211195,18037481294400467,2025-07-18 10:38:13,VIDEO,REELS,0,0,265,0,0,0,0,2025-08-19 17:29:34.438
17841406083211195,18037481294400467,2025-07-18 10:38:13,VIDEO,REELS,0,0,266,0,0,0,0,2025-08-20 17:29:40.877
17841406083211195,18037481294400467,2025-07-18 10:38:13,VIDEO,REELS,0,0,267,0,0,0,0,2025-08-21 17:30:19.082
17841406083211195,18037481294400467,2025-07-18 10:38:13,VIDEO,REELS,0,0,268,0,0,0,0,2025-08-25 17:29:34.734
17841406083211195,18037481294400467,2025-07-18 10:38:13,VIDEO,REELS,0,0,271,0,0,0,0,2025-08-27 17:30:15.468
17841406083211195,18037481294400467,2025-07-18 10:38:13,VIDEO,REELS,0,0,274,0,0,0,0,2025-08-31 17:28:47.929
17841406083211195,18037481294400467,2025-07-18 10:38:13,VIDEO,REELS,0,0,287,0,0,0,0,2025-10-04 17:29:36.068
17841406083211195,18037481294400467,2025-07-18 10:38:13,VIDEO,REELS,0,0,292,0,0,0,0,2025-10-05 17:29:24.322
17841406083211195,18037481294400467,2025-07-18 10:38:13,VIDEO,REELS,0,0,293,0,0,0,0,2025-10-06 17:28:48.562
17841406083211195,18037481294400467,2025-07-18 10:38:13,VIDEO,REELS,0,0,295,0,0,0,0,2025-10-12 17:28:49.794
17841406083211195,18037481294400467,2025-07-18 10:38:13,VIDEO,REELS,0,0,295,0,0,0,0,2025-10-15 17:29:48.883
17841406083211195,18037481294400467,2025-07-18 10:38:13,VIDEO,REELS,0,0,296,0,0,0,0,2025-10-17 17:29:48.795
17841406083211195,18037481294400467,2025-07-18 10:38:13,VIDEO,REELS,0,0,296,0,0,0,0,2025-10-20 17:29:18.466
17841406083211195,18037481294400467,2025-07-18 10:38:13,VIDEO,REELS,0,0,297,0,0,0,0,2025-10-24 17:28:58.160
17841406083211195,18037481294400467,2025-07-18 10:38:13,VIDEO,REELS,0,0,298,0,0,0,0,2025-10-29 17:29:38.423
17841406083211195,18037481294400467,2025-07-18 10:38:13,VIDEO,REELS,0,0,299,0,0,0,0,2025-11-10 17:29:14.413
17841406083211195,18037481294400467,2025-07-18 10:38:13,VIDEO,REELS,0,0,300,0,0,0,0,2025-11-11 17:29:05.811
17841406083211195,18037481294400467,2025-07-18 10:38:13,VIDEO,REELS,0,0,300,0,0,0,0,2025-11-18 17:29:03.777
17841406083211195,18037481294400467,2025-07-18 10:38:13,VIDEO,REELS,0,0,302,0,0,0,0,2025-12-03 17:36:28.749
17841406083211195,18037481294400467,2025-07-18 10:38:13,VIDEO,REELS,0,0,303,0,0,0,0,2025-12-25 17:29:25.139
17841406083211195,18040049546521340,2025-01-10 10:33:12,VIDEO,REELS,11,0,379,0,0,0,11,2025-04-18 19:14:48.867
17841406083211195,18040049546521340,2025-01-10 10:33:12,VIDEO,REELS,11,0,380,0,0,0,11,2025-04-20 21:57:35.081
17841406083211195,18040049546521340,2025-01-10 10:33:12,VIDEO,REELS,11,0,382,0,0,0,11,2025-04-22 17:29:19.241
17841406083211195,18040049546521340,2025-01-10 10:33:12,VIDEO,REELS,11,0,383,0,0,0,11,2025-04-24 01:56:11.744
17841406083211195,18040049546521340,2025-01-10 10:33:12,VIDEO,REELS,11,0,383,0,0,0,11,2025-04-27 17:31:06.420
17841406083211195,18040049546521340,2025-01-10 10:33:12,VIDEO,REELS,11,0,384,0,0,0,11,2025-05-05 17:29:58.456
17841406083211195,18040049546521340,2025-01-10 10:33:12,VIDEO,REELS,11,0,385,0,0,0,11,2025-05-11 17:29:47.643
17841406083211195,18040049546521340,2025-01-10 10:33:12,VIDEO,REELS,11,0,386,0,0,0,11,2025-05-25 17:31:08.734
17841406083211195,18040049546521340,2025-01-10 10:33:12,VIDEO,REELS,11,0,386,0,0,0,11,2025-06-04 17:30:08.095
17841406083211195,18040049546521340,2025-01-10 10:33:12,VIDEO,REELS,11,0,387,0,0,0,11,2025-06-05 17:30:24.253
17841406083211195,18040049546521340,2025-01-10 10:33:12,VIDEO,REELS,11,0,388,0,0,0,11,2025-07-19 17:30:14.978
17841406083211195,18040049546521340,2025-01-10 10:33:12,VIDEO,REELS,11,0,390,0,0,0,11,2025-07-22 17:30:53.811
17841406083211195,18040049546521340,2025-01-10 10:33:12,VIDEO,REELS,11,0,391,0,0,0,11,2025-08-05 17:30:42.502
17841406083211195,18040049546521340,2025-01-10 10:33:12,VIDEO,REELS,11,0,392,0,0,0,11,2025-08-06 17:29:35.469
17841406083211195,18040049546521340,2025-01-10 10:33:12,VIDEO,REELS,11,0,393,0,0,0,11,2025-08-11 17:30:52.892
17841406083211195,18040049546521340,2025-01-10 10:33:12,VIDEO,REELS,11,0,393,0,0,0,11,2025-08-20 17:29:54.699
17841406083211195,18040049546521340,2025-01-10 10:33:12,VIDEO,REELS,11,0,394,0,0,0,11,2025-08-31 17:29:08.148
17841406083211195,18040049546521340,2025-01-10 10:33:12,VIDEO,REELS,11,0,397,0,0,0,11,2025-10-22 17:29:13.601
17841406083211195,18040049546521340,2025-01-10 10:33:12,VIDEO,REELS,11,0,399,0,0,0,11,2025-12-25 17:29:48.436
17841406083211195,18043167029461456,2025-02-11 10:04:27,VIDEO,REELS,13,0,861,0,0,0,13,2025-04-18 19:14:47.756
17841406083211195,18043167029461456,2025-02-11 10:04:27,VIDEO,REELS,13,0,862,0,0,0,13,2025-04-22 06:39:46.059
17841406083211195,18043167029461456,2025-02-11 10:04:27,VIDEO,REELS,13,0,863,0,0,0,13,2025-04-22 17:29:17.009
17841406083211195,18043167029461456,2025-02-11 10:04:27,VIDEO,REELS,13,0,864,0,0,0,13,2025-04-24 01:56:09.943
17841406083211195,18043167029461456,2025-02-11 10:04:27,VIDEO,REELS,13,0,865,0,0,0,13,2025-04-25 17:30:04.370
17841406083211195,18043167029461456,2025-02-11 10:04:27,VIDEO,REELS,13,0,866,0,0,0,13,2025-05-01 17:31:37.131
17841406083211195,18043167029461456,2025-02-11 10:04:27,VIDEO,REELS,13,0,868,0,0,0,13,2025-05-05 17:29:55.877
17841406083211195,18043167029461456,2025-02-11 10:04:27,VIDEO,REELS,13,0,869,0,0,0,13,2025-05-08 17:30:01.761
17841406083211195,18043167029461456,2025-02-11 10:04:27,VIDEO,REELS,13,0,871,0,0,0,13,2025-05-09 17:31:06.449
17841406083211195,18043167029461456,2025-02-11 10:04:27,VIDEO,REELS,13,0,872,0,0,0,13,2025-05-11 17:29:45.385
17841406083211195,18043167029461456,2025-02-11 10:04:27,VIDEO,REELS,13,0,873,0,0,0,13,2025-05-12 17:30:45.012
17841406083211195,18043167029461456,2025-02-11 10:04:27,VIDEO,REELS,13,0,876,0,0,0,13,2025-05-18 17:30:27.081
17841406083211195,18043167029461456,2025-02-11 10:04:27,VIDEO,REELS,13,0,877,0,0,0,13,2025-05-21 17:30:13.203
17841406083211195,18043167029461456,2025-02-11 10:04:27,VIDEO,REELS,13,0,879,0,0,0,13,2025-05-24 17:30:46.337
17841406083211195,18043167029461456,2025-02-11 10:04:27,VIDEO,REELS,13,0,880,0,0,0,13,2025-06-05 17:30:24.264
17841406083211195,18043167029461456,2025-02-11 10:04:27,VIDEO,REELS,13,0,883,0,0,0,13,2025-07-19 17:30:13.148
17841406083211195,18043167029461456,2025-02-11 10:04:27,VIDEO,REELS,13,0,884,0,0,0,13,2025-07-31 17:29:05.332
17841406083211195,18043167029461456,2025-02-11 10:04:27,VIDEO,REELS,13,0,885,0,0,0,13,2025-08-04 17:30:35.463
17841406083211195,18043167029461456,2025-02-11 10:04:27,VIDEO,REELS,13,0,886,0,0,0,13,2025-08-06 17:29:35.475
17841406083211195,18043167029461456,2025-02-11 10:04:27,VIDEO,REELS,13,0,887,0,0,0,13,2025-08-20 17:29:54.707
17841406083211195,18043167029461456,2025-02-11 10:04:27,VIDEO,REELS,13,0,888,0,0,0,13,2025-08-31 17:29:08.158
17841406083211195,18043167029461456,2025-02-11 10:04:27,VIDEO,REELS,13,0,891,0,0,0,13,2025-11-06 17:29:06.868
17841406083211195,18043167029461456,2025-02-11 10:04:27,VIDEO,REELS,13,0,892,0,0,0,13,2025-11-11 17:29:22.338
17841406083211195,18043167029461456,2025-02-11 10:04:27,VIDEO,REELS,13,0,893,0,0,0,13,2025-11-14 17:29:25.552
17841406083211195,18043167029461456,2025-02-11 10:04:27,VIDEO,REELS,13,0,894,0,0,0,13,2025-12-03 17:35:49.237
17841406083211195,18043167029461456,2025-02-11 10:04:27,VIDEO,REELS,13,0,895,0,0,0,13,2025-12-04 17:33:52.381
17841406083211195,18043167029461456,2025-02-11 10:04:27,VIDEO,REELS,13,0,896,0,0,0,13,2025-12-24 17:29:27.244
17841406083211195,18043167029461456,2025-02-11 10:04:27,VIDEO,REELS,13,0,897,0,0,0,13,2025-12-25 17:29:48.439
17841406083211195,18045430259363630,2025-03-05 10:22:40,VIDEO,REELS,5,0,287,0,0,0,5,2025-04-17 17:31:52.816
17841406083211195,18045430259363630,2025-03-05 10:22:40,VIDEO,REELS,5,0,289,0,0,0,5,2025-04-18 19:14:47.755
17841406083211195,18045430259363630,2025-03-05 10:22:40,VIDEO,REELS,5,0,291,0,0,0,5,2025-04-22 06:39:46.058
17841406083211195,18045430259363630,2025-03-05 10:22:40,VIDEO,REELS,5,0,293,0,0,0,5,2025-04-25 17:30:04.367
17841406083211195,18045430259363630,2025-03-05 10:22:40,VIDEO,REELS,5,0,294,0,0,0,5,2025-04-30 17:30:59.235
17841406083211195,18045430259363630,2025-03-05 10:22:40,VIDEO,REELS,5,0,295,0,0,0,5,2025-05-05 17:29:55.875
17841406083211195,18045430259363630,2025-03-05 10:22:40,VIDEO,REELS,5,0,295,0,0,0,5,2025-05-07 17:28:45.310
17841406083211195,18045430259363630,2025-03-05 10:22:40,VIDEO,REELS,5,0,295,0,0,0,5,2025-05-08 17:30:01.759
17841406083211195,18045430259363630,2025-03-05 10:22:40,VIDEO,REELS,5,0,296,0,0,0,5,2025-05-10 17:30:36.597
17841406083211195,18045430259363630,2025-03-05 10:22:40,VIDEO,REELS,5,0,296,0,0,0,5,2025-05-11 17:29:45.384
17841406083211195,18045430259363630,2025-03-05 10:22:40,VIDEO,REELS,5,0,297,0,0,0,5,2025-05-15 17:30:17.668
17841406083211195,18045430259363630,2025-03-05 10:22:40,VIDEO,REELS,5,0,297,0,0,0,5,2025-05-17 17:30:06.318
17841406083211195,18045430259363630,2025-03-05 10:22:40,VIDEO,REELS,5,0,298,0,0,0,5,2025-05-24 17:30:42.254
17841406083211195,18045430259363630,2025-03-05 10:22:40,VIDEO,REELS,5,0,298,0,0,0,5,2025-05-25 17:31:05.653
17841406083211195,18045430259363630,2025-03-05 10:22:40,VIDEO,REELS,5,0,298,0,0,0,5,2025-06-03 17:29:40.475
17841406083211195,18045430259363630,2025-03-05 10:22:40,VIDEO,REELS,5,0,299,0,0,0,5,2025-06-05 17:30:24.261
17841406083211195,18045430259363630,2025-03-05 10:22:40,VIDEO,REELS,5,0,302,0,0,0,5,2025-07-03 17:30:07.994
17841406083211195,18045430259363630,2025-03-05 10:22:40,VIDEO,REELS,5,0,302,0,0,0,5,2025-07-20 17:30:24.971
17841406083211195,18045430259363630,2025-03-05 10:22:40,VIDEO,REELS,5,0,303,0,0,0,5,2025-07-21 17:30:54.849
17841406083211195,18045430259363630,2025-03-05 10:22:40,VIDEO,REELS,5,0,304,0,0,0,5,2025-07-25 17:29:48.900
17841406083211195,18045430259363630,2025-03-05 10:22:40,VIDEO,REELS,5,0,305,0,0,0,5,2025-07-31 17:29:02.400
17841406083211195,18045430259363630,2025-03-05 10:22:40,VIDEO,REELS,5,0,305,0,0,0,5,2025-08-03 17:29:51.706
17841406083211195,18045430259363630,2025-03-05 10:22:40,VIDEO,REELS,5,0,307,0,0,0,5,2025-08-04 17:30:32.196
17841406083211195,18045430259363630,2025-03-05 10:22:40,VIDEO,REELS,5,0,309,0,0,0,5,2025-08-06 17:29:32.814
17841406083211195,18045430259363630,2025-03-05 10:22:40,VIDEO,REELS,5,0,310,0,0,0,5,2025-08-20 17:29:49.050
17841406083211195,18045430259363630,2025-03-05 10:22:40,VIDEO,REELS,5,0,311,0,0,0,5,2025-08-24 17:29:21.894
17841406083211195,18045430259363630,2025-03-05 10:22:40,VIDEO,REELS,5,0,311,0,0,0,5,2025-08-31 17:29:08.155
17841406083211195,18045430259363630,2025-03-05 10:22:40,VIDEO,REELS,5,0,315,0,0,0,5,2025-10-02 17:29:46.314
17841406083211195,18045430259363630,2025-03-05 10:22:40,VIDEO,REELS,5,0,316,0,0,0,5,2025-10-17 17:30:11.773
17841406083211195,18045430259363630,2025-03-05 10:22:40,VIDEO,REELS,5,0,317,0,0,0,5,2025-10-23 17:28:45.972
17841406083211195,18045430259363630,2025-03-05 10:22:40,VIDEO,REELS,5,0,317,0,0,0,5,2025-12-01 17:33:33.579
17841406083211195,18045430259363630,2025-03-05 10:22:40,VIDEO,REELS,5,0,318,0,0,0,5,2025-12-03 17:36:09.389
17841406083211195,18045430259363630,2025-03-05 10:22:40,VIDEO,REELS,5,0,319,0,0,0,5,2025-12-08 17:32:58.810
17841406083211195,18045430259363630,2025-03-05 10:22:40,VIDEO,REELS,5,0,320,0,0,0,5,2025-12-09 17:35:08.329
17841406083211195,18045430259363630,2025-03-05 10:22:40,VIDEO,REELS,5,0,321,0,0,0,5,2025-12-11 17:33:27.318
17841406083211195,18045430259363630,2025-03-05 10:22:40,VIDEO,REELS,5,0,322,0,0,0,5,2025-12-12 17:35:06.523
17841406083211195,18045430259363630,2025-03-05 10:22:40,VIDEO,REELS,5,0,323,0,0,0,5,2025-12-17 17:29:13.839
17841406083211195,18045430259363630,2025-03-05 10:22:40,VIDEO,REELS,5,0,324,0,0,0,5,2025-12-24 17:29:21.593
17841406083211195,18045430259363630,2025-03-05 10:22:40,VIDEO,REELS,5,0,325,0,0,0,5,2025-12-25 17:29:40.549
17841406083211195,18045826499207747,2025-06-17 10:01:25,VIDEO,REELS,10,0,500,0,0,14,24,2025-07-03 17:29:59.206
17841406083211195,18045826499207747,2025-06-17 10:01:25,VIDEO,REELS,10,0,502,0,0,14,24,2025-07-04 17:30:58.670
17841406083211195,18045826499207747,2025-06-17 10:01:25,VIDEO,REELS,10,0,505,0,0,14,24,2025-07-06 17:30:30.238
17841406083211195,18045826499207747,2025-06-17 10:01:25,VIDEO,REELS,10,0,510,0,0,14,24,2025-07-08 17:29:53.738
17841406083211195,18045826499207747,2025-06-17 10:01:25,VIDEO,REELS,10,0,512,0,0,14,24,2025-07-16 17:30:05.710
17841406083211195,18045826499207747,2025-06-17 10:01:25,VIDEO,REELS,10,0,513,0,0,14,24,2025-07-18 17:29:48.367
17841406083211195,18045826499207747,2025-06-17 10:01:25,VIDEO,REELS,10,0,514,0,0,14,24,2025-07-21 17:30:41.017
17841406083211195,18045826499207747,2025-06-17 10:01:25,VIDEO,REELS,10,0,515,0,0,14,24,2025-07-22 17:30:36.350
17841406083211195,18045826499207747,2025-06-17 10:01:25,VIDEO,REELS,10,0,516,0,0,14,24,2025-07-27 17:30:34.304
17841406083211195,18045826499207747,2025-06-17 10:01:25,VIDEO,REELS,10,0,517,0,0,14,24,2025-07-29 17:29:46.529
17841406083211195,18045826499207747,2025-06-17 10:01:25,VIDEO,REELS,10,0,520,0,0,14,24,2025-08-01 17:30:02.451
17841406083211195,18045826499207747,2025-06-17 10:01:25,VIDEO,REELS,10,0,522,0,0,14,24,2025-08-03 17:29:40.175
17841406083211195,18045826499207747,2025-06-17 10:01:25,VIDEO,REELS,10,0,522,0,0,14,24,2025-08-06 17:29:21.813
17841406083211195,18045826499207747,2025-06-17 10:01:25,VIDEO,REELS,10,0,523,0,0,14,24,2025-08-08 17:29:30.436
17841406083211195,18045826499207747,2025-06-17 10:01:25,VIDEO,REELS,10,0,524,0,0,14,24,2025-08-11 17:30:32.964
17841406083211195,18045826499207747,2025-06-17 10:01:25,VIDEO,REELS,10,0,525,0,0,14,24,2025-08-14 17:30:30.703
17841406083211195,18045826499207747,2025-06-17 10:01:25,VIDEO,REELS,10,0,526,0,0,14,24,2025-08-19 17:29:34.431
17841406083211195,18045826499207747,2025-06-17 10:01:25,VIDEO,REELS,10,0,527,0,0,14,24,2025-08-20 17:29:40.870
17841406083211195,18045826499207747,2025-06-17 10:01:25,VIDEO,REELS,10,0,529,0,0,14,24,2025-08-21 17:30:19.077
17841406083211195,18045826499207747,2025-06-17 10:01:25,VIDEO,REELS,10,0,530,0,0,14,24,2025-08-24 17:29:05.929
17841406083211195,18045826499207747,2025-06-17 10:01:25,VIDEO,REELS,10,0,531,0,0,14,24,2025-08-25 17:29:34.730
17841406083211195,18045826499207747,2025-06-17 10:01:25,VIDEO,REELS,10,0,531,0,0,14,24,2025-08-30 17:30:09.891
17841406083211195,18045826499207747,2025-06-17 10:01:25,VIDEO,REELS,10,0,532,0,0,14,24,2025-08-31 17:28:47.923
17841406083211195,18045826499207747,2025-06-17 10:01:25,VIDEO,REELS,10,1,543,1,0,14,25,2025-10-04 17:29:46.379
17841406083211195,18045826499207747,2025-06-17 10:01:25,VIDEO,REELS,10,1,544,1,0,14,25,2025-10-15 17:30:00.905
17841406083211195,18045826499207747,2025-06-17 10:01:25,VIDEO,REELS,10,1,545,1,0,14,25,2025-11-07 17:29:10.483
17841406083211195,18045826499207747,2025-06-17 10:01:25,VIDEO,REELS,10,1,546,1,0,14,25,2025-11-10 17:29:14.406
17841406083211195,18045826499207747,2025-06-17 10:01:25,VIDEO,REELS,10,1,547,1,0,14,25,2025-11-18 17:29:13.852
17841406083211195,18045826499207747,2025-06-17 10:01:25,VIDEO,REELS,10,1,548,1,0,14,25,2025-12-03 17:36:09.389
17841406083211195,18045826499207747,2025-06-17 10:01:25,VIDEO,REELS,10,1,549,1,0,14,25,2025-12-12 17:35:06.523
17841406083211195,18045826499207747,2025-06-17 10:01:25,VIDEO,REELS,10,1,552,1,0,14,25,2025-12-25 17:29:25.135
17841406083211195,18045922172524492,2025-03-21 11:17:42,VIDEO,REELS,14,9,669,9,1,0,24,2025-04-17 17:31:52.794
17841406083211195,18045922172524492,2025-03-21 11:17:42,VIDEO,REELS,14,9,671,9,1,0,24,2025-04-18 19:14:47.750
17841406083211195,18045922172524492,2025-03-21 11:17:42,VIDEO,REELS,14,9,672,9,1,0,24,2025-04-19 21:58:31.468
17841406083211195,18045922172524492,2025-03-21 11:17:42,VIDEO,REELS,14,9,672,9,1,0,24,2025-04-22 06:39:46.049
17841406083211195,18045922172524492,2025-03-21 11:17:42,VIDEO,REELS,14,9,673,9,1,0,24,2025-04-22 17:29:16.974
17841406083211195,18045922172524492,2025-03-21 11:17:42,VIDEO,REELS,14,9,675,9,1,0,24,2025-04-25 17:30:04.353
17841406083211195,18045922172524492,2025-03-21 11:17:42,VIDEO,REELS,14,9,676,9,1,0,24,2025-04-27 17:31:03.883
17841406083211195,18045922172524492,2025-03-21 11:17:42,VIDEO,REELS,14,9,677,9,1,0,24,2025-05-01 17:31:37.124
17841406083211195,18045922172524492,2025-03-21 11:17:42,VIDEO,REELS,14,9,678,9,1,0,24,2025-05-03 17:30:39.022
17841406083211195,18045922172524492,2025-03-21 11:17:42,VIDEO,REELS,14,9,679,9,1,0,24,2025-05-04 17:28:52.308
17841406083211195,18045922172524492,2025-03-21 11:17:42,VIDEO,REELS,14,9,680,9,1,0,24,2025-05-05 17:29:55.868
17841406083211195,18045922172524492,2025-03-21 11:17:42,VIDEO,REELS,14,9,682,9,1,0,24,2025-05-06 17:29:33.094
17841406083211195,18045922172524492,2025-03-21 11:17:42,VIDEO,REELS,14,9,682,9,1,0,24,2025-05-08 17:30:01.751
17841406083211195,18045922172524492,2025-03-21 11:17:42,VIDEO,REELS,14,9,685,9,1,0,24,2025-05-11 17:29:45.378
17841406083211195,18045922172524492,2025-03-21 11:17:42,VIDEO,REELS,14,9,685,9,1,0,24,2025-05-14 17:30:05.770
17841406083211195,18045922172524492,2025-03-21 11:17:42,VIDEO,REELS,14,9,686,9,1,0,24,2025-05-15 17:30:17.662
17841406083211195,18045922172524492,2025-03-21 11:17:42,VIDEO,REELS,14,9,687,9,1,0,24,2025-05-17 17:30:06.315
17841406083211195,18045922172524492,2025-03-21 11:17:42,VIDEO,REELS,14,9,689,9,1,0,24,2025-05-22 17:30:10.254
17841406083211195,18045922172524492,2025-03-21 11:17:42,VIDEO,REELS,14,9,690,9,1,0,24,2025-05-24 17:30:42.239
17841406083211195,18045922172524492,2025-03-21 11:17:42,VIDEO,REELS,14,9,691,9,1,0,24,2025-05-26 17:30:22.050
17841406083211195,18045922172524492,2025-03-21 11:17:42,VIDEO,REELS,14,9,692,9,1,0,24,2025-05-27 17:30:25.245
17841406083211195,18045922172524492,2025-03-21 11:17:42,VIDEO,REELS,14,9,693,9,1,0,24,2025-06-05 17:30:15.485
17841406083211195,18045922172524492,2025-03-21 11:17:42,VIDEO,REELS,14,9,701,9,1,0,24,2025-07-21 17:30:54.842
17841406083211195,18045922172524492,2025-03-21 11:17:42,VIDEO,REELS,14,9,702,9,1,0,24,2025-07-22 17:30:46.715
17841406083211195,18045922172524492,2025-03-21 11:17:42,VIDEO,REELS,14,9,702,9,1,0,24,2025-08-01 17:30:15.509
17841406083211195,18045922172524492,2025-03-21 11:17:42,VIDEO,REELS,14,9,703,9,1,0,24,2025-08-04 17:30:32.190
17841406083211195,18045922172524492,2025-03-21 11:17:42,VIDEO,REELS,14,9,704,9,1,0,24,2025-08-06 17:29:32.810
17841406083211195,18045922172524492,2025-03-21 11:17:42,VIDEO,REELS,14,9,705,9,1,0,24,2025-08-19 17:29:48.961
17841406083211195,18045922172524492,2025-03-21 11:17:42,VIDEO,REELS,14,9,706,9,1,0,24,2025-08-20 17:29:49.044
17841406083211195,18045922172524492,2025-03-21 11:17:42,VIDEO,REELS,14,9,707,9,1,0,24,2025-08-21 17:30:28.983
17841406083211195,18045922172524492,2025-03-21 11:17:42,VIDEO,REELS,14,9,708,9,1,0,24,2025-08-31 17:28:56.735
17841406083211195,18045922172524492,2025-03-21 11:17:42,VIDEO,REELS,14,9,710,9,1,0,24,2025-10-10 17:30:20.759
17841406083211195,18045922172524492,2025-03-21 11:17:42,VIDEO,REELS,14,9,711,9,1,0,24,2025-10-17 17:30:11.767
17841406083211195,18045922172524492,2025-03-21 11:17:42,VIDEO,REELS,14,9,712,9,1,0,24,2025-10-29 17:29:48.671
17841406083211195,18045922172524492,2025-03-21 11:17:42,VIDEO,REELS,14,9,717,9,1,0,24,2025-11-06 17:29:01.633
17841406083211195,18045922172524492,2025-03-21 11:17:42,VIDEO,REELS,14,9,718,9,1,0,24,2025-11-10 17:29:23.636
17841406083211195,18045922172524492,2025-03-21 11:17:42,VIDEO,REELS,14,9,719,9,1,0,24,2025-11-13 17:29:47.731
17841406083211195,18045922172524492,2025-03-21 11:17:42,VIDEO,REELS,14,9,720,9,1,0,24,2025-11-17 17:29:22.820
17841406083211195,18045922172524492,2025-03-21 11:17:42,VIDEO,REELS,14,9,721,9,1,0,24,2025-12-01 17:33:15.135
17841406083211195,18045922172524492,2025-03-21 11:17:42,VIDEO,REELS,14,9,722,9,1,0,24,2025-12-03 17:35:49.228
17841406083211195,18045922172524492,2025-03-21 11:17:42,VIDEO,REELS,14,9,723,9,1,0,24,2025-12-18 17:31:24.187
17841406083211195,18045922172524492,2025-03-21 11:17:42,VIDEO,REELS,14,9,724,9,1,0,24,2025-12-25 17:29:40.546
17841406083211195,18046905782143305,2025-01-07 02:34:18,VIDEO,REELS,20,3,1830,3,0,0,23,2025-04-18 19:14:48.870
17841406083211195,18046905782143305,2025-01-07 02:34:18,VIDEO,REELS,20,3,1832,3,0,0,23,2025-04-20 21:57:35.083
17841406083211195,18046905782143305,2025-01-07 02:34:18,VIDEO,REELS,20,3,1833,3,0,0,23,2025-04-22 17:29:19.247
17841406083211195,18046905782143305,2025-01-07 02:34:18,VIDEO,REELS,20,3,1834,3,0,0,23,2025-06-05 17:30:24.267
17841406083211195,18046905782143305,2025-01-07 02:34:18,VIDEO,REELS,20,3,1835,3,0,0,23,2025-07-03 03:00:13.389
17841406083211195,18046905782143305,2025-01-07 02:34:18,VIDEO,REELS,20,3,1835,3,0,0,23,2025-07-12 17:30:20.894
17841406083211195,18046905782143305,2025-01-07 02:34:18,VIDEO,REELS,20,3,1838,3,0,0,23,2025-07-20 17:30:27.509
17841406083211195,18046905782143305,2025-01-07 02:34:18,VIDEO,REELS,20,3,1838,3,0,0,23,2025-08-05 17:30:42.509
17841406083211195,18046905782143305,2025-01-07 02:34:18,VIDEO,REELS,20,3,1839,3,0,0,23,2025-08-06 17:29:35.477
17841406083211195,18046905782143305,2025-01-07 02:34:18,VIDEO,REELS,20,3,1840,3,0,0,23,2025-08-10 17:29:57.891
17841406083211195,18046905782143305,2025-01-07 02:34:18,VIDEO,REELS,20,3,1841,3,0,0,23,2025-08-11 17:30:52.900
17841406083211195,18046905782143305,2025-01-07 02:34:18,VIDEO,REELS,20,3,1842,3,0,0,23,2025-08-20 17:29:54.709
17841406083211195,18046905782143305,2025-01-07 02:34:18,VIDEO,REELS,20,3,1843,3,0,0,23,2025-08-25 17:29:53.218
17841406083211195,18046905782143305,2025-01-07 02:34:18,VIDEO,REELS,20,3,1843,3,0,0,23,2025-08-31 17:29:08.161
17841406083211195,18046905782143305,2025-01-07 02:34:18,VIDEO,REELS,20,3,1845,3,0,0,23,2025-10-16 17:29:16.653
17841406083211195,18046905782143305,2025-01-07 02:34:18,VIDEO,REELS,20,3,1845,3,0,0,23,2025-11-11 17:29:22.339
17841406083211195,18046905782143305,2025-01-07 02:34:18,VIDEO,REELS,20,3,1846,3,0,0,23,2025-12-11 17:33:08.742
17841406083211195,18046905782143305,2025-01-07 02:34:18,VIDEO,REELS,20,3,1847,3,0,0,23,2025-12-24 17:29:27.245
17841406083211195,18046905782143305,2025-01-07 02:34:18,VIDEO,REELS,20,3,1849,3,0,0,23,2025-12-25 17:29:48.440
17841406083211195,18048497939454886,2025-05-27 10:30:50,VIDEO,REELS,9,0,215,0,0,14,23,2025-05-27 17:30:15.242
17841406083211195,18048497939454886,2025-05-27 10:30:50,VIDEO,REELS,10,0,296,0,0,14,24,2025-05-28 17:30:22.704
17841406083211195,18048497939454886,2025-05-27 10:30:50,VIDEO,REELS,10,0,322,0,0,14,24,2025-05-29 17:29:32.671
17841406083211195,18048497939454886,2025-05-27 10:30:50,VIDEO,REELS,10,0,329,0,0,14,24,2025-05-30 17:29:56.098
17841406083211195,18048497939454886,2025-05-27 10:30:50,VIDEO,REELS,10,0,338,0,0,14,24,2025-05-31 17:30:02.388
17841406083211195,18048497939454886,2025-05-27 10:30:50,VIDEO,REELS,10,0,341,0,0,14,24,2025-06-01 17:29:49.077
17841406083211195,18048497939454886,2025-05-27 10:30:50,VIDEO,REELS,11,0,348,0,0,14,25,2025-06-02 17:30:36.014
17841406083211195,18048497939454886,2025-05-27 10:30:50,VIDEO,REELS,11,0,355,0,0,14,25,2025-06-03 17:29:40.468
17841406083211195,18048497939454886,2025-05-27 10:30:50,VIDEO,REELS,11,0,358,0,0,14,25,2025-06-04 17:30:00.712
17841406083211195,18048497939454886,2025-05-27 10:30:50,VIDEO,REELS,11,0,360,0,0,14,25,2025-06-05 17:30:15.482
17841406083211195,18048497939454886,2025-05-27 10:30:50,VIDEO,REELS,11,0,385,0,0,14,25,2025-07-03 17:29:59.200
17841406083211195,18048497939454886,2025-05-27 10:30:50,VIDEO,REELS,11,0,386,0,0,14,25,2025-07-05 17:29:52.037
17841406083211195,18048497939454886,2025-05-27 10:30:50,VIDEO,REELS,11,0,387,0,0,14,25,2025-07-18 17:29:48.360
17841406083211195,18048497939454886,2025-05-27 10:30:50,VIDEO,REELS,11,0,388,0,0,14,25,2025-07-26 17:30:03.778
17841406083211195,18048497939454886,2025-05-27 10:30:50,VIDEO,REELS,11,0,389,0,0,14,25,2025-07-27 17:30:34.300
17841406083211195,18048497939454886,2025-05-27 10:30:50,VIDEO,REELS,11,0,390,0,0,14,25,2025-07-29 17:29:46.525
17841406083211195,18048497939454886,2025-05-27 10:30:50,VIDEO,REELS,11,0,394,0,0,14,25,2025-08-06 17:29:21.807
17841406083211195,18048497939454886,2025-05-27 10:30:50,VIDEO,REELS,11,0,395,0,0,14,25,2025-08-11 17:30:32.955
17841406083211195,18048497939454886,2025-05-27 10:30:50,VIDEO,REELS,11,0,395,0,0,14,25,2025-08-19 17:29:48.957
17841406083211195,18048497939454886,2025-05-27 10:30:50,VIDEO,REELS,11,0,396,0,0,14,25,2025-08-20 17:29:49.041
17841406083211195,18048497939454886,2025-05-27 10:30:50,VIDEO,REELS,11,0,398,0,0,14,25,2025-08-29 17:28:53.238
17841406083211195,18048497939454886,2025-05-27 10:30:50,VIDEO,REELS,11,0,399,0,0,14,25,2025-08-31 17:28:56.732
17841406083211195,18048497939454886,2025-05-27 10:30:50,VIDEO,REELS,11,0,404,0,0,14,25,2025-10-15 17:30:00.900
17841406083211195,18048497939454886,2025-05-27 10:30:50,VIDEO,REELS,11,0,405,0,0,14,25,2025-10-23 17:28:36.351
17841406083211195,18048497939454886,2025-05-27 10:30:50,VIDEO,REELS,11,0,406,0,0,14,25,2025-11-10 17:29:23.633
17841406083211195,18048497939454886,2025-05-27 10:30:50,VIDEO,REELS,11,0,407,0,0,14,25,2025-11-14 17:29:17.972
17841406083211195,18048497939454886,2025-05-27 10:30:50,VIDEO,REELS,11,0,408,0,0,14,25,2025-11-15 17:31:07.835
17841406083211195,18048497939454886,2025-05-27 10:30:50,VIDEO,REELS,11,0,409,0,0,14,25,2025-11-18 17:29:13.847
17841406083211195,18048497939454886,2025-05-27 10:30:50,VIDEO,REELS,11,0,410,0,0,14,25,2025-12-03 17:36:09.383
17841406083211195,18048497939454886,2025-05-27 10:30:50,VIDEO,REELS,11,0,411,0,0,14,25,2025-12-25 17:29:25.131
17841406083211195,18049571852188009,2025-07-01 10:50:14,VIDEO,REELS,1,0,399,0,0,1,2,2025-07-03 02:59:54.156
17841406083211195,18049571852188009,2025-07-01 10:50:14,VIDEO,REELS,2,0,423,0,0,1,3,2025-07-03 17:29:59.208
17841406083211195,18049571852188009,2025-07-01 10:50:14,VIDEO,REELS,2,0,429,0,0,1,3,2025-07-04 17:30:58.672
17841406083211195,18049571852188009,2025-07-01 10:50:14,VIDEO,REELS,2,0,431,0,0,1,3,2025-07-05 17:29:52.046
17841406083211195,18049571852188009,2025-07-01 10:50:14,VIDEO,REELS,3,0,444,0,0,1,4,2025-07-06 17:30:30.240
17841406083211195,18049571852188009,2025-07-01 10:50:14,VIDEO,REELS,3,0,452,0,0,1,4,2025-07-07 17:30:38.831
17841406083211195,18049571852188009,2025-07-01 10:50:14,VIDEO,REELS,3,0,454,0,0,1,4,2025-07-08 17:29:53.747
17841406083211195,18049571852188009,2025-07-01 10:50:14,VIDEO,REELS,4,0,458,0,0,1,5,2025-07-09 17:30:26.365
17841406083211195,18049571852188009,2025-07-01 10:50:14,VIDEO,REELS,4,0,459,0,0,1,5,2025-07-10 17:29:17.352
17841406083211195,18049571852188009,2025-07-01 10:50:14,VIDEO,REELS,4,0,463,0,0,1,5,2025-07-12 17:30:05.022
17841406083211195,18049571852188009,2025-07-01 10:50:14,VIDEO,REELS,4,0,465,0,0,1,5,2025-07-14 17:30:26.677
17841406083211195,18049571852188009,2025-07-01 10:50:14,VIDEO,REELS,4,0,467,0,0,1,5,2025-07-16 17:30:05.712
17841406083211195,18049571852188009,2025-07-01 10:50:14,VIDEO,REELS,4,0,468,0,0,1,5,2025-07-18 17:29:48.369
17841406083211195,18049571852188009,2025-07-01 10:50:14,VIDEO,REELS,4,0,469,0,0,1,5,2025-07-20 17:30:14.569
17841406083211195,18049571852188009,2025-07-01 10:50:14,VIDEO,REELS,4,0,470,0,0,1,5,2025-07-21 17:30:41.020
17841406083211195,18049571852188009,2025-07-01 10:50:14,VIDEO,REELS,4,0,471,0,0,1,5,2025-07-22 17:30:36.352
17841406083211195,18049571852188009,2025-07-01 10:50:14,VIDEO,REELS,4,0,473,0,0,1,5,2025-07-25 17:29:40.357
17841406083211195,18049571852188009,2025-07-01 10:50:14,VIDEO,REELS,4,0,474,0,0,1,5,2025-07-27 17:30:34.306
17841406083211195,18049571852188009,2025-07-01 10:50:14,VIDEO,REELS,4,0,476,0,0,1,5,2025-07-29 17:29:46.530
17841406083211195,18049571852188009,2025-07-01 10:50:14,VIDEO,REELS,4,0,482,0,0,1,5,2025-08-06 17:29:21.815
17841406083211195,18049571852188009,2025-07-01 10:50:14,VIDEO,REELS,4,0,483,0,0,1,5,2025-08-07 17:29:51.651
17841406083211195,18049571852188009,2025-07-01 10:50:14,VIDEO,REELS,4,0,484,0,0,1,5,2025-08-08 17:29:30.438
17841406083211195,18049571852188009,2025-07-01 10:50:14,VIDEO,REELS,4,0,484,0,0,1,5,2025-08-10 17:29:41.094
17841406083211195,18049571852188009,2025-07-01 10:50:14,VIDEO,REELS,4,0,487,0,0,1,5,2025-08-11 17:30:32.966
17841406083211195,18049571852188009,2025-07-01 10:50:14,VIDEO,REELS,4,0,488,0,0,1,5,2025-08-12 17:31:22.349
17841406083211195,18049571852188009,2025-07-01 10:50:14,VIDEO,REELS,4,0,489,0,0,1,5,2025-08-14 17:30:30.705
17841406083211195,18049571852188009,2025-07-01 10:50:14,VIDEO,REELS,4,0,490,0,0,1,5,2025-08-19 17:29:34.434
17841406083211195,18049571852188009,2025-07-01 10:50:14,VIDEO,REELS,4,0,491,0,0,1,5,2025-08-20 17:29:40.873
17841406083211195,18049571852188009,2025-07-01 10:50:14,VIDEO,REELS,4,0,494,0,0,1,5,2025-08-21 17:30:19.079
17841406083211195,18049571852188009,2025-07-01 10:50:14,VIDEO,REELS,4,0,495,0,0,1,5,2025-08-25 17:29:34.732
17841406083211195,18049571852188009,2025-07-01 10:50:14,VIDEO,REELS,4,0,497,0,0,1,5,2025-08-27 17:30:15.465
17841406083211195,18049571852188009,2025-07-01 10:50:14,VIDEO,REELS,4,0,498,0,0,1,5,2025-08-30 17:30:09.892
17841406083211195,18049571852188009,2025-07-01 10:50:14,VIDEO,REELS,4,0,499,0,0,1,5,2025-08-31 17:28:47.926
17841406083211195,18049571852188009,2025-07-01 10:50:14,VIDEO,REELS,4,0,507,0,0,1,5,2025-10-02 04:04:36.976
17841406083211195,18049571852188009,2025-07-01 10:50:14,VIDEO,REELS,4,0,508,0,0,1,5,2025-10-06 17:28:55.814
17841406083211195,18049571852188009,2025-07-01 10:50:14,VIDEO,REELS,4,0,509,0,0,1,5,2025-10-13 17:29:00.306
17841406083211195,18049571852188009,2025-07-01 10:50:14,VIDEO,REELS,4,0,510,0,0,1,5,2025-10-15 17:30:00.906
17841406083211195,18049571852188009,2025-07-01 10:50:14,VIDEO,REELS,4,0,511,0,0,1,5,2025-11-10 17:29:14.409
17841406083211195,18049571852188009,2025-07-01 10:50:14,VIDEO,REELS,4,0,512,0,0,1,5,2025-11-14 17:29:08.313
17841406083211195,18049571852188009,2025-07-01 10:50:14,VIDEO,REELS,4,0,513,0,0,1,5,2025-11-18 17:29:03.776
17841406083211195,18049571852188009,2025-07-01 10:50:14,VIDEO,REELS,4,0,514,0,0,1,5,2025-12-03 17:36:28.747
17841406083211195,18049571852188009,2025-07-01 10:50:14,VIDEO,REELS,4,0,515,0,0,1,5,2025-12-25 17:29:25.137
17841406083211195,18049590986216693,2025-08-01 09:45:39,VIDEO,REELS,1,0,175,0,0,0,1,2025-08-01 17:29:53.740
17841406083211195,18049590986216693,2025-08-01 09:45:39,VIDEO,REELS,1,0,215,0,0,0,1,2025-08-02 17:29:29.039
17841406083211195,18049590986216693,2025-08-01 09:45:39,VIDEO,REELS,1,0,233,0,0,0,1,2025-08-03 17:29:33.579
17841406083211195,18049590986216693,2025-08-01 09:45:39,VIDEO,REELS,1,0,241,0,0,0,1,2025-08-04 17:30:13.783
17841406083211195,18049590986216693,2025-08-01 09:45:39,VIDEO,REELS,1,0,244,0,0,0,1,2025-08-05 17:30:16.503
17841406083211195,18049590986216693,2025-08-01 09:45:39,VIDEO,REELS,1,0,248,0,0,0,1,2025-08-06 17:29:21.810
17841406083211195,18049590986216693,2025-08-01 09:45:39,VIDEO,REELS,2,0,254,0,0,0,2,2025-08-07 17:29:51.644
17841406083211195,18049590986216693,2025-08-01 09:45:39,VIDEO,REELS,2,0,262,0,0,0,2,2025-08-08 17:29:30.431
17841406083211195,18049590986216693,2025-08-01 09:45:39,VIDEO,REELS,2,0,267,0,0,0,2,2025-08-10 17:29:41.090
17841406083211195,18049590986216693,2025-08-01 09:45:39,VIDEO,REELS,2,0,271,0,0,0,2,2025-08-11 17:30:32.958
17841406083211195,18049590986216693,2025-08-01 09:45:39,VIDEO,REELS,2,0,274,0,0,0,2,2025-08-12 17:31:22.344
17841406083211195,18049590986216693,2025-08-01 09:45:39,VIDEO,REELS,2,0,277,0,0,0,2,2025-08-14 17:30:30.701
17841406083211195,18049590986216693,2025-08-01 09:45:39,VIDEO,REELS,3,0,281,0,0,0,3,2025-08-16 17:29:29.895
17841406083211195,18049590986216693,2025-08-01 09:45:39,VIDEO,REELS,3,0,282,0,0,0,3,2025-08-18 17:28:55.667
17841406083211195,18049590986216693,2025-08-01 09:45:39,VIDEO,REELS,3,0,285,0,0,0,3,2025-08-19 17:29:34.424
17841406083211195,18049590986216693,2025-08-01 09:45:39,VIDEO,REELS,3,0,287,0,0,0,3,2025-08-20 17:29:40.862
17841406083211195,18049590986216693,2025-08-01 09:45:39,VIDEO,REELS,3,0,291,0,0,0,3,2025-08-21 17:30:19.073
17841406083211195,18049590986216693,2025-08-01 09:45:39,VIDEO,REELS,3,0,294,0,0,0,3,2025-08-22 17:29:22.409
17841406083211195,18049590986216693,2025-08-01 09:45:39,VIDEO,REELS,3,0,295,0,0,0,3,2025-08-24 17:29:05.925
17841406083211195,18049590986216693,2025-08-01 09:45:39,VIDEO,REELS,3,0,297,0,0,0,3,2025-08-25 17:29:34.727
17841406083211195,18049590986216693,2025-08-01 09:45:39,VIDEO,REELS,3,0,302,0,0,0,3,2025-08-27 17:30:15.454
17841406083211195,18049590986216693,2025-08-01 09:45:39,VIDEO,REELS,3,0,303,0,0,0,3,2025-08-30 17:30:09.888
17841406083211195,18049590986216693,2025-08-01 09:45:39,VIDEO,REELS,3,0,304,0,0,0,3,2025-08-31 17:28:47.918
17841406083211195,18049590986216693,2025-08-01 09:45:39,VIDEO,REELS,3,0,346,0,1,0,4,2025-10-01 04:09:53.335
17841406083211195,18049590986216693,2025-08-01 09:45:39,VIDEO,REELS,3,0,348,0,1,0,4,2025-10-02 04:04:29.513
17841406083211195,18049590986216693,2025-08-01 09:45:39,VIDEO,REELS,3,0,349,0,1,0,4,2025-10-02 17:29:27.070
17841406083211195,18049590986216693,2025-08-01 09:45:39,VIDEO,REELS,3,0,354,0,1,0,4,2025-10-05 17:29:24.310
17841406083211195,18049590986216693,2025-08-01 09:45:39,VIDEO,REELS,3,0,355,0,1,0,4,2025-10-06 17:28:48.552
17841406083211195,18049590986216693,2025-08-01 09:45:39,VIDEO,REELS,3,0,356,0,1,0,4,2025-10-08 17:29:40.356
17841406083211195,18049590986216693,2025-08-01 09:45:39,VIDEO,REELS,3,0,357,0,1,0,4,2025-10-09 17:28:46.163
17841406083211195,18049590986216693,2025-08-01 09:45:39,VIDEO,REELS,3,0,358,0,1,0,4,2025-10-13 17:28:53.153
17841406083211195,18049590986216693,2025-08-01 09:45:39,VIDEO,REELS,3,0,360,0,1,0,4,2025-10-15 17:29:48.873
17841406083211195,18049590986216693,2025-08-01 09:45:39,VIDEO,REELS,3,0,361,0,1,0,4,2025-10-20 17:29:18.456
17841406083211195,18049590986216693,2025-08-01 09:45:39,VIDEO,REELS,3,0,362,0,1,0,4,2025-10-21 17:28:38.451
17841406083211195,18049590986216693,2025-08-01 09:45:39,VIDEO,REELS,3,0,363,0,1,0,4,2025-10-22 17:28:54.477
17841406083211195,18049590986216693,2025-08-01 09:45:39,VIDEO,REELS,3,0,364,0,1,0,4,2025-10-24 17:28:52.174
17841406083211195,18049590986216693,2025-08-01 09:45:39,VIDEO,REELS,3,0,365,0,1,0,4,2025-10-29 17:29:38.417
17841406083211195,18049590986216693,2025-08-01 09:45:39,VIDEO,REELS,3,0,366,0,1,0,4,2025-11-10 17:29:14.400
17841406083211195,18049590986216693,2025-08-01 09:45:39,VIDEO,REELS,3,0,367,0,1,0,4,2025-11-11 17:29:05.806
17841406083211195,18049590986216693,2025-08-01 09:45:39,VIDEO,REELS,3,0,368,0,1,0,4,2025-11-14 17:29:08.309
17841406083211195,18049590986216693,2025-08-01 09:45:39,VIDEO,REELS,3,0,369,0,1,0,4,2025-11-16 17:29:49.613
17841406083211195,18049590986216693,2025-08-01 09:45:39,VIDEO,REELS,3,0,370,0,1,0,4,2025-11-18 17:29:03.770
17841406083211195,18049590986216693,2025-08-01 09:45:39,VIDEO,REELS,3,0,371,0,1,0,4,2025-12-03 17:36:28.740
17841406083211195,18049590986216693,2025-08-01 09:45:39,VIDEO,REELS,3,0,372,0,1,0,4,2025-12-15 17:36:51.712
17841406083211195,18049590986216693,2025-08-01 09:45:39,VIDEO,REELS,3,0,373,0,1,0,4,2025-12-20 17:36:30.950
17841406083211195,18049590986216693,2025-08-01 09:45:39,VIDEO,REELS,3,0,374,0,1,0,4,2025-12-25 17:29:11.615
17841406083211195,18052000880425015,2025-07-25 09:56:14,VIDEO,REELS,2,0,134,0,0,0,2,2025-07-25 17:29:29.461
17841406083211195,18052000880425015,2025-07-25 09:56:14,VIDEO,REELS,2,0,225,0,0,0,2,2025-07-26 17:29:50.118
17841406083211195,18052000880425015,2025-07-25 09:56:14,VIDEO,REELS,2,0,241,0,0,0,2,2025-07-27 17:30:24.967
17841406083211195,18052000880425015,2025-07-25 09:56:14,VIDEO,REELS,2,0,263,0,0,0,2,2025-07-28 17:29:02.212
17841406083211195,18052000880425015,2025-07-25 09:56:14,VIDEO,REELS,2,0,274,0,0,0,2,2025-07-29 17:29:36.767
17841406083211195,18052000880425015,2025-07-25 09:56:14,VIDEO,REELS,2,0,286,0,0,0,2,2025-07-30 17:30:07.338
17841406083211195,18052000880425015,2025-07-25 09:56:14,VIDEO,REELS,2,0,288,0,0,0,2,2025-07-31 17:28:52.255
17841406083211195,18052000880425015,2025-07-25 09:56:14,VIDEO,REELS,2,0,291,0,0,0,2,2025-08-01 17:30:02.447
17841406083211195,18052000880425015,2025-07-25 09:56:14,VIDEO,REELS,2,0,292,0,0,0,2,2025-08-02 17:29:36.148
17841406083211195,18052000880425015,2025-07-25 09:56:14,VIDEO,REELS,2,0,293,0,0,0,2,2025-08-03 17:29:40.172
17841406083211195,18052000880425015,2025-07-25 09:56:14,VIDEO,REELS,2,0,295,0,0,0,2,2025-08-04 17:30:20.389
17841406083211195,18052000880425015,2025-07-25 09:56:14,VIDEO,REELS,2,0,300,0,0,0,2,2025-08-05 17:30:25.820
17841406083211195,18052000880425015,2025-07-25 09:56:14,VIDEO,REELS,2,0,303,0,0,0,2,2025-08-06 17:29:21.811
17841406083211195,18052000880425015,2025-07-25 09:56:14,VIDEO,REELS,2,0,307,0,0,0,2,2025-08-07 17:29:51.646
17841406083211195,18052000880425015,2025-07-25 09:56:14,VIDEO,REELS,2,0,312,0,0,0,2,2025-08-08 17:29:30.432
17841406083211195,18052000880425015,2025-07-25 09:56:14,VIDEO,REELS,2,0,315,0,0,0,2,2025-08-10 17:29:41.091
17841406083211195,18052000880425015,2025-07-25 09:56:14,VIDEO,REELS,2,0,317,0,0,0,2,2025-08-11 17:30:32.960
17841406083211195,18052000880425015,2025-07-25 09:56:14,VIDEO,REELS,2,0,320,0,0,0,2,2025-08-12 17:31:22.345
17841406083211195,18052000880425015,2025-07-25 09:56:14,VIDEO,REELS,2,0,321,0,0,0,2,2025-08-14 17:30:30.701
17841406083211195,18052000880425015,2025-07-25 09:56:14,VIDEO,REELS,2,0,322,0,0,0,2,2025-08-16 17:29:29.895
17841406083211195,18052000880425015,2025-07-25 09:56:14,VIDEO,REELS,2,0,323,0,0,0,2,2025-08-18 17:28:55.668
17841406083211195,18052000880425015,2025-07-25 09:56:14,VIDEO,REELS,2,0,325,0,0,0,2,2025-08-19 17:29:34.426
17841406083211195,18052000880425015,2025-07-25 09:56:14,VIDEO,REELS,2,0,326,0,0,0,2,2025-08-20 17:29:40.865
17841406083211195,18052000880425015,2025-07-25 09:56:14,VIDEO,REELS,2,0,329,0,0,0,2,2025-08-21 17:30:19.074
17841406083211195,18052000880425015,2025-07-25 09:56:14,VIDEO,REELS,2,0,331,0,0,0,2,2025-08-24 17:29:05.926
17841406083211195,18052000880425015,2025-07-25 09:56:14,VIDEO,REELS,2,0,331,0,0,0,2,2025-08-25 17:29:34.728
17841406083211195,18052000880425015,2025-07-25 09:56:14,VIDEO,REELS,2,0,335,0,0,0,2,2025-08-27 17:30:15.455
17841406083211195,18052000880425015,2025-07-25 09:56:14,VIDEO,REELS,2,0,336,0,0,0,2,2025-08-30 17:30:09.889
17841406083211195,18052000880425015,2025-07-25 09:56:14,VIDEO,REELS,2,0,337,0,0,0,2,2025-08-31 17:28:47.920
17841406083211195,18052000880425015,2025-07-25 09:56:14,VIDEO,REELS,2,0,358,0,0,0,2,2025-10-01 04:09:53.340
17841406083211195,18052000880425015,2025-07-25 09:56:14,VIDEO,REELS,2,0,360,0,0,0,2,2025-10-02 17:29:27.073
17841406083211195,18052000880425015,2025-07-25 09:56:14,VIDEO,REELS,2,0,361,0,0,0,2,2025-10-04 17:29:36.061
17841406083211195,18052000880425015,2025-07-25 09:56:14,VIDEO,REELS,2,0,363,0,0,0,2,2025-10-05 17:29:24.313
17841406083211195,18052000880425015,2025-07-25 09:56:14,VIDEO,REELS,2,0,364,0,0,0,2,2025-10-06 17:28:48.554
17841406083211195,18052000880425015,2025-07-25 09:56:14,VIDEO,REELS,2,0,366,0,0,0,2,2025-10-09 17:28:46.166
17841406083211195,18052000880425015,2025-07-25 09:56:14,VIDEO,REELS,2,0,367,0,0,0,2,2025-10-15 17:29:48.876
17841406083211195,18052000880425015,2025-07-25 09:56:14,VIDEO,REELS,2,0,368,0,0,0,2,2025-10-20 17:29:18.459
17841406083211195,18052000880425015,2025-07-25 09:56:14,VIDEO,REELS,2,0,369,0,0,0,2,2025-10-21 17:28:38.453
17841406083211195,18052000880425015,2025-07-25 09:56:14,VIDEO,REELS,2,0,369,0,0,0,2,2025-10-24 17:28:58.155
17841406083211195,18052000880425015,2025-07-25 09:56:14,VIDEO,REELS,2,0,370,0,0,0,2,2025-10-29 17:29:38.417
17841406083211195,18052000880425015,2025-07-25 09:56:14,VIDEO,REELS,2,0,371,0,0,0,2,2025-11-10 17:29:14.402
17841406083211195,18052000880425015,2025-07-25 09:56:14,VIDEO,REELS,2,0,372,0,0,0,2,2025-11-11 17:29:05.807
17841406083211195,18052000880425015,2025-07-25 09:56:14,VIDEO,REELS,2,0,373,0,0,0,2,2025-11-18 17:29:03.772
17841406083211195,18052000880425015,2025-07-25 09:56:14,VIDEO,REELS,2,0,374,0,0,0,2,2025-12-03 17:36:28.741
17841406083211195,18052000880425015,2025-07-25 09:56:14,VIDEO,REELS,2,0,375,0,0,0,2,2025-12-25 17:29:25.133
17841406083211195,18052120916232078,2025-03-06 08:24:52,VIDEO,REELS,6,3,433,3,0,1,10,2025-04-17 17:31:52.803
17841406083211195,18052120916232078,2025-03-06 08:24:52,VIDEO,REELS,6,3,434,3,0,1,10,2025-04-18 19:14:47.752
17841406083211195,18052120916232078,2025-03-06 08:24:52,VIDEO,REELS,6,3,438,3,0,1,10,2025-04-22 06:39:46.052
17841406083211195,18052120916232078,2025-03-06 08:24:52,VIDEO,REELS,6,3,439,3,0,1,10,2025-04-24 17:29:59.116
17841406083211195,18052120916232078,2025-03-06 08:24:52,VIDEO,REELS,6,3,440,3,0,1,10,2025-04-25 17:30:04.355
17841406083211195,18052120916232078,2025-03-06 08:24:52,VIDEO,REELS,6,3,441,3,0,1,10,2025-04-30 17:30:59.231
17841406083211195,18052120916232078,2025-03-06 08:24:52,VIDEO,REELS,6,3,441,3,0,1,10,2025-05-05 17:29:55.870
17841406083211195,18052120916232078,2025-03-06 08:24:52,VIDEO,REELS,6,3,443,3,0,1,10,2025-05-08 17:30:01.753
17841406083211195,18052120916232078,2025-03-06 08:24:52,VIDEO,REELS,6,3,444,3,0,1,10,2025-05-10 17:30:36.594
17841406083211195,18052120916232078,2025-03-06 08:24:52,VIDEO,REELS,6,3,444,3,0,1,10,2025-05-11 17:29:45.380
17841406083211195,18052120916232078,2025-03-06 08:24:52,VIDEO,REELS,6,3,445,3,0,1,10,2025-05-17 17:30:06.316
17841406083211195,18052120916232078,2025-03-06 08:24:52,VIDEO,REELS,6,3,446,3,0,1,10,2025-05-24 17:30:42.245
17841406083211195,18052120916232078,2025-03-06 08:24:52,VIDEO,REELS,6,3,446,3,0,1,10,2025-05-25 17:31:05.649
17841406083211195,18052120916232078,2025-03-06 08:24:52,VIDEO,REELS,6,3,446,3,0,1,10,2025-06-05 17:30:15.487
17841406083211195,18052120916232078,2025-03-06 08:24:52,VIDEO,REELS,6,3,453,3,0,1,10,2025-07-21 17:30:54.843
17841406083211195,18052120916232078,2025-03-06 08:24:52,VIDEO,REELS,6,3,457,3,0,1,10,2025-07-24 17:30:11.316
17841406083211195,18052120916232078,2025-03-06 08:24:52,VIDEO,REELS,6,3,458,3,0,1,10,2025-07-25 17:29:48.896
17841406083211195,18052120916232078,2025-03-06 08:24:52,VIDEO,REELS,6,3,459,3,0,1,10,2025-08-04 17:30:32.191
17841406083211195,18052120916232078,2025-03-06 08:24:52,VIDEO,REELS,6,3,460,3,0,1,10,2025-08-06 17:29:32.811
17841406083211195,18052120916232078,2025-03-06 08:24:52,VIDEO,REELS,6,3,461,3,0,1,10,2025-08-20 17:29:49.045
17841406083211195,18052120916232078,2025-03-06 08:24:52,VIDEO,REELS,6,3,462,3,0,1,10,2025-08-27 17:30:31.264
17841406083211195,18052120916232078,2025-03-06 08:24:52,VIDEO,REELS,6,3,463,3,0,1,10,2025-08-31 17:29:08.151
17841406083211195,18052120916232078,2025-03-06 08:24:52,VIDEO,REELS,6,3,466,3,0,1,10,2025-11-06 17:29:01.634
17841406083211195,18052120916232078,2025-03-06 08:24:52,VIDEO,REELS,6,3,467,3,0,1,10,2025-11-19 17:34:55.381
17841406083211195,18052120916232078,2025-03-06 08:24:52,VIDEO,REELS,6,3,468,3,0,1,10,2025-12-03 17:36:09.387
17841406083211195,18052120916232078,2025-03-06 08:24:52,VIDEO,REELS,6,3,469,3,0,1,10,2025-12-25 17:29:40.547
17841406083211195,18052992004986968,2025-03-26 10:18:10,VIDEO,REELS,8,0,273,0,0,0,8,2025-04-17 17:31:52.791
17841406083211195,18052992004986968,2025-03-26 10:18:10,VIDEO,REELS,8,0,273,0,0,0,8,2025-04-18 19:14:47.749
17841406083211195,18052992004986968,2025-03-26 10:18:10,VIDEO,REELS,8,0,274,0,0,0,8,2025-04-19 21:58:31.467
17841406083211195,18052992004986968,2025-03-26 10:18:10,VIDEO,REELS,8,0,277,0,0,0,8,2025-04-22 04:22:50.012
17841406083211195,18052992004986968,2025-03-26 10:18:10,VIDEO,REELS,8,0,277,0,0,0,8,2025-04-22 06:39:46.048
17841406083211195,18052992004986968,2025-03-26 10:18:10,VIDEO,REELS,8,0,278,0,0,0,8,2025-04-22 17:29:16.972
17841406083211195,18052992004986968,2025-03-26 10:18:10,VIDEO,REELS,8,0,279,0,0,0,8,2025-04-24 01:56:09.939
17841406083211195,18052992004986968,2025-03-26 10:18:10,VIDEO,REELS,8,0,280,0,0,0,8,2025-04-25 17:30:04.350
17841406083211195,18052992004986968,2025-03-26 10:18:10,VIDEO,REELS,8,0,281,0,0,0,8,2025-04-27 17:31:03.882
17841406083211195,18052992004986968,2025-03-26 10:18:10,VIDEO,REELS,8,0,282,0,0,0,8,2025-04-28 17:30:00.130
17841406083211195,18052992004986968,2025-03-26 10:18:10,VIDEO,REELS,8,0,284,0,0,0,8,2025-04-30 17:30:59.229
17841406083211195,18052992004986968,2025-03-26 10:18:10,VIDEO,REELS,8,0,285,0,0,0,8,2025-05-03 17:30:39.021
17841406083211195,18052992004986968,2025-03-26 10:18:10,VIDEO,REELS,8,0,286,0,0,0,8,2025-05-04 17:28:52.307
17841406083211195,18052992004986968,2025-03-26 10:18:10,VIDEO,REELS,8,0,288,0,0,0,8,2025-05-05 17:29:55.867
17841406083211195,18052992004986968,2025-03-26 10:18:10,VIDEO,REELS,8,0,289,0,0,0,8,2025-05-06 17:29:33.093
17841406083211195,18052992004986968,2025-03-26 10:18:10,VIDEO,REELS,8,0,291,0,0,0,8,2025-05-08 17:30:01.748
17841406083211195,18052992004986968,2025-03-26 10:18:10,VIDEO,REELS,8,0,293,0,0,0,8,2025-05-10 17:30:36.591
17841406083211195,18052992004986968,2025-03-26 10:18:10,VIDEO,REELS,8,0,294,0,0,0,8,2025-05-12 17:30:45.003
17841406083211195,18052992004986968,2025-03-26 10:18:10,VIDEO,REELS,8,0,295,0,0,0,8,2025-05-16 17:31:00.283
17841406083211195,18052992004986968,2025-03-26 10:18:10,VIDEO,REELS,8,0,296,0,0,0,8,2025-05-17 17:30:06.314
17841406083211195,18052992004986968,2025-03-26 10:18:10,VIDEO,REELS,8,0,297,0,0,0,8,2025-05-22 17:30:10.252
17841406083211195,18052992004986968,2025-03-26 10:18:10,VIDEO,REELS,8,0,298,0,0,0,8,2025-05-24 17:30:42.231
17841406083211195,18052992004986968,2025-03-26 10:18:10,VIDEO,REELS,8,0,299,0,0,0,8,2025-05-26 17:30:22.047
17841406083211195,18052992004986968,2025-03-26 10:18:10,VIDEO,REELS,8,0,300,0,0,0,8,2025-06-05 17:30:15.483
17841406083211195,18052992004986968,2025-03-26 10:18:10,VIDEO,REELS,8,0,314,0,0,0,8,2025-07-04 17:31:09.099
17841406083211195,18052992004986968,2025-03-26 10:18:10,VIDEO,REELS,8,0,315,0,0,0,8,2025-07-10 17:29:25.289
17841406083211195,18052992004986968,2025-03-26 10:18:10,VIDEO,REELS,8,0,315,0,0,0,8,2025-07-20 17:30:24.962
17841406083211195,18052992004986968,2025-03-26 10:18:10,VIDEO,REELS,8,0,316,0,0,0,8,2025-07-22 17:30:46.713
17841406083211195,18052992004986968,2025-03-26 10:18:10,VIDEO,REELS,8,0,317,0,0,0,8,2025-08-01 17:30:15.507
17841406083211195,18052992004986968,2025-03-26 10:18:10,VIDEO,REELS,8,0,318,0,0,0,8,2025-08-04 17:30:32.188
17841406083211195,18052992004986968,2025-03-26 10:18:10,VIDEO,REELS,8,0,321,0,0,0,8,2025-08-06 17:29:32.809
17841406083211195,18052992004986968,2025-03-26 10:18:10,VIDEO,REELS,8,0,322,0,0,0,8,2025-08-19 17:29:48.958
17841406083211195,18052992004986968,2025-03-26 10:18:10,VIDEO,REELS,8,0,323,0,0,0,8,2025-08-20 17:29:49.042
17841406083211195,18052992004986968,2025-03-26 10:18:10,VIDEO,REELS,8,0,324,0,0,0,8,2025-08-24 17:29:14.553
17841406083211195,18052992004986968,2025-03-26 10:18:10,VIDEO,REELS,8,0,325,0,0,0,8,2025-08-31 17:28:56.733
17841406083211195,18052992004986968,2025-03-26 10:18:10,VIDEO,REELS,8,0,326,0,0,0,8,2025-10-10 17:30:20.758
17841406083211195,18052992004986968,2025-03-26 10:18:10,VIDEO,REELS,8,0,329,0,0,0,8,2025-10-17 17:30:11.765
17841406083211195,18052992004986968,2025-03-26 10:18:10,VIDEO,REELS,8,0,329,0,0,0,8,2025-10-20 17:29:38.002
17841406083211195,18052992004986968,2025-03-26 10:18:10,VIDEO,REELS,8,0,330,0,0,0,8,2025-10-28 17:30:01.152
17841406083211195,18052992004986968,2025-03-26 10:18:10,VIDEO,REELS,8,0,330,0,0,0,8,2025-11-06 17:29:01.631
17841406083211195,18052992004986968,2025-03-26 10:18:10,VIDEO,REELS,8,0,331,0,0,0,8,2025-11-10 17:29:23.634
17841406083211195,18052992004986968,2025-03-26 10:18:10,VIDEO,REELS,8,0,332,0,0,0,8,2025-12-01 17:33:15.134
17841406083211195,18052992004986968,2025-03-26 10:18:10,VIDEO,REELS,8,0,333,0,0,0,8,2025-12-03 17:35:49.227
17841406083211195,18052992004986968,2025-03-26 10:18:10,VIDEO,REELS,8,0,334,0,0,0,8,2025-12-24 17:29:21.584
17841406083211195,18052992004986968,2025-03-26 10:18:10,VIDEO,REELS,8,0,335,0,0,0,8,2025-12-25 17:29:40.545
17841406083211195,18055231754234782,2025-09-30 10:48:25,VIDEO,REELS,4,0,91,0,0,0,4,2025-10-01 04:09:46.373
17841406083211195,18055231754234782,2025-09-30 10:48:25,VIDEO,REELS,5,0,113,0,0,0,5,2025-10-01 17:29:46.305
17841406083211195,18055231754234782,2025-09-30 10:48:25,VIDEO,REELS,5,0,120,0,0,0,5,2025-10-02 02:39:12.562
17841406083211195,18055231754234782,2025-09-30 10:48:25,VIDEO,REELS,5,0,121,0,0,0,5,2025-10-02 04:04:21.948
17841406083211195,18055231754234782,2025-09-30 10:48:25,VIDEO,REELS,5,0,141,0,0,0,5,2025-10-02 17:29:21.639
17841406083211195,18055231754234782,2025-09-30 10:48:25,VIDEO,REELS,5,0,147,0,0,0,5,2025-10-03 17:29:13.360
17841406083211195,18055231754234782,2025-09-30 10:48:25,VIDEO,REELS,5,0,155,0,0,0,5,2025-10-04 17:29:36.070
17841406083211195,18055231754234782,2025-09-30 10:48:25,VIDEO,REELS,5,0,161,0,0,0,5,2025-10-05 17:29:24.324
17841406083211195,18055231754234782,2025-09-30 10:48:25,VIDEO,REELS,5,0,172,0,0,0,5,2025-10-06 17:28:48.564
17841406083211195,18055231754234782,2025-09-30 10:48:25,VIDEO,REELS,5,0,177,0,0,0,5,2025-10-07 17:28:29.278
17841406083211195,18055231754234782,2025-09-30 10:48:25,VIDEO,REELS,5,0,180,0,0,0,5,2025-10-08 17:29:40.363
17841406083211195,18055231754234782,2025-09-30 10:48:25,VIDEO,REELS,5,0,183,0,0,0,5,2025-10-09 17:28:46.177
17841406083211195,18055231754234782,2025-09-30 10:48:25,VIDEO,REELS,5,0,187,0,0,0,5,2025-10-10 17:30:06.547
17841406083211195,18055231754234782,2025-09-30 10:48:25,VIDEO,REELS,5,0,188,0,0,0,5,2025-10-11 17:28:30.972
17841406083211195,18055231754234782,2025-09-30 10:48:25,VIDEO,REELS,6,0,190,0,0,0,6,2025-10-12 17:28:49.797
17841406083211195,18055231754234782,2025-09-30 10:48:25,VIDEO,REELS,6,0,194,0,0,0,6,2025-10-13 17:28:53.163
17841406083211195,18055231754234782,2025-09-30 10:48:25,VIDEO,REELS,6,0,196,0,0,0,6,2025-10-16 17:28:56.624
17841406083211195,18055231754234782,2025-09-30 10:48:25,VIDEO,REELS,13,0,208,0,0,0,13,2025-10-17 17:29:48.798
17841406083211195,18055231754234782,2025-09-30 10:48:25,VIDEO,REELS,13,0,210,0,0,0,13,2025-10-18 17:28:28.258
17841406083211195,18055231754234782,2025-09-30 10:48:25,VIDEO,REELS,13,0,211,0,0,0,13,2025-10-19 17:28:32.843
17841406083211195,18055231754234782,2025-09-30 10:48:25,VIDEO,REELS,13,0,216,0,0,0,13,2025-10-20 17:29:18.468
17841406083211195,18055231754234782,2025-09-30 10:48:25,VIDEO,REELS,13,0,218,0,0,0,13,2025-10-21 17:28:38.460
17841406083211195,18055231754234782,2025-09-30 10:48:25,VIDEO,REELS,13,0,219,0,0,0,13,2025-10-22 17:28:54.488
17841406083211195,18055231754234782,2025-09-30 10:48:25,VIDEO,REELS,13,0,221,0,0,0,13,2025-10-24 17:28:52.183
17841406083211195,18055231754234782,2025-09-30 10:48:25,VIDEO,REELS,13,0,222,0,0,0,13,2025-10-25 17:30:00.352
17841406083211195,18055231754234782,2025-09-30 10:48:25,VIDEO,REELS,13,0,223,0,0,0,13,2025-10-27 17:28:47.003
17841406083211195,18055231754234782,2025-09-30 10:48:25,VIDEO,REELS,13,0,225,0,0,0,13,2025-10-28 17:29:42.172
17841406083211195,18055231754234782,2025-09-30 10:48:25,VIDEO,REELS,13,0,226,0,0,0,13,2025-10-29 17:29:27.591
17841406083211195,18055231754234782,2025-09-30 10:48:25,VIDEO,REELS,13,0,229,0,0,0,13,2025-10-30 17:30:15.097
17841406083211195,18055231754234782,2025-09-30 10:48:25,VIDEO,REELS,13,0,230,0,0,0,13,2025-11-01 17:29:16.511
17841406083211195,18055231754234782,2025-09-30 10:48:25,VIDEO,REELS,13,0,230,0,0,0,13,2025-11-03 17:28:49.526
17841406083211195,18055231754234782,2025-09-30 10:48:25,VIDEO,REELS,13,0,232,0,0,0,13,2025-11-05 17:28:28.354
17841406083211195,18055231754234782,2025-09-30 10:48:25,VIDEO,REELS,13,0,233,0,0,0,13,2025-11-06 17:28:43.530
17841406083211195,18055231754234782,2025-09-30 10:48:25,VIDEO,REELS,13,0,234,0,0,0,13,2025-11-07 17:29:01.091
17841406083211195,18055231754234782,2025-09-30 10:48:25,VIDEO,REELS,14,0,235,0,0,0,14,2025-11-09 17:28:38.969
17841406083211195,18055231754234782,2025-09-30 10:48:25,VIDEO,REELS,14,0,236,0,0,0,14,2025-11-10 17:29:07.648
17841406083211195,18055231754234782,2025-09-30 10:48:25,VIDEO,REELS,14,0,241,0,0,0,14,2025-11-11 17:28:56.858
17841406083211195,18055231754234782,2025-09-30 10:48:25,VIDEO,REELS,14,0,243,0,0,0,14,2025-11-14 17:29:00.547
17841406083211195,18055231754234782,2025-09-30 10:48:25,VIDEO,REELS,14,0,247,0,0,0,14,2025-11-18 17:28:56.201
17841406083211195,18055231754234782,2025-09-30 10:48:25,VIDEO,REELS,14,0,249,0,0,0,14,2025-11-20 17:36:09.358
17841406083211195,18055231754234782,2025-09-30 10:48:25,VIDEO,REELS,14,0,250,0,0,0,14,2025-11-24 17:36:35.488
17841406083211195,18055231754234782,2025-09-30 10:48:25,VIDEO,REELS,14,0,252,0,0,0,14,2025-11-25 17:34:52.772
17841406083211195,18055231754234782,2025-09-30 10:48:25,VIDEO,REELS,14,0,252,0,0,0,14,2025-11-27 17:34:42.523
17841406083211195,18055231754234782,2025-09-30 10:48:25,VIDEO,REELS,14,0,253,0,0,0,14,2025-11-29 17:36:27.544
17841406083211195,18055231754234782,2025-09-30 10:48:25,VIDEO,REELS,14,0,255,0,0,0,14,2025-12-01 17:34:00.995
17841406083211195,18055231754234782,2025-09-30 10:48:25,VIDEO,REELS,14,0,257,0,0,0,14,2025-12-08 17:33:32.916
17841406083211195,18055231754234782,2025-09-30 10:48:25,VIDEO,REELS,14,0,259,0,0,0,14,2025-12-11 17:33:56.850
17841406083211195,18055231754234782,2025-09-30 10:48:25,VIDEO,REELS,14,0,260,0,0,0,14,2025-12-15 17:37:13.501
17841406083211195,18055231754234782,2025-09-30 10:48:25,VIDEO,REELS,14,0,261,0,0,0,14,2025-12-25 17:29:11.622
17841406083211195,18056305271072017,2025-07-04 09:41:41,VIDEO,REELS,2,0,231,0,0,1,3,2025-07-04 17:30:46.723
17841406083211195,18056305271072017,2025-07-04 09:41:41,VIDEO,REELS,2,0,302,0,0,1,3,2025-07-05 17:29:42.140
17841406083211195,18056305271072017,2025-07-04 09:41:41,VIDEO,REELS,3,0,326,0,0,1,4,2025-07-06 17:30:19.727
17841406083211195,18056305271072017,2025-07-04 09:41:41,VIDEO,REELS,3,0,338,0,0,1,4,2025-07-07 17:30:28.389
17841406083211195,18056305271072017,2025-07-04 09:41:41,VIDEO,REELS,3,0,349,0,0,1,4,2025-07-08 17:29:43.445
17841406083211195,18056305271072017,2025-07-04 09:41:41,VIDEO,REELS,4,0,354,0,0,1,5,2025-07-09 17:30:26.376
17841406083211195,18056305271072017,2025-07-04 09:41:41,VIDEO,REELS,4,0,357,0,0,1,5,2025-07-10 17:29:17.365
17841406083211195,18056305271072017,2025-07-04 09:41:41,VIDEO,REELS,4,0,363,0,0,1,5,2025-07-11 17:29:41.228
17841406083211195,18056305271072017,2025-07-04 09:41:41,VIDEO,REELS,4,0,372,0,0,1,5,2025-07-12 17:30:05.025
17841406083211195,18056305271072017,2025-07-04 09:41:41,VIDEO,REELS,4,0,375,0,0,1,5,2025-07-13 17:29:26.777
17841406083211195,18056305271072017,2025-07-04 09:41:41,VIDEO,REELS,5,0,378,0,0,1,6,2025-07-14 17:30:26.684
17841406083211195,18056305271072017,2025-07-04 09:41:41,VIDEO,REELS,5,0,383,0,0,1,6,2025-07-15 17:29:51.516
17841406083211195,18056305271072017,2025-07-04 09:41:41,VIDEO,REELS,5,0,384,0,0,1,6,2025-07-16 17:30:05.717
17841406083211195,18056305271072017,2025-07-04 09:41:41,VIDEO,REELS,5,0,390,0,0,1,6,2025-07-17 17:29:49.523
17841406083211195,18056305271072017,2025-07-04 09:41:41,VIDEO,REELS,5,0,395,0,0,1,6,2025-07-18 17:29:48.374
17841406083211195,18056305271072017,2025-07-04 09:41:41,VIDEO,REELS,5,0,397,0,0,1,6,2025-07-20 17:30:14.573
17841406083211195,18056305271072017,2025-07-04 09:41:41,VIDEO,REELS,5,0,398,0,0,1,6,2025-07-21 17:30:41.027
17841406083211195,18056305271072017,2025-07-04 09:41:41,VIDEO,REELS,5,0,399,0,0,1,6,2025-07-22 17:30:36.354
17841406083211195,18056305271072017,2025-07-04 09:41:41,VIDEO,REELS,5,0,403,0,0,1,6,2025-07-23 17:30:15.900
17841406083211195,18056305271072017,2025-07-04 09:41:41,VIDEO,REELS,5,0,404,0,0,1,6,2025-07-24 17:30:01.606
17841406083211195,18056305271072017,2025-07-04 09:41:41,VIDEO,REELS,5,0,406,0,0,1,6,2025-07-25 17:29:40.360
17841406083211195,18056305271072017,2025-07-04 09:41:41,VIDEO,REELS,5,0,408,0,0,1,6,2025-07-26 17:30:03.790
17841406083211195,18056305271072017,2025-07-04 09:41:41,VIDEO,REELS,5,0,409,0,0,1,6,2025-07-27 17:30:34.310
17841406083211195,18056305271072017,2025-07-04 09:41:41,VIDEO,REELS,5,0,413,0,0,1,6,2025-07-28 17:29:11.655
17841406083211195,18056305271072017,2025-07-04 09:41:41,VIDEO,REELS,5,0,414,0,0,1,6,2025-07-29 17:29:46.535
17841406083211195,18056305271072017,2025-07-04 09:41:41,VIDEO,REELS,5,0,421,0,0,1,6,2025-07-30 17:30:07.350
17841406083211195,18056305271072017,2025-07-04 09:41:41,VIDEO,REELS,5,0,422,0,0,1,6,2025-07-31 17:28:52.268
17841406083211195,18056305271072017,2025-07-04 09:41:41,VIDEO,REELS,5,0,423,0,0,1,6,2025-08-01 17:30:02.460
17841406083211195,18056305271072017,2025-07-04 09:41:41,VIDEO,REELS,5,0,424,0,0,1,6,2025-08-03 17:29:40.183
17841406083211195,18056305271072017,2025-07-04 09:41:41,VIDEO,REELS,5,0,425,0,0,1,6,2025-08-05 17:30:25.828
17841406083211195,18056305271072017,2025-07-04 09:41:41,VIDEO,REELS,5,0,426,0,0,1,6,2025-08-06 17:29:21.819
17841406083211195,18056305271072017,2025-07-04 09:41:41,VIDEO,REELS,5,0,428,0,0,1,6,2025-08-07 17:29:51.658
17841406083211195,18056305271072017,2025-07-04 09:41:41,VIDEO,REELS,5,0,430,0,0,1,6,2025-08-08 17:29:30.446
17841406083211195,18056305271072017,2025-07-04 09:41:41,VIDEO,REELS,5,0,431,0,0,1,6,2025-08-09 17:29:16.360
17841406083211195,18056305271072017,2025-07-04 09:41:41,VIDEO,REELS,5,0,432,0,0,1,6,2025-08-10 17:29:41.097
17841406083211195,18056305271072017,2025-07-04 09:41:41,VIDEO,REELS,5,0,439,0,0,1,6,2025-08-11 17:30:32.971
17841406083211195,18056305271072017,2025-07-04 09:41:41,VIDEO,REELS,5,0,440,0,0,1,6,2025-08-12 17:31:22.353
17841406083211195,18056305271072017,2025-07-04 09:41:41,VIDEO,REELS,5,0,441,0,0,1,6,2025-08-13 17:29:54.298
17841406083211195,18056305271072017,2025-07-04 09:41:41,VIDEO,REELS,5,0,442,0,0,1,6,2025-08-14 17:30:30.708
17841406083211195,18056305271072017,2025-07-04 09:41:41,VIDEO,REELS,5,0,443,0,0,1,6,2025-08-15 17:29:20.122
17841406083211195,18056305271072017,2025-07-04 09:41:41,VIDEO,REELS,5,0,444,0,0,1,6,2025-08-16 17:29:29.901
17841406083211195,18056305271072017,2025-07-04 09:41:41,VIDEO,REELS,5,0,445,0,0,1,6,2025-08-17 17:28:43.184
17841406083211195,18056305271072017,2025-07-04 09:41:41,VIDEO,REELS,5,0,446,0,0,1,6,2025-08-18 17:28:55.674
17841406083211195,18056305271072017,2025-07-04 09:41:41,VIDEO,REELS,5,0,447,0,0,1,6,2025-08-19 17:29:34.440
17841406083211195,18056305271072017,2025-07-04 09:41:41,VIDEO,REELS,5,0,450,0,0,1,6,2025-08-20 17:29:40.879
17841406083211195,18056305271072017,2025-07-04 09:41:41,VIDEO,REELS,5,0,451,0,0,1,6,2025-08-21 17:30:19.083
17841406083211195,18056305271072017,2025-07-04 09:41:41,VIDEO,REELS,5,0,453,0,0,1,6,2025-08-24 17:29:05.937
17841406083211195,18056305271072017,2025-07-04 09:41:41,VIDEO,REELS,5,0,454,0,0,1,6,2025-08-25 17:29:34.735
17841406083211195,18056305271072017,2025-07-04 09:41:41,VIDEO,REELS,5,0,458,0,0,1,6,2025-08-27 17:30:15.470
17841406083211195,18056305271072017,2025-07-04 09:41:41,VIDEO,REELS,5,0,459,0,0,1,6,2025-08-28 17:31:18.232
17841406083211195,18056305271072017,2025-07-04 09:41:41,VIDEO,REELS,5,0,460,0,0,1,6,2025-08-30 17:30:09.895
17841406083211195,18056305271072017,2025-07-04 09:41:41,VIDEO,REELS,5,0,461,0,0,1,6,2025-08-31 17:28:47.931
17841406083211195,18056305271072017,2025-07-04 09:41:41,VIDEO,REELS,5,0,480,0,1,1,7,2025-10-01 04:09:53.356
17841406083211195,18056305271072017,2025-07-04 09:41:41,VIDEO,REELS,5,0,482,0,1,1,7,2025-10-05 17:29:24.324
17841406083211195,18056305271072017,2025-07-04 09:41:41,VIDEO,REELS,5,0,484,0,1,1,7,2025-10-06 17:28:48.564
17841406083211195,18056305271072017,2025-07-04 09:41:41,VIDEO,REELS,5,0,486,0,1,1,7,2025-10-09 17:28:59.259
17841406083211195,18056305271072017,2025-07-04 09:41:41,VIDEO,REELS,5,0,487,0,1,1,7,2025-10-10 17:30:14.056
17841406083211195,18056305271072017,2025-07-04 09:41:41,VIDEO,REELS,5,0,488,0,1,1,7,2025-10-13 17:29:00.310
17841406083211195,18056305271072017,2025-07-04 09:41:41,VIDEO,REELS,5,0,489,0,1,1,7,2025-10-15 17:30:00.909
17841406083211195,18056305271072017,2025-07-04 09:41:41,VIDEO,REELS,5,0,491,0,1,1,7,2025-10-16 17:29:06.183
17841406083211195,18056305271072017,2025-07-04 09:41:41,VIDEO,REELS,5,0,495,0,1,1,7,2025-10-17 17:30:04.049
17841406083211195,18056305271072017,2025-07-04 09:41:41,VIDEO,REELS,5,0,496,0,1,1,7,2025-10-20 17:29:27.072
17841406083211195,18056305271072017,2025-07-04 09:41:41,VIDEO,REELS,5,0,497,0,1,1,7,2025-10-21 17:28:47.409
17841406083211195,18056305271072017,2025-07-04 09:41:41,VIDEO,REELS,5,0,498,0,1,1,7,2025-10-24 17:28:58.161
17841406083211195,18056305271072017,2025-07-04 09:41:41,VIDEO,REELS,5,0,499,0,1,1,7,2025-10-25 17:30:05.435
17841406083211195,18056305271072017,2025-07-04 09:41:41,VIDEO,REELS,5,0,500,0,1,1,7,2025-10-29 17:29:38.423
17841406083211195,18056305271072017,2025-07-04 09:41:41,VIDEO,REELS,5,0,502,0,1,1,7,2025-10-31 17:29:10.257
17841406083211195,18056305271072017,2025-07-04 09:41:41,VIDEO,REELS,5,0,505,0,1,1,7,2025-11-02 17:29:05.361
17841406083211195,18056305271072017,2025-07-04 09:41:41,VIDEO,REELS,5,0,506,0,1,1,7,2025-11-10 17:29:14.415
17841406083211195,18056305271072017,2025-07-04 09:41:41,VIDEO,REELS,5,0,507,0,1,1,7,2025-11-11 17:29:05.813
17841406083211195,18056305271072017,2025-07-04 09:41:41,VIDEO,REELS,5,0,508,0,1,1,7,2025-11-15 17:30:56.076
17841406083211195,18056305271072017,2025-07-04 09:41:41,VIDEO,REELS,5,0,510,0,1,1,7,2025-11-18 17:29:03.779
17841406083211195,18056305271072017,2025-07-04 09:41:41,VIDEO,REELS,5,0,511,0,1,1,7,2025-11-28 17:35:14.154
17841406083211195,18056305271072017,2025-07-04 09:41:41,VIDEO,REELS,5,0,512,0,1,1,7,2025-12-02 17:35:07.735
17841406083211195,18056305271072017,2025-07-04 09:41:41,VIDEO,REELS,5,0,512,0,1,1,7,2025-12-03 17:36:28.751
17841406083211195,18056305271072017,2025-07-04 09:41:41,VIDEO,REELS,5,0,513,0,1,1,7,2025-12-08 17:33:12.768
17841406083211195,18056305271072017,2025-07-04 09:41:41,VIDEO,REELS,5,0,514,0,1,1,7,2025-12-12 17:35:25.290
17841406083211195,18056305271072017,2025-07-04 09:41:41,VIDEO,REELS,5,0,515,0,1,1,7,2025-12-25 17:29:25.140
17841406083211195,18056481467485460,2025-02-18 09:29:53,VIDEO,REELS,7,0,371,0,0,1,8,2025-04-18 19:14:47.756
17841406083211195,18056481467485460,2025-02-18 09:29:53,VIDEO,REELS,7,0,372,0,0,1,8,2025-04-24 01:56:09.943
17841406083211195,18056481467485460,2025-02-18 09:29:53,VIDEO,REELS,7,0,373,0,0,1,8,2025-04-24 17:29:59.134
17841406083211195,18056481467485460,2025-02-18 09:29:53,VIDEO,REELS,7,0,373,0,0,1,8,2025-04-25 17:30:04.370
17841406083211195,18056481467485460,2025-02-18 09:29:53,VIDEO,REELS,7,0,375,0,0,1,8,2025-05-08 17:30:01.761
17841406083211195,18056481467485460,2025-02-18 09:29:53,VIDEO,REELS,7,0,377,0,0,1,8,2025-05-11 17:29:45.385
17841406083211195,18056481467485460,2025-02-18 09:29:53,VIDEO,REELS,7,0,378,0,0,1,8,2025-05-14 17:30:05.779
17841406083211195,18056481467485460,2025-02-18 09:29:53,VIDEO,REELS,7,0,378,0,0,1,8,2025-05-18 17:30:27.081
17841406083211195,18056481467485460,2025-02-18 09:29:53,VIDEO,REELS,7,0,379,0,0,1,8,2025-05-22 17:30:10.261
17841406083211195,18056481467485460,2025-02-18 09:29:53,VIDEO,REELS,7,0,379,0,0,1,8,2025-05-24 17:30:42.261
17841406083211195,18056481467485460,2025-02-18 09:29:53,VIDEO,REELS,7,0,380,0,0,1,8,2025-05-25 17:31:05.656
17841406083211195,18056481467485460,2025-02-18 09:29:53,VIDEO,REELS,7,0,380,0,0,1,8,2025-05-28 17:30:39.446
17841406083211195,18056481467485460,2025-02-18 09:29:53,VIDEO,REELS,7,0,381,0,0,1,8,2025-06-05 17:30:24.265
17841406083211195,18056481467485460,2025-02-18 09:29:53,VIDEO,REELS,7,0,385,0,0,1,8,2025-07-03 17:30:07.996
17841406083211195,18056481467485460,2025-02-18 09:29:53,VIDEO,REELS,7,0,387,0,0,1,8,2025-07-19 17:30:13.148
17841406083211195,18056481467485460,2025-02-18 09:29:53,VIDEO,REELS,7,0,389,0,0,1,8,2025-07-25 17:29:48.901
17841406083211195,18056481467485460,2025-02-18 09:29:53,VIDEO,REELS,7,0,390,0,0,1,8,2025-07-31 17:29:02.403
17841406083211195,18056481467485460,2025-02-18 09:29:53,VIDEO,REELS,7,0,391,0,0,1,8,2025-08-04 17:30:32.198
17841406083211195,18056481467485460,2025-02-18 09:29:53,VIDEO,REELS,7,0,392,0,0,1,8,2025-08-05 17:30:39.104
17841406083211195,18056481467485460,2025-02-18 09:29:53,VIDEO,REELS,7,0,392,0,0,1,8,2025-08-06 17:29:32.815
17841406083211195,18056481467485460,2025-02-18 09:29:53,VIDEO,REELS,7,0,393,0,0,1,8,2025-08-11 17:30:52.899
17841406083211195,18056481467485460,2025-02-18 09:29:53,VIDEO,REELS,7,0,394,0,0,1,8,2025-08-20 17:29:54.708
17841406083211195,18056481467485460,2025-02-18 09:29:53,VIDEO,REELS,7,0,395,0,0,1,8,2025-08-25 17:29:53.217
17841406083211195,18056481467485460,2025-02-18 09:29:53,VIDEO,REELS,7,0,396,0,0,1,8,2025-08-31 17:29:08.159
17841406083211195,18056481467485460,2025-02-18 09:29:53,VIDEO,REELS,7,0,400,0,0,1,8,2025-10-05 17:29:46.410
17841406083211195,18056481467485460,2025-02-18 09:29:53,VIDEO,REELS,7,0,401,0,0,1,8,2025-10-16 17:29:14.749
17841406083211195,18056481467485460,2025-02-18 09:29:53,VIDEO,REELS,7,0,401,0,0,1,8,2025-11-14 17:29:25.553
17841406083211195,18056481467485460,2025-02-18 09:29:53,VIDEO,REELS,7,0,402,0,0,1,8,2025-12-03 17:35:49.238
17841406083211195,18056481467485460,2025-02-18 09:29:53,VIDEO,REELS,7,0,403,0,0,1,8,2025-12-20 17:35:37.715
17841406083211195,18056481467485460,2025-02-18 09:29:53,VIDEO,REELS,7,0,403,0,0,1,8,2025-12-24 17:29:21.595
17841406083211195,18056481467485460,2025-02-18 09:29:53,VIDEO,REELS,7,0,404,0,0,1,8,2025-12-25 17:29:40.550
17841406083211195,18058422143254800,2025-11-12 12:41:51,VIDEO,REELS,17,0,388,0,0,1,18,2025-11-12 17:28:50.082
17841406083211195,18058422143254800,2025-11-12 12:41:51,VIDEO,REELS,21,0,700,0,0,1,22,2025-11-13 17:29:10.216
17841406083211195,18058422143254800,2025-11-12 12:41:51,VIDEO,REELS,29,0,796,0,0,1,30,2025-11-14 17:29:00.543
17841406083211195,18058422143254800,2025-11-12 12:41:51,VIDEO,REELS,45,0,870,0,0,1,47,2025-11-15 17:30:46.804
17841406083211195,18058422143254800,2025-11-12 12:41:51,VIDEO,REELS,47,0,896,0,0,1,49,2025-11-16 17:29:40.690
17841406083211195,18058422143254800,2025-11-12 12:41:51,VIDEO,REELS,49,0,910,0,0,1,51,2025-11-17 17:29:03.604
17841406083211195,18058422143254800,2025-11-12 12:41:51,VIDEO,REELS,49,0,938,0,0,1,51,2025-11-18 17:28:56.198
17841406083211195,18058422143254800,2025-11-12 12:41:51,VIDEO,REELS,49,0,944,0,0,1,51,2025-11-19 17:35:38.987
17841406083211195,18058422143254800,2025-11-12 12:41:51,VIDEO,REELS,49,0,948,0,0,1,51,2025-11-20 17:36:09.353
17841406083211195,18058422143254800,2025-11-12 12:41:51,VIDEO,REELS,49,0,959,0,0,1,51,2025-11-21 17:35:55.877
17841406083211195,18058422143254800,2025-11-12 12:41:51,VIDEO,REELS,49,0,965,0,0,1,51,2025-11-22 17:33:59.869
17841406083211195,18058422143254800,2025-11-12 12:41:51,VIDEO,REELS,49,0,968,0,0,1,51,2025-11-23 17:33:27.482
17841406083211195,18058422143254800,2025-11-12 12:41:51,VIDEO,REELS,49,0,974,0,0,1,51,2025-11-24 17:36:35.485
17841406083211195,18058422143254800,2025-11-12 12:41:51,VIDEO,REELS,49,0,978,0,0,1,51,2025-11-25 17:34:52.768
17841406083211195,18058422143254800,2025-11-12 12:41:51,VIDEO,REELS,49,0,986,0,0,1,51,2025-11-26 17:37:34.798
17841406083211195,18058422143254800,2025-11-12 12:41:51,VIDEO,REELS,49,0,988,0,0,1,51,2025-11-27 17:34:42.515
17841406083211195,18058422143254800,2025-11-12 12:41:51,VIDEO,REELS,49,0,989,0,0,1,51,2025-11-29 17:36:27.541
17841406083211195,18058422143254800,2025-11-12 12:41:51,VIDEO,REELS,49,0,991,0,0,1,51,2025-11-30 17:33:54.621
17841406083211195,18058422143254800,2025-11-12 12:41:51,VIDEO,REELS,49,0,992,0,0,1,51,2025-12-01 17:34:00.993
17841406083211195,18058422143254800,2025-11-12 12:41:51,VIDEO,REELS,49,0,995,0,0,1,51,2025-12-05 17:34:50.233
17841406083211195,18058422143254800,2025-11-12 12:41:51,VIDEO,REELS,49,0,996,0,0,1,51,2025-12-06 17:35:26.330
17841406083211195,18058422143254800,2025-11-12 12:41:51,VIDEO,REELS,49,0,999,0,0,1,51,2025-12-08 17:33:32.911
17841406083211195,18058422143254800,2025-11-12 12:41:51,VIDEO,REELS,49,0,1001,0,0,1,51,2025-12-11 17:33:56.846
17841406083211195,18058422143254800,2025-11-12 12:41:51,VIDEO,REELS,49,0,1002,0,0,1,51,2025-12-12 17:35:50.533
17841406083211195,18058422143254800,2025-11-12 12:41:51,VIDEO,REELS,49,0,1003,0,0,1,51,2025-12-15 17:37:13.499
17841406083211195,18058422143254800,2025-11-12 12:41:51,VIDEO,REELS,49,0,1004,0,0,1,51,2025-12-16 17:34:50.962
17841406083211195,18058422143254800,2025-11-12 12:41:51,VIDEO,REELS,49,0,1006,0,0,1,51,2025-12-17 17:28:40.152
17841406083211195,18058422143254800,2025-11-12 12:41:51,VIDEO,REELS,49,0,1009,0,0,1,51,2025-12-18 17:30:53.816
17841406083211195,18058422143254800,2025-11-12 12:41:51,VIDEO,REELS,49,0,1010,0,0,1,51,2025-12-19 17:30:14.530
17841406083211195,18058422143254800,2025-11-12 12:41:51,VIDEO,REELS,49,0,1011,0,0,1,51,2025-12-21 17:29:37.395
17841406083211195,18058422143254800,2025-11-12 12:41:51,VIDEO,REELS,49,0,1012,0,0,1,51,2025-12-22 17:28:31.294
17841406083211195,18058422143254800,2025-11-12 12:41:51,VIDEO,REELS,49,0,1017,0,0,1,51,2025-12-23 17:28:29.223
17841406083211195,18058422143254800,2025-11-12 12:41:51,VIDEO,REELS,49,0,1018,0,0,1,51,2025-12-25 17:29:03.348
17841406083211195,18059482220367854,2025-07-22 10:09:57,VIDEO,REELS,3,0,143,0,0,0,3,2025-07-22 17:30:26.711
17841406083211195,18059482220367854,2025-07-22 10:09:57,VIDEO,REELS,3,0,278,0,0,0,3,2025-07-23 17:30:04.184
17841406083211195,18059482220367854,2025-07-22 10:09:57,VIDEO,REELS,4,0,309,0,0,0,4,2025-07-24 17:29:52.590
17841406083211195,18059482220367854,2025-07-22 10:09:57,VIDEO,REELS,4,0,324,0,0,0,4,2025-07-25 17:29:40.355
17841406083211195,18059482220367854,2025-07-22 10:09:57,VIDEO,REELS,4,0,337,0,0,0,4,2025-07-26 17:30:03.782
17841406083211195,18059482220367854,2025-07-22 10:09:57,VIDEO,REELS,4,0,341,0,0,0,4,2025-07-27 17:30:34.304
17841406083211195,18059482220367854,2025-07-22 10:09:57,VIDEO,REELS,4,0,352,0,0,0,4,2025-07-28 17:29:11.643
17841406083211195,18059482220367854,2025-07-22 10:09:57,VIDEO,REELS,4,0,355,0,0,0,4,2025-07-29 17:29:46.529
17841406083211195,18059482220367854,2025-07-22 10:09:57,VIDEO,REELS,4,0,361,0,0,0,4,2025-07-30 17:30:07.342
17841406083211195,18059482220367854,2025-07-22 10:09:57,VIDEO,REELS,4,0,366,0,0,0,4,2025-07-31 17:28:52.258
17841406083211195,18059482220367854,2025-07-22 10:09:57,VIDEO,REELS,4,0,368,0,0,0,4,2025-08-01 17:30:02.451
17841406083211195,18059482220367854,2025-07-22 10:09:57,VIDEO,REELS,4,0,371,0,0,0,4,2025-08-02 17:29:36.152
17841406083211195,18059482220367854,2025-07-22 10:09:57,VIDEO,REELS,4,0,373,0,0,0,4,2025-08-04 17:30:20.391
17841406083211195,18059482220367854,2025-07-22 10:09:57,VIDEO,REELS,4,0,376,0,0,0,4,2025-08-05 17:30:25.822
17841406083211195,18059482220367854,2025-07-22 10:09:57,VIDEO,REELS,4,0,379,0,0,0,4,2025-08-06 17:29:21.813
17841406083211195,18059482220367854,2025-07-22 10:09:57,VIDEO,REELS,4,0,381,0,0,0,4,2025-08-07 17:29:51.649
17841406083211195,18059482220367854,2025-07-22 10:09:57,VIDEO,REELS,4,0,385,0,0,0,4,2025-08-09 17:29:16.349
17841406083211195,18059482220367854,2025-07-22 10:09:57,VIDEO,REELS,4,0,386,0,0,0,4,2025-08-10 17:29:41.092
17841406083211195,18059482220367854,2025-07-22 10:09:57,VIDEO,REELS,4,0,390,0,0,0,4,2025-08-11 17:30:32.963
17841406083211195,18059482220367854,2025-07-22 10:09:57,VIDEO,REELS,4,0,393,0,0,0,4,2025-08-12 17:31:22.347
17841406083211195,18059482220367854,2025-07-22 10:09:57,VIDEO,REELS,4,0,394,0,0,0,4,2025-08-14 17:30:30.703
17841406083211195,18059482220367854,2025-07-22 10:09:57,VIDEO,REELS,4,0,397,0,0,0,4,2025-08-16 17:29:29.897
17841406083211195,18059482220367854,2025-07-22 10:09:57,VIDEO,REELS,4,0,398,0,0,0,4,2025-08-18 17:28:55.670
17841406083211195,18059482220367854,2025-07-22 10:09:57,VIDEO,REELS,4,0,399,0,0,0,4,2025-08-19 17:29:34.430
17841406083211195,18059482220367854,2025-07-22 10:09:57,VIDEO,REELS,4,0,400,0,0,0,4,2025-08-20 17:29:40.870
17841406083211195,18059482220367854,2025-07-22 10:09:57,VIDEO,REELS,4,0,402,0,0,0,4,2025-08-21 17:30:19.077
17841406083211195,18059482220367854,2025-07-22 10:09:57,VIDEO,REELS,4,0,403,0,0,0,4,2025-08-25 17:29:34.730
17841406083211195,18059482220367854,2025-07-22 10:09:57,VIDEO,REELS,4,0,406,0,0,0,4,2025-08-27 17:30:15.460
17841406083211195,18059482220367854,2025-07-22 10:09:57,VIDEO,REELS,4,0,407,0,0,0,4,2025-08-31 17:28:47.922
17841406083211195,18059482220367854,2025-07-22 10:09:57,VIDEO,REELS,4,0,426,0,0,0,4,2025-10-04 17:29:36.063
17841406083211195,18059482220367854,2025-07-22 10:09:57,VIDEO,REELS,4,0,431,0,0,0,4,2025-10-05 17:29:24.315
17841406083211195,18059482220367854,2025-07-22 10:09:57,VIDEO,REELS,4,0,432,0,0,0,4,2025-10-06 17:28:48.556
17841406083211195,18059482220367854,2025-07-22 10:09:57,VIDEO,REELS,4,0,433,0,0,0,4,2025-10-15 17:29:48.877
17841406083211195,18059482220367854,2025-07-22 10:09:57,VIDEO,REELS,4,0,434,0,0,0,4,2025-10-17 17:29:48.789
17841406083211195,18059482220367854,2025-07-22 10:09:57,VIDEO,REELS,4,0,435,0,0,0,4,2025-10-20 17:29:18.460
17841406083211195,18059482220367854,2025-07-22 10:09:57,VIDEO,REELS,4,0,436,0,0,0,4,2025-10-24 17:28:58.156
17841406083211195,18059482220367854,2025-07-22 10:09:57,VIDEO,REELS,4,0,437,0,0,0,4,2025-10-29 17:29:38.419
17841406083211195,18059482220367854,2025-07-22 10:09:57,VIDEO,REELS,4,0,438,0,0,0,4,2025-11-06 17:28:50.922
17841406083211195,18059482220367854,2025-07-22 10:09:57,VIDEO,REELS,4,0,439,0,0,0,4,2025-11-10 17:29:14.405
17841406083211195,18059482220367854,2025-07-22 10:09:57,VIDEO,REELS,4,0,440,0,0,0,4,2025-11-11 17:29:05.808
17841406083211195,18059482220367854,2025-07-22 10:09:57,VIDEO,REELS,4,0,441,0,0,0,4,2025-11-18 17:29:03.774
17841406083211195,18059482220367854,2025-07-22 10:09:57,VIDEO,REELS,4,0,442,0,0,0,4,2025-12-03 17:36:28.744
17841406083211195,18059482220367854,2025-07-22 10:09:57,VIDEO,REELS,4,0,442,0,0,0,4,2025-12-18 17:31:02.210
17841406083211195,18059482220367854,2025-07-22 10:09:57,VIDEO,REELS,4,0,443,0,0,0,4,2025-12-25 17:29:25.135
17841406083211195,18060770678259633,2025-12-03 11:03:34,VIDEO,REELS,5,0,101,0,0,0,5,2025-12-03 17:36:55.133
17841406083211195,18060770678259633,2025-12-03 11:03:34,VIDEO,REELS,6,0,186,0,0,0,6,2025-12-04 17:35:00.181
17841406083211195,18060770678259633,2025-12-03 11:03:34,VIDEO,REELS,7,0,197,0,0,0,7,2025-12-05 17:34:57.777
17841406083211195,18060770678259633,2025-12-03 11:03:34,VIDEO,REELS,8,0,213,0,0,0,8,2025-12-06 17:35:35.215
17841406083211195,18060770678259633,2025-12-03 11:03:34,VIDEO,REELS,8,0,218,0,0,0,8,2025-12-07 17:33:54.988
17841406083211195,18060770678259633,2025-12-03 11:03:34,VIDEO,REELS,8,0,225,0,0,0,8,2025-12-08 17:33:41.616
17841406083211195,18060770678259633,2025-12-03 11:03:34,VIDEO,REELS,8,0,230,0,0,1,9,2025-12-09 17:35:53.035
17841406083211195,18060770678259633,2025-12-03 11:03:34,VIDEO,REELS,8,0,235,0,0,1,9,2025-12-11 17:34:06.397
17841406083211195,18060770678259633,2025-12-03 11:03:34,VIDEO,REELS,8,0,238,0,0,1,9,2025-12-12 17:36:01.940
17841406083211195,18060770678259633,2025-12-03 11:03:34,VIDEO,REELS,9,0,240,0,0,1,10,2025-12-15 06:34:28.294
17841406083211195,18060770678259633,2025-12-03 11:03:34,VIDEO,REELS,9,0,241,0,0,1,10,2025-12-15 17:37:24.709
17841406083211195,18060770678259633,2025-12-03 11:03:34,VIDEO,REELS,9,0,244,0,0,1,10,2025-12-16 17:35:03.681
17841406083211195,18060770678259633,2025-12-03 11:03:34,VIDEO,REELS,9,0,247,0,0,1,10,2025-12-17 17:28:40.155
17841406083211195,18060770678259633,2025-12-03 11:03:34,VIDEO,REELS,9,0,250,0,0,1,10,2025-12-18 17:30:53.822
17841406083211195,18060770678259633,2025-12-03 11:03:34,VIDEO,REELS,9,0,251,0,0,1,10,2025-12-19 17:30:14.536
17841406083211195,18060770678259633,2025-12-03 11:03:34,VIDEO,REELS,9,0,253,0,0,1,10,2025-12-21 17:29:37.401
17841406083211195,18060770678259633,2025-12-03 11:03:34,VIDEO,REELS,9,0,257,0,0,1,10,2025-12-22 17:28:31.297
17841406083211195,18060770678259633,2025-12-03 11:03:34,VIDEO,REELS,9,0,259,0,0,1,10,2025-12-23 17:28:29.229
17841406083211195,18060770678259633,2025-12-03 11:03:34,VIDEO,REELS,9,0,261,0,0,1,10,2025-12-25 17:29:03.352
17841406083211195,18064046788921348,2025-02-06 10:12:49,VIDEO,REELS,16,1,834,1,0,45,62,2025-04-18 19:14:47.759
17841406083211195,18064046788921348,2025-02-06 10:12:49,VIDEO,REELS,16,1,836,1,0,45,62,2025-04-19 21:58:31.476
17841406083211195,18064046788921348,2025-02-06 10:12:49,VIDEO,REELS,16,1,837,1,0,45,62,2025-04-22 17:29:17.020
17841406083211195,18064046788921348,2025-02-06 10:12:49,VIDEO,REELS,16,1,838,1,0,45,62,2025-04-24 01:56:09.944
17841406083211195,18064046788921348,2025-02-06 10:12:49,VIDEO,REELS,16,1,843,1,0,45,62,2025-04-25 17:30:04.375
17841406083211195,18064046788921348,2025-02-06 10:12:49,VIDEO,REELS,16,1,844,1,0,45,62,2025-04-26 17:29:17.241
17841406083211195,18064046788921348,2025-02-06 10:12:49,VIDEO,REELS,16,1,848,1,0,45,62,2025-04-30 17:30:59.238
17841406083211195,18064046788921348,2025-02-06 10:12:49,VIDEO,REELS,16,1,849,1,0,45,62,2025-05-05 17:29:55.880
17841406083211195,18064046788921348,2025-02-06 10:12:49,VIDEO,REELS,16,1,850,1,0,45,62,2025-05-08 17:30:01.767
17841406083211195,18064046788921348,2025-02-06 10:12:49,VIDEO,REELS,16,1,856,1,0,45,62,2025-05-18 17:30:29.433
17841406083211195,18064046788921348,2025-02-06 10:12:49,VIDEO,REELS,16,1,857,1,0,45,62,2025-05-21 17:30:13.204
17841406083211195,18064046788921348,2025-02-06 10:12:49,VIDEO,REELS,16,1,858,1,0,45,62,2025-05-24 17:30:46.340
17841406083211195,18064046788921348,2025-02-06 10:12:49,VIDEO,REELS,16,1,859,1,0,45,62,2025-05-25 17:31:08.744
17841406083211195,18064046788921348,2025-02-06 10:12:49,VIDEO,REELS,16,1,859,1,0,45,62,2025-05-27 17:30:28.917
17841406083211195,18064046788921348,2025-02-06 10:12:49,VIDEO,REELS,16,1,861,1,0,45,62,2025-06-05 17:30:24.268
17841406083211195,18064046788921348,2025-02-06 10:12:49,VIDEO,REELS,16,1,865,1,0,45,62,2025-07-31 17:29:05.334
17841406083211195,18064046788921348,2025-02-06 10:12:49,VIDEO,REELS,16,1,866,1,0,45,62,2025-08-04 17:30:35.464
17841406083211195,18064046788921348,2025-02-06 10:12:49,VIDEO,REELS,16,1,867,1,0,45,62,2025-08-05 17:30:42.509
17841406083211195,18064046788921348,2025-02-06 10:12:49,VIDEO,REELS,16,1,869,1,0,45,62,2025-08-06 17:29:35.477
17841406083211195,18064046788921348,2025-02-06 10:12:49,VIDEO,REELS,16,1,870,1,0,45,62,2025-08-14 17:30:47.871
17841406083211195,18064046788921348,2025-02-06 10:12:49,VIDEO,REELS,16,1,871,1,0,45,62,2025-08-20 17:29:54.710
17841406083211195,18064046788921348,2025-02-06 10:12:49,VIDEO,REELS,16,1,872,1,0,45,62,2025-08-21 17:30:35.461
17841406083211195,18064046788921348,2025-02-06 10:12:49,VIDEO,REELS,16,1,874,1,0,45,62,2025-08-31 17:29:08.161
17841406083211195,18064046788921348,2025-02-06 10:12:49,VIDEO,REELS,16,1,879,1,0,45,62,2025-10-10 17:30:20.765
17841406083211195,18064046788921348,2025-02-06 10:12:49,VIDEO,REELS,16,1,881,1,0,45,62,2025-10-15 17:30:08.629
17841406083211195,18064046788921348,2025-02-06 10:12:49,VIDEO,REELS,16,1,882,1,0,45,62,2025-10-21 17:28:58.695
17841406083211195,18064046788921348,2025-02-06 10:12:49,VIDEO,REELS,16,1,883,1,0,45,62,2025-12-03 17:35:49.240
17841406083211195,18064046788921348,2025-02-06 10:12:49,VIDEO,REELS,16,1,884,1,0,45,62,2025-12-24 17:29:27.245
17841406083211195,18064046788921348,2025-02-06 10:12:49,VIDEO,REELS,16,1,885,1,0,45,62,2025-12-25 17:29:48.440
17841406083211195,18066259052024081,2025-06-10 10:25:28,VIDEO,REELS,9,0,359,0,0,11,20,2025-07-03 03:00:02.145
17841406083211195,18066259052024081,2025-06-10 10:25:28,VIDEO,REELS,9,0,360,0,0,11,20,2025-07-03 17:29:59.209
17841406083211195,18066259052024081,2025-06-10 10:25:28,VIDEO,REELS,9,0,361,0,0,11,20,2025-07-05 17:29:52.046
17841406083211195,18066259052024081,2025-06-10 10:25:28,VIDEO,REELS,9,0,363,0,0,11,20,2025-07-08 17:29:53.748
17841406083211195,18066259052024081,2025-06-10 10:25:28,VIDEO,REELS,9,0,364,0,0,11,20,2025-07-16 17:30:05.713
17841406083211195,18066259052024081,2025-06-10 10:25:28,VIDEO,REELS,9,0,366,0,0,11,20,2025-07-18 17:29:48.370
17841406083211195,18066259052024081,2025-06-10 10:25:28,VIDEO,REELS,9,0,367,0,0,11,20,2025-07-19 17:30:04.116
17841406083211195,18066259052024081,2025-06-10 10:25:28,VIDEO,REELS,9,0,368,0,0,11,20,2025-07-25 17:29:40.357
17841406083211195,18066259052024081,2025-06-10 10:25:28,VIDEO,REELS,9,0,370,0,0,11,20,2025-07-27 17:30:34.306
17841406083211195,18066259052024081,2025-06-10 10:25:28,VIDEO,REELS,9,0,371,0,0,11,20,2025-07-29 17:29:46.531
17841406083211195,18066259052024081,2025-06-10 10:25:28,VIDEO,REELS,9,0,375,0,0,11,20,2025-08-01 17:30:02.454
17841406083211195,18066259052024081,2025-06-10 10:25:28,VIDEO,REELS,9,0,376,0,0,11,20,2025-08-06 17:29:21.816
17841406083211195,18066259052024081,2025-06-10 10:25:28,VIDEO,REELS,9,0,377,0,0,11,20,2025-08-08 17:29:30.438
17841406083211195,18066259052024081,2025-06-10 10:25:28,VIDEO,REELS,9,0,377,0,0,11,20,2025-08-14 17:30:30.705
17841406083211195,18066259052024081,2025-06-10 10:25:28,VIDEO,REELS,9,0,378,0,0,11,20,2025-08-19 17:29:34.434
17841406083211195,18066259052024081,2025-06-10 10:25:28,VIDEO,REELS,9,0,379,0,0,11,20,2025-08-20 17:29:40.873
17841406083211195,18066259052024081,2025-06-10 10:25:28,VIDEO,REELS,9,0,380,0,0,11,20,2025-08-21 17:30:19.080
17841406083211195,18066259052024081,2025-06-10 10:25:28,VIDEO,REELS,9,0,381,0,0,11,20,2025-08-31 17:28:56.741
17841406083211195,18066259052024081,2025-06-10 10:25:28,VIDEO,REELS,9,0,389,0,0,11,20,2025-10-15 17:30:00.906
17841406083211195,18066259052024081,2025-06-10 10:25:28,VIDEO,REELS,9,0,390,0,0,11,20,2025-11-10 17:29:14.409
17841406083211195,18066259052024081,2025-06-10 10:25:28,VIDEO,REELS,9,0,391,0,0,11,20,2025-11-18 17:29:13.853
17841406083211195,18066259052024081,2025-06-10 10:25:28,VIDEO,REELS,9,0,392,0,0,11,20,2025-12-03 17:36:28.746
17841406083211195,18066259052024081,2025-06-10 10:25:28,VIDEO,REELS,9,0,393,0,0,11,20,2025-12-25 17:29:25.137
17841406083211195,18066535199026371,2025-07-02 10:27:19,VIDEO,REELS,3,0,339,0,0,0,3,2025-07-03 02:59:54.151
17841406083211195,18066535199026371,2025-07-02 10:27:19,VIDEO,REELS,3,0,370,0,0,0,3,2025-07-03 17:29:50.699
17841406083211195,18066535199026371,2025-07-02 10:27:19,VIDEO,REELS,4,0,386,0,0,0,4,2025-07-04 17:30:58.668
17841406083211195,18066535199026371,2025-07-02 10:27:19,VIDEO,REELS,4,0,389,0,0,0,4,2025-07-05 17:29:52.042
17841406083211195,18066535199026371,2025-07-02 10:27:19,VIDEO,REELS,4,0,396,0,0,0,4,2025-07-06 17:30:30.236
17841406083211195,18066535199026371,2025-07-02 10:27:19,VIDEO,REELS,4,0,402,0,0,0,4,2025-07-07 17:30:38.828
17841406083211195,18066535199026371,2025-07-02 10:27:19,VIDEO,REELS,4,0,408,0,0,0,4,2025-07-08 17:29:53.733
17841406083211195,18066535199026371,2025-07-02 10:27:19,VIDEO,REELS,4,0,411,0,0,0,4,2025-07-09 17:30:26.350
17841406083211195,18066535199026371,2025-07-02 10:27:19,VIDEO,REELS,4,0,412,0,0,0,4,2025-07-10 17:29:17.344
17841406083211195,18066535199026371,2025-07-02 10:27:19,VIDEO,REELS,4,0,416,0,0,0,4,2025-07-13 17:29:26.772
17841406083211195,18066535199026371,2025-07-02 10:27:19,VIDEO,REELS,4,0,418,0,0,0,4,2025-07-14 17:30:26.672
17841406083211195,18066535199026371,2025-07-02 10:27:19,VIDEO,REELS,4,0,419,0,0,0,4,2025-07-16 17:30:05.708
17841406083211195,18066535199026371,2025-07-02 10:27:19,VIDEO,REELS,4,0,423,0,0,0,4,2025-07-18 17:29:48.364
17841406083211195,18066535199026371,2025-07-02 10:27:19,VIDEO,REELS,4,0,424,0,0,0,4,2025-07-20 17:30:14.565
17841406083211195,18066535199026371,2025-07-02 10:27:19,VIDEO,REELS,4,0,426,0,0,0,4,2025-07-21 17:30:41.014
17841406083211195,18066535199026371,2025-07-02 10:27:19,VIDEO,REELS,4,0,427,0,0,0,4,2025-07-22 17:30:36.349
17841406083211195,18066535199026371,2025-07-02 10:27:19,VIDEO,REELS,4,0,428,0,0,0,4,2025-07-24 17:30:01.596
17841406083211195,18066535199026371,2025-07-02 10:27:19,VIDEO,REELS,4,0,429,0,0,0,4,2025-07-25 17:29:40.353
17841406083211195,18066535199026371,2025-07-02 10:27:19,VIDEO,REELS,4,0,431,0,0,0,4,2025-07-26 17:30:03.781
17841406083211195,18066535199026371,2025-07-02 10:27:19,VIDEO,REELS,4,0,431,0,0,0,4,2025-07-27 17:30:34.303
17841406083211195,18066535199026371,2025-07-02 10:27:19,VIDEO,REELS,4,0,433,0,0,0,4,2025-07-29 17:29:46.527
17841406083211195,18066535199026371,2025-07-02 10:27:19,VIDEO,REELS,4,0,437,0,0,0,4,2025-08-06 17:29:21.812
17841406083211195,18066535199026371,2025-07-02 10:27:19,VIDEO,REELS,4,0,438,0,0,0,4,2025-08-07 17:29:51.646
17841406083211195,18066535199026371,2025-07-02 10:27:19,VIDEO,REELS,4,0,439,0,0,0,4,2025-08-09 17:29:16.346
17841406083211195,18066535199026371,2025-07-02 10:27:19,VIDEO,REELS,4,0,439,0,0,0,4,2025-08-10 17:29:41.091
17841406083211195,18066535199026371,2025-07-02 10:27:19,VIDEO,REELS,4,0,442,0,0,0,4,2025-08-11 17:30:32.960
17841406083211195,18066535199026371,2025-07-02 10:27:19,VIDEO,REELS,4,0,443,0,0,0,4,2025-08-12 17:31:22.346
17841406083211195,18066535199026371,2025-07-02 10:27:19,VIDEO,REELS,4,0,444,0,0,0,4,2025-08-14 17:30:30.702
17841406083211195,18066535199026371,2025-07-02 10:27:19,VIDEO,REELS,4,0,446,0,0,0,4,2025-08-19 17:29:34.427
17841406083211195,18066535199026371,2025-07-02 10:27:19,VIDEO,REELS,4,0,447,0,0,0,4,2025-08-20 17:29:40.867
17841406083211195,18066535199026371,2025-07-02 10:27:19,VIDEO,REELS,4,0,448,0,0,0,4,2025-08-21 17:30:19.075
17841406083211195,18066535199026371,2025-07-02 10:27:19,VIDEO,REELS,4,0,448,0,0,0,4,2025-08-24 17:29:05.927
17841406083211195,18066535199026371,2025-07-02 10:27:19,VIDEO,REELS,4,0,448,0,0,0,4,2025-08-25 17:29:34.728
17841406083211195,18066535199026371,2025-07-02 10:27:19,VIDEO,REELS,4,0,449,0,0,0,4,2025-08-27 17:30:15.457
17841406083211195,18066535199026371,2025-07-02 10:27:19,VIDEO,REELS,4,0,450,0,0,0,4,2025-08-28 17:31:18.225
17841406083211195,18066535199026371,2025-07-02 10:27:19,VIDEO,REELS,4,0,451,0,0,0,4,2025-08-30 17:30:09.890
17841406083211195,18066535199026371,2025-07-02 10:27:19,VIDEO,REELS,4,0,452,0,0,0,4,2025-08-31 17:28:47.921
17841406083211195,18066535199026371,2025-07-02 10:27:19,VIDEO,REELS,4,0,473,0,1,1,6,2025-10-02 04:04:29.516
17841406083211195,18066535199026371,2025-07-02 10:27:19,VIDEO,REELS,4,0,475,0,1,1,6,2025-10-06 17:28:55.808
17841406083211195,18066535199026371,2025-07-02 10:27:19,VIDEO,REELS,4,0,476,0,1,1,6,2025-10-13 17:29:00.301
17841406083211195,18066535199026371,2025-07-02 10:27:19,VIDEO,REELS,4,0,477,0,1,1,6,2025-10-15 17:30:00.903
17841406083211195,18066535199026371,2025-07-02 10:27:19,VIDEO,REELS,4,0,478,0,1,1,6,2025-10-16 17:29:06.173
17841406083211195,18066535199026371,2025-07-02 10:27:19,VIDEO,REELS,4,0,479,0,1,1,6,2025-10-19 17:28:40.297
17841406083211195,18066535199026371,2025-07-02 10:27:19,VIDEO,REELS,4,0,481,0,1,1,6,2025-10-21 17:28:47.401
17841406083211195,18066535199026371,2025-07-02 10:27:19,VIDEO,REELS,4,0,482,0,1,1,6,2025-10-29 17:29:38.418
17841406083211195,18066535199026371,2025-07-02 10:27:19,VIDEO,REELS,4,0,484,0,1,1,6,2025-11-10 17:29:14.403
17841406083211195,18066535199026371,2025-07-02 10:27:19,VIDEO,REELS,4,0,485,0,1,1,6,2025-11-18 17:29:03.773
17841406083211195,18066535199026371,2025-07-02 10:27:19,VIDEO,REELS,4,0,486,0,1,1,6,2025-12-01 17:33:45.592
17841406083211195,18066535199026371,2025-07-02 10:27:19,VIDEO,REELS,4,0,487,0,1,1,6,2025-12-03 17:36:28.742
17841406083211195,18066535199026371,2025-07-02 10:27:19,VIDEO,REELS,4,0,488,0,1,1,6,2025-12-25 17:29:25.134
17841406083211195,18066868592529368,2025-12-16 10:46:48,VIDEO,REELS,2,0,184,0,0,0,2,2025-12-16 17:35:03.671
17841406083211195,18066868592529368,2025-12-16 10:46:48,VIDEO,REELS,3,0,208,0,0,0,3,2025-12-17 17:28:27.763
17841406083211195,18066868592529368,2025-12-16 10:46:48,VIDEO,REELS,4,0,225,0,0,0,4,2025-12-18 17:30:53.802
17841406083211195,18066868592529368,2025-12-16 10:46:48,VIDEO,REELS,4,0,228,0,0,0,4,2025-12-19 17:30:14.521
17841406083211195,18066868592529368,2025-12-16 10:46:48,VIDEO,REELS,4,0,236,0,0,0,4,2025-12-20 17:37:00.944
17841406083211195,18066868592529368,2025-12-16 10:46:48,VIDEO,REELS,4,0,243,0,0,0,4,2025-12-21 17:29:37.382
17841406083211195,18066868592529368,2025-12-16 10:46:48,VIDEO,REELS,4,0,248,0,0,0,4,2025-12-22 17:28:31.289
17841406083211195,18066868592529368,2025-12-16 10:46:48,VIDEO,REELS,4,0,253,0,0,0,4,2025-12-23 17:28:29.213
17841406083211195,18066868592529368,2025-12-16 10:46:48,VIDEO,REELS,4,0,256,0,0,0,4,2025-12-25 17:29:03.341
17841406083211195,18067589585500171,2025-05-12 03:28:41,VIDEO,REELS,9,0,406,0,0,6,15,2025-05-12 17:30:35.032
17841406083211195,18067589585500171,2025-05-12 03:28:41,VIDEO,REELS,10,0,470,0,0,6,16,2025-05-13 17:29:25.828
17841406083211195,18067589585500171,2025-05-12 03:28:41,VIDEO,REELS,10,0,478,0,0,6,16,2025-05-14 17:30:05.769
17841406083211195,18067589585500171,2025-05-12 03:28:41,VIDEO,REELS,10,0,502,0,0,6,16,2025-05-15 17:30:17.662
17841406083211195,18067589585500171,2025-05-12 03:28:41,VIDEO,REELS,10,0,509,0,0,6,16,2025-05-16 17:31:00.284
17841406083211195,18067589585500171,2025-05-12 03:28:41,VIDEO,REELS,10,0,513,0,0,6,16,2025-05-17 17:30:06.314
17841406083211195,18067589585500171,2025-05-12 03:28:41,VIDEO,REELS,10,0,521,0,0,6,16,2025-05-18 17:30:27.077
17841406083211195,18067589585500171,2025-05-12 03:28:41,VIDEO,REELS,10,0,537,0,0,6,16,2025-05-19 17:30:02.657
17841406083211195,18067589585500171,2025-05-12 03:28:41,VIDEO,REELS,10,0,548,0,0,6,16,2025-05-20 17:29:17.938
17841406083211195,18067589585500171,2025-05-12 03:28:41,VIDEO,REELS,10,0,551,0,0,6,16,2025-05-21 17:30:08.506
17841406083211195,18067589585500171,2025-05-12 03:28:41,VIDEO,REELS,10,0,554,0,0,6,16,2025-05-22 17:30:10.253
17841406083211195,18067589585500171,2025-05-12 03:28:41,VIDEO,REELS,10,0,567,0,0,6,16,2025-05-23 17:30:42.866
17841406083211195,18067589585500171,2025-05-12 03:28:41,VIDEO,REELS,10,0,569,0,0,6,16,2025-05-24 17:30:42.238
17841406083211195,18067589585500171,2025-05-12 03:28:41,VIDEO,REELS,10,0,571,0,0,6,16,2025-05-25 17:31:05.647
17841406083211195,18067589585500171,2025-05-12 03:28:41,VIDEO,REELS,10,0,588,0,0,6,16,2025-05-26 17:30:22.049
17841406083211195,18067589585500171,2025-05-12 03:28:41,VIDEO,REELS,10,0,600,0,0,6,16,2025-05-27 17:30:25.244
17841406083211195,18067589585500171,2025-05-12 03:28:41,VIDEO,REELS,10,0,609,0,0,6,16,2025-05-28 17:30:33.822
17841406083211195,18067589585500171,2025-05-12 03:28:41,VIDEO,REELS,10,0,612,0,0,6,16,2025-05-29 17:29:32.674
17841406083211195,18067589585500171,2025-05-12 03:28:41,VIDEO,REELS,10,0,615,0,0,6,16,2025-05-30 17:29:56.100
17841406083211195,18067589585500171,2025-05-12 03:28:41,VIDEO,REELS,10,0,617,0,0,6,16,2025-05-31 17:30:02.391
17841406083211195,18067589585500171,2025-05-12 03:28:41,VIDEO,REELS,10,0,620,0,0,6,16,2025-06-01 17:29:49.079
17841406083211195,18067589585500171,2025-05-12 03:28:41,VIDEO,REELS,10,0,627,0,0,6,16,2025-06-02 17:30:36.016
17841406083211195,18067589585500171,2025-05-12 03:28:41,VIDEO,REELS,10,0,628,0,0,6,16,2025-06-03 17:29:40.470
17841406083211195,18067589585500171,2025-05-12 03:28:41,VIDEO,REELS,10,0,631,0,0,6,16,2025-06-04 17:30:00.713
17841406083211195,18067589585500171,2025-05-12 03:28:41,VIDEO,REELS,10,0,633,0,0,6,16,2025-06-05 17:30:15.484
17841406083211195,18067589585500171,2025-05-12 03:28:41,VIDEO,REELS,11,0,670,0,0,6,17,2025-07-03 03:00:02.138
17841406083211195,18067589585500171,2025-05-12 03:28:41,VIDEO,REELS,11,0,671,0,0,6,17,2025-07-03 17:29:59.202
17841406083211195,18067589585500171,2025-05-12 03:28:41,VIDEO,REELS,11,0,674,0,0,6,17,2025-07-04 17:30:58.665
17841406083211195,18067589585500171,2025-05-12 03:28:41,VIDEO,REELS,11,0,675,0,0,6,17,2025-07-05 17:29:52.039
17841406083211195,18067589585500171,2025-05-12 03:28:41,VIDEO,REELS,11,0,676,0,0,6,17,2025-07-06 17:30:30.233
17841406083211195,18067589585500171,2025-05-12 03:28:41,VIDEO,REELS,11,0,677,0,0,6,17,2025-07-07 17:30:38.825
17841406083211195,18067589585500171,2025-05-12 03:28:41,VIDEO,REELS,11,0,678,0,0,6,17,2025-07-08 17:29:53.725
17841406083211195,18067589585500171,2025-05-12 03:28:41,VIDEO,REELS,11,0,679,0,0,6,17,2025-07-09 17:30:26.339
17841406083211195,18067589585500171,2025-05-12 03:28:41,VIDEO,REELS,11,0,682,0,0,6,17,2025-07-14 17:30:26.668
17841406083211195,18067589585500171,2025-05-12 03:28:41,VIDEO,REELS,11,0,684,0,0,6,17,2025-07-15 17:29:51.508
17841406083211195,18067589585500171,2025-05-12 03:28:41,VIDEO,REELS,11,0,685,0,0,6,17,2025-07-16 17:30:05.705
17841406083211195,18067589585500171,2025-05-12 03:28:41,VIDEO,REELS,11,0,686,0,0,6,17,2025-07-17 17:29:49.495
17841406083211195,18067589585500171,2025-05-12 03:28:41,VIDEO,REELS,11,0,688,0,0,6,17,2025-07-18 17:29:48.362
17841406083211195,18067589585500171,2025-05-12 03:28:41,VIDEO,REELS,11,0,689,0,0,6,17,2025-07-20 17:30:14.561
17841406083211195,18067589585500171,2025-05-12 03:28:41,VIDEO,REELS,11,0,690,0,0,6,17,2025-07-21 17:30:41.011
17841406083211195,18067589585500171,2025-05-12 03:28:41,VIDEO,REELS,11,0,692,0,0,6,17,2025-07-23 17:30:15.880
17841406083211195,18067589585500171,2025-05-12 03:28:41,VIDEO,REELS,11,0,695,0,0,6,17,2025-07-24 17:30:01.594
17841406083211195,18067589585500171,2025-05-12 03:28:41,VIDEO,REELS,11,0,698,0,0,6,17,2025-07-25 17:29:48.895
17841406083211195,18067589585500171,2025-05-12 03:28:41,VIDEO,REELS,11,0,701,0,0,6,17,2025-07-27 17:30:43.452
17841406083211195,18067589585500171,2025-05-12 03:28:41,VIDEO,REELS,11,0,702,0,0,6,17,2025-07-28 17:29:22.350
17841406083211195,18067589585500171,2025-05-12 03:28:41,VIDEO,REELS,11,0,703,0,0,6,17,2025-07-29 17:29:59.933
17841406083211195,18067589585500171,2025-05-12 03:28:41,VIDEO,REELS,11,0,706,0,0,6,17,2025-07-30 17:30:21.212
17841406083211195,18067589585500171,2025-05-12 03:28:41,VIDEO,REELS,11,0,707,0,0,6,17,2025-07-31 17:29:02.391
17841406083211195,18067589585500171,2025-05-12 03:28:41,VIDEO,REELS,11,0,708,0,0,6,17,2025-08-01 17:30:15.509
17841406083211195,18067589585500171,2025-05-12 03:28:41,VIDEO,REELS,11,0,709,0,0,6,17,2025-08-05 17:30:39.098
17841406083211195,18067589585500171,2025-05-12 03:28:41,VIDEO,REELS,11,0,710,0,0,6,17,2025-08-06 17:29:32.810
17841406083211195,18067589585500171,2025-05-12 03:28:41,VIDEO,REELS,11,0,711,0,0,6,17,2025-08-13 17:30:05.527
17841406083211195,18067589585500171,2025-05-12 03:28:41,VIDEO,REELS,11,0,712,0,0,6,17,2025-08-14 17:30:40.913
17841406083211195,18067589585500171,2025-05-12 03:28:41,VIDEO,REELS,11,0,718,0,0,6,17,2025-08-17 17:28:52.673
17841406083211195,18067589585500171,2025-05-12 03:28:41,VIDEO,REELS,11,0,719,0,0,6,17,2025-08-19 17:29:48.960
17841406083211195,18067589585500171,2025-05-12 03:28:41,VIDEO,REELS,11,0,720,0,0,6,17,2025-08-20 17:29:49.043
17841406083211195,18067589585500171,2025-05-12 03:28:41,VIDEO,REELS,11,0,723,0,0,6,17,2025-08-21 17:30:28.982
17841406083211195,18067589585500171,2025-05-12 03:28:41,VIDEO,REELS,11,0,727,0,0,6,17,2025-08-23 17:29:39.821
17841406083211195,18067589585500171,2025-05-12 03:28:41,VIDEO,REELS,11,0,728,0,0,6,17,2025-08-24 17:29:14.554
17841406083211195,18067589585500171,2025-05-12 03:28:41,VIDEO,REELS,11,0,729,0,0,6,17,2025-08-25 17:29:45.205
17841406083211195,18067589585500171,2025-05-12 03:28:41,VIDEO,REELS,11,0,730,0,0,6,17,2025-08-29 17:28:53.239
17841406083211195,18067589585500171,2025-05-12 03:28:41,VIDEO,REELS,11,0,731,0,0,6,17,2025-08-31 17:28:56.734
17841406083211195,18067589585500171,2025-05-12 03:28:41,VIDEO,REELS,11,0,745,0,0,6,17,2025-10-01 04:10:01.743
17841406083211195,18067589585500171,2025-05-12 03:28:41,VIDEO,REELS,11,0,746,0,0,6,17,2025-10-05 17:29:33.591
17841406083211195,18067589585500171,2025-05-12 03:28:41,VIDEO,REELS,11,0,747,0,0,6,17,2025-10-07 17:28:36.700
17841406083211195,18067589585500171,2025-05-12 03:28:41,VIDEO,REELS,11,0,748,0,0,6,17,2025-10-08 17:29:48.278
17841406083211195,18067589585500171,2025-05-12 03:28:41,VIDEO,REELS,11,0,749,0,0,6,17,2025-10-10 17:30:14.049
17841406083211195,18067589585500171,2025-05-12 03:28:41,VIDEO,REELS,11,0,750,0,0,6,17,2025-10-15 17:30:00.901
17841406083211195,18067589585500171,2025-05-12 03:28:41,VIDEO,REELS,11,0,750,0,0,6,17,2025-11-02 17:29:16.147
17841406083211195,18067589585500171,2025-05-12 03:28:41,VIDEO,REELS,11,0,751,0,0,6,17,2025-11-03 17:29:06.665
17841406083211195,18067589585500171,2025-05-12 03:28:41,VIDEO,REELS,11,0,756,0,0,6,17,2025-11-08 17:29:42.914
17841406083211195,18067589585500171,2025-05-12 03:28:41,VIDEO,REELS,11,0,757,0,0,6,17,2025-11-10 17:29:23.635
17841406083211195,18067589585500171,2025-05-12 03:28:41,VIDEO,REELS,11,0,758,0,0,6,17,2025-11-11 17:29:14.650
17841406083211195,18067589585500171,2025-05-12 03:28:41,VIDEO,REELS,11,0,758,0,0,6,17,2025-11-13 17:29:47.730
17841406083211195,18067589585500171,2025-05-12 03:28:41,VIDEO,REELS,11,0,759,0,0,6,17,2025-11-21 17:35:17.487
17841406083211195,18067589585500171,2025-05-12 03:28:41,VIDEO,REELS,11,0,760,0,0,6,17,2025-12-03 17:36:09.385
17841406083211195,18067589585500171,2025-05-12 03:28:41,VIDEO,REELS,11,0,761,0,0,6,17,2025-12-12 17:35:06.521
17841406083211195,18067589585500171,2025-05-12 03:28:41,VIDEO,REELS,11,0,762,0,0,6,17,2025-12-17 17:29:02.282
17841406083211195,18067589585500171,2025-05-12 03:28:41,VIDEO,REELS,11,0,762,0,0,6,17,2025-12-25 17:29:40.546
17841406083211195,18067704017622837,2025-12-19 10:09:48,VIDEO,REELS,7,1,159,1,0,0,8,2025-12-19 17:30:05.409
17841406083211195,18067704017622837,2025-12-19 10:09:48,VIDEO,REELS,7,1,246,1,1,0,9,2025-12-20 17:37:00.948
17841406083211195,18067704017622837,2025-12-19 10:09:48,VIDEO,REELS,7,1,269,1,1,0,9,2025-12-21 17:29:27.047
17841406083211195,18067704017622837,2025-12-19 10:09:48,VIDEO,REELS,8,1,284,1,1,0,10,2025-12-22 17:28:23.196
17841406083211195,18067704017622837,2025-12-19 10:09:48,VIDEO,REELS,8,1,296,1,1,0,10,2025-12-23 17:28:29.226
17841406083211195,18067704017622837,2025-12-19 10:09:48,VIDEO,REELS,8,1,309,1,1,0,10,2025-12-24 17:28:54.113
17841406083211195,18067704017622837,2025-12-19 10:09:48,VIDEO,REELS,9,1,313,1,1,0,11,2025-12-25 17:29:03.350
17841406083211195,18068335570766383,2025-01-31 10:16:02,VIDEO,REELS,11,0,454,0,0,1,12,2025-04-18 19:14:47.747
17841406083211195,18068335570766383,2025-01-31 10:16:02,VIDEO,REELS,11,0,455,0,0,1,12,2025-04-20 21:57:33.557
17841406083211195,18068335570766383,2025-01-31 10:16:02,VIDEO,REELS,11,0,457,0,0,1,12,2025-04-22 17:29:16.967
17841406083211195,18068335570766383,2025-01-31 10:16:02,VIDEO,REELS,11,0,458,0,0,1,12,2025-04-24 01:56:09.938
17841406083211195,18068335570766383,2025-01-31 10:16:02,VIDEO,REELS,11,0,459,0,0,1,12,2025-04-27 17:31:03.880
17841406083211195,18068335570766383,2025-01-31 10:16:02,VIDEO,REELS,11,0,460,0,0,1,12,2025-05-08 17:30:05.764
17841406083211195,18068335570766383,2025-01-31 10:16:02,VIDEO,REELS,11,0,462,0,0,1,12,2025-05-11 17:29:47.641
17841406083211195,18068335570766383,2025-01-31 10:16:02,VIDEO,REELS,11,0,463,0,0,1,12,2025-05-18 17:30:29.429
17841406083211195,18068335570766383,2025-01-31 10:16:02,VIDEO,REELS,11,0,464,0,0,1,12,2025-05-24 17:30:46.327
17841406083211195,18068335570766383,2025-01-31 10:16:02,VIDEO,REELS,11,0,464,0,0,1,12,2025-06-05 17:30:24.249
17841406083211195,18068335570766383,2025-01-31 10:16:02,VIDEO,REELS,11,0,469,0,0,1,12,2025-07-19 17:30:14.977
17841406083211195,18068335570766383,2025-01-31 10:16:02,VIDEO,REELS,11,0,469,0,0,1,12,2025-07-31 17:29:05.322
17841406083211195,18068335570766383,2025-01-31 10:16:02,VIDEO,REELS,11,0,470,0,0,1,12,2025-08-04 17:30:35.458
17841406083211195,18068335570766383,2025-01-31 10:16:02,VIDEO,REELS,11,0,471,0,0,1,12,2025-08-06 17:29:35.468
17841406083211195,18068335570766383,2025-01-31 10:16:02,VIDEO,REELS,11,0,472,0,0,1,12,2025-08-20 17:29:54.696
17841406083211195,18068335570766383,2025-01-31 10:16:02,VIDEO,REELS,11,0,473,0,0,1,12,2025-08-31 17:29:08.145
17841406083211195,18068335570766383,2025-01-31 10:16:02,VIDEO,REELS,11,0,477,0,0,1,12,2025-12-03 17:35:32.952
17841406083211195,18068335570766383,2025-01-31 10:16:02,VIDEO,REELS,11,0,478,0,0,1,12,2025-12-24 17:29:27.237
17841406083211195,18068335570766383,2025-01-31 10:16:02,VIDEO,REELS,11,0,479,0,0,1,12,2025-12-25 17:29:48.435
17841406083211195,18069799234782701,2025-01-09 09:27:25,VIDEO,REELS,20,0,1467,0,2,1,23,2025-04-18 19:14:48.869
17841406083211195,18069799234782701,2025-01-09 09:27:25,VIDEO,REELS,20,0,1468,0,2,1,23,2025-04-20 21:57:35.082
17841406083211195,18069799234782701,2025-01-09 09:27:25,VIDEO,REELS,20,0,1469,0,2,1,23,2025-04-22 17:29:19.244
17841406083211195,18069799234782701,2025-01-09 09:27:25,VIDEO,REELS,20,0,1470,0,2,1,23,2025-04-27 17:31:06.422
17841406083211195,18069799234782701,2025-01-09 09:27:25,VIDEO,REELS,20,0,1470,0,2,1,23,2025-05-08 17:30:05.769
17841406083211195,18069799234782701,2025-01-09 09:27:25,VIDEO,REELS,20,0,1470,0,2,1,23,2025-06-05 17:30:24.262
17841406083211195,18069799234782701,2025-01-09 09:27:25,VIDEO,REELS,20,0,1473,0,2,1,23,2025-07-19 17:30:14.980
17841406083211195,18069799234782701,2025-01-09 09:27:25,VIDEO,REELS,20,0,1474,0,2,1,23,2025-07-26 17:30:16.460
17841406083211195,18069799234782701,2025-01-09 09:27:25,VIDEO,REELS,20,0,1475,0,2,1,23,2025-07-29 17:30:07.342
17841406083211195,18069799234782701,2025-01-09 09:27:25,VIDEO,REELS,20,0,1476,0,2,1,23,2025-08-05 17:30:42.507
17841406083211195,18069799234782701,2025-01-09 09:27:25,VIDEO,REELS,20,0,1477,0,2,1,23,2025-08-06 17:29:35.474
17841406083211195,18069799234782701,2025-01-09 09:27:25,VIDEO,REELS,20,0,1478,0,2,1,23,2025-08-11 17:30:52.898
17841406083211195,18069799234782701,2025-01-09 09:27:25,VIDEO,REELS,20,0,1479,0,2,1,23,2025-08-20 17:29:54.706
17841406083211195,18069799234782701,2025-01-09 09:27:25,VIDEO,REELS,20,0,1480,0,2,1,23,2025-08-31 17:29:08.156
17841406083211195,18069799234782701,2025-01-09 09:27:25,VIDEO,REELS,20,0,1485,0,2,1,23,2025-10-01 04:10:11.389
17841406083211195,18069799234782701,2025-01-09 09:27:25,VIDEO,REELS,20,0,1486,0,2,1,23,2025-10-19 17:28:49.866
17841406083211195,18069799234782701,2025-01-09 09:27:25,VIDEO,REELS,20,0,1487,0,2,1,23,2025-11-03 17:29:12.903
17841406083211195,18069799234782701,2025-01-09 09:27:25,VIDEO,REELS,20,0,1489,0,2,1,23,2025-11-11 17:29:22.337
17841406083211195,18069799234782701,2025-01-09 09:27:25,VIDEO,REELS,20,0,1490,0,2,1,23,2025-12-15 17:36:04.664
17841406083211195,18069799234782701,2025-01-09 09:27:25,VIDEO,REELS,20,0,1491,0,2,1,23,2025-12-24 17:29:27.243
17841406083211195,18069799234782701,2025-01-09 09:27:25,VIDEO,REELS,20,0,1492,0,2,1,23,2025-12-25 17:29:48.439
17841406083211195,18071782484314217,2025-06-19 10:14:33,VIDEO,REELS,9,0,306,0,0,12,21,2025-07-03 17:29:59.215
17841406083211195,18071782484314217,2025-06-19 10:14:33,VIDEO,REELS,9,0,307,0,0,12,21,2025-07-04 17:30:58.678
17841406083211195,18071782484314217,2025-06-19 10:14:33,VIDEO,REELS,9,0,308,0,0,12,21,2025-07-06 17:30:30.247
17841406083211195,18071782484314217,2025-06-19 10:14:33,VIDEO,REELS,9,0,309,0,0,12,21,2025-07-07 17:30:38.836
17841406083211195,18071782484314217,2025-06-19 10:14:33,VIDEO,REELS,9,0,309,0,0,12,21,2025-07-08 17:29:53.771
17841406083211195,18071782484314217,2025-06-19 10:14:33,VIDEO,REELS,9,0,310,0,0,12,21,2025-07-15 17:29:51.517
17841406083211195,18071782484314217,2025-06-19 10:14:33,VIDEO,REELS,9,0,310,0,0,12,21,2025-07-16 17:30:05.719
17841406083211195,18071782484314217,2025-06-19 10:14:33,VIDEO,REELS,9,0,311,0,0,12,21,2025-07-18 17:29:48.375
17841406083211195,18071782484314217,2025-06-19 10:14:33,VIDEO,REELS,9,0,312,0,0,12,21,2025-07-19 17:30:04.120
17841406083211195,18071782484314217,2025-06-19 10:14:33,VIDEO,REELS,9,0,313,0,0,12,21,2025-07-22 17:30:36.355
17841406083211195,18071782484314217,2025-06-19 10:14:33,VIDEO,REELS,9,0,314,0,0,12,21,2025-07-27 17:30:34.310
17841406083211195,18071782484314217,2025-06-19 10:14:33,VIDEO,REELS,9,0,317,0,0,12,21,2025-07-29 17:29:46.535
17841406083211195,18071782484314217,2025-06-19 10:14:33,VIDEO,REELS,9,0,320,0,0,12,21,2025-08-01 17:30:02.461
17841406083211195,18071782484314217,2025-06-19 10:14:33,VIDEO,REELS,9,0,321,0,0,12,21,2025-08-06 17:29:21.820
17841406083211195,18071782484314217,2025-06-19 10:14:33,VIDEO,REELS,9,0,322,0,0,12,21,2025-08-07 17:29:51.660
17841406083211195,18071782484314217,2025-06-19 10:14:33,VIDEO,REELS,9,0,323,0,0,12,21,2025-08-08 17:29:30.448
17841406083211195,18071782484314217,2025-06-19 10:14:33,VIDEO,REELS,9,0,323,0,0,12,21,2025-08-11 17:30:32.973
17841406083211195,18071782484314217,2025-06-19 10:14:33,VIDEO,REELS,9,0,325,0,0,12,21,2025-08-14 17:30:30.709
17841406083211195,18071782484314217,2025-06-19 10:14:33,VIDEO,REELS,9,0,328,0,0,12,21,2025-08-19 17:29:34.441
17841406083211195,18071782484314217,2025-06-19 10:14:33,VIDEO,REELS,9,0,329,0,0,12,21,2025-08-20 17:29:40.880
17841406083211195,18071782484314217,2025-06-19 10:14:33,VIDEO,REELS,9,0,330,0,0,12,21,2025-08-22 17:29:22.435
17841406083211195,18071782484314217,2025-06-19 10:14:33,VIDEO,REELS,9,0,330,0,0,12,21,2025-08-25 17:29:34.735
17841406083211195,18071782484314217,2025-06-19 10:14:33,VIDEO,REELS,9,0,332,0,0,12,21,2025-08-29 17:28:45.772
17841406083211195,18071782484314217,2025-06-19 10:14:33,VIDEO,REELS,9,0,333,0,0,12,21,2025-08-31 17:28:47.931
17841406083211195,18071782484314217,2025-06-19 10:14:33,VIDEO,REELS,9,0,340,0,0,12,21,2025-10-02 04:04:36.979
17841406083211195,18071782484314217,2025-06-19 10:14:33,VIDEO,REELS,9,0,340,0,0,12,21,2025-10-06 17:28:55.821
17841406083211195,18071782484314217,2025-06-19 10:14:33,VIDEO,REELS,9,0,341,0,0,12,21,2025-10-12 17:28:57.227
17841406083211195,18071782484314217,2025-06-19 10:14:33,VIDEO,REELS,9,0,341,0,0,12,21,2025-10-15 17:30:00.910
17841406083211195,18071782484314217,2025-06-19 10:14:33,VIDEO,REELS,9,0,342,0,0,12,21,2025-11-05 17:28:35.579
17841406083211195,18071782484314217,2025-06-19 10:14:33,VIDEO,REELS,9,0,343,0,0,12,21,2025-11-10 17:29:14.416
17841406083211195,18071782484314217,2025-06-19 10:14:33,VIDEO,REELS,9,0,344,0,0,12,21,2025-11-18 17:29:03.779
17841406083211195,18071782484314217,2025-06-19 10:14:33,VIDEO,REELS,9,0,345,0,0,12,21,2025-12-03 17:36:09.396
17841406083211195,18071782484314217,2025-06-19 10:14:33,VIDEO,REELS,9,0,346,0,0,12,21,2025-12-25 17:29:25.140
17841406083211195,18073658087590121,2025-12-10 11:01:53,VIDEO,REELS,6,0,186,0,0,0,6,2025-12-10 17:36:44.467
17841406083211195,18073658087590121,2025-12-10 11:01:53,VIDEO,REELS,7,0,232,0,0,0,7,2025-12-11 17:34:06.395
17841406083211195,18073658087590121,2025-12-10 11:01:53,VIDEO,REELS,8,1,252,1,0,0,9,2025-12-12 17:36:01.939
17841406083211195,18073658087590121,2025-12-10 11:01:53,VIDEO,REELS,9,1,266,1,0,0,10,2025-12-15 06:34:28.290
17841406083211195,18073658087590121,2025-12-10 11:01:53,VIDEO,REELS,9,1,270,1,0,0,10,2025-12-15 17:37:24.707
17841406083211195,18073658087590121,2025-12-10 11:01:53,VIDEO,REELS,9,1,280,1,0,0,10,2025-12-16 17:35:03.678
17841406083211195,18073658087590121,2025-12-10 11:01:53,VIDEO,REELS,9,1,284,1,0,0,10,2025-12-17 17:28:40.152
17841406083211195,18073658087590121,2025-12-10 11:01:53,VIDEO,REELS,9,1,287,1,0,0,10,2025-12-18 17:30:53.815
17841406083211195,18073658087590121,2025-12-10 11:01:53,VIDEO,REELS,9,1,291,1,0,0,10,2025-12-19 17:30:14.530
17841406083211195,18073658087590121,2025-12-10 11:01:53,VIDEO,REELS,9,1,293,1,0,0,10,2025-12-21 17:29:37.394
17841406083211195,18073658087590121,2025-12-10 11:01:53,VIDEO,REELS,9,1,298,1,0,0,10,2025-12-22 17:28:31.293
17841406083211195,18073658087590121,2025-12-10 11:01:53,VIDEO,REELS,9,1,306,1,0,0,10,2025-12-23 17:28:29.222
17841406083211195,18073658087590121,2025-12-10 11:01:53,VIDEO,REELS,9,1,309,1,0,0,10,2025-12-24 17:28:54.109
17841406083211195,18073658087590121,2025-12-10 11:01:53,VIDEO,REELS,9,1,309,1,0,0,10,2025-12-25 17:29:03.347
17841406083211195,18074662681666225,2025-02-14 10:10:20,VIDEO,REELS,6,0,483,0,0,0,6,2025-04-18 19:14:47.752
17841406083211195,18074662681666225,2025-02-14 10:10:20,VIDEO,REELS,6,0,485,0,0,0,6,2025-04-19 21:58:31.470
17841406083211195,18074662681666225,2025-02-14 10:10:20,VIDEO,REELS,6,0,486,0,0,0,6,2025-04-22 06:39:46.053
17841406083211195,18074662681666225,2025-02-14 10:10:20,VIDEO,REELS,6,0,487,0,0,0,6,2025-04-22 17:29:16.990
17841406083211195,18074662681666225,2025-02-14 10:10:20,VIDEO,REELS,6,0,489,0,0,0,6,2025-04-25 17:30:04.357
17841406083211195,18074662681666225,2025-02-14 10:10:20,VIDEO,REELS,6,0,490,0,0,0,6,2025-05-05 17:29:55.871
17841406083211195,18074662681666225,2025-02-14 10:10:20,VIDEO,REELS,6,0,490,0,0,0,6,2025-05-08 17:30:01.754
17841406083211195,18074662681666225,2025-02-14 10:10:20,VIDEO,REELS,6,0,492,0,0,0,6,2025-05-18 17:30:27.078
17841406083211195,18074662681666225,2025-02-14 10:10:20,VIDEO,REELS,6,0,493,0,0,0,6,2025-05-24 17:30:46.333
17841406083211195,18074662681666225,2025-02-14 10:10:20,VIDEO,REELS,6,0,494,0,0,0,6,2025-05-25 17:31:08.738
17841406083211195,18074662681666225,2025-02-14 10:10:20,VIDEO,REELS,6,0,494,0,0,0,6,2025-06-03 17:29:46.449
17841406083211195,18074662681666225,2025-02-14 10:10:20,VIDEO,REELS,6,0,495,0,0,0,6,2025-06-05 17:30:24.259
17841406083211195,18074662681666225,2025-02-14 10:10:20,VIDEO,REELS,6,0,503,0,0,0,6,2025-07-03 17:30:07.989
17841406083211195,18074662681666225,2025-02-14 10:10:20,VIDEO,REELS,6,0,503,0,0,0,6,2025-07-06 17:30:41.005
17841406083211195,18074662681666225,2025-02-14 10:10:20,VIDEO,REELS,6,0,504,0,0,0,6,2025-07-19 17:30:13.145
17841406083211195,18074662681666225,2025-02-14 10:10:20,VIDEO,REELS,6,0,506,0,0,0,6,2025-07-21 17:30:54.845
17841406083211195,18074662681666225,2025-02-14 10:10:20,VIDEO,REELS,6,0,508,0,0,0,6,2025-07-28 17:29:22.353
17841406083211195,18074662681666225,2025-02-14 10:10:20,VIDEO,REELS,6,0,508,0,0,0,6,2025-07-31 17:29:02.395
17841406083211195,18074662681666225,2025-02-14 10:10:20,VIDEO,REELS,6,0,509,0,0,0,6,2025-08-04 17:30:32.192
17841406083211195,18074662681666225,2025-02-14 10:10:20,VIDEO,REELS,6,0,510,0,0,0,6,2025-08-06 17:29:35.472
17841406083211195,18074662681666225,2025-02-14 10:10:20,VIDEO,REELS,6,0,511,0,0,0,6,2025-08-20 17:29:54.704
17841406083211195,18074662681666225,2025-02-14 10:10:20,VIDEO,REELS,6,0,512,0,0,0,6,2025-08-31 17:29:08.153
17841406083211195,18074662681666225,2025-02-14 10:10:20,VIDEO,REELS,6,0,517,0,0,0,6,2025-10-10 17:30:20.761
17841406083211195,18074662681666225,2025-02-14 10:10:20,VIDEO,REELS,6,0,519,0,0,0,6,2025-11-11 17:29:22.336
17841406083211195,18074662681666225,2025-02-14 10:10:20,VIDEO,REELS,6,0,520,0,0,0,6,2025-11-14 17:29:25.548
17841406083211195,18074662681666225,2025-02-14 10:10:20,VIDEO,REELS,6,0,521,0,0,0,6,2025-12-03 17:35:49.233
17841406083211195,18074662681666225,2025-02-14 10:10:20,VIDEO,REELS,6,0,522,0,0,0,6,2025-12-12 17:34:34.581
17841406083211195,18074662681666225,2025-02-14 10:10:20,VIDEO,REELS,6,0,523,0,0,0,6,2025-12-20 17:35:37.712
17841406083211195,18074662681666225,2025-02-14 10:10:20,VIDEO,REELS,6,0,523,0,0,0,6,2025-12-25 17:29:40.547
17841406083211195,18075033052942423,2025-07-16 10:28:16,VIDEO,REELS,1,0,58,0,0,0,1,2025-07-16 17:29:56.553
17841406083211195,18075033052942423,2025-07-16 10:28:16,VIDEO,REELS,1,0,117,0,0,0,1,2025-07-17 17:29:38.351
17841406083211195,18075033052942423,2025-07-16 10:28:16,VIDEO,REELS,1,0,164,0,0,0,1,2025-07-18 17:29:48.372
17841406083211195,18075033052942423,2025-07-16 10:28:16,VIDEO,REELS,1,0,168,0,1,0,2,2025-07-19 17:30:04.118
17841406083211195,18075033052942423,2025-07-16 10:28:16,VIDEO,REELS,1,0,171,0,1,0,2,2025-07-20 17:30:14.572
17841406083211195,18075033052942423,2025-07-16 10:28:16,VIDEO,REELS,1,0,177,0,0,0,1,2025-07-21 17:30:41.025
17841406083211195,18075033052942423,2025-07-16 10:28:16,VIDEO,REELS,1,0,186,0,0,0,1,2025-07-22 17:30:36.353
17841406083211195,18075033052942423,2025-07-16 10:28:16,VIDEO,REELS,1,0,191,0,0,0,1,2025-07-23 17:30:15.896
17841406083211195,18075033052942423,2025-07-16 10:28:16,VIDEO,REELS,1,0,192,0,0,0,1,2025-07-24 17:30:01.603
17841406083211195,18075033052942423,2025-07-16 10:28:16,VIDEO,REELS,1,0,196,0,0,0,1,2025-07-25 17:29:40.359
17841406083211195,18075033052942423,2025-07-16 10:28:16,VIDEO,REELS,1,0,202,0,0,0,1,2025-07-27 17:30:34.308
17841406083211195,18075033052942423,2025-07-16 10:28:16,VIDEO,REELS,1,0,208,0,0,0,1,2025-07-28 17:29:11.651
17841406083211195,18075033052942423,2025-07-16 10:28:16,VIDEO,REELS,1,0,211,0,0,0,1,2025-07-29 17:29:46.533
17841406083211195,18075033052942423,2025-07-16 10:28:16,VIDEO,REELS,1,0,218,0,0,0,1,2025-07-31 17:28:52.266
17841406083211195,18075033052942423,2025-07-16 10:28:16,VIDEO,REELS,1,0,219,0,0,0,1,2025-08-04 17:30:20.394
17841406083211195,18075033052942423,2025-07-16 10:28:16,VIDEO,REELS,1,0,220,0,0,0,1,2025-08-06 17:29:21.818
17841406083211195,18075033052942423,2025-07-16 10:28:16,VIDEO,REELS,1,0,222,0,0,0,1,2025-08-07 17:29:51.656
17841406083211195,18075033052942423,2025-07-16 10:28:16,VIDEO,REELS,1,0,224,0,0,0,1,2025-08-09 17:29:16.358
17841406083211195,18075033052942423,2025-07-16 10:28:16,VIDEO,REELS,1,0,226,0,0,0,1,2025-08-10 17:29:41.096
17841406083211195,18075033052942423,2025-07-16 10:28:16,VIDEO,REELS,1,0,233,0,0,0,1,2025-08-11 17:30:32.970
17841406083211195,18075033052942423,2025-07-16 10:28:16,VIDEO,REELS,1,0,236,0,0,0,1,2025-08-12 17:31:22.351
17841406083211195,18075033052942423,2025-07-16 10:28:16,VIDEO,REELS,1,0,237,0,0,0,1,2025-08-14 17:30:30.707
17841406083211195,18075033052942423,2025-07-16 10:28:16,VIDEO,REELS,1,0,238,0,0,0,1,2025-08-16 17:29:29.900
17841406083211195,18075033052942423,2025-07-16 10:28:16,VIDEO,REELS,1,0,239,0,0,0,1,2025-08-18 17:28:55.673
17841406083211195,18075033052942423,2025-07-16 10:28:16,VIDEO,REELS,1,0,240,0,0,0,1,2025-08-19 17:29:34.438
17841406083211195,18075033052942423,2025-07-16 10:28:16,VIDEO,REELS,1,0,241,0,0,0,1,2025-08-20 17:29:40.877
17841406083211195,18075033052942423,2025-07-16 10:28:16,VIDEO,REELS,1,0,242,0,0,0,1,2025-08-21 17:30:19.082
17841406083211195,18075033052942423,2025-07-16 10:28:16,VIDEO,REELS,1,0,244,0,0,0,1,2025-08-25 17:29:34.733
17841406083211195,18075033052942423,2025-07-16 10:28:16,VIDEO,REELS,1,0,248,0,0,0,1,2025-08-27 17:30:15.468
17841406083211195,18075033052942423,2025-07-16 10:28:16,VIDEO,REELS,1,0,250,0,0,0,1,2025-08-29 17:28:45.770
17841406083211195,18075033052942423,2025-07-16 10:28:16,VIDEO,REELS,1,0,251,0,0,0,1,2025-08-30 17:30:09.894
17841406083211195,18075033052942423,2025-07-16 10:28:16,VIDEO,REELS,1,0,252,0,0,0,1,2025-08-31 17:28:47.928
17841406083211195,18075033052942423,2025-07-16 10:28:16,VIDEO,REELS,1,0,266,0,0,0,1,2025-10-04 17:29:36.067
17841406083211195,18075033052942423,2025-07-16 10:28:16,VIDEO,REELS,1,0,269,0,0,0,1,2025-10-05 17:29:24.321
17841406083211195,18075033052942423,2025-07-16 10:28:16,VIDEO,REELS,1,0,271,0,0,0,1,2025-10-06 17:28:48.561
17841406083211195,18075033052942423,2025-07-16 10:28:16,VIDEO,REELS,1,0,277,0,0,0,1,2025-10-12 17:28:49.793
17841406083211195,18075033052942423,2025-07-16 10:28:16,VIDEO,REELS,1,0,277,0,0,0,1,2025-10-15 17:29:48.882
17841406083211195,18075033052942423,2025-07-16 10:28:16,VIDEO,REELS,1,0,278,0,0,0,1,2025-10-20 17:29:27.071
17841406083211195,18075033052942423,2025-07-16 10:28:16,VIDEO,REELS,1,0,279,0,0,0,1,2025-10-24 17:28:58.160
17841406083211195,18075033052942423,2025-07-16 10:28:16,VIDEO,REELS,1,0,279,0,0,0,1,2025-10-29 17:29:38.422
17841406083211195,18075033052942423,2025-07-16 10:28:16,VIDEO,REELS,1,0,280,0,0,0,1,2025-11-10 17:29:14.412
17841406083211195,18075033052942423,2025-07-16 10:28:16,VIDEO,REELS,1,0,281,0,0,0,1,2025-11-11 17:29:05.811
17841406083211195,18075033052942423,2025-07-16 10:28:16,VIDEO,REELS,1,0,282,0,0,0,1,2025-11-18 17:29:03.777
17841406083211195,18075033052942423,2025-07-16 10:28:16,VIDEO,REELS,1,0,283,0,0,0,1,2025-12-03 17:36:28.748
17841406083211195,18075033052942423,2025-07-16 10:28:16,VIDEO,REELS,1,0,284,0,0,0,1,2025-12-25 17:29:25.139
17841406083211195,18075298909964556,2025-08-05 10:09:29,VIDEO,REELS,2,0,125,0,0,0,2,2025-08-05 17:30:16.502
17841406083211195,18075298909964556,2025-08-05 10:09:29,VIDEO,REELS,4,0,230,0,0,0,4,2025-08-06 17:29:14.871
17841406083211195,18075298909964556,2025-08-05 10:09:29,VIDEO,REELS,4,0,250,0,0,0,4,2025-08-07 17:29:51.643
17841406083211195,18075298909964556,2025-08-05 10:09:29,VIDEO,REELS,4,0,253,0,0,0,4,2025-08-08 17:29:30.429
17841406083211195,18075298909964556,2025-08-05 10:09:29,VIDEO,REELS,4,0,256,0,0,0,4,2025-08-10 17:29:41.089
17841406083211195,18075298909964556,2025-08-05 10:09:29,VIDEO,REELS,4,0,261,0,0,0,4,2025-08-11 17:30:32.957
17841406083211195,18075298909964556,2025-08-05 10:09:29,VIDEO,REELS,4,0,268,0,0,0,4,2025-08-12 17:31:22.343
17841406083211195,18075298909964556,2025-08-05 10:09:29,VIDEO,REELS,4,0,273,0,0,0,4,2025-08-14 17:30:30.699
17841406083211195,18075298909964556,2025-08-05 10:09:29,VIDEO,REELS,5,0,275,0,0,0,5,2025-08-15 17:29:20.108
17841406083211195,18075298909964556,2025-08-05 10:09:29,VIDEO,REELS,5,0,275,0,0,0,5,2025-08-16 17:29:29.894
17841406083211195,18075298909964556,2025-08-05 10:09:29,VIDEO,REELS,5,0,276,0,0,0,5,2025-08-17 17:28:43.176
17841406083211195,18075298909964556,2025-08-05 10:09:29,VIDEO,REELS,5,0,277,0,0,0,5,2025-08-18 17:28:55.666
17841406083211195,18075298909964556,2025-08-05 10:09:29,VIDEO,REELS,5,0,281,0,0,0,5,2025-08-19 17:29:34.422
17841406083211195,18075298909964556,2025-08-05 10:09:29,VIDEO,REELS,5,0,282,0,0,0,5,2025-08-20 17:29:40.858
17841406083211195,18075298909964556,2025-08-05 10:09:29,VIDEO,REELS,5,0,286,0,0,0,5,2025-08-21 17:30:19.071
17841406083211195,18075298909964556,2025-08-05 10:09:29,VIDEO,REELS,5,0,288,0,0,0,5,2025-08-22 17:29:22.405
17841406083211195,18075298909964556,2025-08-05 10:09:29,VIDEO,REELS,5,0,294,0,0,1,6,2025-08-24 17:29:05.923
17841406083211195,18075298909964556,2025-08-05 10:09:29,VIDEO,REELS,5,0,296,0,0,1,6,2025-08-25 17:29:34.725
17841406083211195,18075298909964556,2025-08-05 10:09:29,VIDEO,REELS,5,0,300,0,0,1,6,2025-08-27 17:30:15.452
17841406083211195,18075298909964556,2025-08-05 10:09:29,VIDEO,REELS,5,0,301,0,0,1,6,2025-08-28 17:31:18.222
17841406083211195,18075298909964556,2025-08-05 10:09:29,VIDEO,REELS,5,0,302,0,0,1,6,2025-08-30 17:30:09.887
17841406083211195,18075298909964556,2025-08-05 10:09:29,VIDEO,REELS,5,0,303,0,0,1,6,2025-08-31 17:28:47.915
17841406083211195,18075298909964556,2025-08-05 10:09:29,VIDEO,REELS,5,0,342,0,0,1,6,2025-10-01 04:09:53.330
17841406083211195,18075298909964556,2025-08-05 10:09:29,VIDEO,REELS,5,0,345,0,0,1,6,2025-10-02 02:39:18.150
17841406083211195,18075298909964556,2025-08-05 10:09:29,VIDEO,REELS,5,0,346,0,0,1,6,2025-10-02 17:29:27.068
17841406083211195,18075298909964556,2025-08-05 10:09:29,VIDEO,REELS,5,0,351,0,0,1,6,2025-10-05 17:29:24.306
17841406083211195,18075298909964556,2025-08-05 10:09:29,VIDEO,REELS,5,0,356,0,0,1,6,2025-10-06 17:28:48.549
17841406083211195,18075298909964556,2025-08-05 10:09:29,VIDEO,REELS,5,0,357,0,0,1,6,2025-10-08 17:29:40.354
17841406083211195,18075298909964556,2025-08-05 10:09:29,VIDEO,REELS,5,0,358,0,0,1,6,2025-10-09 17:28:46.160
17841406083211195,18075298909964556,2025-08-05 10:09:29,VIDEO,REELS,5,0,359,0,0,1,6,2025-10-12 17:28:49.778
17841406083211195,18075298909964556,2025-08-05 10:09:29,VIDEO,REELS,5,0,360,0,0,1,6,2025-10-13 17:28:53.150
17841406083211195,18075298909964556,2025-08-05 10:09:29,VIDEO,REELS,5,0,361,0,0,1,6,2025-10-15 17:29:48.871
17841406083211195,18075298909964556,2025-08-05 10:09:29,VIDEO,REELS,5,0,362,0,0,1,6,2025-10-20 17:29:18.452
17841406083211195,18075298909964556,2025-08-05 10:09:29,VIDEO,REELS,5,0,363,0,0,1,6,2025-10-21 17:28:38.449
17841406083211195,18075298909964556,2025-08-05 10:09:29,VIDEO,REELS,5,0,364,0,0,1,6,2025-10-24 17:28:52.170
17841406083211195,18075298909964556,2025-08-05 10:09:29,VIDEO,REELS,5,0,365,0,0,1,6,2025-10-26 17:30:15.208
17841406083211195,18075298909964556,2025-08-05 10:09:29,VIDEO,REELS,5,0,365,0,0,1,6,2025-10-27 17:28:46.980
17841406083211195,18075298909964556,2025-08-05 10:09:29,VIDEO,REELS,5,0,365,0,0,1,6,2025-10-29 17:29:38.416
17841406083211195,18075298909964556,2025-08-05 10:09:29,VIDEO,REELS,5,0,368,0,0,1,6,2025-11-10 17:29:14.397
17841406083211195,18075298909964556,2025-08-05 10:09:29,VIDEO,REELS,5,0,369,0,0,1,6,2025-11-11 17:29:05.804
17841406083211195,18075298909964556,2025-08-05 10:09:29,VIDEO,REELS,5,0,370,0,0,1,6,2025-11-18 17:29:03.769
17841406083211195,18075298909964556,2025-08-05 10:09:29,VIDEO,REELS,5,0,371,0,0,1,6,2025-12-03 17:36:28.738
17841406083211195,18075298909964556,2025-08-05 10:09:29,VIDEO,REELS,5,0,372,0,0,1,6,2025-12-15 17:36:51.711
17841406083211195,18075298909964556,2025-08-05 10:09:29,VIDEO,REELS,5,0,373,0,0,1,6,2025-12-20 17:36:30.948
17841406083211195,18075298909964556,2025-08-05 10:09:29,VIDEO,REELS,5,0,375,0,0,1,6,2025-12-25 17:29:11.613
17841406083211195,18078244150937202,2025-08-19 10:19:36,VIDEO,REELS,1,0,173,0,0,0,1,2025-08-19 17:29:26.000
17841406083211195,18078244150937202,2025-08-19 10:19:36,VIDEO,REELS,2,0,268,0,0,0,2,2025-08-20 17:29:34.101
17841406083211195,18078244150937202,2025-08-19 10:19:36,VIDEO,REELS,2,0,296,0,0,0,2,2025-08-21 17:30:19.083
17841406083211195,18078244150937202,2025-08-19 10:19:36,VIDEO,REELS,2,0,312,0,0,0,2,2025-08-22 17:29:22.425
17841406083211195,18078244150937202,2025-08-19 10:19:36,VIDEO,REELS,2,0,315,0,0,0,2,2025-08-23 17:29:30.935
17841406083211195,18078244150937202,2025-08-19 10:19:36,VIDEO,REELS,2,0,320,0,0,0,2,2025-08-24 17:29:05.936
17841406083211195,18078244150937202,2025-08-19 10:19:36,VIDEO,REELS,2,0,330,0,0,0,2,2025-08-25 17:29:34.734
17841406083211195,18078244150937202,2025-08-19 10:19:36,VIDEO,REELS,2,0,337,0,0,0,2,2025-08-26 17:29:05.593
17841406083211195,18078244150937202,2025-08-19 10:19:36,VIDEO,REELS,2,0,344,0,0,0,2,2025-08-27 17:30:15.469
17841406083211195,18078244150937202,2025-08-19 10:19:36,VIDEO,REELS,2,0,352,0,0,0,2,2025-08-28 17:31:18.231
17841406083211195,18078244150937202,2025-08-19 10:19:36,VIDEO,REELS,2,0,356,0,0,0,2,2025-08-29 17:28:45.771
17841406083211195,18078244150937202,2025-08-19 10:19:36,VIDEO,REELS,2,0,358,0,0,0,2,2025-08-30 17:30:09.894
17841406083211195,18078244150937202,2025-08-19 10:19:36,VIDEO,REELS,2,0,366,0,0,0,2,2025-08-31 17:28:47.929
17841406083211195,18078244150937202,2025-08-19 10:19:36,VIDEO,REELS,2,0,438,0,0,0,2,2025-10-01 04:09:53.353
17841406083211195,18078244150937202,2025-08-19 10:19:36,VIDEO,REELS,2,0,447,0,0,0,2,2025-10-02 04:04:29.523
17841406083211195,18078244150937202,2025-08-19 10:19:36,VIDEO,REELS,2,0,449,0,0,0,2,2025-10-02 17:29:27.080
17841406083211195,18078244150937202,2025-08-19 10:19:36,VIDEO,REELS,2,0,451,0,0,0,2,2025-10-05 17:29:24.323
17841406083211195,18078244150937202,2025-08-19 10:19:36,VIDEO,REELS,2,0,452,0,0,0,2,2025-10-06 17:28:48.562
17841406083211195,18078244150937202,2025-08-19 10:19:36,VIDEO,REELS,2,0,455,0,0,0,2,2025-10-08 17:29:40.362
17841406083211195,18078244150937202,2025-08-19 10:19:36,VIDEO,REELS,2,0,457,0,0,0,2,2025-10-09 17:28:46.175
17841406083211195,18078244150937202,2025-08-19 10:19:36,VIDEO,REELS,2,0,458,0,0,0,2,2025-10-15 17:29:48.884
17841406083211195,18078244150937202,2025-08-19 10:19:36,VIDEO,REELS,2,0,459,0,0,0,2,2025-10-16 17:28:56.623
17841406083211195,18078244150937202,2025-08-19 10:19:36,VIDEO,REELS,2,0,460,0,0,0,2,2025-10-20 17:29:18.467
17841406083211195,18078244150937202,2025-08-19 10:19:36,VIDEO,REELS,2,0,461,0,0,0,2,2025-10-21 17:28:38.458
17841406083211195,18078244150937202,2025-08-19 10:19:36,VIDEO,REELS,2,0,462,0,0,0,2,2025-10-26 17:30:15.231
17841406083211195,18078244150937202,2025-08-19 10:19:36,VIDEO,REELS,2,0,463,0,0,0,2,2025-10-27 17:28:47.000
17841406083211195,18078244150937202,2025-08-19 10:19:36,VIDEO,REELS,2,0,464,0,0,0,2,2025-10-29 17:29:27.590
17841406083211195,18078244150937202,2025-08-19 10:19:36,VIDEO,REELS,2,0,467,0,0,0,2,2025-11-05 17:28:28.353
17841406083211195,18078244150937202,2025-08-19 10:19:36,VIDEO,REELS,2,0,468,0,0,0,2,2025-11-06 17:28:43.528
17841406083211195,18078244150937202,2025-08-19 10:19:36,VIDEO,REELS,2,0,469,0,0,0,2,2025-11-10 17:29:14.414
17841406083211195,18078244150937202,2025-08-19 10:19:36,VIDEO,REELS,2,0,471,0,0,0,2,2025-11-17 17:29:12.873
17841406083211195,18078244150937202,2025-08-19 10:19:36,VIDEO,REELS,2,0,472,0,0,0,2,2025-11-18 17:29:03.778
17841406083211195,18078244150937202,2025-08-19 10:19:36,VIDEO,REELS,2,0,474,0,0,0,2,2025-11-30 17:33:37.941
17841406083211195,18078244150937202,2025-08-19 10:19:36,VIDEO,REELS,2,0,475,0,0,0,2,2025-12-03 17:36:28.750
17841406083211195,18078244150937202,2025-08-19 10:19:36,VIDEO,REELS,2,0,476,0,0,0,2,2025-12-05 17:34:34.776
17841406083211195,18078244150937202,2025-08-19 10:19:36,VIDEO,REELS,2,0,477,0,0,0,2,2025-12-07 17:33:28.022
17841406083211195,18078244150937202,2025-08-19 10:19:36,VIDEO,REELS,2,0,478,0,0,0,2,2025-12-11 17:33:40.058
17841406083211195,18078244150937202,2025-08-19 10:19:36,VIDEO,REELS,2,0,481,0,0,0,2,2025-12-25 17:29:11.621
17841406083211195,18080674669657418,2025-03-24 11:00:56,VIDEO,REELS,4,1,676,1,0,1,6,2025-04-17 17:31:52.812
17841406083211195,18080674669657418,2025-03-24 11:00:56,VIDEO,REELS,4,1,678,1,0,1,6,2025-04-18 19:14:47.754
17841406083211195,18080674669657418,2025-03-24 11:00:56,VIDEO,REELS,4,1,679,1,0,1,6,2025-04-19 21:58:31.472
17841406083211195,18080674669657418,2025-03-24 11:00:56,VIDEO,REELS,4,1,681,1,0,1,6,2025-04-22 06:39:46.056
17841406083211195,18080674669657418,2025-03-24 11:00:56,VIDEO,REELS,4,1,683,1,0,1,6,2025-04-24 01:56:09.942
17841406083211195,18080674669657418,2025-03-24 11:00:56,VIDEO,REELS,4,1,685,1,0,1,6,2025-04-24 17:29:59.128
17841406083211195,18080674669657418,2025-03-24 11:00:56,VIDEO,REELS,4,1,685,1,0,1,6,2025-04-25 17:30:04.363
17841406083211195,18080674669657418,2025-03-24 11:00:56,VIDEO,REELS,4,1,686,1,0,1,6,2025-04-27 17:31:03.888
17841406083211195,18080674669657418,2025-03-24 11:00:56,VIDEO,REELS,4,1,689,1,0,1,6,2025-04-28 17:30:00.135
17841406083211195,18080674669657418,2025-03-24 11:00:56,VIDEO,REELS,4,1,692,1,0,1,6,2025-05-01 17:31:37.129
17841406083211195,18080674669657418,2025-03-24 11:00:56,VIDEO,REELS,4,1,693,1,0,1,6,2025-05-03 17:30:39.026
17841406083211195,18080674669657418,2025-03-24 11:00:56,VIDEO,REELS,4,1,695,1,0,1,6,2025-05-05 17:29:55.873
17841406083211195,18080674669657418,2025-03-24 11:00:56,VIDEO,REELS,4,1,700,1,0,1,6,2025-05-06 17:29:33.100
17841406083211195,18080674669657418,2025-03-24 11:00:56,VIDEO,REELS,4,1,701,1,0,1,6,2025-05-08 17:30:01.757
17841406083211195,18080674669657418,2025-03-24 11:00:56,VIDEO,REELS,4,1,704,1,0,1,6,2025-05-17 17:30:06.317
17841406083211195,18080674669657418,2025-03-24 11:00:56,VIDEO,REELS,4,1,705,1,0,1,6,2025-05-22 17:30:10.258
17841406083211195,18080674669657418,2025-03-24 11:00:56,VIDEO,REELS,4,1,706,1,0,1,6,2025-05-24 17:30:42.253
17841406083211195,18080674669657418,2025-03-24 11:00:56,VIDEO,REELS,4,1,707,1,0,1,6,2025-05-27 17:30:25.251
17841406083211195,18080674669657418,2025-03-24 11:00:56,VIDEO,REELS,4,1,708,1,0,1,6,2025-06-02 17:30:36.021
17841406083211195,18080674669657418,2025-03-24 11:00:56,VIDEO,REELS,4,1,708,1,0,1,6,2025-06-05 17:30:15.490
17841406083211195,18080674669657418,2025-03-24 11:00:56,VIDEO,REELS,4,1,715,1,0,1,6,2025-07-20 17:30:24.970
17841406083211195,18080674669657418,2025-03-24 11:00:56,VIDEO,REELS,4,1,717,1,0,1,6,2025-07-21 17:30:54.848
17841406083211195,18080674669657418,2025-03-24 11:00:56,VIDEO,REELS,4,1,719,1,0,1,6,2025-07-22 17:30:46.719
17841406083211195,18080674669657418,2025-03-24 11:00:56,VIDEO,REELS,4,1,721,1,0,1,6,2025-07-30 17:30:21.218
17841406083211195,18080674669657418,2025-03-24 11:00:56,VIDEO,REELS,4,1,721,1,0,1,6,2025-08-01 17:30:15.514
17841406083211195,18080674669657418,2025-03-24 11:00:56,VIDEO,REELS,4,1,722,1,0,1,6,2025-08-04 17:30:32.195
17841406083211195,18080674669657418,2025-03-24 11:00:56,VIDEO,REELS,4,1,724,1,0,1,6,2025-08-06 17:29:32.813
17841406083211195,18080674669657418,2025-03-24 11:00:56,VIDEO,REELS,4,1,725,1,0,1,6,2025-08-11 17:30:48.467
17841406083211195,18080674669657418,2025-03-24 11:00:56,VIDEO,REELS,4,1,727,1,0,1,6,2025-08-18 17:29:03.014
17841406083211195,18080674669657418,2025-03-24 11:00:56,VIDEO,REELS,4,1,728,1,0,1,6,2025-08-19 17:29:48.966
17841406083211195,18080674669657418,2025-03-24 11:00:56,VIDEO,REELS,4,1,729,1,0,1,6,2025-08-20 17:29:49.048
17841406083211195,18080674669657418,2025-03-24 11:00:56,VIDEO,REELS,4,1,730,1,0,1,6,2025-08-31 17:28:56.738
17841406083211195,18080674669657418,2025-03-24 11:00:56,VIDEO,REELS,4,1,732,1,0,1,6,2025-10-10 17:30:20.762
17841406083211195,18080674669657418,2025-03-24 11:00:56,VIDEO,REELS,4,1,733,1,0,1,6,2025-10-17 17:30:11.771
17841406083211195,18080674669657418,2025-03-24 11:00:56,VIDEO,REELS,4,1,733,1,0,1,6,2025-10-23 17:28:45.971
17841406083211195,18080674669657418,2025-03-24 11:00:56,VIDEO,REELS,4,1,733,1,0,1,6,2025-11-06 17:29:01.636
17841406083211195,18080674669657418,2025-03-24 11:00:56,VIDEO,REELS,4,1,734,1,0,1,6,2025-11-10 17:29:23.640
17841406083211195,18080674669657418,2025-03-24 11:00:56,VIDEO,REELS,4,1,735,1,0,1,6,2025-11-13 17:29:47.734
17841406083211195,18080674669657418,2025-03-24 11:00:56,VIDEO,REELS,4,1,736,1,0,1,6,2025-12-01 17:33:15.137
17841406083211195,18080674669657418,2025-03-24 11:00:56,VIDEO,REELS,4,1,737,1,0,1,6,2025-12-03 17:35:49.234
17841406083211195,18080674669657418,2025-03-24 11:00:56,VIDEO,REELS,4,1,738,1,0,1,6,2025-12-18 17:31:24.192
17841406083211195,18080674669657418,2025-03-24 11:00:56,VIDEO,REELS,4,1,739,1,0,1,6,2025-12-25 17:29:40.549
17841406083211195,18081076531955943,2025-10-07 11:40:24,VIDEO,REELS,2,0,104,0,0,0,2,2025-10-07 17:28:23.024
17841406083211195,18081076531955943,2025-10-07 11:40:24,VIDEO,REELS,3,0,212,0,0,0,3,2025-10-08 17:29:33.999
17841406083211195,18081076531955943,2025-10-07 11:40:24,VIDEO,REELS,4,0,253,0,0,0,4,2025-10-09 17:28:46.172
17841406083211195,18081076531955943,2025-10-07 11:40:24,VIDEO,REELS,4,0,265,0,0,0,4,2025-10-10 17:30:06.545
17841406083211195,18081076531955943,2025-10-07 11:40:24,VIDEO,REELS,5,0,276,0,0,0,5,2025-10-11 17:28:30.970
17841406083211195,18081076531955943,2025-10-07 11:40:24,VIDEO,REELS,6,0,284,0,0,0,6,2025-10-12 17:28:49.791
17841406083211195,18081076531955943,2025-10-07 11:40:24,VIDEO,REELS,6,0,290,0,0,0,6,2025-10-13 17:28:53.159
17841406083211195,18081076531955943,2025-10-07 11:40:24,VIDEO,REELS,8,0,297,0,0,0,8,2025-10-14 17:28:21.211
17841406083211195,18081076531955943,2025-10-07 11:40:24,VIDEO,REELS,8,0,306,0,0,0,8,2025-10-15 17:29:48.881
17841406083211195,18081076531955943,2025-10-07 11:40:24,VIDEO,REELS,8,0,309,0,0,0,8,2025-10-16 17:28:56.620
17841406083211195,18081076531955943,2025-10-07 11:40:24,VIDEO,REELS,18,0,332,0,0,0,18,2025-10-17 17:29:48.793
17841406083211195,18081076531955943,2025-10-07 11:40:24,VIDEO,REELS,18,0,340,0,0,0,18,2025-10-18 17:28:28.253
17841406083211195,18081076531955943,2025-10-07 11:40:24,VIDEO,REELS,18,1,348,1,0,0,19,2025-10-19 17:28:32.839
17841406083211195,18081076531955943,2025-10-07 11:40:24,VIDEO,REELS,18,1,353,1,0,0,19,2025-10-20 17:29:18.464
17841406083211195,18081076531955943,2025-10-07 11:40:24,VIDEO,REELS,18,1,359,1,0,0,19,2025-10-21 17:28:38.456
17841406083211195,18081076531955943,2025-10-07 11:40:24,VIDEO,REELS,18,1,360,1,0,0,19,2025-10-22 17:28:54.484
17841406083211195,18081076531955943,2025-10-07 11:40:24,VIDEO,REELS,18,1,363,1,0,0,19,2025-10-23 17:28:30.288
17841406083211195,18081076531955943,2025-10-07 11:40:24,VIDEO,REELS,18,1,364,1,0,0,19,2025-10-24 17:28:52.180
17841406083211195,18081076531955943,2025-10-07 11:40:24,VIDEO,REELS,18,1,365,1,0,0,19,2025-10-25 17:30:00.343
17841406083211195,18081076531955943,2025-10-07 11:40:24,VIDEO,REELS,18,1,366,1,0,0,19,2025-10-26 17:30:15.227
17841406083211195,18081076531955943,2025-10-07 11:40:24,VIDEO,REELS,18,1,367,1,0,0,19,2025-10-27 17:28:46.997
17841406083211195,18081076531955943,2025-10-07 11:40:24,VIDEO,REELS,18,1,368,1,0,0,19,2025-10-28 17:29:42.170
17841406083211195,18081076531955943,2025-10-07 11:40:24,VIDEO,REELS,18,1,370,1,0,0,19,2025-10-29 17:29:27.589
17841406083211195,18081076531955943,2025-10-07 11:40:24,VIDEO,REELS,18,1,374,1,0,0,19,2025-11-03 17:28:49.523
17841406083211195,18081076531955943,2025-10-07 11:40:24,VIDEO,REELS,18,1,377,1,0,0,19,2025-11-04 17:28:20.664
17841406083211195,18081076531955943,2025-10-07 11:40:24,VIDEO,REELS,18,1,379,1,0,0,19,2025-11-06 17:28:43.527
17841406083211195,18081076531955943,2025-10-07 11:40:24,VIDEO,REELS,18,1,379,1,0,0,19,2025-11-07 17:29:01.089
17841406083211195,18081076531955943,2025-10-07 11:40:24,VIDEO,REELS,19,1,381,1,0,0,20,2025-11-09 17:28:38.954
17841406083211195,18081076531955943,2025-10-07 11:40:24,VIDEO,REELS,19,1,382,1,0,0,20,2025-11-10 17:29:07.645
17841406083211195,18081076531955943,2025-10-07 11:40:24,VIDEO,REELS,19,1,384,1,0,0,20,2025-11-11 17:28:56.855
17841406083211195,18081076531955943,2025-10-07 11:40:24,VIDEO,REELS,19,1,386,1,0,0,20,2025-11-12 17:28:57.517
17841406083211195,18081076531955943,2025-10-07 11:40:24,VIDEO,REELS,19,1,386,1,0,0,20,2025-11-13 17:29:19.505
17841406083211195,18081076531955943,2025-10-07 11:40:24,VIDEO,REELS,19,1,387,1,0,0,20,2025-11-14 17:29:00.544
17841406083211195,18081076531955943,2025-10-07 11:40:24,VIDEO,REELS,19,1,390,1,0,0,21,2025-11-15 17:30:46.805
17841406083211195,18081076531955943,2025-10-07 11:40:24,VIDEO,REELS,19,1,391,1,0,0,21,2025-11-17 17:29:03.605
17841406083211195,18081076531955943,2025-10-07 11:40:24,VIDEO,REELS,19,1,393,1,0,0,21,2025-11-18 17:28:56.199
17841406083211195,18081076531955943,2025-10-07 11:40:24,VIDEO,REELS,19,1,398,1,0,0,21,2025-11-19 17:35:38.989
17841406083211195,18081076531955943,2025-10-07 11:40:24,VIDEO,REELS,19,1,398,1,0,0,21,2025-11-20 17:36:09.355
17841406083211195,18081076531955943,2025-10-07 11:40:24,VIDEO,REELS,19,1,399,1,0,0,21,2025-11-21 17:35:55.880
17841406083211195,18081076531955943,2025-10-07 11:40:24,VIDEO,REELS,19,1,400,1,0,0,21,2025-11-25 17:34:52.770
17841406083211195,18081076531955943,2025-10-07 11:40:24,VIDEO,REELS,19,1,400,1,0,0,21,2025-11-27 17:34:42.516
17841406083211195,18081076531955943,2025-10-07 11:40:24,VIDEO,REELS,19,1,401,1,0,0,21,2025-11-29 17:36:27.542
17841406083211195,18081076531955943,2025-10-07 11:40:24,VIDEO,REELS,19,1,402,1,0,0,21,2025-12-01 17:34:00.993
17841406083211195,18081076531955943,2025-10-07 11:40:24,VIDEO,REELS,19,1,403,1,0,0,21,2025-12-03 17:36:45.841
17841406083211195,18081076531955943,2025-10-07 11:40:24,VIDEO,REELS,19,1,404,1,0,0,21,2025-12-08 17:33:32.912
17841406083211195,18081076531955943,2025-10-07 11:40:24,VIDEO,REELS,19,1,405,1,0,0,21,2025-12-12 17:35:50.534
17841406083211195,18081076531955943,2025-10-07 11:40:24,VIDEO,REELS,19,1,405,1,0,0,21,2025-12-15 17:37:13.499
17841406083211195,18081076531955943,2025-10-07 11:40:24,VIDEO,REELS,19,1,406,1,0,0,21,2025-12-16 17:34:50.964
17841406083211195,18081076531955943,2025-10-07 11:40:24,VIDEO,REELS,19,1,407,1,0,0,21,2025-12-22 17:28:37.820
17841406083211195,18081076531955943,2025-10-07 11:40:24,VIDEO,REELS,19,1,407,1,0,0,21,2025-12-25 17:29:11.620
17841406083211195,18082198726993497,2025-10-28 08:36:50,VIDEO,REELS,2,0,211,0,1,1,4,2025-10-28 17:29:35.017
17841406083211195,18082198726993497,2025-10-28 08:36:50,VIDEO,REELS,3,0,343,0,1,1,5,2025-10-29 17:29:27.589
17841406083211195,18082198726993497,2025-10-28 08:36:50,VIDEO,REELS,3,0,357,0,1,1,5,2025-10-30 17:30:15.094
17841406083211195,18082198726993497,2025-10-28 08:36:50,VIDEO,REELS,3,0,378,0,1,1,5,2025-10-31 17:29:01.880
17841406083211195,18082198726993497,2025-10-28 08:36:50,VIDEO,REELS,4,0,392,0,1,1,6,2025-11-01 17:29:16.509
17841406083211195,18082198726993497,2025-10-28 08:36:50,VIDEO,REELS,4,0,407,0,1,1,6,2025-11-02 17:28:55.100
17841406083211195,18082198726993497,2025-10-28 08:36:50,VIDEO,REELS,5,1,454,1,1,1,8,2025-11-03 17:28:49.523
17841406083211195,18082198726993497,2025-10-28 08:36:50,VIDEO,REELS,5,1,501,1,1,1,8,2025-11-04 17:28:20.664
17841406083211195,18082198726993497,2025-10-28 08:36:50,VIDEO,REELS,6,1,527,1,1,1,9,2025-11-05 17:28:28.351
17841406083211195,18082198726993497,2025-10-28 08:36:50,VIDEO,REELS,6,1,583,1,1,1,9,2025-11-06 17:28:43.525
17841406083211195,18082198726993497,2025-10-28 08:36:50,VIDEO,REELS,7,1,649,1,1,1,10,2025-11-07 17:29:01.088
17841406083211195,18082198726993497,2025-10-28 08:36:50,VIDEO,REELS,7,1,673,1,1,2,11,2025-11-08 17:29:24.260
17841406083211195,18082198726993497,2025-10-28 08:36:50,VIDEO,REELS,7,1,716,1,1,2,11,2025-11-09 17:28:38.952
17841406083211195,18082198726993497,2025-10-28 08:36:50,VIDEO,REELS,7,1,776,1,1,2,11,2025-11-10 17:29:07.642
17841406083211195,18082198726993497,2025-10-28 08:36:50,VIDEO,REELS,7,1,865,1,2,2,12,2025-11-11 17:28:56.852
17841406083211195,18082198726993497,2025-10-28 08:36:50,VIDEO,REELS,16,1,956,1,2,2,21,2025-11-12 17:28:57.514
17841406083211195,18082198726993497,2025-10-28 08:36:50,VIDEO,REELS,17,1,1023,1,2,2,22,2025-11-13 17:29:19.502
17841406083211195,18082198726993497,2025-10-28 08:36:50,VIDEO,REELS,24,1,1066,1,2,2,29,2025-11-14 17:29:00.542
17841406083211195,18082198726993497,2025-10-28 08:36:50,VIDEO,REELS,34,1,1145,1,2,2,40,2025-11-15 17:30:46.803
17841406083211195,18082198726993497,2025-10-28 08:36:50,VIDEO,REELS,34,1,1160,1,2,2,40,2025-11-16 17:29:40.690
17841406083211195,18082198726993497,2025-10-28 08:36:50,VIDEO,REELS,34,1,1167,1,2,2,40,2025-11-17 17:29:03.603
17841406083211195,18082198726993497,2025-10-28 08:36:50,VIDEO,REELS,34,1,1176,1,2,2,40,2025-11-18 17:28:56.197
17841406083211195,18082198726993497,2025-10-28 08:36:50,VIDEO,REELS,34,1,1186,1,2,2,40,2025-11-19 17:35:38.986
17841406083211195,18082198726993497,2025-10-28 08:36:50,VIDEO,REELS,34,1,1190,1,2,2,40,2025-11-20 17:36:09.351
17841406083211195,18082198726993497,2025-10-28 08:36:50,VIDEO,REELS,34,1,1194,1,2,2,40,2025-11-21 17:35:55.874
17841406083211195,18082198726993497,2025-10-28 08:36:50,VIDEO,REELS,34,1,1196,1,2,2,40,2025-11-22 17:33:59.866
17841406083211195,18082198726993497,2025-10-28 08:36:50,VIDEO,REELS,34,1,1199,1,2,2,40,2025-11-23 17:33:27.480
17841406083211195,18082198726993497,2025-10-28 08:36:50,VIDEO,REELS,34,1,1201,1,2,2,40,2025-11-24 17:36:35.484
17841406083211195,18082198726993497,2025-10-28 08:36:50,VIDEO,REELS,34,1,1205,1,2,2,40,2025-11-25 17:34:52.767
17841406083211195,18082198726993497,2025-10-28 08:36:50,VIDEO,REELS,34,1,1210,1,2,2,40,2025-11-26 17:37:34.797
17841406083211195,18082198726993497,2025-10-28 08:36:50,VIDEO,REELS,34,1,1211,1,2,2,40,2025-11-27 17:34:42.511
17841406083211195,18082198726993497,2025-10-28 08:36:50,VIDEO,REELS,34,1,1212,1,2,2,40,2025-11-29 17:36:27.540
17841406083211195,18082198726993497,2025-10-28 08:36:50,VIDEO,REELS,34,1,1213,1,2,2,40,2025-12-01 17:34:00.992
17841406083211195,18082198726993497,2025-10-28 08:36:50,VIDEO,REELS,34,1,1214,1,2,2,40,2025-12-02 17:35:28.471
17841406083211195,18082198726993497,2025-10-28 08:36:50,VIDEO,REELS,34,1,1215,1,2,2,40,2025-12-03 17:36:45.839
17841406083211195,18082198726993497,2025-10-28 08:36:50,VIDEO,REELS,34,1,1216,1,2,2,40,2025-12-05 17:34:50.232
17841406083211195,18082198726993497,2025-10-28 08:36:50,VIDEO,REELS,34,1,1217,1,2,2,40,2025-12-08 17:33:32.910
17841406083211195,18082198726993497,2025-10-28 08:36:50,VIDEO,REELS,34,1,1218,1,2,2,40,2025-12-16 17:34:50.961
17841406083211195,18082198726993497,2025-10-28 08:36:50,VIDEO,REELS,34,1,1219,1,2,2,40,2025-12-17 17:28:40.151
17841406083211195,18082198726993497,2025-10-28 08:36:50,VIDEO,REELS,34,1,1220,1,2,2,40,2025-12-18 17:30:53.814
17841406083211195,18082198726993497,2025-10-28 08:36:50,VIDEO,REELS,34,1,1221,1,2,2,40,2025-12-23 17:28:29.221
17841406083211195,18082198726993497,2025-10-28 08:36:50,VIDEO,REELS,34,1,1222,1,2,2,40,2025-12-25 17:29:03.347
17841406083211195,18082222909537477,2025-02-13 10:00:06,VIDEO,REELS,7,1,604,1,0,0,8,2025-04-18 19:14:47.759
17841406083211195,18082222909537477,2025-02-13 10:00:06,VIDEO,REELS,7,1,605,1,0,0,8,2025-04-19 21:58:31.476
17841406083211195,18082222909537477,2025-02-13 10:00:06,VIDEO,REELS,7,1,605,1,0,0,8,2025-04-22 06:39:46.064
17841406083211195,18082222909537477,2025-02-13 10:00:06,VIDEO,REELS,7,1,606,1,0,0,8,2025-04-22 17:29:17.021
17841406083211195,18082222909537477,2025-02-13 10:00:06,VIDEO,REELS,7,1,607,1,0,0,8,2025-04-24 17:29:59.146
17841406083211195,18082222909537477,2025-02-13 10:00:06,VIDEO,REELS,7,1,608,1,0,0,8,2025-04-25 17:30:04.377
17841406083211195,18082222909537477,2025-02-13 10:00:06,VIDEO,REELS,7,1,609,1,0,0,8,2025-05-05 17:29:55.881
17841406083211195,18082222909537477,2025-02-13 10:00:06,VIDEO,REELS,7,1,610,1,0,0,8,2025-05-08 17:30:01.768
17841406083211195,18082222909537477,2025-02-13 10:00:06,VIDEO,REELS,7,1,612,1,0,0,8,2025-05-18 17:30:27.083
17841406083211195,18082222909537477,2025-02-13 10:00:06,VIDEO,REELS,7,1,613,1,0,0,8,2025-05-24 17:30:46.341
17841406083211195,18082222909537477,2025-02-13 10:00:06,VIDEO,REELS,7,1,614,1,0,0,8,2025-06-05 17:30:24.269
17841406083211195,18082222909537477,2025-02-13 10:00:06,VIDEO,REELS,7,1,618,1,0,0,8,2025-07-19 17:30:13.150
17841406083211195,18082222909537477,2025-02-13 10:00:06,VIDEO,REELS,7,1,620,1,0,0,8,2025-07-31 17:29:02.409
17841406083211195,18082222909537477,2025-02-13 10:00:06,VIDEO,REELS,7,1,621,1,0,0,8,2025-08-04 17:30:35.465
17841406083211195,18082222909537477,2025-02-13 10:00:06,VIDEO,REELS,7,1,622,1,0,0,8,2025-08-06 17:29:35.478
17841406083211195,18082222909537477,2025-02-13 10:00:06,VIDEO,REELS,7,1,623,1,0,0,8,2025-08-20 17:29:54.711
17841406083211195,18082222909537477,2025-02-13 10:00:06,VIDEO,REELS,7,1,624,1,0,0,8,2025-08-31 17:29:08.162
17841406083211195,18082222909537477,2025-02-13 10:00:06,VIDEO,REELS,7,1,629,1,0,0,8,2025-11-08 17:29:51.378
17841406083211195,18082222909537477,2025-02-13 10:00:06,VIDEO,REELS,7,1,630,1,0,0,8,2025-11-14 17:29:25.555
17841406083211195,18082222909537477,2025-02-13 10:00:06,VIDEO,REELS,7,1,631,1,0,0,8,2025-12-03 17:35:49.241
17841406083211195,18082222909537477,2025-02-13 10:00:06,VIDEO,REELS,7,1,632,1,0,0,8,2025-12-12 17:34:34.585
17841406083211195,18082222909537477,2025-02-13 10:00:06,VIDEO,REELS,7,1,632,1,0,0,8,2025-12-24 17:29:21.599
17841406083211195,18082222909537477,2025-02-13 10:00:06,VIDEO,REELS,7,1,633,1,0,0,8,2025-12-25 17:29:40.552
17841406083211195,18084073909585103,2025-01-16 10:00:45,VIDEO,REELS,12,0,301,0,1,0,13,2025-04-18 19:14:48.868
17841406083211195,18084073909585103,2025-01-16 10:00:45,VIDEO,REELS,12,0,304,0,1,0,13,2025-04-20 21:57:35.081
17841406083211195,18084073909585103,2025-01-16 10:00:45,VIDEO,REELS,12,0,306,0,1,0,13,2025-04-21 21:59:47.388
17841406083211195,18084073909585103,2025-01-16 10:00:45,VIDEO,REELS,12,0,307,0,1,0,13,2025-04-22 17:29:19.243
17841406083211195,18084073909585103,2025-01-16 10:00:45,VIDEO,REELS,12,0,308,0,1,0,13,2025-04-24 01:56:11.744
17841406083211195,18084073909585103,2025-01-16 10:00:45,VIDEO,REELS,12,0,309,0,1,0,13,2025-05-02 17:29:32.780
17841406083211195,18084073909585103,2025-01-16 10:00:45,VIDEO,REELS,12,0,309,0,1,0,13,2025-05-04 17:28:54.267
17841406083211195,18084073909585103,2025-01-16 10:00:45,VIDEO,REELS,12,0,312,0,1,0,13,2025-05-08 17:30:05.767
17841406083211195,18084073909585103,2025-01-16 10:00:45,VIDEO,REELS,12,0,315,0,1,0,13,2025-05-11 17:29:47.644
17841406083211195,18084073909585103,2025-01-16 10:00:45,VIDEO,REELS,12,0,316,0,1,0,13,2025-05-15 17:30:20.065
17841406083211195,18084073909585103,2025-01-16 10:00:45,VIDEO,REELS,12,0,317,0,1,0,13,2025-05-16 17:31:02.556
17841406083211195,18084073909585103,2025-01-16 10:00:45,VIDEO,REELS,12,0,320,0,1,0,13,2025-05-24 17:30:46.332
17841406083211195,18084073909585103,2025-01-16 10:00:45,VIDEO,REELS,12,0,321,0,1,0,13,2025-06-05 17:30:24.258
17841406083211195,18084073909585103,2025-01-16 10:00:45,VIDEO,REELS,12,0,322,0,1,0,13,2025-07-08 17:30:06.161
17841406083211195,18084073909585103,2025-01-16 10:00:45,VIDEO,REELS,12,0,325,0,1,0,13,2025-07-24 17:30:13.830
17841406083211195,18084073909585103,2025-01-16 10:00:45,VIDEO,REELS,12,0,331,0,1,0,13,2025-07-26 17:30:16.459
17841406083211195,18084073909585103,2025-01-16 10:00:45,VIDEO,REELS,12,0,332,0,1,0,13,2025-07-29 17:30:07.340
17841406083211195,18084073909585103,2025-01-16 10:00:45,VIDEO,REELS,12,0,333,0,1,0,13,2025-07-31 17:29:05.327
17841406083211195,18084073909585103,2025-01-16 10:00:45,VIDEO,REELS,12,0,335,0,1,0,13,2025-08-04 17:30:35.461
17841406083211195,18084073909585103,2025-01-16 10:00:45,VIDEO,REELS,12,0,339,0,1,0,13,2025-08-05 17:30:42.504
17841406083211195,18084073909585103,2025-01-16 10:00:45,VIDEO,REELS,12,0,341,0,1,0,13,2025-08-06 17:29:35.471
17841406083211195,18084073909585103,2025-01-16 10:00:45,VIDEO,REELS,12,0,342,0,1,0,13,2025-08-07 17:30:06.478
17841406083211195,18084073909585103,2025-01-16 10:00:45,VIDEO,REELS,12,0,343,0,1,0,13,2025-08-15 17:29:37.692
17841406083211195,18084073909585103,2025-01-16 10:00:45,VIDEO,REELS,12,0,348,0,1,0,13,2025-08-16 17:29:48.201
17841406083211195,18084073909585103,2025-01-16 10:00:45,VIDEO,REELS,12,0,349,0,1,0,13,2025-08-20 17:29:54.703
17841406083211195,18084073909585103,2025-01-16 10:00:45,VIDEO,REELS,12,0,350,0,1,0,13,2025-08-21 17:30:35.451
17841406083211195,18084073909585103,2025-01-16 10:00:45,VIDEO,REELS,12,0,351,0,1,0,13,2025-08-22 17:29:39.569
17841406083211195,18084073909585103,2025-01-16 10:00:45,VIDEO,REELS,12,0,352,0,1,0,13,2025-08-31 17:29:08.152
17841406083211195,18084073909585103,2025-01-16 10:00:45,VIDEO,REELS,12,0,360,0,1,0,13,2025-10-02 04:04:44.832
17841406083211195,18084073909585103,2025-01-16 10:00:45,VIDEO,REELS,12,0,361,0,1,0,13,2025-10-08 17:29:57.262
17841406083211195,18084073909585103,2025-01-16 10:00:45,VIDEO,REELS,12,0,361,0,1,0,13,2025-10-09 17:29:08.614
17841406083211195,18084073909585103,2025-01-16 10:00:45,VIDEO,REELS,12,0,362,0,1,0,13,2025-11-14 17:29:25.547
17841406083211195,18084073909585103,2025-01-16 10:00:45,VIDEO,REELS,12,0,362,0,1,0,13,2025-11-15 17:31:18.560
17841406083211195,18084073909585103,2025-01-16 10:00:45,VIDEO,REELS,12,0,363,0,1,0,13,2025-11-25 17:33:52.978
17841406083211195,18084073909585103,2025-01-16 10:00:45,VIDEO,REELS,12,0,364,0,1,0,13,2025-12-04 17:33:52.375
17841406083211195,18084073909585103,2025-01-16 10:00:45,VIDEO,REELS,12,0,365,0,1,0,13,2025-12-15 06:33:28.464
17841406083211195,18084073909585103,2025-01-16 10:00:45,VIDEO,REELS,12,0,366,0,1,0,13,2025-12-15 17:36:04.660
17841406083211195,18084073909585103,2025-01-16 10:00:45,VIDEO,REELS,12,0,367,0,1,0,13,2025-12-25 17:29:48.438
17841406083211195,18084116245947911,2025-10-23 04:00:00,VIDEO,REELS,2,0,66,0,0,0,2,2025-10-23 17:28:24.679
17841406083211195,18084116245947911,2025-10-23 04:00:00,VIDEO,REELS,2,0,89,0,0,0,2,2025-10-24 17:28:52.176
17841406083211195,18084116245947911,2025-10-23 04:00:00,VIDEO,REELS,2,0,92,0,0,0,2,2025-10-25 17:30:00.343
17841406083211195,18084116245947911,2025-10-23 04:00:00,VIDEO,REELS,2,0,102,0,0,0,2,2025-10-26 17:30:15.220
17841406083211195,18084116245947911,2025-10-23 04:00:00,VIDEO,REELS,2,0,107,0,0,0,2,2025-10-27 17:28:46.991
17841406083211195,18084116245947911,2025-10-23 04:00:00,VIDEO,REELS,2,0,117,0,0,0,2,2025-10-28 17:29:42.168
17841406083211195,18084116245947911,2025-10-23 04:00:00,VIDEO,REELS,2,0,124,0,0,0,2,2025-10-29 17:29:27.587
17841406083211195,18084116245947911,2025-10-23 04:00:00,VIDEO,REELS,2,0,135,0,0,0,2,2025-10-30 17:30:15.092
17841406083211195,18084116245947911,2025-10-23 04:00:00,VIDEO,REELS,2,0,139,0,0,0,2,2025-11-02 17:28:55.097
17841406083211195,18084116245947911,2025-10-23 04:00:00,VIDEO,REELS,2,0,140,0,0,0,2,2025-11-03 17:28:49.521
17841406083211195,18084116245947911,2025-10-23 04:00:00,VIDEO,REELS,2,0,145,0,0,0,2,2025-11-04 17:28:20.662
17841406083211195,18084116245947911,2025-10-23 04:00:00,VIDEO,REELS,2,0,148,0,0,0,2,2025-11-05 17:28:28.350
17841406083211195,18084116245947911,2025-10-23 04:00:00,VIDEO,REELS,2,0,154,0,0,0,2,2025-11-06 17:28:43.523
17841406083211195,18084116245947911,2025-10-23 04:00:00,VIDEO,REELS,2,0,154,0,0,0,2,2025-11-07 17:29:01.087
17841406083211195,18084116245947911,2025-10-23 04:00:00,VIDEO,REELS,3,0,156,0,0,0,3,2025-11-08 17:29:24.258
17841406083211195,18084116245947911,2025-10-23 04:00:00,VIDEO,REELS,3,0,158,0,0,0,3,2025-11-09 17:28:38.950
17841406083211195,18084116245947911,2025-10-23 04:00:00,VIDEO,REELS,3,0,160,0,0,0,3,2025-11-10 17:29:07.640
17841406083211195,18084116245947911,2025-10-23 04:00:00,VIDEO,REELS,3,0,163,0,0,0,3,2025-11-11 17:28:56.851
17841406083211195,18084116245947911,2025-10-23 04:00:00,VIDEO,REELS,3,0,164,0,0,0,3,2025-11-12 17:28:57.512
17841406083211195,18084116245947911,2025-10-23 04:00:00,VIDEO,REELS,3,0,165,0,0,0,3,2025-11-13 17:29:19.499
17841406083211195,18084116245947911,2025-10-23 04:00:00,VIDEO,REELS,3,0,166,0,0,0,3,2025-11-14 17:29:00.540
17841406083211195,18084116245947911,2025-10-23 04:00:00,VIDEO,REELS,3,0,170,0,0,0,3,2025-11-15 17:30:46.801
17841406083211195,18084116245947911,2025-10-23 04:00:00,VIDEO,REELS,3,0,171,0,0,0,3,2025-11-17 17:29:03.601
17841406083211195,18084116245947911,2025-10-23 04:00:00,VIDEO,REELS,3,0,174,0,0,0,3,2025-11-18 17:28:56.195
17841406083211195,18084116245947911,2025-10-23 04:00:00,VIDEO,REELS,3,0,177,0,0,0,3,2025-11-20 17:36:09.348
17841406083211195,18084116245947911,2025-10-23 04:00:00,VIDEO,REELS,3,0,179,0,0,0,3,2025-11-21 17:35:55.860
17841406083211195,18084116245947911,2025-10-23 04:00:00,VIDEO,REELS,3,0,179,0,0,0,3,2025-11-24 17:36:35.482
17841406083211195,18084116245947911,2025-10-23 04:00:00,VIDEO,REELS,3,0,180,0,0,0,3,2025-11-25 17:34:52.764
17841406083211195,18084116245947911,2025-10-23 04:00:00,VIDEO,REELS,3,0,182,0,0,0,3,2025-11-26 17:37:34.795
17841406083211195,18084116245947911,2025-10-23 04:00:00,VIDEO,REELS,3,0,182,0,0,0,3,2025-11-27 17:34:42.504
17841406083211195,18084116245947911,2025-10-23 04:00:00,VIDEO,REELS,3,0,183,0,0,0,3,2025-11-29 17:36:27.537
17841406083211195,18084116245947911,2025-10-23 04:00:00,VIDEO,REELS,3,0,184,0,0,0,3,2025-12-01 17:34:00.991
17841406083211195,18084116245947911,2025-10-23 04:00:00,VIDEO,REELS,3,0,186,0,0,0,3,2025-12-02 17:35:28.467
17841406083211195,18084116245947911,2025-10-23 04:00:00,VIDEO,REELS,3,0,187,0,0,0,3,2025-12-04 17:34:52.049
17841406083211195,18084116245947911,2025-10-23 04:00:00,VIDEO,REELS,3,0,189,0,0,0,3,2025-12-08 17:33:32.907
17841406083211195,18084116245947911,2025-10-23 04:00:00,VIDEO,REELS,3,0,191,0,0,0,3,2025-12-12 17:35:50.531
17841406083211195,18084116245947911,2025-10-23 04:00:00,VIDEO,REELS,3,0,192,0,0,0,3,2025-12-16 17:34:50.956
17841406083211195,18084116245947911,2025-10-23 04:00:00,VIDEO,REELS,3,0,193,0,0,0,3,2025-12-17 17:28:40.149
17841406083211195,18084116245947911,2025-10-23 04:00:00,VIDEO,REELS,3,0,193,0,0,0,3,2025-12-20 17:36:50.213
17841406083211195,18084116245947911,2025-10-23 04:00:00,VIDEO,REELS,3,0,194,0,0,0,3,2025-12-22 17:28:31.292
17841406083211195,18084116245947911,2025-10-23 04:00:00,VIDEO,REELS,3,0,195,0,0,0,3,2025-12-25 17:29:11.617
17841406083211195,18084342202817073,2025-07-15 10:28:45,VIDEO,REELS,1,0,94,0,0,0,1,2025-07-15 17:29:41.232
17841406083211195,18084342202817073,2025-07-15 10:28:45,VIDEO,REELS,2,0,312,0,0,0,2,2025-07-16 17:29:56.542
17841406083211195,18084342202817073,2025-07-15 10:28:45,VIDEO,REELS,2,0,322,0,0,0,2,2025-07-17 17:29:49.481
17841406083211195,18084342202817073,2025-07-15 10:28:45,VIDEO,REELS,2,0,327,0,0,0,2,2025-07-18 17:29:48.360
17841406083211195,18084342202817073,2025-07-15 10:28:45,VIDEO,REELS,2,0,330,0,0,0,2,2025-07-19 17:30:04.107
17841406083211195,18084342202817073,2025-07-15 10:28:45,VIDEO,REELS,2,0,333,0,0,0,2,2025-07-20 17:30:14.560
17841406083211195,18084342202817073,2025-07-15 10:28:45,VIDEO,REELS,2,0,336,0,0,0,2,2025-07-21 17:30:41.010
17841406083211195,18084342202817073,2025-07-15 10:28:45,VIDEO,REELS,2,0,341,0,0,0,2,2025-07-22 17:30:36.347
17841406083211195,18084342202817073,2025-07-15 10:28:45,VIDEO,REELS,2,0,346,0,0,0,2,2025-07-23 17:30:15.879
17841406083211195,18084342202817073,2025-07-15 10:28:45,VIDEO,REELS,2,0,348,0,0,0,2,2025-07-24 17:30:01.593
17841406083211195,18084342202817073,2025-07-15 10:28:45,VIDEO,REELS,2,0,354,0,0,0,2,2025-07-25 17:29:40.352
17841406083211195,18084342202817073,2025-07-15 10:28:45,VIDEO,REELS,2,0,358,0,0,0,2,2025-07-26 17:30:03.779
17841406083211195,18084342202817073,2025-07-15 10:28:45,VIDEO,REELS,2,0,364,0,0,0,2,2025-07-27 17:30:34.301
17841406083211195,18084342202817073,2025-07-15 10:28:45,VIDEO,REELS,2,0,369,0,0,0,2,2025-07-28 17:29:11.637
17841406083211195,18084342202817073,2025-07-15 10:28:45,VIDEO,REELS,2,0,372,0,0,0,2,2025-07-29 17:29:46.525
17841406083211195,18084342202817073,2025-07-15 10:28:45,VIDEO,REELS,2,0,380,0,0,0,2,2025-07-31 17:28:52.252
17841406083211195,18084342202817073,2025-07-15 10:28:45,VIDEO,REELS,2,0,381,0,0,0,2,2025-08-04 17:30:20.386
17841406083211195,18084342202817073,2025-07-15 10:28:45,VIDEO,REELS,2,0,382,0,0,0,2,2025-08-06 17:29:21.808
17841406083211195,18084342202817073,2025-07-15 10:28:45,VIDEO,REELS,2,0,384,0,0,0,2,2025-08-07 17:29:51.643
17841406083211195,18084342202817073,2025-07-15 10:28:45,VIDEO,REELS,2,0,386,0,0,0,2,2025-08-09 17:29:16.340
17841406083211195,18084342202817073,2025-07-15 10:28:45,VIDEO,REELS,2,0,387,0,0,0,2,2025-08-10 17:29:41.089
17841406083211195,18084342202817073,2025-07-15 10:28:45,VIDEO,REELS,2,0,391,0,0,0,2,2025-08-11 17:30:32.957
17841406083211195,18084342202817073,2025-07-15 10:28:45,VIDEO,REELS,2,0,392,0,0,0,2,2025-08-12 17:31:22.343
17841406083211195,18084342202817073,2025-07-15 10:28:45,VIDEO,REELS,2,0,393,0,0,0,2,2025-08-14 17:30:30.699
17841406083211195,18084342202817073,2025-07-15 10:28:45,VIDEO,REELS,2,0,394,0,0,0,2,2025-08-16 17:29:29.893
17841406083211195,18084342202817073,2025-07-15 10:28:45,VIDEO,REELS,2,0,395,0,0,0,2,2025-08-19 17:29:34.421
17841406083211195,18084342202817073,2025-07-15 10:28:45,VIDEO,REELS,2,0,396,0,0,0,2,2025-08-20 17:29:40.857
17841406083211195,18084342202817073,2025-07-15 10:28:45,VIDEO,REELS,2,0,397,0,0,0,2,2025-08-21 17:30:19.070
17841406083211195,18084342202817073,2025-07-15 10:28:45,VIDEO,REELS,2,0,399,0,0,0,2,2025-08-25 17:29:34.725
17841406083211195,18084342202817073,2025-07-15 10:28:45,VIDEO,REELS,2,0,402,0,0,0,2,2025-08-27 17:30:15.451
17841406083211195,18084342202817073,2025-07-15 10:28:45,VIDEO,REELS,2,0,406,0,0,0,2,2025-08-29 17:28:45.762
17841406083211195,18084342202817073,2025-07-15 10:28:45,VIDEO,REELS,2,0,407,0,0,0,2,2025-08-30 17:30:09.887
17841406083211195,18084342202817073,2025-07-15 10:28:45,VIDEO,REELS,2,0,408,0,0,0,2,2025-08-31 17:28:47.915
17841406083211195,18084342202817073,2025-07-15 10:28:45,VIDEO,REELS,2,0,419,0,0,0,2,2025-10-04 17:29:36.055
17841406083211195,18084342202817073,2025-07-15 10:28:45,VIDEO,REELS,2,0,424,0,0,0,2,2025-10-05 17:29:24.306
17841406083211195,18084342202817073,2025-07-15 10:28:45,VIDEO,REELS,2,0,425,0,0,0,2,2025-10-06 17:28:48.549
17841406083211195,18084342202817073,2025-07-15 10:28:45,VIDEO,REELS,2,0,428,0,0,0,2,2025-10-15 17:29:48.870
17841406083211195,18084342202817073,2025-07-15 10:28:45,VIDEO,REELS,2,0,429,0,0,0,2,2025-10-16 17:29:06.169
17841406083211195,18084342202817073,2025-07-15 10:28:45,VIDEO,REELS,2,0,430,0,0,0,2,2025-10-20 17:29:27.062
17841406083211195,18084342202817073,2025-07-15 10:28:45,VIDEO,REELS,2,0,431,0,0,0,2,2025-10-24 17:28:58.153
17841406083211195,18084342202817073,2025-07-15 10:28:45,VIDEO,REELS,2,0,431,0,0,0,2,2025-10-29 17:29:38.416
17841406083211195,18084342202817073,2025-07-15 10:28:45,VIDEO,REELS,2,0,432,0,0,0,2,2025-11-03 17:28:57.547
17841406083211195,18084342202817073,2025-07-15 10:28:45,VIDEO,REELS,2,0,433,0,0,0,2,2025-11-10 17:29:14.397
17841406083211195,18084342202817073,2025-07-15 10:28:45,VIDEO,REELS,2,0,434,0,0,0,2,2025-11-11 17:29:05.804
17841406083211195,18084342202817073,2025-07-15 10:28:45,VIDEO,REELS,2,0,434,0,0,0,2,2025-11-17 17:29:12.860
17841406083211195,18084342202817073,2025-07-15 10:28:45,VIDEO,REELS,2,0,435,0,0,0,2,2025-11-18 17:29:03.769
17841406083211195,18084342202817073,2025-07-15 10:28:45,VIDEO,REELS,2,0,436,0,0,0,2,2025-11-20 17:35:45.150
17841406083211195,18084342202817073,2025-07-15 10:28:45,VIDEO,REELS,2,0,436,0,0,0,2,2025-12-02 17:35:07.719
17841406083211195,18084342202817073,2025-07-15 10:28:45,VIDEO,REELS,2,0,437,0,0,0,2,2025-12-03 17:36:28.738
17841406083211195,18084342202817073,2025-07-15 10:28:45,VIDEO,REELS,2,0,439,0,0,0,2,2025-12-09 17:35:25.109
17841406083211195,18084342202817073,2025-07-15 10:28:45,VIDEO,REELS,2,0,439,0,0,0,2,2025-12-25 17:29:25.132
17841406083211195,18084561998118210,2025-12-25 02:00:00,VIDEO,REELS,7,0,256,0,0,1,9,2025-12-25 17:28:51.200
17841406083211195,18085422343952587,2025-11-10 10:52:25,VIDEO,REELS,11,0,750,0,1,3,15,2025-11-10 17:29:00.674
17841406083211195,18085422343952587,2025-11-10 10:52:25,VIDEO,REELS,15,0,1341,0,1,3,19,2025-11-11 17:28:50.646
17841406083211195,18085422343952587,2025-11-10 10:52:25,VIDEO,REELS,24,0,1475,0,1,3,28,2025-11-12 17:28:57.522
17841406083211195,18085422343952587,2025-11-10 10:52:25,VIDEO,REELS,26,0,1508,0,1,3,30,2025-11-13 17:29:19.514
17841406083211195,18085422343952587,2025-11-10 10:52:25,VIDEO,REELS,34,0,1529,0,1,3,38,2025-11-14 17:29:00.549
17841406083211195,18085422343952587,2025-11-10 10:52:25,VIDEO,REELS,50,0,1571,0,1,3,56,2025-11-15 17:30:46.809
17841406083211195,18085422343952587,2025-11-10 10:52:25,VIDEO,REELS,52,0,1581,0,1,3,58,2025-11-16 17:29:40.694
17841406083211195,18085422343952587,2025-11-10 10:52:25,VIDEO,REELS,52,0,1585,0,1,3,58,2025-11-17 17:29:03.610
17841406083211195,18085422343952587,2025-11-10 10:52:25,VIDEO,REELS,52,0,1599,0,1,3,58,2025-11-18 17:28:56.202
17841406083211195,18085422343952587,2025-11-10 10:52:25,VIDEO,REELS,52,0,1604,0,1,3,58,2025-11-19 17:35:38.994
17841406083211195,18085422343952587,2025-11-10 10:52:25,VIDEO,REELS,52,0,1611,0,1,3,58,2025-11-20 17:36:09.361
17841406083211195,18085422343952587,2025-11-10 10:52:25,VIDEO,REELS,52,0,1615,0,1,3,58,2025-11-23 17:33:27.493
17841406083211195,18085422343952587,2025-11-10 10:52:25,VIDEO,REELS,52,0,1618,0,1,3,58,2025-11-24 17:36:35.490
17841406083211195,18085422343952587,2025-11-10 10:52:25,VIDEO,REELS,52,0,1620,0,1,3,58,2025-11-25 17:34:52.774
17841406083211195,18085422343952587,2025-11-10 10:52:25,VIDEO,REELS,52,0,1626,0,1,3,58,2025-11-26 17:37:34.804
17841406083211195,18085422343952587,2025-11-10 10:52:25,VIDEO,REELS,52,0,1627,0,1,3,58,2025-11-27 17:34:42.526
17841406083211195,18085422343952587,2025-11-10 10:52:25,VIDEO,REELS,52,0,1628,0,1,3,58,2025-11-29 17:36:31.269
17841406083211195,18085422343952587,2025-11-10 10:52:25,VIDEO,REELS,52,0,1630,0,1,3,58,2025-11-30 17:33:58.340
17841406083211195,18085422343952587,2025-11-10 10:52:25,VIDEO,REELS,52,0,1631,0,1,3,58,2025-12-01 17:34:08.918
17841406083211195,18085422343952587,2025-11-10 10:52:25,VIDEO,REELS,52,0,1633,0,1,3,58,2025-12-05 17:34:57.779
17841406083211195,18085422343952587,2025-11-10 10:52:25,VIDEO,REELS,52,0,1634,0,1,3,58,2025-12-06 17:35:35.217
17841406083211195,18085422343952587,2025-11-10 10:52:25,VIDEO,REELS,52,0,1635,0,1,3,58,2025-12-08 17:33:41.618
17841406083211195,18085422343952587,2025-11-10 10:52:25,VIDEO,REELS,52,0,1637,0,1,3,58,2025-12-11 17:34:06.398
17841406083211195,18085422343952587,2025-11-10 10:52:25,VIDEO,REELS,52,0,1638,0,1,3,58,2025-12-15 17:37:24.710
17841406083211195,18085422343952587,2025-11-10 10:52:25,VIDEO,REELS,52,0,1638,0,1,3,58,2025-12-16 17:35:03.682
17841406083211195,18085422343952587,2025-11-10 10:52:25,VIDEO,REELS,52,0,1640,0,1,3,58,2025-12-17 17:28:40.156
17841406083211195,18085422343952587,2025-11-10 10:52:25,VIDEO,REELS,52,0,1642,0,1,3,58,2025-12-18 17:30:53.828
17841406083211195,18085422343952587,2025-11-10 10:52:25,VIDEO,REELS,52,0,1643,0,1,3,58,2025-12-19 17:30:14.537
17841406083211195,18085422343952587,2025-11-10 10:52:25,VIDEO,REELS,52,0,1645,0,1,3,58,2025-12-22 17:28:31.297
17841406083211195,18085422343952587,2025-11-10 10:52:25,VIDEO,REELS,52,0,1647,0,1,3,58,2025-12-23 17:28:29.230
17841406083211195,18085422343952587,2025-11-10 10:52:25,VIDEO,REELS,52,0,1648,0,1,3,58,2025-12-25 17:29:03.353
17841406083211195,18085583707881480,2025-09-11 05:02:03,VIDEO,REELS,19,0,509,0,1,12,32,2025-10-01 04:09:53.326
17841406083211195,18085583707881480,2025-09-11 05:02:03,VIDEO,REELS,19,0,511,0,1,12,32,2025-10-02 17:29:27.065
17841406083211195,18085583707881480,2025-09-11 05:02:03,VIDEO,REELS,19,0,513,0,1,12,32,2025-10-03 17:29:13.349
17841406083211195,18085583707881480,2025-09-11 05:02:03,VIDEO,REELS,19,0,514,0,1,12,32,2025-10-04 17:29:36.053
17841406083211195,18085583707881480,2025-09-11 05:02:03,VIDEO,REELS,19,0,519,0,1,12,32,2025-10-05 17:29:24.303
17841406083211195,18085583707881480,2025-09-11 05:02:03,VIDEO,REELS,19,0,522,0,1,12,32,2025-10-06 17:28:48.547
17841406083211195,18085583707881480,2025-09-11 05:02:03,VIDEO,REELS,19,0,524,0,1,12,32,2025-10-07 17:28:29.261
17841406083211195,18085583707881480,2025-09-11 05:02:03,VIDEO,REELS,19,0,526,0,1,12,32,2025-10-08 17:29:40.353
17841406083211195,18085583707881480,2025-09-11 05:02:03,VIDEO,REELS,19,0,529,0,1,12,32,2025-10-09 17:28:46.157
17841406083211195,18085583707881480,2025-09-11 05:02:03,VIDEO,REELS,19,0,537,0,1,12,32,2025-10-12 17:28:49.775
17841406083211195,18085583707881480,2025-09-11 05:02:03,VIDEO,REELS,19,0,539,0,1,12,32,2025-10-13 17:28:53.147
17841406083211195,18085583707881480,2025-09-11 05:02:03,VIDEO,REELS,19,0,541,0,1,12,32,2025-10-15 17:29:48.868
17841406083211195,18085583707881480,2025-09-11 05:02:03,VIDEO,REELS,19,0,542,0,1,12,32,2025-10-16 17:28:56.606
17841406083211195,18085583707881480,2025-09-11 05:02:03,VIDEO,REELS,21,0,547,0,1,12,34,2025-10-17 17:29:48.778
17841406083211195,18085583707881480,2025-09-11 05:02:03,VIDEO,REELS,21,0,548,0,1,12,34,2025-10-18 17:28:28.232
17841406083211195,18085583707881480,2025-09-11 05:02:03,VIDEO,REELS,21,0,550,0,1,12,34,2025-10-20 17:29:18.449
17841406083211195,18085583707881480,2025-09-11 05:02:03,VIDEO,REELS,21,0,551,0,1,12,34,2025-10-21 17:28:38.447
17841406083211195,18085583707881480,2025-09-11 05:02:03,VIDEO,REELS,21,0,551,0,1,12,34,2025-10-22 17:28:54.471
17841406083211195,18085583707881480,2025-09-11 05:02:03,VIDEO,REELS,21,0,552,0,1,12,34,2025-10-23 17:28:30.275
17841406083211195,18085583707881480,2025-09-11 05:02:03,VIDEO,REELS,21,0,556,0,1,12,34,2025-10-24 17:28:52.168
17841406083211195,18085583707881480,2025-09-11 05:02:03,VIDEO,REELS,21,0,556,0,1,12,34,2025-10-25 17:30:00.330
17841406083211195,18085583707881480,2025-09-11 05:02:03,VIDEO,REELS,21,0,559,0,1,12,34,2025-10-27 17:28:46.977
17841406083211195,18085583707881480,2025-09-11 05:02:03,VIDEO,REELS,21,0,561,0,1,12,34,2025-10-28 17:29:42.163
17841406083211195,18085583707881480,2025-09-11 05:02:03,VIDEO,REELS,21,0,562,0,1,12,34,2025-10-29 17:29:27.582
17841406083211195,18085583707881480,2025-09-11 05:02:03,VIDEO,REELS,21,0,565,0,1,12,34,2025-11-01 17:29:16.502
17841406083211195,18085583707881480,2025-09-11 05:02:03,VIDEO,REELS,21,0,566,0,1,12,34,2025-11-03 17:28:49.515
17841406083211195,18085583707881480,2025-09-11 05:02:03,VIDEO,REELS,21,0,567,0,1,12,34,2025-11-04 17:28:20.657
17841406083211195,18085583707881480,2025-09-11 05:02:03,VIDEO,REELS,21,0,569,0,1,12,34,2025-11-05 17:28:28.344
17841406083211195,18085583707881480,2025-09-11 05:02:03,VIDEO,REELS,21,0,570,0,1,12,34,2025-11-06 17:28:43.514
17841406083211195,18085583707881480,2025-09-11 05:02:03,VIDEO,REELS,21,0,571,0,1,12,34,2025-11-07 17:29:01.081
17841406083211195,18085583707881480,2025-09-11 05:02:03,VIDEO,REELS,22,0,573,0,1,12,35,2025-11-08 17:29:24.250
17841406083211195,18085583707881480,2025-09-11 05:02:03,VIDEO,REELS,22,0,574,0,1,12,35,2025-11-10 17:29:07.629
17841406083211195,18085583707881480,2025-09-11 05:02:03,VIDEO,REELS,22,0,576,0,1,12,35,2025-11-11 17:28:56.846
17841406083211195,18085583707881480,2025-09-11 05:02:03,VIDEO,REELS,22,0,577,0,1,12,35,2025-11-13 17:29:19.488
17841406083211195,18085583707881480,2025-09-11 05:02:03,VIDEO,REELS,22,0,578,0,1,12,35,2025-11-14 17:29:00.531
17841406083211195,18085583707881480,2025-09-11 05:02:03,VIDEO,REELS,22,0,580,0,1,12,35,2025-11-18 17:28:56.190
17841406083211195,18085583707881480,2025-09-11 05:02:03,VIDEO,REELS,22,0,582,0,1,12,35,2025-11-19 17:35:38.973
17841406083211195,18085583707881480,2025-09-11 05:02:03,VIDEO,REELS,22,0,583,0,1,12,35,2025-11-21 17:35:55.824
17841406083211195,18085583707881480,2025-09-11 05:02:03,VIDEO,REELS,22,0,583,0,1,12,35,2025-11-22 17:33:59.837
17841406083211195,18085583707881480,2025-09-11 05:02:03,VIDEO,REELS,22,0,583,0,1,12,35,2025-11-25 17:34:52.755
17841406083211195,18085583707881480,2025-09-11 05:02:03,VIDEO,REELS,22,0,584,0,1,12,35,2025-11-27 17:34:42.481
17841406083211195,18085583707881480,2025-09-11 05:02:03,VIDEO,REELS,22,0,585,0,1,12,35,2025-11-29 17:36:27.530
17841406083211195,18085583707881480,2025-09-11 05:02:03,VIDEO,REELS,22,0,590,0,1,12,35,2025-12-01 17:34:00.987
17841406083211195,18085583707881480,2025-09-11 05:02:03,VIDEO,REELS,22,0,591,0,1,12,35,2025-12-03 17:36:45.829
17841406083211195,18085583707881480,2025-09-11 05:02:03,VIDEO,REELS,22,0,591,0,1,12,35,2025-12-08 17:33:32.899
17841406083211195,18085583707881480,2025-09-11 05:02:03,VIDEO,REELS,22,0,592,0,1,12,35,2025-12-11 17:33:56.835
17841406083211195,18085583707881480,2025-09-11 05:02:03,VIDEO,REELS,22,0,592,0,1,12,35,2025-12-15 17:37:13.492
17841406083211195,18085583707881480,2025-09-11 05:02:03,VIDEO,REELS,22,0,594,0,1,12,35,2025-12-22 17:28:37.812
17841406083211195,18085583707881480,2025-09-11 05:02:03,VIDEO,REELS,22,0,595,0,1,12,35,2025-12-25 17:29:11.611
17841406083211195,18086202659293060,2025-12-17 10:26:50,VIDEO,REELS,2,0,114,0,0,0,2,2025-12-17 17:28:27.773
17841406083211195,18086202659293060,2025-12-17 10:26:50,VIDEO,REELS,5,0,184,0,0,0,5,2025-12-18 17:30:42.022
17841406083211195,18086202659293060,2025-12-17 10:26:50,VIDEO,REELS,6,0,196,0,0,0,6,2025-12-19 17:30:14.532
17841406083211195,18086202659293060,2025-12-17 10:26:50,VIDEO,REELS,6,0,207,0,0,0,6,2025-12-20 17:37:00.947
17841406083211195,18086202659293060,2025-12-17 10:26:50,VIDEO,REELS,6,0,210,0,0,0,6,2025-12-21 17:29:37.396
17841406083211195,18086202659293060,2025-12-17 10:26:50,VIDEO,REELS,6,0,220,0,0,0,6,2025-12-22 17:28:31.295
17841406083211195,18086202659293060,2025-12-17 10:26:50,VIDEO,REELS,6,0,227,0,0,0,6,2025-12-23 17:28:29.225
17841406083211195,18086202659293060,2025-12-17 10:26:50,VIDEO,REELS,6,0,234,0,0,0,6,2025-12-24 17:28:54.112
17841406083211195,18086202659293060,2025-12-17 10:26:50,VIDEO,REELS,6,0,236,0,0,0,6,2025-12-25 17:29:03.350
17841406083211195,18086929603527746,2025-01-02 11:15:31,VIDEO,REELS,19,0,517,0,0,1,20,2025-04-18 19:14:48.870
17841406083211195,18086929603527746,2025-01-02 11:15:31,VIDEO,REELS,19,0,519,0,0,1,20,2025-04-20 21:57:35.083
17841406083211195,18086929603527746,2025-01-02 11:15:31,VIDEO,REELS,19,0,520,0,0,1,20,2025-04-22 17:29:19.248
17841406083211195,18086929603527746,2025-01-02 11:15:31,VIDEO,REELS,19,0,521,0,0,1,20,2025-07-25 17:29:51.929
17841406083211195,18086929603527746,2025-01-02 11:15:31,VIDEO,REELS,19,0,522,0,0,1,20,2025-08-05 17:30:42.509
17841406083211195,18086929603527746,2025-01-02 11:15:31,VIDEO,REELS,19,0,524,0,0,1,20,2025-08-08 17:29:44.676
17841406083211195,18086929603527746,2025-01-02 11:15:31,VIDEO,REELS,19,0,524,0,0,1,20,2025-08-11 17:30:52.901
17841406083211195,18086929603527746,2025-01-02 11:15:31,VIDEO,REELS,19,0,524,0,0,1,20,2025-08-20 17:29:54.710
17841406083211195,18086929603527746,2025-01-02 11:15:31,VIDEO,REELS,19,0,525,0,0,1,20,2025-08-25 17:29:53.218
17841406083211195,18086929603527746,2025-01-02 11:15:31,VIDEO,REELS,19,0,525,0,0,1,20,2025-08-31 17:29:08.162
17841406083211195,18086929603527746,2025-01-02 11:15:31,VIDEO,REELS,19,0,526,0,0,1,20,2025-11-28 17:34:15.269
17841406083211195,18086929603527746,2025-01-02 11:15:31,VIDEO,REELS,19,0,527,0,0,1,20,2025-12-17 17:29:18.236
17841406083211195,18086929603527746,2025-01-02 11:15:31,VIDEO,REELS,19,0,528,0,0,1,20,2025-12-25 17:29:48.441
17841406083211195,18090988828722142,2025-10-28 04:04:00,VIDEO,REELS,3,0,132,0,0,1,4,2025-10-28 17:29:42.172
17841406083211195,18090988828722142,2025-10-28 04:04:00,VIDEO,REELS,4,0,198,0,0,1,5,2025-10-29 17:29:27.592
17841406083211195,18090988828722142,2025-10-28 04:04:00,VIDEO,REELS,5,0,220,0,0,1,6,2025-10-30 17:30:15.097
17841406083211195,18090988828722142,2025-10-28 04:04:00,VIDEO,REELS,5,0,231,0,0,1,6,2025-10-31 17:29:01.884
17841406083211195,18090988828722142,2025-10-28 04:04:00,VIDEO,REELS,5,0,233,0,0,1,6,2025-11-01 17:29:16.512
17841406083211195,18090988828722142,2025-10-28 04:04:00,VIDEO,REELS,5,0,234,0,0,1,6,2025-11-02 17:28:55.108
17841406083211195,18090988828722142,2025-10-28 04:04:00,VIDEO,REELS,5,0,236,0,0,1,6,2025-11-03 17:28:49.526
17841406083211195,18090988828722142,2025-10-28 04:04:00,VIDEO,REELS,5,0,241,0,0,2,7,2025-11-04 17:28:20.667
17841406083211195,18090988828722142,2025-10-28 04:04:00,VIDEO,REELS,5,0,257,0,0,2,7,2025-11-05 17:28:28.354
17841406083211195,18090988828722142,2025-10-28 04:04:00,VIDEO,REELS,5,0,264,0,0,2,7,2025-11-06 17:28:43.531
17841406083211195,18090988828722142,2025-10-28 04:04:00,VIDEO,REELS,5,0,265,0,0,2,7,2025-11-07 17:29:01.091
17841406083211195,18090988828722142,2025-10-28 04:04:00,VIDEO,REELS,6,0,268,0,0,2,8,2025-11-08 17:29:24.266
17841406083211195,18090988828722142,2025-10-28 04:04:00,VIDEO,REELS,6,0,274,0,0,2,8,2025-11-09 17:28:38.970
17841406083211195,18090988828722142,2025-10-28 04:04:00,VIDEO,REELS,6,0,276,0,0,2,8,2025-11-10 17:29:07.650
17841406083211195,18090988828722142,2025-10-28 04:04:00,VIDEO,REELS,6,0,280,0,0,2,8,2025-11-11 17:28:56.859
17841406083211195,18090988828722142,2025-10-28 04:04:00,VIDEO,REELS,6,0,283,0,0,2,8,2025-11-12 17:28:57.521
17841406083211195,18090988828722142,2025-10-28 04:04:00,VIDEO,REELS,6,0,283,0,0,2,8,2025-11-13 17:29:19.512
17841406083211195,18090988828722142,2025-10-28 04:04:00,VIDEO,REELS,7,0,285,0,0,2,9,2025-11-14 17:29:00.548
17841406083211195,18090988828722142,2025-10-28 04:04:00,VIDEO,REELS,7,0,289,0,0,2,10,2025-11-15 17:30:46.808
17841406083211195,18090988828722142,2025-10-28 04:04:00,VIDEO,REELS,7,0,291,0,0,2,10,2025-11-16 17:29:40.693
17841406083211195,18090988828722142,2025-10-28 04:04:00,VIDEO,REELS,7,0,292,0,0,2,10,2025-11-17 17:29:03.609
17841406083211195,18090988828722142,2025-10-28 04:04:00,VIDEO,REELS,7,0,294,0,0,2,10,2025-11-18 17:28:56.201
17841406083211195,18090988828722142,2025-10-28 04:04:00,VIDEO,REELS,7,0,299,0,0,2,10,2025-11-19 17:35:38.993
17841406083211195,18090988828722142,2025-10-28 04:04:00,VIDEO,REELS,7,0,300,0,0,2,10,2025-11-20 17:36:09.360
17841406083211195,18090988828722142,2025-10-28 04:04:00,VIDEO,REELS,7,0,302,0,0,2,10,2025-11-23 17:33:27.491
17841406083211195,18090988828722142,2025-10-28 04:04:00,VIDEO,REELS,7,0,304,0,0,2,10,2025-11-24 17:36:35.489
17841406083211195,18090988828722142,2025-10-28 04:04:00,VIDEO,REELS,7,0,306,0,0,2,10,2025-11-25 17:34:52.773
17841406083211195,18090988828722142,2025-10-28 04:04:00,VIDEO,REELS,7,0,308,0,0,2,10,2025-11-27 17:34:42.525
17841406083211195,18090988828722142,2025-10-28 04:04:00,VIDEO,REELS,7,0,310,0,0,2,10,2025-11-29 17:36:27.545
17841406083211195,18090988828722142,2025-10-28 04:04:00,VIDEO,REELS,7,0,311,0,0,2,10,2025-12-01 17:34:00.995
17841406083211195,18090988828722142,2025-10-28 04:04:00,VIDEO,REELS,7,0,312,0,0,2,10,2025-12-02 17:35:28.479
17841406083211195,18090988828722142,2025-10-28 04:04:00,VIDEO,REELS,7,0,313,0,0,2,10,2025-12-05 17:34:50.238
17841406083211195,18090988828722142,2025-10-28 04:04:00,VIDEO,REELS,7,0,322,0,0,2,10,2025-12-08 17:33:32.917
17841406083211195,18090988828722142,2025-10-28 04:04:00,VIDEO,REELS,7,0,323,0,0,2,10,2025-12-11 17:33:56.852
17841406083211195,18090988828722142,2025-10-28 04:04:00,VIDEO,REELS,7,0,324,0,0,2,10,2025-12-16 17:34:50.972
17841406083211195,18090988828722142,2025-10-28 04:04:00,VIDEO,REELS,7,0,328,0,0,2,10,2025-12-17 17:28:40.155
17841406083211195,18090988828722142,2025-10-28 04:04:00,VIDEO,REELS,7,0,330,0,0,2,10,2025-12-18 17:30:53.821
17841406083211195,18090988828722142,2025-10-28 04:04:00,VIDEO,REELS,7,0,330,0,0,2,10,2025-12-25 17:29:03.351
17841406083211195,18093410227696616,2025-10-08 11:45:50,VIDEO,REELS,0,0,63,0,0,0,0,2025-10-08 17:29:33.993
17841406083211195,18093410227696616,2025-10-08 11:45:50,VIDEO,REELS,1,0,176,0,0,0,1,2025-10-09 17:28:40.919
17841406083211195,18093410227696616,2025-10-08 11:45:50,VIDEO,REELS,1,0,203,0,0,0,1,2025-10-10 17:30:06.538
17841406083211195,18093410227696616,2025-10-08 11:45:50,VIDEO,REELS,1,0,207,0,0,0,1,2025-10-11 17:28:30.964
17841406083211195,18093410227696616,2025-10-08 11:45:50,VIDEO,REELS,1,0,210,0,0,0,1,2025-10-12 17:28:49.777
17841406083211195,18093410227696616,2025-10-08 11:45:50,VIDEO,REELS,1,0,222,0,0,0,1,2025-10-13 17:28:53.149
17841406083211195,18093410227696616,2025-10-08 11:45:50,VIDEO,REELS,2,0,229,0,0,0,2,2025-10-14 17:28:21.199
17841406083211195,18093410227696616,2025-10-08 11:45:50,VIDEO,REELS,2,0,233,0,0,0,2,2025-10-15 17:29:48.870
17841406083211195,18093410227696616,2025-10-08 11:45:50,VIDEO,REELS,2,0,238,0,0,0,2,2025-10-16 17:28:56.608
17841406083211195,18093410227696616,2025-10-08 11:45:50,VIDEO,REELS,12,0,258,0,0,0,12,2025-10-17 17:29:48.781
17841406083211195,18093410227696616,2025-10-08 11:45:50,VIDEO,REELS,12,0,260,0,0,0,12,2025-10-18 17:28:28.236
17841406083211195,18093410227696616,2025-10-08 11:45:50,VIDEO,REELS,12,0,265,0,0,0,12,2025-10-19 17:28:32.828
17841406083211195,18093410227696616,2025-10-08 11:45:50,VIDEO,REELS,12,0,270,0,0,0,12,2025-10-20 17:29:18.452
17841406083211195,18093410227696616,2025-10-08 11:45:50,VIDEO,REELS,12,0,273,0,0,0,12,2025-10-21 17:28:38.449
17841406083211195,18093410227696616,2025-10-08 11:45:50,VIDEO,REELS,12,0,274,0,0,0,12,2025-10-22 17:28:54.473
17841406083211195,18093410227696616,2025-10-08 11:45:50,VIDEO,REELS,12,0,275,0,0,0,12,2025-10-23 17:28:30.277
17841406083211195,18093410227696616,2025-10-08 11:45:50,VIDEO,REELS,12,0,276,0,0,0,12,2025-10-24 17:28:52.170
17841406083211195,18093410227696616,2025-10-08 11:45:50,VIDEO,REELS,12,0,277,0,0,0,12,2025-10-25 17:30:00.333
17841406083211195,18093410227696616,2025-10-08 11:45:50,VIDEO,REELS,12,0,278,0,0,0,12,2025-10-27 17:28:46.979
17841406083211195,18093410227696616,2025-10-08 11:45:50,VIDEO,REELS,12,0,280,0,0,0,12,2025-10-29 17:29:27.583
17841406083211195,18093410227696616,2025-10-08 11:45:50,VIDEO,REELS,12,0,282,0,0,0,12,2025-11-03 17:28:49.517
17841406083211195,18093410227696616,2025-10-08 11:45:50,VIDEO,REELS,12,0,284,0,0,0,12,2025-11-06 17:28:43.517
17841406083211195,18093410227696616,2025-10-08 11:45:50,VIDEO,REELS,12,0,285,0,0,0,12,2025-11-07 17:29:01.083
17841406083211195,18093410227696616,2025-10-08 11:45:50,VIDEO,REELS,13,0,286,0,0,0,13,2025-11-08 17:29:24.253
17841406083211195,18093410227696616,2025-10-08 11:45:50,VIDEO,REELS,13,0,289,0,0,0,13,2025-11-09 17:28:38.945
17841406083211195,18093410227696616,2025-10-08 11:45:50,VIDEO,REELS,13,0,291,0,0,0,13,2025-11-10 17:29:07.633
17841406083211195,18093410227696616,2025-10-08 11:45:50,VIDEO,REELS,13,0,294,0,0,0,13,2025-11-11 17:28:56.848
17841406083211195,18093410227696616,2025-10-08 11:45:50,VIDEO,REELS,13,0,298,0,0,0,13,2025-11-14 17:29:00.535
17841406083211195,18093410227696616,2025-10-08 11:45:50,VIDEO,REELS,13,0,301,0,0,0,13,2025-11-15 17:30:46.797
17841406083211195,18093410227696616,2025-10-08 11:45:50,VIDEO,REELS,13,0,302,0,0,0,13,2025-11-17 17:29:03.597
17841406083211195,18093410227696616,2025-10-08 11:45:50,VIDEO,REELS,13,0,303,0,0,0,13,2025-11-18 17:28:56.192
17841406083211195,18093410227696616,2025-10-08 11:45:50,VIDEO,REELS,13,0,306,0,0,0,13,2025-11-19 17:35:38.977
17841406083211195,18093410227696616,2025-10-08 11:45:50,VIDEO,REELS,13,0,306,0,0,0,13,2025-11-20 17:36:09.337
17841406083211195,18093410227696616,2025-10-08 11:45:50,VIDEO,REELS,13,0,307,0,0,0,13,2025-11-21 17:35:55.842
17841406083211195,18093410227696616,2025-10-08 11:45:50,VIDEO,REELS,13,0,308,0,0,0,13,2025-11-27 17:34:42.492
17841406083211195,18093410227696616,2025-10-08 11:45:50,VIDEO,REELS,13,0,309,0,0,0,13,2025-11-29 17:36:27.532
17841406083211195,18093410227696616,2025-10-08 11:45:50,VIDEO,REELS,13,0,310,0,0,0,13,2025-12-01 17:34:00.988
17841406083211195,18093410227696616,2025-10-08 11:45:50,VIDEO,REELS,13,0,311,0,0,0,13,2025-12-02 17:35:28.459
17841406083211195,18093410227696616,2025-10-08 11:45:50,VIDEO,REELS,13,0,311,0,0,0,13,2025-12-03 17:36:45.831
17841406083211195,18093410227696616,2025-10-08 11:45:50,VIDEO,REELS,13,0,312,0,0,0,13,2025-12-08 17:33:32.901
17841406083211195,18093410227696616,2025-10-08 11:45:50,VIDEO,REELS,13,0,313,0,0,0,13,2025-12-11 17:33:56.837
17841406083211195,18093410227696616,2025-10-08 11:45:50,VIDEO,REELS,13,0,315,0,0,0,13,2025-12-15 17:37:13.494
17841406083211195,18093410227696616,2025-10-08 11:45:50,VIDEO,REELS,13,0,315,0,0,0,13,2025-12-16 17:34:50.945
17841406083211195,18093410227696616,2025-10-08 11:45:50,VIDEO,REELS,13,0,316,0,0,0,13,2025-12-24 17:29:04.440
17841406083211195,18093410227696616,2025-10-08 11:45:50,VIDEO,REELS,13,0,316,0,0,0,13,2025-12-25 17:29:11.613
17841406083211195,18093897268551067,2025-03-10 10:09:44,VIDEO,REELS,3,0,396,0,0,0,3,2025-04-17 17:31:52.825
17841406083211195,18093897268551067,2025-03-10 10:09:44,VIDEO,REELS,3,0,397,0,0,0,3,2025-04-18 19:14:47.758
17841406083211195,18093897268551067,2025-03-10 10:09:44,VIDEO,REELS,3,0,400,0,0,0,3,2025-04-22 06:39:46.061
17841406083211195,18093897268551067,2025-03-10 10:09:44,VIDEO,REELS,3,0,401,0,0,0,3,2025-04-22 17:29:17.011
17841406083211195,18093897268551067,2025-03-10 10:09:44,VIDEO,REELS,3,0,401,0,0,0,3,2025-04-25 17:30:04.371
17841406083211195,18093897268551067,2025-03-10 10:09:44,VIDEO,REELS,3,0,402,0,0,0,3,2025-04-27 17:31:03.892
17841406083211195,18093897268551067,2025-03-10 10:09:44,VIDEO,REELS,3,0,403,0,0,0,3,2025-04-30 17:30:59.237
17841406083211195,18093897268551067,2025-03-10 10:09:44,VIDEO,REELS,3,0,405,0,0,0,3,2025-05-05 17:29:55.878
17841406083211195,18093897268551067,2025-03-10 10:09:44,VIDEO,REELS,3,0,407,0,0,0,3,2025-05-06 17:29:33.103
17841406083211195,18093897268551067,2025-03-10 10:09:44,VIDEO,REELS,3,0,408,0,0,0,3,2025-05-07 17:28:45.313
17841406083211195,18093897268551067,2025-03-10 10:09:44,VIDEO,REELS,3,0,409,0,0,0,3,2025-05-08 17:30:01.764
17841406083211195,18093897268551067,2025-03-10 10:09:44,VIDEO,REELS,3,0,411,0,0,0,3,2025-05-13 17:29:33.127
17841406083211195,18093897268551067,2025-03-10 10:09:44,VIDEO,REELS,3,0,411,0,0,0,3,2025-05-17 17:30:06.320
17841406083211195,18093897268551067,2025-03-10 10:09:44,VIDEO,REELS,3,0,412,0,0,0,3,2025-05-24 17:30:42.265
17841406083211195,18093897268551067,2025-03-10 10:09:44,VIDEO,REELS,3,0,413,0,0,0,3,2025-06-05 17:30:15.496
17841406083211195,18093897268551067,2025-03-10 10:09:44,VIDEO,REELS,3,0,419,0,0,0,3,2025-07-03 17:30:07.998
17841406083211195,18093897268551067,2025-03-10 10:09:44,VIDEO,REELS,3,0,419,0,0,0,3,2025-07-21 17:30:54.854
17841406083211195,18093897268551067,2025-03-10 10:09:44,VIDEO,REELS,3,0,421,0,0,0,3,2025-07-29 17:29:59.939
17841406083211195,18093897268551067,2025-03-10 10:09:44,VIDEO,REELS,3,0,421,0,0,0,3,2025-08-04 17:30:32.199
17841406083211195,18093897268551067,2025-03-10 10:09:44,VIDEO,REELS,3,0,422,0,0,0,3,2025-08-06 17:29:32.816
17841406083211195,18093897268551067,2025-03-10 10:09:44,VIDEO,REELS,3,0,423,0,0,0,3,2025-08-11 17:30:48.472
17841406083211195,18093897268551067,2025-03-10 10:09:44,VIDEO,REELS,3,0,424,0,0,0,3,2025-08-20 17:29:49.055
17841406083211195,18093897268551067,2025-03-10 10:09:44,VIDEO,REELS,3,0,425,0,0,0,3,2025-08-24 17:29:14.566
17841406083211195,18093897268551067,2025-03-10 10:09:44,VIDEO,REELS,3,0,426,0,0,0,3,2025-08-31 17:29:08.160
17841406083211195,18093897268551067,2025-03-10 10:09:44,VIDEO,REELS,3,0,432,0,0,0,3,2025-11-19 17:34:55.385
17841406083211195,18093897268551067,2025-03-10 10:09:44,VIDEO,REELS,3,0,432,0,0,0,3,2025-12-03 17:36:09.394
17841406083211195,18093897268551067,2025-03-10 10:09:44,VIDEO,REELS,3,0,433,0,0,0,3,2025-12-20 17:36:15.186
17841406083211195,18093897268551067,2025-03-10 10:09:44,VIDEO,REELS,3,0,434,0,0,0,3,2025-12-25 17:29:40.551
17841406083211195,18094218961892644,2025-11-15 05:57:18,VIDEO,REELS,22,0,495,0,0,1,23,2025-11-15 17:30:31.588
17841406083211195,18094218961892644,2025-11-15 05:57:18,VIDEO,REELS,25,0,593,0,0,1,26,2025-11-16 17:29:33.047
17841406083211195,18094218961892644,2025-11-15 05:57:18,VIDEO,REELS,26,0,627,0,0,1,27,2025-11-17 17:28:56.601
17841406083211195,18094218961892644,2025-11-15 05:57:18,VIDEO,REELS,26,0,664,0,0,1,27,2025-11-18 17:28:47.908
17841406083211195,18094218961892644,2025-11-15 05:57:18,VIDEO,REELS,26,0,680,0,0,1,27,2025-11-19 17:35:38.985
17841406083211195,18094218961892644,2025-11-15 05:57:18,VIDEO,REELS,26,0,690,0,0,1,27,2025-11-20 17:36:09.349
17841406083211195,18094218961892644,2025-11-15 05:57:18,VIDEO,REELS,26,0,699,0,0,1,27,2025-11-21 17:35:55.866
17841406083211195,18094218961892644,2025-11-15 05:57:18,VIDEO,REELS,26,0,704,0,0,1,27,2025-11-22 17:33:59.862
17841406083211195,18094218961892644,2025-11-15 05:57:18,VIDEO,REELS,26,0,707,0,0,1,27,2025-11-23 17:33:27.478
17841406083211195,18094218961892644,2025-11-15 05:57:18,VIDEO,REELS,26,0,715,0,0,1,27,2025-11-24 17:36:35.482
17841406083211195,18094218961892644,2025-11-15 05:57:18,VIDEO,REELS,26,0,720,0,0,1,27,2025-11-25 17:34:52.765
17841406083211195,18094218961892644,2025-11-15 05:57:18,VIDEO,REELS,26,0,729,0,0,1,27,2025-11-26 17:37:34.796
17841406083211195,18094218961892644,2025-11-15 05:57:18,VIDEO,REELS,26,0,740,0,0,1,27,2025-11-27 17:34:42.506
17841406083211195,18094218961892644,2025-11-15 05:57:18,VIDEO,REELS,26,0,756,0,0,1,27,2025-11-28 17:35:39.726
17841406083211195,18094218961892644,2025-11-15 05:57:18,VIDEO,REELS,26,0,759,0,0,1,27,2025-11-29 17:36:27.538
17841406083211195,18094218961892644,2025-11-15 05:57:18,VIDEO,REELS,26,0,762,0,0,1,27,2025-11-30 17:33:54.619
17841406083211195,18094218961892644,2025-11-15 05:57:18,VIDEO,REELS,26,0,764,0,0,1,27,2025-12-01 17:34:00.992
17841406083211195,18094218961892644,2025-11-15 05:57:18,VIDEO,REELS,26,0,767,0,0,1,27,2025-12-03 17:36:45.837
17841406083211195,18094218961892644,2025-11-15 05:57:18,VIDEO,REELS,26,0,768,0,0,1,27,2025-12-05 17:34:50.231
17841406083211195,18094218961892644,2025-11-15 05:57:18,VIDEO,REELS,26,0,770,0,0,1,27,2025-12-06 17:35:26.327
17841406083211195,18094218961892644,2025-11-15 05:57:18,VIDEO,REELS,26,0,772,0,0,1,27,2025-12-07 17:33:44.789
17841406083211195,18094218961892644,2025-11-15 05:57:18,VIDEO,REELS,26,0,775,0,0,1,27,2025-12-08 17:33:32.908
17841406083211195,18094218961892644,2025-11-15 05:57:18,VIDEO,REELS,26,0,779,0,0,1,27,2025-12-09 17:35:43.775
17841406083211195,18094218961892644,2025-11-15 05:57:18,VIDEO,REELS,26,0,780,0,0,1,27,2025-12-11 17:33:56.844
17841406083211195,18094218961892644,2025-11-15 05:57:18,VIDEO,REELS,26,0,782,0,0,1,27,2025-12-12 17:35:50.532
17841406083211195,18094218961892644,2025-11-15 05:57:18,VIDEO,REELS,26,0,790,0,0,3,29,2025-12-15 06:34:20.227
17841406083211195,18094218961892644,2025-11-15 05:57:18,VIDEO,REELS,26,0,791,0,0,3,29,2025-12-15 17:37:13.497
17841406083211195,18094218961892644,2025-11-15 05:57:18,VIDEO,REELS,26,0,793,0,0,3,29,2025-12-16 17:34:50.958
17841406083211195,18094218961892644,2025-11-15 05:57:18,VIDEO,REELS,26,0,795,0,0,3,29,2025-12-17 17:28:40.150
17841406083211195,18094218961892644,2025-11-15 05:57:18,VIDEO,REELS,26,0,798,0,0,3,29,2025-12-18 17:30:53.811
17841406083211195,18094218961892644,2025-11-15 05:57:18,VIDEO,REELS,26,0,799,0,0,3,29,2025-12-19 17:30:14.527
17841406083211195,18094218961892644,2025-11-15 05:57:18,VIDEO,REELS,26,0,801,0,0,3,29,2025-12-20 17:36:50.214
17841406083211195,18094218961892644,2025-11-15 05:57:18,VIDEO,REELS,26,0,802,0,0,3,29,2025-12-21 17:29:37.390
17841406083211195,18094218961892644,2025-11-15 05:57:18,VIDEO,REELS,26,0,803,0,0,3,29,2025-12-22 17:28:31.292
17841406083211195,18094218961892644,2025-11-15 05:57:18,VIDEO,REELS,26,0,809,0,0,3,29,2025-12-23 17:28:29.220
17841406083211195,18094218961892644,2025-11-15 05:57:18,VIDEO,REELS,26,0,812,0,0,3,29,2025-12-24 17:28:54.107
17841406083211195,18094218961892644,2025-11-15 05:57:18,VIDEO,REELS,26,0,818,0,0,3,29,2025-12-25 17:29:03.346
17841406083211195,18094357540884759,2025-11-04 10:03:07,VIDEO,REELS,2,0,51,0,0,0,2,2025-11-04 17:28:14.106
17841406083211195,18094357540884759,2025-11-04 10:03:07,VIDEO,REELS,3,0,69,0,0,0,3,2025-11-05 17:28:20.420
17841406083211195,18094357540884759,2025-11-04 10:03:07,VIDEO,REELS,4,0,75,0,0,0,4,2025-11-06 17:28:43.523
17841406083211195,18094357540884759,2025-11-04 10:03:07,VIDEO,REELS,5,0,83,0,0,0,5,2025-11-07 17:29:01.087
17841406083211195,18094357540884759,2025-11-04 10:03:07,VIDEO,REELS,5,0,90,0,0,0,5,2025-11-08 17:29:24.258
17841406083211195,18094357540884759,2025-11-04 10:03:07,VIDEO,REELS,6,0,93,0,0,0,6,2025-11-09 17:28:38.950
17841406083211195,18094357540884759,2025-11-04 10:03:07,VIDEO,REELS,6,0,99,0,0,0,6,2025-11-10 17:29:07.640
17841406083211195,18094357540884759,2025-11-04 10:03:07,VIDEO,REELS,6,0,108,0,0,0,6,2025-11-11 17:28:56.851
17841406083211195,18094357540884759,2025-11-04 10:03:07,VIDEO,REELS,6,0,111,0,0,0,6,2025-11-12 17:28:57.512
17841406083211195,18094357540884759,2025-11-04 10:03:07,VIDEO,REELS,6,0,119,0,0,0,6,2025-11-13 17:29:19.499
17841406083211195,18094357540884759,2025-11-04 10:03:07,VIDEO,REELS,7,0,123,0,0,0,7,2025-11-14 17:29:00.540
17841406083211195,18094357540884759,2025-11-04 10:03:07,VIDEO,REELS,7,0,131,0,0,0,7,2025-11-15 17:30:46.801
17841406083211195,18094357540884759,2025-11-04 10:03:07,VIDEO,REELS,7,0,132,0,0,0,7,2025-11-16 17:29:40.689
17841406083211195,18094357540884759,2025-11-04 10:03:07,VIDEO,REELS,7,0,137,0,0,0,7,2025-11-17 17:29:03.602
17841406083211195,18094357540884759,2025-11-04 10:03:07,VIDEO,REELS,7,0,143,0,0,0,7,2025-11-18 17:28:56.196
17841406083211195,18094357540884759,2025-11-04 10:03:07,VIDEO,REELS,7,0,154,0,0,0,7,2025-11-19 17:35:40.557
17841406083211195,18094357540884759,2025-11-04 10:03:07,VIDEO,REELS,7,0,157,0,0,0,7,2025-11-20 17:36:11.075
17841406083211195,18094357540884759,2025-11-04 10:03:07,VIDEO,REELS,7,0,162,0,0,0,7,2025-11-21 17:36:02.518
17841406083211195,18094357540884759,2025-11-04 10:03:07,VIDEO,REELS,7,0,167,0,0,0,7,2025-11-22 17:34:01.729
17841406083211195,18094357540884759,2025-11-04 10:03:07,VIDEO,REELS,7,0,168,0,0,0,7,2025-11-23 17:33:29.831
17841406083211195,18094357540884759,2025-11-04 10:03:07,VIDEO,REELS,7,0,170,0,0,0,7,2025-11-24 17:36:37.542
17841406083211195,18094357540884759,2025-11-04 10:03:07,VIDEO,REELS,7,0,173,0,0,0,7,2025-11-25 17:34:55.735
17841406083211195,18094357540884759,2025-11-04 10:03:07,VIDEO,REELS,7,0,175,0,0,0,7,2025-11-26 17:37:42.125
17841406083211195,18094357540884759,2025-11-04 10:03:07,VIDEO,REELS,7,0,176,0,0,0,7,2025-11-27 17:34:45.029
17841406083211195,18094357540884759,2025-11-04 10:03:07,VIDEO,REELS,7,0,177,0,0,0,7,2025-11-29 17:36:31.267
17841406083211195,18094357540884759,2025-11-04 10:03:07,VIDEO,REELS,7,0,178,0,0,0,7,2025-12-01 17:34:08.916
17841406083211195,18094357540884759,2025-11-04 10:03:07,VIDEO,REELS,7,0,180,0,0,0,7,2025-12-03 17:36:55.131
17841406083211195,18094357540884759,2025-11-04 10:03:07,VIDEO,REELS,7,0,181,0,0,0,7,2025-12-05 17:34:57.775
17841406083211195,18094357540884759,2025-11-04 10:03:07,VIDEO,REELS,7,0,182,0,0,0,7,2025-12-06 17:35:35.211
17841406083211195,18094357540884759,2025-11-04 10:03:07,VIDEO,REELS,7,0,183,0,0,0,7,2025-12-08 17:33:41.611
17841406083211195,18094357540884759,2025-11-04 10:03:07,VIDEO,REELS,7,0,184,0,0,1,8,2025-12-09 17:35:53.032
17841406083211195,18094357540884759,2025-11-04 10:03:07,VIDEO,REELS,7,0,187,0,0,1,8,2025-12-10 17:36:44.466
17841406083211195,18094357540884759,2025-11-04 10:03:07,VIDEO,REELS,7,0,189,0,0,1,8,2025-12-11 17:34:06.395
17841406083211195,18094357540884759,2025-11-04 10:03:07,VIDEO,REELS,7,0,191,0,0,1,8,2025-12-15 17:37:24.707
17841406083211195,18094357540884759,2025-11-04 10:03:07,VIDEO,REELS,7,0,192,0,0,1,8,2025-12-16 17:35:03.677
17841406083211195,18094357540884759,2025-11-04 10:03:07,VIDEO,REELS,7,0,193,0,0,1,8,2025-12-17 17:28:40.150
17841406083211195,18094357540884759,2025-11-04 10:03:07,VIDEO,REELS,7,0,195,0,0,1,8,2025-12-22 17:28:31.292
17841406083211195,18094357540884759,2025-11-04 10:03:07,VIDEO,REELS,7,0,196,0,0,1,8,2025-12-23 17:28:29.220
17841406083211195,18094357540884759,2025-11-04 10:03:07,VIDEO,REELS,7,0,197,0,0,1,8,2025-12-25 17:29:03.346
17841406083211195,18095918563559224,2025-07-30 10:07:51,VIDEO,REELS,1,0,175,0,0,0,1,2025-07-30 17:29:59.475
17841406083211195,18095918563559224,2025-07-30 10:07:51,VIDEO,REELS,2,0,231,0,0,0,2,2025-07-31 17:28:45.840
17841406083211195,18095918563559224,2025-07-30 10:07:51,VIDEO,REELS,3,0,243,0,0,0,3,2025-08-01 17:30:02.442
17841406083211195,18095918563559224,2025-07-30 10:07:51,VIDEO,REELS,3,0,250,0,0,0,3,2025-08-02 17:29:36.142
17841406083211195,18095918563559224,2025-07-30 10:07:51,VIDEO,REELS,3,0,256,0,0,0,3,2025-08-03 17:29:40.166
17841406083211195,18095918563559224,2025-07-30 10:07:51,VIDEO,REELS,3,0,259,0,0,0,3,2025-08-04 17:30:20.383
17841406083211195,18095918563559224,2025-07-30 10:07:51,VIDEO,REELS,3,0,262,0,0,0,3,2025-08-05 17:30:25.817
17841406083211195,18095918563559224,2025-07-30 10:07:51,VIDEO,REELS,3,0,265,0,0,0,3,2025-08-06 17:29:21.806
17841406083211195,18095918563559224,2025-07-30 10:07:51,VIDEO,REELS,3,0,272,0,0,0,3,2025-08-07 17:29:51.640
17841406083211195,18095918563559224,2025-07-30 10:07:51,VIDEO,REELS,3,0,277,0,0,0,3,2025-08-08 17:29:30.425
17841406083211195,18095918563559224,2025-07-30 10:07:51,VIDEO,REELS,3,0,278,0,0,0,3,2025-08-09 17:29:16.336
17841406083211195,18095918563559224,2025-07-30 10:07:51,VIDEO,REELS,3,0,279,0,0,0,3,2025-08-10 17:29:41.087
17841406083211195,18095918563559224,2025-07-30 10:07:51,VIDEO,REELS,3,0,287,0,0,0,3,2025-08-11 17:30:32.954
17841406083211195,18095918563559224,2025-07-30 10:07:51,VIDEO,REELS,3,0,295,0,0,0,3,2025-08-12 17:31:22.341
17841406083211195,18095918563559224,2025-07-30 10:07:51,VIDEO,REELS,3,0,297,0,0,0,3,2025-08-14 17:30:30.698
17841406083211195,18095918563559224,2025-07-30 10:07:51,VIDEO,REELS,4,0,299,0,0,0,4,2025-08-15 17:29:20.105
17841406083211195,18095918563559224,2025-07-30 10:07:51,VIDEO,REELS,4,0,299,0,0,0,4,2025-08-16 17:29:29.892
17841406083211195,18095918563559224,2025-07-30 10:07:51,VIDEO,REELS,4,0,300,0,0,0,4,2025-08-17 17:28:43.174
17841406083211195,18095918563559224,2025-07-30 10:07:51,VIDEO,REELS,4,0,301,0,0,0,4,2025-08-18 17:28:55.664
17841406083211195,18095918563559224,2025-07-30 10:07:51,VIDEO,REELS,4,0,303,0,0,0,4,2025-08-19 17:29:34.418
17841406083211195,18095918563559224,2025-07-30 10:07:51,VIDEO,REELS,4,0,304,0,0,0,4,2025-08-20 17:29:40.853
17841406083211195,18095918563559224,2025-07-30 10:07:51,VIDEO,REELS,4,0,306,0,0,0,4,2025-08-21 17:30:19.068
17841406083211195,18095918563559224,2025-07-30 10:07:51,VIDEO,REELS,4,0,308,0,0,0,4,2025-08-24 17:29:05.920
17841406083211195,18095918563559224,2025-07-30 10:07:51,VIDEO,REELS,4,0,308,0,0,0,4,2025-08-25 17:29:34.723
17841406083211195,18095918563559224,2025-07-30 10:07:51,VIDEO,REELS,4,0,313,0,0,0,4,2025-08-26 17:29:05.571
17841406083211195,18095918563559224,2025-07-30 10:07:51,VIDEO,REELS,4,0,314,0,0,0,4,2025-08-27 17:30:15.450
17841406083211195,18095918563559224,2025-07-30 10:07:51,VIDEO,REELS,4,0,315,0,0,0,4,2025-08-28 17:31:18.220
17841406083211195,18095918563559224,2025-07-30 10:07:51,VIDEO,REELS,4,0,316,0,0,0,4,2025-08-30 17:30:09.886
17841406083211195,18095918563559224,2025-07-30 10:07:51,VIDEO,REELS,4,0,317,0,0,0,4,2025-08-31 17:28:47.913
17841406083211195,18095918563559224,2025-07-30 10:07:51,VIDEO,REELS,4,0,355,0,0,0,4,2025-10-01 04:09:53.327
17841406083211195,18095918563559224,2025-07-30 10:07:51,VIDEO,REELS,4,0,359,0,0,0,4,2025-10-02 04:04:29.509
17841406083211195,18095918563559224,2025-07-30 10:07:51,VIDEO,REELS,4,0,360,0,0,0,4,2025-10-02 17:29:27.066
17841406083211195,18095918563559224,2025-07-30 10:07:51,VIDEO,REELS,4,0,361,0,0,0,4,2025-10-04 17:29:36.054
17841406083211195,18095918563559224,2025-07-30 10:07:51,VIDEO,REELS,4,0,366,0,0,0,4,2025-10-05 17:29:24.304
17841406083211195,18095918563559224,2025-07-30 10:07:51,VIDEO,REELS,4,0,367,0,0,0,4,2025-10-06 17:28:48.548
17841406083211195,18095918563559224,2025-07-30 10:07:51,VIDEO,REELS,4,0,368,0,0,0,4,2025-10-08 17:29:40.353
17841406083211195,18095918563559224,2025-07-30 10:07:51,VIDEO,REELS,4,0,369,0,0,0,4,2025-10-09 17:28:46.158
17841406083211195,18095918563559224,2025-07-30 10:07:51,VIDEO,REELS,4,0,370,0,0,0,4,2025-10-13 17:28:53.148
17841406083211195,18095918563559224,2025-07-30 10:07:51,VIDEO,REELS,4,0,371,0,0,0,4,2025-10-15 17:29:48.869
17841406083211195,18095918563559224,2025-07-30 10:07:51,VIDEO,REELS,4,0,371,0,0,0,4,2025-10-20 17:29:18.450
17841406083211195,18095918563559224,2025-07-30 10:07:51,VIDEO,REELS,4,0,372,0,0,0,4,2025-10-21 17:28:38.448
17841406083211195,18095918563559224,2025-07-30 10:07:51,VIDEO,REELS,4,0,373,0,0,0,4,2025-10-24 17:28:52.169
17841406083211195,18095918563559224,2025-07-30 10:07:51,VIDEO,REELS,4,0,374,0,0,0,4,2025-10-28 17:29:49.178
17841406083211195,18095918563559224,2025-07-30 10:07:51,VIDEO,REELS,4,0,374,0,0,0,4,2025-10-29 17:29:38.414
17841406083211195,18095918563559224,2025-07-30 10:07:51,VIDEO,REELS,4,0,375,0,0,0,4,2025-11-10 17:29:14.395
17841406083211195,18095918563559224,2025-07-30 10:07:51,VIDEO,REELS,4,0,376,0,0,0,4,2025-11-11 17:29:05.803
17841406083211195,18095918563559224,2025-07-30 10:07:51,VIDEO,REELS,4,0,377,0,0,0,4,2025-11-12 17:29:04.425
17841406083211195,18095918563559224,2025-07-30 10:07:51,VIDEO,REELS,4,0,378,0,0,0,4,2025-11-14 17:29:08.306
17841406083211195,18095918563559224,2025-07-30 10:07:51,VIDEO,REELS,4,0,380,0,0,0,4,2025-11-16 17:29:49.610
17841406083211195,18095918563559224,2025-07-30 10:07:51,VIDEO,REELS,4,0,382,0,0,0,4,2025-11-18 17:29:03.767
17841406083211195,18095918563559224,2025-07-30 10:07:51,VIDEO,REELS,4,0,383,0,0,0,4,2025-11-20 17:35:45.149
17841406083211195,18095918563559224,2025-07-30 10:07:51,VIDEO,REELS,4,0,383,0,0,0,4,2025-12-03 17:36:28.737
17841406083211195,18095918563559224,2025-07-30 10:07:51,VIDEO,REELS,4,0,385,0,0,0,4,2025-12-08 17:33:12.754
17841406083211195,18095918563559224,2025-07-30 10:07:51,VIDEO,REELS,4,0,386,0,0,0,4,2025-12-15 17:36:51.710
17841406083211195,18095918563559224,2025-07-30 10:07:51,VIDEO,REELS,4,0,387,0,0,0,4,2025-12-25 17:29:11.612
17841406083211195,18099615145707236,2025-11-14 04:55:55,VIDEO,REELS,35,4,5531,4,0,0,39,2025-11-14 17:28:54.500
17841406083211195,18099615145707236,2025-11-14 04:55:55,VIDEO,REELS,50,4,5694,4,1,0,56,2025-11-15 17:30:46.807
17841406083211195,18099615145707236,2025-11-14 04:55:55,VIDEO,REELS,54,9,5766,9,1,0,65,2025-11-16 17:29:40.693
17841406083211195,18099615145707236,2025-11-14 04:55:55,VIDEO,REELS,55,10,5827,10,1,0,67,2025-11-17 17:29:03.608
17841406083211195,18099615145707236,2025-11-14 04:55:55,VIDEO,REELS,56,12,5894,12,1,0,70,2025-11-18 17:28:56.200
17841406083211195,18099615145707236,2025-11-14 04:55:55,VIDEO,REELS,56,12,5913,12,1,0,70,2025-11-19 17:35:38.992
17841406083211195,18099615145707236,2025-11-14 04:55:55,VIDEO,REELS,56,12,5928,12,1,0,70,2025-11-20 17:36:09.359
17841406083211195,18099615145707236,2025-11-14 04:55:55,VIDEO,REELS,56,12,5935,12,1,0,70,2025-11-21 17:35:55.888
17841406083211195,18099615145707236,2025-11-14 04:55:55,VIDEO,REELS,56,12,5937,12,1,0,70,2025-11-22 17:33:59.882
17841406083211195,18099615145707236,2025-11-14 04:55:55,VIDEO,REELS,56,12,5942,12,1,0,70,2025-11-23 17:33:27.489
17841406083211195,18099615145707236,2025-11-14 04:55:55,VIDEO,REELS,56,12,5955,12,1,0,70,2025-11-24 17:36:35.488
17841406083211195,18099615145707236,2025-11-14 04:55:55,VIDEO,REELS,56,12,5959,12,1,0,70,2025-11-25 17:34:52.772
17841406083211195,18099615145707236,2025-11-14 04:55:55,VIDEO,REELS,56,12,5968,12,1,0,70,2025-11-26 17:37:34.802
17841406083211195,18099615145707236,2025-11-14 04:55:55,VIDEO,REELS,56,12,5971,12,1,0,70,2025-11-27 17:34:42.523
17841406083211195,18099615145707236,2025-11-14 04:55:55,VIDEO,REELS,56,12,5974,12,1,0,70,2025-11-28 17:35:39.729
17841406083211195,18099615145707236,2025-11-14 04:55:55,VIDEO,REELS,56,12,5977,12,1,0,70,2025-11-29 17:36:27.544
17841406083211195,18099615145707236,2025-11-14 04:55:55,VIDEO,REELS,56,12,5979,12,1,0,70,2025-11-30 17:33:54.625
17841406083211195,18099615145707236,2025-11-14 04:55:55,VIDEO,REELS,56,12,5981,12,1,0,70,2025-12-01 17:34:00.995
17841406083211195,18099615145707236,2025-11-14 04:55:55,VIDEO,REELS,56,12,5987,12,1,1,71,2025-12-03 17:36:45.843
17841406083211195,18099615145707236,2025-11-14 04:55:55,VIDEO,REELS,56,12,5988,12,1,1,71,2025-12-05 17:34:50.237
17841406083211195,18099615145707236,2025-11-14 04:55:55,VIDEO,REELS,56,12,5990,12,1,1,71,2025-12-06 17:35:26.335
17841406083211195,18099615145707236,2025-11-14 04:55:55,VIDEO,REELS,56,12,5992,12,1,1,71,2025-12-07 17:33:44.795
17841406083211195,18099615145707236,2025-11-14 04:55:55,VIDEO,REELS,56,12,5992,12,1,1,71,2025-12-08 17:33:32.916
17841406083211195,18099615145707236,2025-11-14 04:55:55,VIDEO,REELS,56,12,5994,12,1,1,71,2025-12-11 17:33:56.851
17841406083211195,18099615145707236,2025-11-14 04:55:55,VIDEO,REELS,56,12,5995,12,1,1,71,2025-12-12 17:35:50.536
17841406083211195,18099615145707236,2025-11-14 04:55:55,VIDEO,REELS,56,12,5997,12,1,1,71,2025-12-15 17:37:13.501
17841406083211195,18099615145707236,2025-11-14 04:55:55,VIDEO,REELS,56,12,5997,12,1,1,71,2025-12-16 17:34:50.970
17841406083211195,18099615145707236,2025-11-14 04:55:55,VIDEO,REELS,56,12,6000,12,1,1,71,2025-12-17 17:28:40.154
17841406083211195,18099615145707236,2025-11-14 04:55:55,VIDEO,REELS,56,12,6002,12,1,1,71,2025-12-18 17:30:53.820
17841406083211195,18099615145707236,2025-11-14 04:55:55,VIDEO,REELS,56,12,6003,12,1,1,71,2025-12-19 17:30:14.534
17841406083211195,18099615145707236,2025-11-14 04:55:55,VIDEO,REELS,56,12,6005,12,1,1,71,2025-12-22 17:28:31.296
17841406083211195,18099615145707236,2025-11-14 04:55:55,VIDEO,REELS,56,12,6008,12,1,1,71,2025-12-23 17:28:29.227
17841406083211195,18099615145707236,2025-11-14 04:55:55,VIDEO,REELS,56,12,6011,12,1,1,71,2025-12-25 17:29:03.351
17841406083211195,18104624002653449,2025-11-18 06:58:14,VIDEO,REELS,17,0,316,0,0,0,17,2025-11-18 17:28:47.905
17841406083211195,18104624002653449,2025-11-18 06:58:14,VIDEO,REELS,19,0,435,0,0,0,19,2025-11-19 17:35:38.983
17841406083211195,18104624002653449,2025-11-18 06:58:14,VIDEO,REELS,20,0,458,0,0,0,20,2025-11-20 17:36:09.346
17841406083211195,18104624002653449,2025-11-18 06:58:14,VIDEO,REELS,20,0,479,0,0,0,20,2025-11-21 17:35:55.853
17841406083211195,18104624002653449,2025-11-18 06:58:14,VIDEO,REELS,20,0,487,0,0,0,20,2025-11-22 17:33:59.852
17841406083211195,18104624002653449,2025-11-18 06:58:14,VIDEO,REELS,20,0,492,0,0,0,20,2025-11-23 17:33:27.474
17841406083211195,18104624002653449,2025-11-18 06:58:14,VIDEO,REELS,21,0,498,0,0,0,21,2025-11-24 17:36:35.480
17841406083211195,18104624002653449,2025-11-18 06:58:14,VIDEO,REELS,21,0,514,0,0,0,21,2025-11-25 17:34:52.763
17841406083211195,18104624002653449,2025-11-18 06:58:14,VIDEO,REELS,21,0,522,0,0,0,21,2025-11-26 17:37:34.793
17841406083211195,18104624002653449,2025-11-18 06:58:14,VIDEO,REELS,21,0,529,0,0,0,21,2025-11-27 17:34:42.500
17841406083211195,18104624002653449,2025-11-18 06:58:14,VIDEO,REELS,21,0,533,0,0,0,21,2025-11-28 17:35:39.725
17841406083211195,18104624002653449,2025-11-18 06:58:14,VIDEO,REELS,21,0,535,0,0,0,21,2025-11-29 17:36:27.536
17841406083211195,18104624002653449,2025-11-18 06:58:14,VIDEO,REELS,21,0,541,0,0,0,21,2025-11-30 17:33:54.617
17841406083211195,18104624002653449,2025-11-18 06:58:14,VIDEO,REELS,21,0,544,0,0,0,21,2025-12-01 17:34:00.990
17841406083211195,18104624002653449,2025-11-18 06:58:14,VIDEO,REELS,21,0,549,0,0,0,21,2025-12-02 17:35:28.465
17841406083211195,18104624002653449,2025-11-18 06:58:14,VIDEO,REELS,21,0,551,0,0,0,21,2025-12-03 17:36:45.835
17841406083211195,18104624002653449,2025-11-18 06:58:14,VIDEO,REELS,21,0,552,0,0,0,21,2025-12-04 17:34:52.048
17841406083211195,18104624002653449,2025-11-18 06:58:14,VIDEO,REELS,21,0,553,0,0,0,21,2025-12-05 17:34:50.229
17841406083211195,18104624002653449,2025-11-18 06:58:14,VIDEO,REELS,21,0,555,0,0,0,21,2025-12-06 17:35:26.323
17841406083211195,18104624002653449,2025-11-18 06:58:14,VIDEO,REELS,21,0,557,0,0,0,21,2025-12-07 17:33:44.787
17841406083211195,18104624002653449,2025-11-18 06:58:14,VIDEO,REELS,21,0,557,0,0,0,21,2025-12-08 17:33:32.906
17841406083211195,18104624002653449,2025-11-18 06:58:14,VIDEO,REELS,21,0,559,0,0,0,21,2025-12-09 17:35:43.771
17841406083211195,18104624002653449,2025-11-18 06:58:14,VIDEO,REELS,21,0,560,0,0,0,21,2025-12-12 17:35:50.531
17841406083211195,18104624002653449,2025-11-18 06:58:14,VIDEO,REELS,21,0,561,0,0,0,21,2025-12-15 06:34:20.225
17841406083211195,18104624002653449,2025-11-18 06:58:14,VIDEO,REELS,21,0,564,0,0,0,21,2025-12-15 17:37:13.496
17841406083211195,18104624002653449,2025-11-18 06:58:14,VIDEO,REELS,21,0,564,0,0,0,21,2025-12-16 17:34:50.953
17841406083211195,18104624002653449,2025-11-18 06:58:14,VIDEO,REELS,21,0,566,0,0,0,21,2025-12-17 17:28:40.149
17841406083211195,18104624002653449,2025-11-18 06:58:14,VIDEO,REELS,21,0,568,0,0,0,21,2025-12-18 17:30:53.809
17841406083211195,18104624002653449,2025-11-18 06:58:14,VIDEO,REELS,21,0,570,0,0,0,21,2025-12-19 17:30:14.525
17841406083211195,18104624002653449,2025-11-18 06:58:14,VIDEO,REELS,21,0,573,0,0,0,21,2025-12-22 17:28:31.291
17841406083211195,18104624002653449,2025-11-18 06:58:14,VIDEO,REELS,21,0,579,0,0,0,21,2025-12-23 17:28:29.218
17841406083211195,18104624002653449,2025-11-18 06:58:14,VIDEO,REELS,21,0,580,0,0,0,21,2025-12-25 17:29:03.345
17841406083211195,18106726252528531,2025-10-29 07:00:43,VIDEO,REELS,3,0,190,0,0,0,3,2025-10-29 17:29:18.800
17841406083211195,18106726252528531,2025-10-29 07:00:43,VIDEO,REELS,4,0,300,0,0,0,4,2025-10-30 17:30:07.144
17841406083211195,18106726252528531,2025-10-29 07:00:43,VIDEO,REELS,5,0,312,0,0,0,5,2025-10-31 17:29:01.884
17841406083211195,18106726252528531,2025-10-29 07:00:43,VIDEO,REELS,6,0,321,0,0,0,6,2025-11-01 17:29:16.512
17841406083211195,18106726252528531,2025-10-29 07:00:43,VIDEO,REELS,6,0,326,0,0,0,6,2025-11-02 17:28:55.108
17841406083211195,18106726252528531,2025-10-29 07:00:43,VIDEO,REELS,6,0,330,0,0,0,6,2025-11-03 17:28:49.526
17841406083211195,18106726252528531,2025-10-29 07:00:43,VIDEO,REELS,6,0,340,0,0,0,6,2025-11-04 17:28:20.667
17841406083211195,18106726252528531,2025-10-29 07:00:43,VIDEO,REELS,6,0,347,0,0,0,6,2025-11-05 17:28:28.355
17841406083211195,18106726252528531,2025-10-29 07:00:43,VIDEO,REELS,7,0,356,0,0,0,7,2025-11-06 17:28:43.531
17841406083211195,18106726252528531,2025-10-29 07:00:43,VIDEO,REELS,7,0,358,0,0,0,7,2025-11-07 17:29:01.092
17841406083211195,18106726252528531,2025-10-29 07:00:43,VIDEO,REELS,8,0,363,0,0,0,8,2025-11-08 17:29:24.266
17841406083211195,18106726252528531,2025-10-29 07:00:43,VIDEO,REELS,8,0,365,0,0,0,8,2025-11-09 17:28:38.971
17841406083211195,18106726252528531,2025-10-29 07:00:43,VIDEO,REELS,8,0,372,0,0,0,8,2025-11-10 17:29:07.651
17841406083211195,18106726252528531,2025-10-29 07:00:43,VIDEO,REELS,8,0,381,0,0,0,8,2025-11-11 17:28:56.860
17841406083211195,18106726252528531,2025-10-29 07:00:43,VIDEO,REELS,8,0,382,0,0,0,8,2025-11-12 17:28:57.521
17841406083211195,18106726252528531,2025-10-29 07:00:43,VIDEO,REELS,8,0,382,0,0,0,8,2025-11-13 17:29:19.513
17841406083211195,18106726252528531,2025-10-29 07:00:43,VIDEO,REELS,9,0,384,0,0,0,9,2025-11-14 17:29:00.549
17841406083211195,18106726252528531,2025-10-29 07:00:43,VIDEO,REELS,9,0,388,0,0,0,10,2025-11-15 17:30:46.809
17841406083211195,18106726252528531,2025-10-29 07:00:43,VIDEO,REELS,9,0,389,0,0,0,10,2025-11-16 17:29:40.694
17841406083211195,18106726252528531,2025-10-29 07:00:43,VIDEO,REELS,9,0,391,0,0,0,10,2025-11-17 17:29:03.609
17841406083211195,18106726252528531,2025-10-29 07:00:43,VIDEO,REELS,9,0,397,0,0,0,10,2025-11-18 17:28:56.201
17841406083211195,18106726252528531,2025-10-29 07:00:43,VIDEO,REELS,9,0,402,0,0,0,10,2025-11-19 17:35:38.993
17841406083211195,18106726252528531,2025-10-29 07:00:43,VIDEO,REELS,9,0,407,0,0,0,10,2025-11-20 17:36:09.360
17841406083211195,18106726252528531,2025-10-29 07:00:43,VIDEO,REELS,9,0,409,0,0,0,10,2025-11-21 17:35:55.891
17841406083211195,18106726252528531,2025-10-29 07:00:43,VIDEO,REELS,9,0,412,0,0,0,10,2025-11-23 17:33:27.492
17841406083211195,18106726252528531,2025-10-29 07:00:43,VIDEO,REELS,9,0,415,0,0,0,10,2025-11-24 17:36:35.489
17841406083211195,18106726252528531,2025-10-29 07:00:43,VIDEO,REELS,9,0,416,0,0,0,10,2025-11-25 17:34:52.774
17841406083211195,18106726252528531,2025-10-29 07:00:43,VIDEO,REELS,9,0,417,0,0,0,10,2025-11-26 17:37:34.803
17841406083211195,18106726252528531,2025-10-29 07:00:43,VIDEO,REELS,9,0,418,0,0,0,10,2025-11-27 17:34:42.525
17841406083211195,18106726252528531,2025-10-29 07:00:43,VIDEO,REELS,9,0,419,0,0,0,10,2025-11-29 17:36:27.545
17841406083211195,18106726252528531,2025-10-29 07:00:43,VIDEO,REELS,9,0,420,0,0,0,10,2025-11-30 17:33:54.627
17841406083211195,18106726252528531,2025-10-29 07:00:43,VIDEO,REELS,9,0,421,0,0,0,10,2025-12-01 17:34:00.996
17841406083211195,18106726252528531,2025-10-29 07:00:43,VIDEO,REELS,9,0,423,0,0,0,10,2025-12-02 17:35:28.480
17841406083211195,18106726252528531,2025-10-29 07:00:43,VIDEO,REELS,9,0,424,0,0,0,10,2025-12-03 17:36:45.845
17841406083211195,18106726252528531,2025-10-29 07:00:43,VIDEO,REELS,9,0,426,0,0,0,10,2025-12-05 17:34:50.239
17841406083211195,18106726252528531,2025-10-29 07:00:43,VIDEO,REELS,9,0,427,0,0,0,10,2025-12-06 17:35:26.338
17841406083211195,18106726252528531,2025-10-29 07:00:43,VIDEO,REELS,9,0,428,0,0,0,10,2025-12-08 17:33:32.917
17841406083211195,18106726252528531,2025-10-29 07:00:43,VIDEO,REELS,9,0,430,0,0,0,10,2025-12-11 17:33:56.852
17841406083211195,18106726252528531,2025-10-29 07:00:43,VIDEO,REELS,9,0,431,0,0,0,10,2025-12-16 17:34:50.972
17841406083211195,18106726252528531,2025-10-29 07:00:43,VIDEO,REELS,9,0,432,0,0,0,10,2025-12-17 17:28:40.155
17841406083211195,18106726252528531,2025-10-29 07:00:43,VIDEO,REELS,9,0,433,0,0,0,10,2025-12-23 17:28:29.229
17841406083211195,18106726252528531,2025-10-29 07:00:43,VIDEO,REELS,9,0,434,0,0,0,10,2025-12-25 17:29:03.352
17841406083211195,18110994934588484,2025-11-13 12:49:38,VIDEO,REELS,16,0,3265,0,0,2,18,2025-11-13 17:29:10.211
17841406083211195,18110994934588484,2025-11-13 12:49:38,VIDEO,REELS,32,0,4245,0,0,2,34,2025-11-14 17:29:00.539
17841406083211195,18110994934588484,2025-11-13 12:49:38,VIDEO,REELS,47,0,4359,0,0,2,51,2025-11-15 17:30:46.801
17841406083211195,18110994934588484,2025-11-13 12:49:38,VIDEO,REELS,48,0,4379,0,0,2,52,2025-11-16 17:29:40.688
17841406083211195,18110994934588484,2025-11-13 12:49:38,VIDEO,REELS,49,0,4398,0,0,2,53,2025-11-17 17:29:03.601
17841406083211195,18110994934588484,2025-11-13 12:49:38,VIDEO,REELS,49,0,4427,0,0,2,53,2025-11-18 17:28:56.195
17841406083211195,18110994934588484,2025-11-13 12:49:38,VIDEO,REELS,49,0,4440,0,0,2,53,2025-11-19 17:35:38.984
17841406083211195,18110994934588484,2025-11-13 12:49:38,VIDEO,REELS,49,0,4448,0,0,2,53,2025-11-20 17:36:09.347
17841406083211195,18110994934588484,2025-11-13 12:49:38,VIDEO,REELS,49,0,4460,0,0,2,53,2025-11-21 17:35:55.855
17841406083211195,18110994934588484,2025-11-13 12:49:38,VIDEO,REELS,50,0,4470,0,0,2,54,2025-11-22 17:33:59.855
17841406083211195,18110994934588484,2025-11-13 12:49:38,VIDEO,REELS,50,0,4471,0,0,2,54,2025-11-23 17:33:27.475
17841406083211195,18110994934588484,2025-11-13 12:49:38,VIDEO,REELS,50,0,4478,0,0,2,54,2025-11-24 17:36:35.481
17841406083211195,18110994934588484,2025-11-13 12:49:38,VIDEO,REELS,50,0,4482,0,0,2,54,2025-11-25 17:34:52.764
17841406083211195,18110994934588484,2025-11-13 12:49:38,VIDEO,REELS,50,0,4490,0,0,2,54,2025-11-26 17:37:34.794
17841406083211195,18110994934588484,2025-11-13 12:49:38,VIDEO,REELS,50,0,4493,0,0,2,54,2025-11-27 17:34:42.502
17841406083211195,18110994934588484,2025-11-13 12:49:38,VIDEO,REELS,50,0,4498,0,0,2,54,2025-11-28 17:35:39.725
17841406083211195,18110994934588484,2025-11-13 12:49:38,VIDEO,REELS,50,0,4500,0,0,2,54,2025-11-29 17:36:27.537
17841406083211195,18110994934588484,2025-11-13 12:49:38,VIDEO,REELS,50,0,4502,0,0,2,54,2025-11-30 17:33:54.618
17841406083211195,18110994934588484,2025-11-13 12:49:38,VIDEO,REELS,50,0,4503,0,0,2,54,2025-12-01 17:34:00.991
17841406083211195,18110994934588484,2025-11-13 12:49:38,VIDEO,REELS,50,0,4509,0,0,2,54,2025-12-05 17:34:50.230
17841406083211195,18110994934588484,2025-11-13 12:49:38,VIDEO,REELS,50,0,4510,0,0,2,54,2025-12-06 17:35:26.324
17841406083211195,18110994934588484,2025-11-13 12:49:38,VIDEO,REELS,50,0,4513,0,0,2,54,2025-12-08 17:33:32.907
17841406083211195,18110994934588484,2025-11-13 12:49:38,VIDEO,REELS,50,0,4515,0,0,2,54,2025-12-11 17:33:56.842
17841406083211195,18110994934588484,2025-11-13 12:49:38,VIDEO,REELS,50,0,4517,0,0,2,54,2025-12-12 17:35:50.531
17841406083211195,18110994934588484,2025-11-13 12:49:38,VIDEO,REELS,50,0,4518,0,0,2,54,2025-12-15 17:37:13.496
17841406083211195,18110994934588484,2025-11-13 12:49:38,VIDEO,REELS,50,0,4520,0,0,2,54,2025-12-16 17:34:50.955
17841406083211195,18110994934588484,2025-11-13 12:49:38,VIDEO,REELS,50,0,4522,0,0,2,54,2025-12-17 17:28:40.149
17841406083211195,18110994934588484,2025-11-13 12:49:38,VIDEO,REELS,50,0,4525,0,0,2,54,2025-12-18 17:30:53.809
17841406083211195,18110994934588484,2025-11-13 12:49:38,VIDEO,REELS,50,0,4526,0,0,2,54,2025-12-19 17:30:14.526
17841406083211195,18110994934588484,2025-11-13 12:49:38,VIDEO,REELS,50,0,4527,0,0,2,54,2025-12-22 17:28:31.292
17841406083211195,18110994934588484,2025-11-13 12:49:38,VIDEO,REELS,50,0,4531,0,0,2,54,2025-12-23 17:28:29.218
17841406083211195,18110994934588484,2025-11-13 12:49:38,VIDEO,REELS,50,0,4532,0,0,2,54,2025-12-25 17:29:03.345
17841406083211195,18119125303431298,2025-02-28 10:09:42,VIDEO,REELS,6,1,447,1,0,0,7,2025-04-18 19:14:47.752
17841406083211195,18119125303431298,2025-02-28 10:09:42,VIDEO,REELS,6,1,450,1,0,0,7,2025-04-22 06:39:46.052
17841406083211195,18119125303431298,2025-02-28 10:09:42,VIDEO,REELS,6,1,451,1,0,0,7,2025-04-25 17:30:04.356
17841406083211195,18119125303431298,2025-02-28 10:09:42,VIDEO,REELS,6,1,452,1,0,0,7,2025-04-30 17:30:59.232
17841406083211195,18119125303431298,2025-02-28 10:09:42,VIDEO,REELS,6,1,452,1,0,0,7,2025-05-02 17:29:30.523
17841406083211195,18119125303431298,2025-02-28 10:09:42,VIDEO,REELS,6,1,452,1,0,0,7,2025-05-08 17:30:01.754
17841406083211195,18119125303431298,2025-02-28 10:09:42,VIDEO,REELS,6,1,453,1,0,0,7,2025-05-11 17:29:45.380
17841406083211195,18119125303431298,2025-02-28 10:09:42,VIDEO,REELS,6,1,454,1,0,0,7,2025-05-17 17:30:06.316
17841406083211195,18119125303431298,2025-02-28 10:09:42,VIDEO,REELS,6,1,455,1,0,0,7,2025-05-18 17:30:27.078
17841406083211195,18119125303431298,2025-02-28 10:09:42,VIDEO,REELS,6,1,456,1,0,0,7,2025-05-24 17:30:42.245
17841406083211195,18119125303431298,2025-02-28 10:09:42,VIDEO,REELS,6,1,456,1,0,0,7,2025-06-03 17:29:46.447
17841406083211195,18119125303431298,2025-02-28 10:09:42,VIDEO,REELS,6,1,456,1,0,0,7,2025-06-05 17:30:24.256
17841406083211195,18119125303431298,2025-02-28 10:09:42,VIDEO,REELS,6,1,460,1,0,0,7,2025-07-21 17:30:54.844
17841406083211195,18119125303431298,2025-02-28 10:09:42,VIDEO,REELS,6,1,461,1,0,0,7,2025-07-31 17:29:02.394
17841406083211195,18119125303431298,2025-02-28 10:09:42,VIDEO,REELS,6,1,462,1,0,0,7,2025-08-03 17:29:51.702
17841406083211195,18119125303431298,2025-02-28 10:09:42,VIDEO,REELS,6,1,464,1,0,0,7,2025-08-04 17:30:32.191
17841406083211195,18119125303431298,2025-02-28 10:09:42,VIDEO,REELS,6,1,465,1,0,0,7,2025-08-06 17:29:32.812
17841406083211195,18119125303431298,2025-02-28 10:09:42,VIDEO,REELS,6,1,466,1,0,0,7,2025-08-20 17:29:54.702
17841406083211195,18119125303431298,2025-02-28 10:09:42,VIDEO,REELS,6,1,467,1,0,0,7,2025-08-31 17:29:08.151
17841406083211195,18119125303431298,2025-02-28 10:09:42,VIDEO,REELS,6,1,470,1,0,0,7,2025-10-12 17:29:04.376
17841406083211195,18119125303431298,2025-02-28 10:09:42,VIDEO,REELS,6,1,471,1,0,0,7,2025-12-03 17:35:49.231
17841406083211195,18119125303431298,2025-02-28 10:09:42,VIDEO,REELS,6,1,472,1,0,0,7,2025-12-17 17:29:13.837
17841406083211195,18119125303431298,2025-02-28 10:09:42,VIDEO,REELS,6,1,472,1,0,0,7,2025-12-24 17:29:21.588
17841406083211195,18119125303431298,2025-02-28 10:09:42,VIDEO,REELS,6,1,474,1,0,0,7,2025-12-25 17:29:40.547
17841406083211195,18121204051553935,2025-12-09 10:54:28,VIDEO,REELS,4,0,202,0,0,0,4,2025-12-09 17:35:53.029
17841406083211195,18121204051553935,2025-12-09 10:54:28,VIDEO,REELS,4,0,250,0,0,0,4,2025-12-10 17:36:44.463
17841406083211195,18121204051553935,2025-12-09 10:54:28,VIDEO,REELS,4,0,268,0,0,0,4,2025-12-11 17:34:06.392
17841406083211195,18121204051553935,2025-12-09 10:54:28,VIDEO,REELS,4,0,274,0,0,0,4,2025-12-12 17:36:01.938
17841406083211195,18121204051553935,2025-12-09 10:54:28,VIDEO,REELS,5,0,293,0,0,0,5,2025-12-15 06:34:28.286
17841406083211195,18121204051553935,2025-12-09 10:54:28,VIDEO,REELS,5,0,299,0,0,0,5,2025-12-15 17:37:24.705
17841406083211195,18121204051553935,2025-12-09 10:54:28,VIDEO,REELS,5,0,305,0,0,0,5,2025-12-16 17:35:03.672
17841406083211195,18121204051553935,2025-12-09 10:54:28,VIDEO,REELS,5,0,309,0,0,0,5,2025-12-17 17:28:40.146
17841406083211195,18121204051553935,2025-12-09 10:54:28,VIDEO,REELS,5,0,317,0,0,0,5,2025-12-18 17:30:53.803
17841406083211195,18121204051553935,2025-12-09 10:54:28,VIDEO,REELS,5,0,318,0,0,0,5,2025-12-19 17:30:14.521
17841406083211195,18121204051553935,2025-12-09 10:54:28,VIDEO,REELS,5,0,320,0,0,0,5,2025-12-20 17:37:00.944
17841406083211195,18121204051553935,2025-12-09 10:54:28,VIDEO,REELS,5,0,325,0,0,0,5,2025-12-21 17:29:37.383
17841406083211195,18121204051553935,2025-12-09 10:54:28,VIDEO,REELS,5,0,328,0,0,0,5,2025-12-22 17:28:31.289
17841406083211195,18121204051553935,2025-12-09 10:54:28,VIDEO,REELS,5,0,330,0,0,0,5,2025-12-23 17:28:29.213
17841406083211195,18121204051553935,2025-12-09 10:54:28,VIDEO,REELS,5,0,332,0,0,0,5,2025-12-25 17:29:03.342
17841406083211195,18121625578539682,2025-12-05 10:58:28,VIDEO,REELS,5,1,267,1,0,0,6,2025-12-05 17:34:57.774
17841406083211195,18121625578539682,2025-12-05 10:58:28,VIDEO,REELS,12,2,376,2,1,1,17,2025-12-06 17:35:35.210
17841406083211195,18121625578539682,2025-12-05 10:58:28,VIDEO,REELS,13,2,402,2,1,1,18,2025-12-07 17:33:54.985
17841406083211195,18121625578539682,2025-12-05 10:58:28,VIDEO,REELS,13,2,417,2,2,1,19,2025-12-08 17:33:41.611
17841406083211195,18121625578539682,2025-12-05 10:58:28,VIDEO,REELS,13,2,433,2,2,1,19,2025-12-09 17:35:53.031
17841406083211195,18121625578539682,2025-12-05 10:58:28,VIDEO,REELS,13,2,449,2,2,1,19,2025-12-10 17:36:44.466
17841406083211195,18121625578539682,2025-12-05 10:58:28,VIDEO,REELS,14,2,453,2,2,1,20,2025-12-11 17:34:06.394
17841406083211195,18121625578539682,2025-12-05 10:58:28,VIDEO,REELS,14,2,458,2,2,1,20,2025-12-12 17:36:01.939
17841406083211195,18121625578539682,2025-12-05 10:58:28,VIDEO,REELS,15,2,468,2,2,1,21,2025-12-15 06:34:28.288
17841406083211195,18121625578539682,2025-12-05 10:58:28,VIDEO,REELS,15,2,481,2,2,1,21,2025-12-15 17:37:24.706
17841406083211195,18121625578539682,2025-12-05 10:58:28,VIDEO,REELS,15,2,485,2,2,1,21,2025-12-16 17:35:03.675
17841406083211195,18121625578539682,2025-12-05 10:58:28,VIDEO,REELS,15,2,491,2,2,1,21,2025-12-17 17:28:40.149
17841406083211195,18121625578539682,2025-12-05 10:58:28,VIDEO,REELS,15,2,496,2,2,1,21,2025-12-18 17:30:53.808
17841406083211195,18121625578539682,2025-12-05 10:58:28,VIDEO,REELS,15,2,499,2,2,1,21,2025-12-19 17:30:14.525
17841406083211195,18121625578539682,2025-12-05 10:58:28,VIDEO,REELS,15,2,500,2,2,1,21,2025-12-21 17:29:37.388
17841406083211195,18121625578539682,2025-12-05 10:58:28,VIDEO,REELS,15,2,503,2,2,1,21,2025-12-22 17:28:31.291
17841406083211195,18121625578539682,2025-12-05 10:58:28,VIDEO,REELS,15,2,505,2,2,1,21,2025-12-23 17:28:29.218
17841406083211195,18121625578539682,2025-12-05 10:58:28,VIDEO,REELS,15,2,508,2,2,1,21,2025-12-25 17:29:03.345
17841406083211195,18123927580455131,2025-11-09 04:00:00,VIDEO,REELS,19,0,634,0,0,1,20,2025-11-09 17:28:31.926
17841406083211195,18123927580455131,2025-11-09 04:00:00,VIDEO,REELS,19,0,773,0,0,1,20,2025-11-10 17:29:07.643
17841406083211195,18123927580455131,2025-11-09 04:00:00,VIDEO,REELS,19,0,821,0,0,1,20,2025-11-11 17:28:56.854
17841406083211195,18123927580455131,2025-11-09 04:00:00,VIDEO,REELS,28,0,877,0,0,1,29,2025-11-12 17:28:57.516
17841406083211195,18123927580455131,2025-11-09 04:00:00,VIDEO,REELS,28,0,888,0,0,1,29,2025-11-13 17:29:19.504
17841406083211195,18123927580455131,2025-11-09 04:00:00,VIDEO,REELS,36,0,930,0,0,1,37,2025-11-14 17:29:00.543
17841406083211195,18123927580455131,2025-11-09 04:00:00,VIDEO,REELS,52,0,990,0,0,1,58,2025-11-15 17:30:46.804
17841406083211195,18123927580455131,2025-11-09 04:00:00,VIDEO,REELS,52,0,993,0,0,1,58,2025-11-16 17:29:40.691
17841406083211195,18123927580455131,2025-11-09 04:00:00,VIDEO,REELS,52,0,1001,0,0,1,58,2025-11-17 17:29:03.605
17841406083211195,18123927580455131,2025-11-09 04:00:00,VIDEO,REELS,52,0,1008,0,0,1,58,2025-11-18 17:28:56.198
17841406083211195,18123927580455131,2025-11-09 04:00:00,VIDEO,REELS,52,0,1019,0,0,1,58,2025-11-19 17:35:38.988
17841406083211195,18123927580455131,2025-11-09 04:00:00,VIDEO,REELS,52,0,1024,0,0,1,58,2025-11-20 17:36:09.353
17841406083211195,18123927580455131,2025-11-09 04:00:00,VIDEO,REELS,52,0,1028,0,0,1,58,2025-11-22 17:33:59.870
17841406083211195,18123927580455131,2025-11-09 04:00:00,VIDEO,REELS,52,0,1030,0,0,1,58,2025-11-23 17:33:27.482
17841406083211195,18123927580455131,2025-11-09 04:00:00,VIDEO,REELS,52,0,1032,0,0,1,58,2025-11-24 17:36:35.485
17841406083211195,18123927580455131,2025-11-09 04:00:00,VIDEO,REELS,52,0,1034,0,0,1,58,2025-11-25 17:34:52.769
17841406083211195,18123927580455131,2025-11-09 04:00:00,VIDEO,REELS,52,0,1040,0,0,1,58,2025-11-26 17:37:42.125
17841406083211195,18123927580455131,2025-11-09 04:00:00,VIDEO,REELS,52,0,1041,0,0,1,58,2025-11-27 17:34:45.030
17841406083211195,18123927580455131,2025-11-09 04:00:00,VIDEO,REELS,52,0,1042,0,0,1,58,2025-11-29 17:36:31.267
17841406083211195,18123927580455131,2025-11-09 04:00:00,VIDEO,REELS,52,0,1044,0,0,1,58,2025-11-30 17:33:58.339
17841406083211195,18123927580455131,2025-11-09 04:00:00,VIDEO,REELS,52,0,1045,0,0,1,58,2025-12-01 17:34:08.917
17841406083211195,18123927580455131,2025-11-09 04:00:00,VIDEO,REELS,52,0,1047,0,0,1,58,2025-12-03 17:36:55.131
17841406083211195,18123927580455131,2025-11-09 04:00:00,VIDEO,REELS,52,0,1048,0,0,1,58,2025-12-05 17:34:57.775
17841406083211195,18123927580455131,2025-11-09 04:00:00,VIDEO,REELS,52,0,1049,0,0,1,58,2025-12-06 17:35:35.212
17841406083211195,18123927580455131,2025-11-09 04:00:00,VIDEO,REELS,52,0,1050,0,0,1,58,2025-12-08 17:33:41.613
17841406083211195,18123927580455131,2025-11-09 04:00:00,VIDEO,REELS,52,0,1052,0,0,1,58,2025-12-10 17:36:44.468
17841406083211195,18123927580455131,2025-11-09 04:00:00,VIDEO,REELS,52,0,1053,0,0,1,58,2025-12-15 17:37:24.708
17841406083211195,18123927580455131,2025-11-09 04:00:00,VIDEO,REELS,52,0,1054,0,0,1,58,2025-12-16 17:35:03.678
17841406083211195,18123927580455131,2025-11-09 04:00:00,VIDEO,REELS,52,0,1055,0,0,1,58,2025-12-17 17:28:40.152
17841406083211195,18123927580455131,2025-11-09 04:00:00,VIDEO,REELS,52,0,1057,0,0,1,58,2025-12-19 17:30:14.531
17841406083211195,18123927580455131,2025-11-09 04:00:00,VIDEO,REELS,52,0,1061,0,0,1,58,2025-12-22 17:28:31.294
17841406083211195,18123927580455131,2025-11-09 04:00:00,VIDEO,REELS,52,0,1062,0,0,1,58,2025-12-23 17:28:29.223
17841406083211195,18123927580455131,2025-11-09 04:00:00,VIDEO,REELS,52,0,1063,0,0,1,58,2025-12-25 17:29:03.348
17841406083211195,18129366502394439,2025-01-30 10:34:13,VIDEO,REELS,13,0,352,0,0,0,13,2025-04-18 19:14:47.761
17841406083211195,18129366502394439,2025-01-30 10:34:13,VIDEO,REELS,13,0,353,0,0,0,13,2025-04-20 21:57:33.571
17841406083211195,18129366502394439,2025-01-30 10:34:13,VIDEO,REELS,13,0,354,0,0,0,13,2025-04-22 17:29:17.024
17841406083211195,18129366502394439,2025-01-30 10:34:13,VIDEO,REELS,13,0,355,0,0,0,13,2025-04-27 17:31:03.895
17841406083211195,18129366502394439,2025-01-30 10:34:13,VIDEO,REELS,13,0,356,0,0,0,13,2025-05-02 17:29:30.533
17841406083211195,18129366502394439,2025-01-30 10:34:13,VIDEO,REELS,13,0,356,0,0,0,13,2025-05-08 17:30:05.774
17841406083211195,18129366502394439,2025-01-30 10:34:13,VIDEO,REELS,13,0,358,0,0,0,13,2025-05-18 17:30:29.434
17841406083211195,18129366502394439,2025-01-30 10:34:13,VIDEO,REELS,13,0,359,0,0,0,13,2025-05-24 17:30:46.343
17841406083211195,18129366502394439,2025-01-30 10:34:13,VIDEO,REELS,13,0,360,0,0,0,13,2025-06-05 17:30:24.272
17841406083211195,18129366502394439,2025-01-30 10:34:13,VIDEO,REELS,13,0,364,0,0,0,13,2025-07-19 17:30:14.983
17841406083211195,18129366502394439,2025-01-30 10:34:13,VIDEO,REELS,13,0,365,0,0,0,13,2025-07-31 17:29:05.337
17841406083211195,18129366502394439,2025-01-30 10:34:13,VIDEO,REELS,13,0,366,0,0,0,13,2025-08-04 17:30:35.466
17841406083211195,18129366502394439,2025-01-30 10:34:13,VIDEO,REELS,13,0,367,0,0,0,13,2025-08-06 17:29:35.480
17841406083211195,18129366502394439,2025-01-30 10:34:13,VIDEO,REELS,13,0,368,0,0,0,13,2025-08-20 17:29:54.713
17841406083211195,18129366502394439,2025-01-30 10:34:13,VIDEO,REELS,13,0,369,0,0,0,13,2025-08-31 17:29:08.165
17841406083211195,18129366502394439,2025-01-30 10:34:13,VIDEO,REELS,13,0,371,0,0,0,13,2025-12-03 17:35:32.966
17841406083211195,18129366502394439,2025-01-30 10:34:13,VIDEO,REELS,13,0,372,0,0,0,13,2025-12-24 17:29:27.247
17841406083211195,18129366502394439,2025-01-30 10:34:13,VIDEO,REELS,13,0,373,0,0,0,13,2025-12-25 17:29:48.441
17841406083211195,18136812985442053,2025-09-16 10:14:38,VIDEO,REELS,10,0,309,0,1,6,17,2025-10-01 17:29:53.152
17841406083211195,18136812985442053,2025-09-16 10:14:38,VIDEO,REELS,10,0,310,0,1,6,17,2025-10-02 04:04:29.520
17841406083211195,18136812985442053,2025-09-16 10:14:38,VIDEO,REELS,10,0,312,0,1,6,17,2025-10-02 17:29:27.077
17841406083211195,18136812985442053,2025-09-16 10:14:38,VIDEO,REELS,10,0,314,0,1,6,17,2025-10-03 17:29:13.357
17841406083211195,18136812985442053,2025-09-16 10:14:38,VIDEO,REELS,10,0,315,0,1,6,17,2025-10-05 17:29:24.318
17841406083211195,18136812985442053,2025-09-16 10:14:38,VIDEO,REELS,10,0,317,0,1,6,17,2025-10-06 17:28:48.559
17841406083211195,18136812985442053,2025-09-16 10:14:38,VIDEO,REELS,10,0,319,0,1,6,17,2025-10-07 17:28:29.273
17841406083211195,18136812985442053,2025-09-16 10:14:38,VIDEO,REELS,10,0,323,0,1,6,17,2025-10-08 17:29:40.360
17841406083211195,18136812985442053,2025-09-16 10:14:38,VIDEO,REELS,10,0,327,0,1,6,17,2025-10-09 17:28:46.170
17841406083211195,18136812985442053,2025-09-16 10:14:38,VIDEO,REELS,10,0,334,0,1,6,17,2025-10-11 17:28:30.969
17841406083211195,18136812985442053,2025-09-16 10:14:38,VIDEO,REELS,10,0,335,0,1,6,17,2025-10-12 17:28:49.789
17841406083211195,18136812985442053,2025-09-16 10:14:38,VIDEO,REELS,10,0,336,0,1,6,17,2025-10-13 17:28:53.158
17841406083211195,18136812985442053,2025-09-16 10:14:38,VIDEO,REELS,10,0,339,0,1,6,17,2025-10-15 17:29:48.879
17841406083211195,18136812985442053,2025-09-16 10:14:38,VIDEO,REELS,10,0,340,0,1,6,17,2025-10-16 17:28:56.618
17841406083211195,18136812985442053,2025-09-16 10:14:38,VIDEO,REELS,12,0,343,0,1,6,19,2025-10-17 17:29:48.792
17841406083211195,18136812985442053,2025-09-16 10:14:38,VIDEO,REELS,12,0,344,0,1,6,19,2025-10-18 17:28:28.251
17841406083211195,18136812985442053,2025-09-16 10:14:38,VIDEO,REELS,13,0,349,0,1,6,20,2025-10-20 17:29:18.462
17841406083211195,18136812985442053,2025-09-16 10:14:38,VIDEO,REELS,13,0,350,0,1,6,20,2025-10-24 17:28:52.178
17841406083211195,18136812985442053,2025-09-16 10:14:38,VIDEO,REELS,13,0,351,0,1,6,20,2025-10-25 17:30:00.353
17841406083211195,18136812985442053,2025-09-16 10:14:38,VIDEO,REELS,13,0,352,0,1,6,20,2025-10-27 17:28:46.994
17841406083211195,18136812985442053,2025-09-16 10:14:38,VIDEO,REELS,13,0,354,0,1,6,20,2025-10-29 17:29:27.588
17841406083211195,18136812985442053,2025-09-16 10:14:38,VIDEO,REELS,13,0,357,0,1,6,20,2025-11-03 17:28:49.522
17841406083211195,18136812985442053,2025-09-16 10:14:38,VIDEO,REELS,13,0,358,0,1,6,20,2025-11-06 17:28:43.524
17841406083211195,18136812985442053,2025-09-16 10:14:38,VIDEO,REELS,13,0,358,0,1,6,20,2025-11-07 17:29:01.088
17841406083211195,18136812985442053,2025-09-16 10:14:38,VIDEO,REELS,14,0,359,0,1,6,21,2025-11-10 17:29:07.641
17841406083211195,18136812985442053,2025-09-16 10:14:38,VIDEO,REELS,14,0,362,0,1,6,21,2025-11-11 17:28:56.851
17841406083211195,18136812985442053,2025-09-16 10:14:38,VIDEO,REELS,14,0,363,0,1,6,21,2025-11-14 17:29:00.541
17841406083211195,18136812985442053,2025-09-16 10:14:38,VIDEO,REELS,14,0,366,0,1,6,21,2025-11-18 17:28:56.196
17841406083211195,18136812985442053,2025-09-16 10:14:38,VIDEO,REELS,14,0,368,0,1,6,21,2025-11-19 17:35:38.985
17841406083211195,18136812985442053,2025-09-16 10:14:38,VIDEO,REELS,14,0,369,0,1,6,21,2025-11-20 17:36:09.349
17841406083211195,18136812985442053,2025-09-16 10:14:38,VIDEO,REELS,14,0,370,0,1,6,21,2025-11-21 17:35:55.862
17841406083211195,18136812985442053,2025-09-16 10:14:38,VIDEO,REELS,14,0,370,0,1,6,21,2025-11-27 17:34:42.506
17841406083211195,18136812985442053,2025-09-16 10:14:38,VIDEO,REELS,14,0,371,0,1,6,21,2025-12-01 17:34:00.991
17841406083211195,18136812985442053,2025-09-16 10:14:38,VIDEO,REELS,14,0,372,0,1,6,21,2025-12-03 17:36:45.837
17841406083211195,18136812985442053,2025-09-16 10:14:38,VIDEO,REELS,14,0,372,0,1,6,21,2025-12-06 17:35:26.326
17841406083211195,18136812985442053,2025-09-16 10:14:38,VIDEO,REELS,14,0,373,0,1,6,21,2025-12-08 17:33:32.908
17841406083211195,18136812985442053,2025-09-16 10:14:38,VIDEO,REELS,14,0,374,0,1,6,21,2025-12-11 17:33:56.843
17841406083211195,18136812985442053,2025-09-16 10:14:38,VIDEO,REELS,14,0,374,0,1,6,21,2025-12-12 17:35:50.532
17841406083211195,18136812985442053,2025-09-16 10:14:38,VIDEO,REELS,14,0,375,0,1,6,21,2025-12-15 17:37:13.497
17841406083211195,18136812985442053,2025-09-16 10:14:38,VIDEO,REELS,14,0,379,0,1,6,21,2025-12-16 17:34:50.957
17841406083211195,18136812985442053,2025-09-16 10:14:38,VIDEO,REELS,14,0,380,0,1,6,21,2025-12-21 17:29:45.213
17841406083211195,18136812985442053,2025-09-16 10:14:38,VIDEO,REELS,14,0,386,0,1,6,21,2025-12-22 17:28:37.819
17841406083211195,18136812985442053,2025-09-16 10:14:38,VIDEO,REELS,14,0,389,0,1,6,21,2025-12-23 17:28:36.751
17841406083211195,18136812985442053,2025-09-16 10:14:38,VIDEO,REELS,14,0,390,0,1,6,21,2025-12-25 17:29:11.619
17841406083211195,18136970041347028,2025-01-23 07:58:20,VIDEO,REELS,15,1,495,1,0,0,16,2025-04-17 17:31:52.834
17841406083211195,18136970041347028,2025-01-23 07:58:20,VIDEO,REELS,15,1,495,1,0,0,16,2025-04-18 19:14:47.760
17841406083211195,18136970041347028,2025-01-23 07:58:20,VIDEO,REELS,15,1,497,1,0,0,16,2025-04-20 21:57:33.570
17841406083211195,18136970041347028,2025-01-23 07:58:20,VIDEO,REELS,15,1,498,1,0,0,16,2025-04-22 17:29:17.023
17841406083211195,18136970041347028,2025-01-23 07:58:20,VIDEO,REELS,15,1,499,1,0,0,16,2025-04-27 17:31:06.424
17841406083211195,18136970041347028,2025-01-23 07:58:20,VIDEO,REELS,15,1,500,1,0,0,16,2025-05-08 17:30:05.774
17841406083211195,18136970041347028,2025-01-23 07:58:20,VIDEO,REELS,15,1,502,1,0,0,16,2025-05-11 17:29:47.648
17841406083211195,18136970041347028,2025-01-23 07:58:20,VIDEO,REELS,15,1,503,1,0,0,16,2025-05-13 17:29:35.402
17841406083211195,18136970041347028,2025-01-23 07:58:20,VIDEO,REELS,15,1,504,1,0,0,16,2025-05-14 17:30:08.439
17841406083211195,18136970041347028,2025-01-23 07:58:20,VIDEO,REELS,15,1,504,1,0,0,16,2025-06-05 17:30:24.271
17841406083211195,18136970041347028,2025-01-23 07:58:20,VIDEO,REELS,15,1,508,1,0,0,16,2025-07-19 17:30:14.982
17841406083211195,18136970041347028,2025-01-23 07:58:20,VIDEO,REELS,15,1,509,1,0,0,16,2025-07-31 17:29:05.336
17841406083211195,18136970041347028,2025-01-23 07:58:20,VIDEO,REELS,15,1,510,1,0,0,16,2025-08-04 17:30:35.466
17841406083211195,18136970041347028,2025-01-23 07:58:20,VIDEO,REELS,15,1,511,1,0,0,16,2025-08-05 17:30:42.511
17841406083211195,18136970041347028,2025-01-23 07:58:20,VIDEO,REELS,15,1,512,1,0,0,16,2025-08-06 17:29:35.479
17841406083211195,18136970041347028,2025-01-23 07:58:20,VIDEO,REELS,15,1,513,1,0,0,16,2025-08-20 17:29:54.713
17841406083211195,18136970041347028,2025-01-23 07:58:20,VIDEO,REELS,15,1,514,1,0,0,16,2025-08-25 17:29:53.219
17841406083211195,18136970041347028,2025-01-23 07:58:20,VIDEO,REELS,15,1,514,1,0,0,16,2025-08-31 17:29:08.165
17841406083211195,18136970041347028,2025-01-23 07:58:20,VIDEO,REELS,15,1,516,1,0,0,16,2025-11-06 17:29:06.872
17841406083211195,18136970041347028,2025-01-23 07:58:20,VIDEO,REELS,15,1,517,1,0,0,16,2025-12-03 17:35:49.242
17841406083211195,18136970041347028,2025-01-23 07:58:20,VIDEO,REELS,15,1,518,1,0,0,16,2025-12-24 17:29:27.247
17841406083211195,18136970041347028,2025-01-23 07:58:20,VIDEO,REELS,15,1,519,1,0,0,16,2025-12-25 17:29:48.441
17841406083211195,18140390884423368,2025-08-06 10:12:01,VIDEO,REELS,1,0,170,0,0,0,1,2025-08-06 17:29:14.883
17841406083211195,18140390884423368,2025-08-06 10:12:01,VIDEO,REELS,2,0,237,0,0,0,2,2025-08-07 17:29:42.615
17841406083211195,18140390884423368,2025-08-06 10:12:01,VIDEO,REELS,2,0,257,0,0,0,2,2025-08-08 17:29:21.926
17841406083211195,18140390884423368,2025-08-06 10:12:01,VIDEO,REELS,2,0,262,0,0,0,2,2025-08-09 17:29:10.316
17841406083211195,18140390884423368,2025-08-06 10:12:01,VIDEO,REELS,2,0,267,0,0,0,2,2025-08-10 17:29:34.061
17841406083211195,18140390884423368,2025-08-06 10:12:01,VIDEO,REELS,2,0,277,0,0,0,2,2025-08-11 17:30:32.969
17841406083211195,18140390884423368,2025-08-06 10:12:01,VIDEO,REELS,2,0,292,0,0,0,2,2025-08-12 17:31:22.351
17841406083211195,18140390884423368,2025-08-06 10:12:01,VIDEO,REELS,2,0,296,0,0,0,2,2025-08-14 17:30:30.706
17841406083211195,18140390884423368,2025-08-06 10:12:01,VIDEO,REELS,3,0,302,0,0,0,3,2025-08-15 17:29:20.120
17841406083211195,18140390884423368,2025-08-06 10:12:01,VIDEO,REELS,3,0,303,0,0,0,3,2025-08-16 17:29:29.900
17841406083211195,18140390884423368,2025-08-06 10:12:01,VIDEO,REELS,3,0,304,0,0,0,3,2025-08-17 17:28:43.183
17841406083211195,18140390884423368,2025-08-06 10:12:01,VIDEO,REELS,3,0,305,0,0,0,3,2025-08-18 17:28:55.672
17841406083211195,18140390884423368,2025-08-06 10:12:01,VIDEO,REELS,3,0,307,0,0,0,3,2025-08-19 17:29:34.437
17841406083211195,18140390884423368,2025-08-06 10:12:01,VIDEO,REELS,3,0,307,0,0,0,3,2025-08-20 17:29:40.876
17841406083211195,18140390884423368,2025-08-06 10:12:01,VIDEO,REELS,3,0,312,0,0,0,3,2025-08-21 17:30:19.082
17841406083211195,18140390884423368,2025-08-06 10:12:01,VIDEO,REELS,3,0,314,0,0,0,3,2025-08-22 17:29:22.423
17841406083211195,18140390884423368,2025-08-06 10:12:01,VIDEO,REELS,3,0,314,0,0,0,3,2025-08-24 17:29:05.934
17841406083211195,18140390884423368,2025-08-06 10:12:01,VIDEO,REELS,3,0,315,0,0,0,3,2025-08-25 17:29:34.733
17841406083211195,18140390884423368,2025-08-06 10:12:01,VIDEO,REELS,3,0,319,0,0,0,3,2025-08-27 17:30:15.467
17841406083211195,18140390884423368,2025-08-06 10:12:01,VIDEO,REELS,3,0,321,0,0,0,3,2025-08-30 17:30:09.893
17841406083211195,18140390884423368,2025-08-06 10:12:01,VIDEO,REELS,3,0,323,0,0,0,3,2025-08-31 17:28:47.928
17841406083211195,18140390884423368,2025-08-06 10:12:01,VIDEO,REELS,3,0,374,0,0,0,3,2025-10-01 04:09:53.350
17841406083211195,18140390884423368,2025-08-06 10:12:01,VIDEO,REELS,3,0,381,0,0,0,3,2025-10-01 17:29:53.154
17841406083211195,18140390884423368,2025-08-06 10:12:01,VIDEO,REELS,3,0,383,0,0,0,3,2025-10-02 02:39:18.160
17841406083211195,18140390884423368,2025-08-06 10:12:01,VIDEO,REELS,3,0,386,0,0,0,3,2025-10-02 04:04:29.521
17841406083211195,18140390884423368,2025-08-06 10:12:01,VIDEO,REELS,3,0,387,0,0,0,3,2025-10-02 17:29:27.079
17841406083211195,18140390884423368,2025-08-06 10:12:01,VIDEO,REELS,3,0,391,0,0,0,3,2025-10-05 17:29:24.320
17841406083211195,18140390884423368,2025-08-06 10:12:01,VIDEO,REELS,3,0,392,0,0,0,3,2025-10-06 17:28:48.561
17841406083211195,18140390884423368,2025-08-06 10:12:01,VIDEO,REELS,3,0,395,0,0,0,3,2025-10-08 17:29:40.361
17841406083211195,18140390884423368,2025-08-06 10:12:01,VIDEO,REELS,3,0,396,0,0,0,3,2025-10-09 17:28:46.173
17841406083211195,18140390884423368,2025-08-06 10:12:01,VIDEO,REELS,3,0,397,0,0,0,3,2025-10-13 17:28:53.160
17841406083211195,18140390884423368,2025-08-06 10:12:01,VIDEO,REELS,3,0,398,0,0,0,3,2025-10-15 17:29:48.881
17841406083211195,18140390884423368,2025-08-06 10:12:01,VIDEO,REELS,3,0,399,0,0,0,3,2025-10-20 17:29:18.465
17841406083211195,18140390884423368,2025-08-06 10:12:01,VIDEO,REELS,3,0,400,0,0,0,3,2025-10-21 17:28:38.457
17841406083211195,18140390884423368,2025-08-06 10:12:01,VIDEO,REELS,3,0,401,0,0,0,3,2025-10-22 17:28:54.485
17841406083211195,18140390884423368,2025-08-06 10:12:01,VIDEO,REELS,3,0,402,0,0,0,3,2025-10-24 17:28:52.180
17841406083211195,18140390884423368,2025-08-06 10:12:01,VIDEO,REELS,3,0,404,0,0,0,3,2025-10-26 17:30:15.228
17841406083211195,18140390884423368,2025-08-06 10:12:01,VIDEO,REELS,3,0,405,0,0,0,3,2025-10-27 17:28:46.998
17841406083211195,18140390884423368,2025-08-06 10:12:01,VIDEO,REELS,3,0,406,0,0,0,3,2025-10-29 17:29:38.422
17841406083211195,18140390884423368,2025-08-06 10:12:01,VIDEO,REELS,3,0,408,0,0,0,3,2025-11-05 17:28:35.578
17841406083211195,18140390884423368,2025-08-06 10:12:01,VIDEO,REELS,3,0,409,0,0,0,3,2025-11-10 17:29:14.412
17841406083211195,18140390884423368,2025-08-06 10:12:01,VIDEO,REELS,3,0,410,0,0,0,3,2025-11-11 17:29:05.811
17841406083211195,18140390884423368,2025-08-06 10:12:01,VIDEO,REELS,3,0,411,0,0,0,3,2025-11-12 17:29:04.437
17841406083211195,18140390884423368,2025-08-06 10:12:01,VIDEO,REELS,3,0,411,0,0,0,3,2025-11-18 17:29:03.777
17841406083211195,18140390884423368,2025-08-06 10:12:01,VIDEO,REELS,3,0,412,0,0,0,3,2025-11-30 17:33:37.940
17841406083211195,18140390884423368,2025-08-06 10:12:01,VIDEO,REELS,3,0,413,0,0,0,3,2025-12-03 17:36:28.749
17841406083211195,18140390884423368,2025-08-06 10:12:01,VIDEO,REELS,3,0,414,0,0,0,3,2025-12-15 17:36:51.717
17841406083211195,18140390884423368,2025-08-06 10:12:01,VIDEO,REELS,3,0,415,0,0,0,3,2025-12-20 17:36:30.960
17841406083211195,18140390884423368,2025-08-06 10:12:01,VIDEO,REELS,3,0,415,0,0,0,3,2025-12-22 17:28:37.821
17841406083211195,18140390884423368,2025-08-06 10:12:01,VIDEO,REELS,3,0,416,0,0,0,3,2025-12-23 17:28:36.753
17841406083211195,18140390884423368,2025-08-06 10:12:01,VIDEO,REELS,3,0,418,0,0,0,3,2025-12-25 17:29:11.620
17841406083211195,18151036468398383,2025-09-26 03:03:37,VIDEO,REELS,6,1,291,1,0,1,8,2025-10-01 04:09:53.337
17841406083211195,18151036468398383,2025-09-26 03:03:37,VIDEO,REELS,7,1,304,1,0,1,9,2025-10-01 17:29:53.143
17841406083211195,18151036468398383,2025-09-26 03:03:37,VIDEO,REELS,8,1,307,1,0,1,10,2025-10-02 04:04:29.514
17841406083211195,18151036468398383,2025-09-26 03:03:37,VIDEO,REELS,8,1,311,1,0,1,10,2025-10-02 17:29:27.071
17841406083211195,18151036468398383,2025-09-26 03:03:37,VIDEO,REELS,8,1,322,1,0,1,10,2025-10-03 17:29:13.354
17841406083211195,18151036468398383,2025-09-26 03:03:37,VIDEO,REELS,8,1,332,1,0,1,10,2025-10-04 17:29:36.059
17841406083211195,18151036468398383,2025-09-26 03:03:37,VIDEO,REELS,8,1,340,1,0,1,10,2025-10-05 17:29:24.311
17841406083211195,18151036468398383,2025-09-26 03:03:37,VIDEO,REELS,8,1,353,1,0,1,10,2025-10-06 17:28:48.552
17841406083211195,18151036468398383,2025-09-26 03:03:37,VIDEO,REELS,8,1,366,1,0,1,10,2025-10-07 17:28:29.266
17841406083211195,18151036468398383,2025-09-26 03:03:37,VIDEO,REELS,9,1,374,1,0,1,11,2025-10-08 17:29:40.356
17841406083211195,18151036468398383,2025-09-26 03:03:37,VIDEO,REELS,9,1,376,1,0,1,11,2025-10-09 17:28:46.164
17841406083211195,18151036468398383,2025-09-26 03:03:37,VIDEO,REELS,9,1,379,1,0,1,11,2025-10-10 17:30:06.540
17841406083211195,18151036468398383,2025-09-26 03:03:37,VIDEO,REELS,9,1,379,1,0,1,11,2025-10-11 17:28:30.966
17841406083211195,18151036468398383,2025-09-26 03:03:37,VIDEO,REELS,10,1,380,1,0,1,12,2025-10-12 17:28:49.782
17841406083211195,18151036468398383,2025-09-26 03:03:37,VIDEO,REELS,10,1,382,1,0,1,12,2025-10-13 17:28:53.154
17841406083211195,18151036468398383,2025-09-26 03:03:37,VIDEO,REELS,10,1,383,1,0,1,12,2025-10-14 17:28:21.204
17841406083211195,18151036468398383,2025-09-26 03:03:37,VIDEO,REELS,10,1,384,1,0,1,12,2025-10-15 17:29:48.874
17841406083211195,18151036468398383,2025-09-26 03:03:37,VIDEO,REELS,10,1,387,1,0,1,12,2025-10-16 17:28:56.613
17841406083211195,18151036468398383,2025-09-26 03:03:37,VIDEO,REELS,15,1,401,1,0,1,17,2025-10-17 17:29:48.786
17841406083211195,18151036468398383,2025-09-26 03:03:37,VIDEO,REELS,15,1,401,1,0,1,17,2025-10-18 17:28:28.242
17841406083211195,18151036468398383,2025-09-26 03:03:37,VIDEO,REELS,15,1,403,1,0,1,17,2025-10-19 17:28:32.832
17841406083211195,18151036468398383,2025-09-26 03:03:37,VIDEO,REELS,15,1,407,1,0,1,17,2025-10-20 17:29:18.457
17841406083211195,18151036468398383,2025-09-26 03:03:37,VIDEO,REELS,15,1,410,1,0,1,17,2025-10-22 17:28:54.478
17841406083211195,18151036468398383,2025-09-26 03:03:37,VIDEO,REELS,15,1,411,1,0,1,17,2025-10-25 17:30:00.338
17841406083211195,18151036468398383,2025-09-26 03:03:37,VIDEO,REELS,16,1,412,1,0,1,18,2025-10-27 17:28:46.986
17841406083211195,18151036468398383,2025-09-26 03:03:37,VIDEO,REELS,16,1,413,1,0,1,18,2025-10-29 17:29:27.585
17841406083211195,18151036468398383,2025-09-26 03:03:37,VIDEO,REELS,16,1,418,1,0,1,18,2025-11-01 17:29:16.505
17841406083211195,18151036468398383,2025-09-26 03:03:37,VIDEO,REELS,16,1,419,1,0,1,18,2025-11-03 17:28:49.519
17841406083211195,18151036468398383,2025-09-26 03:03:37,VIDEO,REELS,16,1,420,1,0,1,18,2025-11-04 17:28:20.661
17841406083211195,18151036468398383,2025-09-26 03:03:37,VIDEO,REELS,16,1,421,1,0,1,18,2025-11-05 17:28:28.348
17841406083211195,18151036468398383,2025-09-26 03:03:37,VIDEO,REELS,16,1,422,1,0,1,18,2025-11-06 17:28:43.520
17841406083211195,18151036468398383,2025-09-26 03:03:37,VIDEO,REELS,16,1,422,1,0,1,18,2025-11-07 17:29:01.086
17841406083211195,18151036468398383,2025-09-26 03:03:37,VIDEO,REELS,17,1,423,1,0,1,19,2025-11-09 17:28:38.948
17841406083211195,18151036468398383,2025-09-26 03:03:37,VIDEO,REELS,17,1,424,1,0,1,19,2025-11-10 17:29:07.638
17841406083211195,18151036468398383,2025-09-26 03:03:37,VIDEO,REELS,17,1,429,1,0,1,19,2025-11-11 17:28:56.850
17841406083211195,18151036468398383,2025-09-26 03:03:37,VIDEO,REELS,17,1,431,1,0,1,19,2025-11-13 17:29:19.496
17841406083211195,18151036468398383,2025-09-26 03:03:37,VIDEO,REELS,17,1,432,1,0,1,19,2025-11-14 17:29:00.537
17841406083211195,18151036468398383,2025-09-26 03:03:37,VIDEO,REELS,17,1,435,1,0,1,20,2025-11-15 17:30:46.799
17841406083211195,18151036468398383,2025-09-26 03:03:37,VIDEO,REELS,17,1,436,1,0,1,20,2025-11-16 17:29:40.687
17841406083211195,18151036468398383,2025-09-26 03:03:37,VIDEO,REELS,17,1,438,1,0,1,20,2025-11-17 17:29:03.600
17841406083211195,18151036468398383,2025-09-26 03:03:37,VIDEO,REELS,17,1,439,1,0,1,20,2025-11-18 17:28:56.194
17841406083211195,18151036468398383,2025-09-26 03:03:37,VIDEO,REELS,17,1,442,1,0,1,20,2025-11-20 17:36:09.344
17841406083211195,18151036468398383,2025-09-26 03:03:37,VIDEO,REELS,17,1,443,1,0,1,20,2025-11-24 17:36:35.479
17841406083211195,18151036468398383,2025-09-26 03:03:37,VIDEO,REELS,17,1,450,1,0,1,20,2025-11-25 17:34:52.761
17841406083211195,18151036468398383,2025-09-26 03:03:37,VIDEO,REELS,17,1,452,1,0,1,20,2025-11-27 17:34:42.496
17841406083211195,18151036468398383,2025-09-26 03:03:37,VIDEO,REELS,17,1,453,1,0,1,20,2025-11-29 17:36:27.534
17841406083211195,18151036468398383,2025-09-26 03:03:37,VIDEO,REELS,17,1,454,1,0,1,20,2025-12-01 17:34:00.989
17841406083211195,18151036468398383,2025-09-26 03:03:37,VIDEO,REELS,17,1,455,1,0,1,20,2025-12-04 17:34:52.046
17841406083211195,18151036468398383,2025-09-26 03:03:37,VIDEO,REELS,17,1,458,1,0,1,20,2025-12-05 17:34:50.227
17841406083211195,18151036468398383,2025-09-26 03:03:37,VIDEO,REELS,17,1,460,1,0,1,20,2025-12-07 17:33:44.785
17841406083211195,18151036468398383,2025-09-26 03:03:37,VIDEO,REELS,17,1,461,1,0,1,20,2025-12-09 17:35:43.767
17841406083211195,18151036468398383,2025-09-26 03:03:37,VIDEO,REELS,17,1,461,1,0,1,20,2025-12-12 17:35:50.529
17841406083211195,18151036468398383,2025-09-26 03:03:37,VIDEO,REELS,17,1,462,1,0,1,20,2025-12-15 17:37:13.495
17841406083211195,18151036468398383,2025-09-26 03:03:37,VIDEO,REELS,17,1,462,1,0,1,20,2025-12-18 17:31:02.208
17841406083211195,18151036468398383,2025-09-26 03:03:37,VIDEO,REELS,17,1,464,1,0,1,20,2025-12-22 17:28:37.816
17841406083211195,18151036468398383,2025-09-26 03:03:37,VIDEO,REELS,17,1,464,1,0,1,20,2025-12-25 17:29:11.615
17841406083211195,18151683745410011,2025-10-21 11:05:30,VIDEO,REELS,0,0,67,0,0,0,0,2025-10-21 17:28:31.349
17841406083211195,18151683745410011,2025-10-21 11:05:30,VIDEO,REELS,9,0,228,0,0,1,10,2025-10-22 17:28:47.960
17841406083211195,18151683745410011,2025-10-21 11:05:30,VIDEO,REELS,11,0,347,0,0,1,12,2025-10-23 17:28:30.293
17841406083211195,18151683745410011,2025-10-21 11:05:30,VIDEO,REELS,12,0,366,0,0,1,13,2025-10-24 17:28:52.185
17841406083211195,18151683745410011,2025-10-21 11:05:30,VIDEO,REELS,12,0,381,0,0,1,13,2025-10-25 17:30:00.350
17841406083211195,18151683745410011,2025-10-21 11:05:30,VIDEO,REELS,12,0,391,0,0,1,13,2025-10-26 17:30:15.235
17841406083211195,18151683745410011,2025-10-21 11:05:30,VIDEO,REELS,12,0,399,0,0,1,13,2025-10-27 17:28:47.004
17841406083211195,18151683745410011,2025-10-21 11:05:30,VIDEO,REELS,12,0,410,0,0,1,13,2025-10-28 17:29:42.172
17841406083211195,18151683745410011,2025-10-21 11:05:30,VIDEO,REELS,12,0,418,0,0,1,13,2025-10-29 17:29:27.592
17841406083211195,18151683745410011,2025-10-21 11:05:30,VIDEO,REELS,12,0,431,0,0,1,13,2025-10-30 17:30:15.098
17841406083211195,18151683745410011,2025-10-21 11:05:30,VIDEO,REELS,12,0,434,0,0,1,13,2025-10-31 17:29:01.884
17841406083211195,18151683745410011,2025-10-21 11:05:30,VIDEO,REELS,13,0,441,0,0,1,14,2025-11-02 17:28:55.110
17841406083211195,18151683745410011,2025-10-21 11:05:30,VIDEO,REELS,13,0,442,0,0,1,14,2025-11-03 17:28:49.527
17841406083211195,18151683745410011,2025-10-21 11:05:30,VIDEO,REELS,13,0,446,0,0,1,14,2025-11-04 17:28:20.667
17841406083211195,18151683745410011,2025-10-21 11:05:30,VIDEO,REELS,13,0,447,0,0,1,14,2025-11-05 17:28:28.355
17841406083211195,18151683745410011,2025-10-21 11:05:30,VIDEO,REELS,13,0,449,0,0,1,14,2025-11-06 17:28:43.532
17841406083211195,18151683745410011,2025-10-21 11:05:30,VIDEO,REELS,14,0,458,0,0,1,15,2025-11-07 17:29:01.092
17841406083211195,18151683745410011,2025-10-21 11:05:30,VIDEO,REELS,15,0,460,0,0,1,16,2025-11-08 17:29:24.267
17841406083211195,18151683745410011,2025-10-21 11:05:30,VIDEO,REELS,15,0,461,0,0,1,16,2025-11-09 17:28:38.972
17841406083211195,18151683745410011,2025-10-21 11:05:30,VIDEO,REELS,15,0,463,0,0,1,16,2025-11-10 17:29:07.652
17841406083211195,18151683745410011,2025-10-21 11:05:30,VIDEO,REELS,15,0,470,0,0,1,16,2025-11-12 17:28:57.522
17841406083211195,18151683745410011,2025-10-21 11:05:30,VIDEO,REELS,15,0,472,0,0,1,16,2025-11-13 17:29:19.514
17841406083211195,18151683745410011,2025-10-21 11:05:30,VIDEO,REELS,15,0,473,0,0,1,16,2025-11-14 17:29:00.550
17841406083211195,18151683745410011,2025-10-21 11:05:30,VIDEO,REELS,15,0,476,0,0,1,17,2025-11-15 17:30:46.810
17841406083211195,18151683745410011,2025-10-21 11:05:30,VIDEO,REELS,15,0,478,0,0,1,17,2025-11-16 17:29:40.694
17841406083211195,18151683745410011,2025-10-21 11:05:30,VIDEO,REELS,15,0,480,0,0,1,17,2025-11-17 17:29:03.610
17841406083211195,18151683745410011,2025-10-21 11:05:30,VIDEO,REELS,15,0,484,0,0,1,17,2025-11-18 17:28:56.202
17841406083211195,18151683745410011,2025-10-21 11:05:30,VIDEO,REELS,15,0,487,0,0,1,17,2025-11-20 17:36:09.361
17841406083211195,18151683745410011,2025-10-21 11:05:30,VIDEO,REELS,15,0,491,0,0,1,17,2025-11-21 17:35:55.892
17841406083211195,18151683745410011,2025-10-21 11:05:30,VIDEO,REELS,15,0,492,0,0,1,17,2025-11-23 17:33:27.492
17841406083211195,18151683745410011,2025-10-21 11:05:30,VIDEO,REELS,15,0,493,0,0,1,17,2025-11-24 17:36:35.490
17841406083211195,18151683745410011,2025-10-21 11:05:30,VIDEO,REELS,15,0,494,0,0,1,17,2025-11-25 17:34:52.774
17841406083211195,18151683745410011,2025-10-21 11:05:30,VIDEO,REELS,15,0,495,0,0,1,17,2025-11-27 17:34:42.526
17841406083211195,18151683745410011,2025-10-21 11:05:30,VIDEO,REELS,15,0,496,0,0,1,17,2025-11-28 17:35:39.730
17841406083211195,18151683745410011,2025-10-21 11:05:30,VIDEO,REELS,15,0,499,0,0,1,17,2025-11-29 17:36:27.546
17841406083211195,18151683745410011,2025-10-21 11:05:30,VIDEO,REELS,15,0,500,0,0,1,17,2025-11-30 17:33:54.628
17841406083211195,18151683745410011,2025-10-21 11:05:30,VIDEO,REELS,15,0,501,0,0,1,17,2025-12-01 17:34:00.996
17841406083211195,18151683745410011,2025-10-21 11:05:30,VIDEO,REELS,15,0,503,0,0,1,17,2025-12-02 17:35:28.480
17841406083211195,18151683745410011,2025-10-21 11:05:30,VIDEO,REELS,15,0,504,0,0,1,17,2025-12-04 17:34:52.059
17841406083211195,18151683745410011,2025-10-21 11:05:30,VIDEO,REELS,15,0,505,0,0,1,17,2025-12-05 17:34:50.239
17841406083211195,18151683745410011,2025-10-21 11:05:30,VIDEO,REELS,15,0,506,0,0,1,17,2025-12-07 17:33:44.797
17841406083211195,18151683745410011,2025-10-21 11:05:30,VIDEO,REELS,15,0,507,0,0,1,17,2025-12-08 17:33:32.918
17841406083211195,18151683745410011,2025-10-21 11:05:30,VIDEO,REELS,15,0,508,0,0,1,17,2025-12-09 17:35:43.793
17841406083211195,18151683745410011,2025-10-21 11:05:30,VIDEO,REELS,15,0,509,0,0,1,17,2025-12-11 17:33:56.852
17841406083211195,18151683745410011,2025-10-21 11:05:30,VIDEO,REELS,15,0,511,0,0,1,17,2025-12-12 17:35:50.536
17841406083211195,18151683745410011,2025-10-21 11:05:30,VIDEO,REELS,15,0,512,0,0,1,17,2025-12-15 17:37:13.502
17841406083211195,18151683745410011,2025-10-21 11:05:30,VIDEO,REELS,15,0,513,0,0,1,17,2025-12-16 17:34:50.973
17841406083211195,18151683745410011,2025-10-21 11:05:30,VIDEO,REELS,15,0,514,0,0,1,17,2025-12-17 17:28:40.156
17841406083211195,18151683745410011,2025-10-21 11:05:30,VIDEO,REELS,15,0,516,0,0,1,17,2025-12-18 17:30:53.828
17841406083211195,18151683745410011,2025-10-21 11:05:30,VIDEO,REELS,15,0,517,0,0,1,17,2025-12-25 17:29:11.623
17841406083211195,18158194429329743,2025-01-17 09:32:12,VIDEO,REELS,16,0,493,0,0,985,1001,2025-04-18 19:14:48.871
17841406083211195,18158194429329743,2025-01-17 09:32:12,VIDEO,REELS,16,0,494,0,0,985,1001,2025-04-20 21:57:35.084
17841406083211195,18158194429329743,2025-01-17 09:32:12,VIDEO,REELS,16,0,495,0,0,985,1001,2025-04-22 17:29:19.253
17841406083211195,18158194429329743,2025-01-17 09:32:12,VIDEO,REELS,16,0,496,0,0,985,1001,2025-04-24 01:56:11.746
17841406083211195,18158194429329743,2025-01-17 09:32:12,VIDEO,REELS,16,0,497,0,0,985,1001,2025-05-08 17:30:05.775
17841406083211195,18158194429329743,2025-01-17 09:32:12,VIDEO,REELS,16,0,498,0,0,985,1001,2025-05-13 17:29:35.403
17841406083211195,18158194429329743,2025-01-17 09:32:12,VIDEO,REELS,16,0,499,0,0,985,1001,2025-05-14 17:30:08.440
17841406083211195,18158194429329743,2025-01-17 09:32:12,VIDEO,REELS,16,0,500,0,0,985,1001,2025-06-05 17:30:24.273
17841406083211195,18158194429329743,2025-01-17 09:32:12,VIDEO,REELS,16,0,503,0,0,985,1001,2025-08-05 17:30:42.512
17841406083211195,18158194429329743,2025-01-17 09:32:12,VIDEO,REELS,16,0,504,0,0,985,1001,2025-08-06 17:29:35.480
17841406083211195,18158194429329743,2025-01-17 09:32:12,VIDEO,REELS,16,0,505,0,0,985,1001,2025-08-08 17:29:44.679
17841406083211195,18158194429329743,2025-01-17 09:32:12,VIDEO,REELS,16,0,506,0,0,985,1001,2025-08-20 17:29:54.714
17841406083211195,18158194429329743,2025-01-17 09:32:12,VIDEO,REELS,16,0,507,0,0,985,1001,2025-08-31 17:29:08.166
17841406083211195,18158194429329743,2025-01-17 09:32:12,VIDEO,REELS,16,0,508,0,0,985,1001,2025-10-05 17:29:47.776
17841406083211195,18158194429329743,2025-01-17 09:32:12,VIDEO,REELS,16,0,509,0,0,985,1001,2025-12-04 17:33:52.387
17841406083211195,18158194429329743,2025-01-17 09:32:12,VIDEO,REELS,16,0,510,0,0,985,1001,2025-12-15 06:33:28.473
17841406083211195,18158194429329743,2025-01-17 09:32:12,VIDEO,REELS,16,0,510,0,0,985,1001,2025-12-24 17:29:27.248
17841406083211195,18158194429329743,2025-01-17 09:32:12,VIDEO,REELS,16,0,511,0,0,985,1001,2025-12-25 17:29:48.442
17841406083211195,18164197135380426,2025-11-10 07:02:02,VIDEO,REELS,5,0,161,0,0,0,5,2025-11-10 17:29:00.668
17841406083211195,18164197135380426,2025-11-10 07:02:02,VIDEO,REELS,6,0,261,0,0,0,6,2025-11-11 17:28:56.853
17841406083211195,18164197135380426,2025-11-10 07:02:02,VIDEO,REELS,16,0,469,0,0,0,16,2025-11-12 17:28:57.515
17841406083211195,18164197135380426,2025-11-10 07:02:02,VIDEO,REELS,16,0,541,0,0,0,16,2025-11-13 17:29:19.503
17841406083211195,18164197135380426,2025-11-10 07:02:02,VIDEO,REELS,25,0,582,0,0,0,25,2025-11-14 17:29:00.542
17841406083211195,18164197135380426,2025-11-10 07:02:02,VIDEO,REELS,41,0,622,0,0,0,44,2025-11-15 17:30:46.803
17841406083211195,18164197135380426,2025-11-10 07:02:02,VIDEO,REELS,42,0,633,0,0,0,45,2025-11-16 17:29:40.690
17841406083211195,18164197135380426,2025-11-10 07:02:02,VIDEO,REELS,42,0,642,0,0,0,45,2025-11-17 17:29:03.604
17841406083211195,18164197135380426,2025-11-10 07:02:02,VIDEO,REELS,42,0,658,0,0,0,45,2025-11-18 17:28:56.197
17841406083211195,18164197135380426,2025-11-10 07:02:02,VIDEO,REELS,42,0,669,0,0,0,45,2025-11-19 17:35:38.987
17841406083211195,18164197135380426,2025-11-10 07:02:02,VIDEO,REELS,42,0,673,0,0,0,45,2025-11-20 17:36:09.352
17841406083211195,18164197135380426,2025-11-10 07:02:02,VIDEO,REELS,42,0,685,0,0,0,45,2025-11-21 17:35:55.876
17841406083211195,18164197135380426,2025-11-10 07:02:02,VIDEO,REELS,42,0,689,0,0,0,45,2025-11-22 17:33:59.868
17841406083211195,18164197135380426,2025-11-10 07:02:02,VIDEO,REELS,42,0,694,0,0,0,45,2025-11-23 17:33:27.481
17841406083211195,18164197135380426,2025-11-10 07:02:02,VIDEO,REELS,42,0,696,0,0,0,45,2025-11-24 17:36:35.484
17841406083211195,18164197135380426,2025-11-10 07:02:02,VIDEO,REELS,42,0,699,0,0,0,45,2025-11-25 17:34:52.768
17841406083211195,18164197135380426,2025-11-10 07:02:02,VIDEO,REELS,42,0,708,0,0,0,45,2025-11-26 17:37:34.798
17841406083211195,18164197135380426,2025-11-10 07:02:02,VIDEO,REELS,42,0,713,0,0,0,45,2025-11-27 17:34:45.030
17841406083211195,18164197135380426,2025-11-10 07:02:02,VIDEO,REELS,42,0,714,0,0,0,45,2025-11-29 17:36:31.267
17841406083211195,18164197135380426,2025-11-10 07:02:02,VIDEO,REELS,42,0,718,0,0,0,45,2025-11-30 17:33:58.339
17841406083211195,18164197135380426,2025-11-10 07:02:02,VIDEO,REELS,42,0,720,0,0,0,45,2025-12-01 17:34:08.916
17841406083211195,18164197135380426,2025-11-10 07:02:02,VIDEO,REELS,42,0,721,0,0,0,45,2025-12-04 17:35:00.179
17841406083211195,18164197135380426,2025-11-10 07:02:02,VIDEO,REELS,42,0,722,0,0,0,45,2025-12-05 17:34:57.775
17841406083211195,18164197135380426,2025-11-10 07:02:02,VIDEO,REELS,42,0,724,0,0,0,45,2025-12-06 17:35:35.211
17841406083211195,18164197135380426,2025-11-10 07:02:02,VIDEO,REELS,42,0,725,0,0,0,45,2025-12-07 17:33:54.986
17841406083211195,18164197135380426,2025-11-10 07:02:02,VIDEO,REELS,42,0,727,0,0,0,45,2025-12-08 17:33:41.612
17841406083211195,18164197135380426,2025-11-10 07:02:02,VIDEO,REELS,42,0,729,0,0,0,45,2025-12-09 17:35:53.033
17841406083211195,18164197135380426,2025-11-10 07:02:02,VIDEO,REELS,42,0,732,0,0,0,45,2025-12-11 17:34:06.395
17841406083211195,18164197135380426,2025-11-10 07:02:02,VIDEO,REELS,42,0,735,0,0,0,45,2025-12-12 17:36:01.939
17841406083211195,18164197135380426,2025-11-10 07:02:02,VIDEO,REELS,42,0,736,0,0,0,45,2025-12-15 17:37:24.707
17841406083211195,18164197135380426,2025-11-10 07:02:02,VIDEO,REELS,42,0,736,0,0,0,45,2025-12-16 17:35:03.677
17841406083211195,18164197135380426,2025-11-10 07:02:02,VIDEO,REELS,42,2,740,2,0,0,47,2025-12-17 17:28:40.151
17841406083211195,18164197135380426,2025-11-10 07:02:02,VIDEO,REELS,42,2,752,2,0,0,47,2025-12-18 17:30:53.815
17841406083211195,18164197135380426,2025-11-10 07:02:02,VIDEO,REELS,42,2,753,2,0,0,47,2025-12-19 17:30:14.529
17841406083211195,18164197135380426,2025-11-10 07:02:02,VIDEO,REELS,42,2,756,2,0,0,47,2025-12-21 17:29:37.394
17841406083211195,18164197135380426,2025-11-10 07:02:02,VIDEO,REELS,42,2,757,2,0,0,47,2025-12-22 17:28:31.293
17841406083211195,18164197135380426,2025-11-10 07:02:02,VIDEO,REELS,42,2,758,2,0,0,47,2025-12-23 17:28:29.222
17841406083211195,18164197135380426,2025-11-10 07:02:02,VIDEO,REELS,42,2,759,2,0,0,47,2025-12-25 17:29:03.347
17841406083211195,18178559005348062,2025-10-28 10:15:57,VIDEO,REELS,2,0,66,0,0,0,2,2025-10-28 17:29:35.017
17841406083211195,18178559005348062,2025-10-28 10:15:57,VIDEO,REELS,3,0,201,0,0,0,3,2025-10-29 17:29:18.797
17841406083211195,18178559005348062,2025-10-28 10:15:57,VIDEO,REELS,3,0,233,0,0,0,3,2025-10-30 17:30:15.094
17841406083211195,18178559005348062,2025-10-28 10:15:57,VIDEO,REELS,4,0,238,0,0,0,4,2025-10-31 17:29:01.881
17841406083211195,18178559005348062,2025-10-28 10:15:57,VIDEO,REELS,4,0,243,0,0,0,4,2025-11-01 17:29:16.509
17841406083211195,18178559005348062,2025-10-28 10:15:57,VIDEO,REELS,4,0,245,0,0,0,4,2025-11-02 17:28:55.101
17841406083211195,18178559005348062,2025-10-28 10:15:57,VIDEO,REELS,4,0,251,0,0,0,4,2025-11-03 17:28:49.523
17841406083211195,18178559005348062,2025-10-28 10:15:57,VIDEO,REELS,4,0,258,0,0,0,4,2025-11-04 17:28:20.664
17841406083211195,18178559005348062,2025-10-28 10:15:57,VIDEO,REELS,4,0,262,0,0,0,4,2025-11-05 17:28:28.351
17841406083211195,18178559005348062,2025-10-28 10:15:57,VIDEO,REELS,5,0,269,0,0,0,5,2025-11-06 17:28:43.526
17841406083211195,18178559005348062,2025-10-28 10:15:57,VIDEO,REELS,5,0,270,0,0,0,5,2025-11-07 17:29:01.089
17841406083211195,18178559005348062,2025-10-28 10:15:57,VIDEO,REELS,6,0,273,0,0,0,6,2025-11-08 17:29:24.261
17841406083211195,18178559005348062,2025-10-28 10:15:57,VIDEO,REELS,6,0,274,0,0,0,6,2025-11-09 17:28:38.953
17841406083211195,18178559005348062,2025-10-28 10:15:57,VIDEO,REELS,6,0,278,0,0,0,6,2025-11-10 17:29:07.644
17841406083211195,18178559005348062,2025-10-28 10:15:57,VIDEO,REELS,6,0,282,0,0,0,6,2025-11-11 17:28:56.854
17841406083211195,18178559005348062,2025-10-28 10:15:57,VIDEO,REELS,6,0,284,0,0,0,6,2025-11-12 17:28:57.516
17841406083211195,18178559005348062,2025-10-28 10:15:57,VIDEO,REELS,6,0,285,0,0,0,6,2025-11-13 17:29:19.504
17841406083211195,18178559005348062,2025-10-28 10:15:57,VIDEO,REELS,7,0,287,0,0,0,7,2025-11-14 17:29:00.544
17841406083211195,18178559005348062,2025-10-28 10:15:57,VIDEO,REELS,7,0,291,0,0,0,7,2025-11-15 17:30:46.804
17841406083211195,18178559005348062,2025-10-28 10:15:57,VIDEO,REELS,7,0,292,0,0,0,7,2025-11-16 17:29:40.691
17841406083211195,18178559005348062,2025-10-28 10:15:57,VIDEO,REELS,7,0,293,0,0,0,7,2025-11-17 17:29:03.605
17841406083211195,18178559005348062,2025-10-28 10:15:57,VIDEO,REELS,7,0,297,0,0,0,7,2025-11-18 17:28:56.198
17841406083211195,18178559005348062,2025-10-28 10:15:57,VIDEO,REELS,7,0,301,0,0,0,7,2025-11-19 17:35:38.988
17841406083211195,18178559005348062,2025-10-28 10:15:57,VIDEO,REELS,7,0,302,0,0,0,7,2025-11-20 17:36:09.354
17841406083211195,18178559005348062,2025-10-28 10:15:57,VIDEO,REELS,7,0,303,0,0,0,7,2025-11-23 17:33:27.483
17841406083211195,18178559005348062,2025-10-28 10:15:57,VIDEO,REELS,7,0,304,0,0,0,7,2025-11-24 17:36:35.485
17841406083211195,18178559005348062,2025-10-28 10:15:57,VIDEO,REELS,7,0,305,0,0,0,7,2025-11-25 17:34:52.769
17841406083211195,18178559005348062,2025-10-28 10:15:57,VIDEO,REELS,7,0,308,0,0,0,7,2025-11-27 17:34:42.515
17841406083211195,18178559005348062,2025-10-28 10:15:57,VIDEO,REELS,7,0,310,0,0,0,7,2025-11-29 17:36:27.541
17841406083211195,18178559005348062,2025-10-28 10:15:57,VIDEO,REELS,7,0,311,0,0,0,7,2025-11-30 17:33:54.622
17841406083211195,18178559005348062,2025-10-28 10:15:57,VIDEO,REELS,7,0,311,0,0,0,7,2025-12-01 17:34:00.993
17841406083211195,18178559005348062,2025-10-28 10:15:57,VIDEO,REELS,7,0,312,0,0,0,7,2025-12-02 17:35:28.473
17841406083211195,18178559005348062,2025-10-28 10:15:57,VIDEO,REELS,7,0,313,0,0,0,7,2025-12-03 17:36:45.840
17841406083211195,18178559005348062,2025-10-28 10:15:57,VIDEO,REELS,7,0,314,0,0,0,7,2025-12-05 17:34:50.234
17841406083211195,18178559005348062,2025-10-28 10:15:57,VIDEO,REELS,7,0,315,0,0,0,7,2025-12-08 17:33:32.912
17841406083211195,18178559005348062,2025-10-28 10:15:57,VIDEO,REELS,7,0,317,0,0,0,7,2025-12-16 17:34:50.963
17841406083211195,18178559005348062,2025-10-28 10:15:57,VIDEO,REELS,7,0,318,0,0,0,7,2025-12-17 17:28:40.152
17841406083211195,18178559005348062,2025-10-28 10:15:57,VIDEO,REELS,7,0,319,0,0,0,7,2025-12-23 17:28:29.224
17841406083211195,18178559005348062,2025-10-28 10:15:57,VIDEO,REELS,7,0,320,0,0,0,7,2025-12-25 17:29:03.349
17841406083211195,18193619215335828,2025-11-28 10:31:40,VIDEO,REELS,7,0,175,0,0,0,7,2025-11-28 17:35:39.727
17841406083211195,18193619215335828,2025-11-28 10:31:40,VIDEO,REELS,7,0,201,0,0,0,7,2025-11-29 17:36:27.540
17841406083211195,18193619215335828,2025-11-28 10:31:40,VIDEO,REELS,7,0,228,0,0,0,7,2025-11-30 17:33:54.621
17841406083211195,18193619215335828,2025-11-28 10:31:40,VIDEO,REELS,8,0,239,0,0,0,8,2025-12-01 17:34:00.993
17841406083211195,18193619215335828,2025-11-28 10:31:40,VIDEO,REELS,8,0,248,0,0,0,8,2025-12-02 17:35:28.472
17841406083211195,18193619215335828,2025-11-28 10:31:40,VIDEO,REELS,8,0,258,0,0,0,8,2025-12-03 17:36:45.839
17841406083211195,18193619215335828,2025-11-28 10:31:40,VIDEO,REELS,8,0,259,0,0,0,8,2025-12-04 17:34:52.052
17841406083211195,18193619215335828,2025-11-28 10:31:40,VIDEO,REELS,8,0,259,0,0,0,8,2025-12-05 17:34:50.233
17841406083211195,18193619215335828,2025-11-28 10:31:40,VIDEO,REELS,8,0,261,0,0,0,8,2025-12-06 17:35:26.330
17841406083211195,18193619215335828,2025-11-28 10:31:40,VIDEO,REELS,8,0,268,0,0,0,8,2025-12-07 17:33:44.791
17841406083211195,18193619215335828,2025-11-28 10:31:40,VIDEO,REELS,8,0,270,0,0,0,8,2025-12-08 17:33:32.911
17841406083211195,18193619215335828,2025-11-28 10:31:40,VIDEO,REELS,8,0,275,0,0,0,8,2025-12-09 17:35:43.780
17841406083211195,18193619215335828,2025-11-28 10:31:40,VIDEO,REELS,8,0,278,0,0,0,8,2025-12-11 17:33:56.846
17841406083211195,18193619215335828,2025-11-28 10:31:40,VIDEO,REELS,8,0,279,0,0,0,8,2025-12-12 17:35:50.533
17841406083211195,18193619215335828,2025-11-28 10:31:40,VIDEO,REELS,9,0,282,0,0,0,9,2025-12-15 17:37:13.499
17841406083211195,18193619215335828,2025-11-28 10:31:40,VIDEO,REELS,9,0,286,0,0,0,9,2025-12-16 17:34:50.962
17841406083211195,18193619215335828,2025-11-28 10:31:40,VIDEO,REELS,9,0,288,0,0,0,9,2025-12-17 17:28:40.152
17841406083211195,18193619215335828,2025-11-28 10:31:40,VIDEO,REELS,9,0,291,0,0,0,9,2025-12-19 17:30:14.530
17841406083211195,18193619215335828,2025-11-28 10:31:40,VIDEO,REELS,9,0,294,0,0,0,9,2025-12-21 17:29:37.394
17841406083211195,18193619215335828,2025-11-28 10:31:40,VIDEO,REELS,9,0,295,0,0,0,9,2025-12-22 17:28:31.294
17841406083211195,18193619215335828,2025-11-28 10:31:40,VIDEO,REELS,9,0,296,0,0,0,9,2025-12-23 17:28:29.223
17841406083211195,18193619215335828,2025-11-28 10:31:40,VIDEO,REELS,9,0,297,0,0,0,9,2025-12-25 17:29:03.348
17841406083211195,18273737863251720,2025-03-12 10:10:35,VIDEO,REELS,5,0,363,0,0,0,5,2025-04-17 17:31:52.794
17841406083211195,18273737863251720,2025-03-12 10:10:35,VIDEO,REELS,5,0,364,0,0,0,5,2025-04-18 19:14:47.749
17841406083211195,18273737863251720,2025-03-12 10:10:35,VIDEO,REELS,5,0,365,0,0,0,5,2025-04-19 21:58:31.468
17841406083211195,18273737863251720,2025-03-12 10:10:35,VIDEO,REELS,5,0,366,0,0,0,5,2025-04-22 06:39:46.049
17841406083211195,18273737863251720,2025-03-12 10:10:35,VIDEO,REELS,5,0,367,0,0,0,5,2025-04-22 17:29:16.973
17841406083211195,18273737863251720,2025-03-12 10:10:35,VIDEO,REELS,5,0,367,0,0,0,5,2025-04-25 17:30:04.352
17841406083211195,18273737863251720,2025-03-12 10:10:35,VIDEO,REELS,5,0,368,0,0,0,5,2025-05-01 17:31:37.123
17841406083211195,18273737863251720,2025-03-12 10:10:35,VIDEO,REELS,5,0,369,0,0,0,5,2025-05-05 17:29:55.868
17841406083211195,18273737863251720,2025-03-12 10:10:35,VIDEO,REELS,5,0,370,0,0,0,5,2025-05-06 17:29:33.094
17841406083211195,18273737863251720,2025-03-12 10:10:35,VIDEO,REELS,5,0,371,0,0,0,5,2025-05-08 17:30:01.750
17841406083211195,18273737863251720,2025-03-12 10:10:35,VIDEO,REELS,5,0,373,0,0,0,5,2025-05-17 17:30:06.314
17841406083211195,18273737863251720,2025-03-12 10:10:35,VIDEO,REELS,5,0,374,0,0,0,5,2025-05-24 17:30:42.232
17841406083211195,18273737863251720,2025-03-12 10:10:35,VIDEO,REELS,5,0,375,0,0,0,5,2025-06-05 17:30:15.483
17841406083211195,18273737863251720,2025-03-12 10:10:35,VIDEO,REELS,5,0,379,0,0,0,5,2025-07-21 17:30:54.841
17841406083211195,18273737863251720,2025-03-12 10:10:35,VIDEO,REELS,5,0,380,0,0,0,5,2025-07-25 17:29:48.894
17841406083211195,18273737863251720,2025-03-12 10:10:35,VIDEO,REELS,5,0,381,0,0,0,5,2025-08-01 17:30:15.508
17841406083211195,18273737863251720,2025-03-12 10:10:35,VIDEO,REELS,5,0,382,0,0,0,5,2025-08-04 17:30:32.188
17841406083211195,18273737863251720,2025-03-12 10:10:35,VIDEO,REELS,5,0,383,0,0,0,5,2025-08-06 17:29:32.809
17841406083211195,18273737863251720,2025-03-12 10:10:35,VIDEO,REELS,5,0,384,0,0,0,5,2025-08-20 17:29:49.042
17841406083211195,18273737863251720,2025-03-12 10:10:35,VIDEO,REELS,5,0,385,0,0,0,5,2025-08-25 17:29:45.205
17841406083211195,18273737863251720,2025-03-12 10:10:35,VIDEO,REELS,5,0,386,0,0,0,5,2025-08-27 17:30:23.662
17841406083211195,18273737863251720,2025-03-12 10:10:35,VIDEO,REELS,5,0,387,0,0,0,5,2025-08-31 17:28:56.733
17841406083211195,18273737863251720,2025-03-12 10:10:35,VIDEO,REELS,5,0,390,0,0,0,5,2025-10-10 17:30:20.759
17841406083211195,18273737863251720,2025-03-12 10:10:35,VIDEO,REELS,5,0,392,0,0,0,5,2025-12-01 17:33:15.134
17841406083211195,18273737863251720,2025-03-12 10:10:35,VIDEO,REELS,5,0,393,0,0,0,5,2025-12-03 17:35:49.228
17841406083211195,18273737863251720,2025-03-12 10:10:35,VIDEO,REELS,5,0,394,0,0,0,5,2025-12-24 17:29:21.585
17841406083211195,18273737863251720,2025-03-12 10:10:35,VIDEO,REELS,5,0,395,0,0,0,5,2025-12-25 17:29:40.545
17841406083211195,18290996581278969,2025-11-05 10:12:23,VIDEO,REELS,1,0,69,0,0,0,1,2025-11-05 17:28:20.427
17841406083211195,18290996581278969,2025-11-05 10:12:23,VIDEO,REELS,2,0,101,0,0,0,2,2025-11-06 17:28:43.532
17841406083211195,18290996581278969,2025-11-05 10:12:23,VIDEO,REELS,3,0,117,0,0,0,3,2025-11-07 17:29:01.092
17841406083211195,18290996581278969,2025-11-05 10:12:23,VIDEO,REELS,3,0,130,0,0,0,3,2025-11-08 17:29:24.267
17841406083211195,18290996581278969,2025-11-05 10:12:23,VIDEO,REELS,5,0,139,0,0,0,5,2025-11-09 17:28:38.971
17841406083211195,18290996581278969,2025-11-05 10:12:23,VIDEO,REELS,5,0,151,0,0,0,5,2025-11-10 17:29:07.651
17841406083211195,18290996581278969,2025-11-05 10:12:23,VIDEO,REELS,5,0,163,0,0,0,5,2025-11-11 17:28:56.860
17841406083211195,18290996581278969,2025-11-05 10:12:23,VIDEO,REELS,5,0,173,0,0,0,5,2025-11-12 17:28:57.521
17841406083211195,18290996581278969,2025-11-05 10:12:23,VIDEO,REELS,5,0,185,0,0,0,5,2025-11-13 17:29:19.513
17841406083211195,18290996581278969,2025-11-05 10:12:23,VIDEO,REELS,5,0,192,0,0,0,5,2025-11-14 17:29:00.549
17841406083211195,18290996581278969,2025-11-05 10:12:23,VIDEO,REELS,5,0,201,0,0,0,5,2025-11-15 17:30:46.809
17841406083211195,18290996581278969,2025-11-05 10:12:23,VIDEO,REELS,5,0,209,0,0,0,5,2025-11-16 17:29:40.694
17841406083211195,18290996581278969,2025-11-05 10:12:23,VIDEO,REELS,5,0,214,0,0,0,5,2025-11-17 17:29:03.610
17841406083211195,18290996581278969,2025-11-05 10:12:23,VIDEO,REELS,5,0,231,0,0,0,5,2025-11-18 17:28:56.202
17841406083211195,18290996581278969,2025-11-05 10:12:23,VIDEO,REELS,5,0,237,0,0,0,5,2025-11-19 17:35:40.558
17841406083211195,18290996581278969,2025-11-05 10:12:23,VIDEO,REELS,5,0,241,0,0,0,5,2025-11-20 17:36:11.075
17841406083211195,18290996581278969,2025-11-05 10:12:23,VIDEO,REELS,5,0,245,0,0,0,5,2025-11-21 17:36:02.519
17841406083211195,18290996581278969,2025-11-05 10:12:23,VIDEO,REELS,5,0,246,0,0,0,5,2025-11-22 17:34:01.730
17841406083211195,18290996581278969,2025-11-05 10:12:23,VIDEO,REELS,5,0,247,0,0,0,5,2025-11-23 17:33:29.832
17841406083211195,18290996581278969,2025-11-05 10:12:23,VIDEO,REELS,5,0,251,0,0,0,5,2025-11-24 17:36:37.543
17841406083211195,18290996581278969,2025-11-05 10:12:23,VIDEO,REELS,5,0,254,0,0,0,5,2025-11-25 17:34:55.736
17841406083211195,18290996581278969,2025-11-05 10:12:23,VIDEO,REELS,5,0,256,0,0,0,5,2025-11-26 17:37:42.126
17841406083211195,18290996581278969,2025-11-05 10:12:23,VIDEO,REELS,5,0,259,0,0,0,5,2025-11-27 17:34:45.033
17841406083211195,18290996581278969,2025-11-05 10:12:23,VIDEO,REELS,5,0,260,0,0,0,5,2025-11-29 17:36:31.268
17841406083211195,18290996581278969,2025-11-05 10:12:23,VIDEO,REELS,5,0,261,0,0,0,5,2025-12-01 17:34:08.918
17841406083211195,18290996581278969,2025-11-05 10:12:23,VIDEO,REELS,5,0,263,0,0,0,5,2025-12-02 17:35:38.575
17841406083211195,18290996581278969,2025-11-05 10:12:23,VIDEO,REELS,5,0,263,0,0,0,5,2025-12-03 17:36:55.134
17841406083211195,18290996581278969,2025-11-05 10:12:23,VIDEO,REELS,5,0,264,0,0,0,5,2025-12-05 17:34:57.778
17841406083211195,18290996581278969,2025-11-05 10:12:23,VIDEO,REELS,5,0,265,0,0,0,5,2025-12-06 17:35:35.215
17841406083211195,18290996581278969,2025-11-05 10:12:23,VIDEO,REELS,5,0,267,0,0,0,5,2025-12-07 17:33:54.989
17841406083211195,18290996581278969,2025-11-05 10:12:23,VIDEO,REELS,5,0,268,0,0,0,5,2025-12-08 17:33:41.617
17841406083211195,18290996581278969,2025-11-05 10:12:23,VIDEO,REELS,5,0,269,0,0,0,5,2025-12-11 17:34:06.397
17841406083211195,18290996581278969,2025-11-05 10:12:23,VIDEO,REELS,5,0,270,0,0,0,5,2025-12-12 17:36:01.940
17841406083211195,18290996581278969,2025-11-05 10:12:23,VIDEO,REELS,5,0,270,0,0,0,5,2025-12-15 17:37:24.709
17841406083211195,18290996581278969,2025-11-05 10:12:23,VIDEO,REELS,5,0,272,0,0,0,5,2025-12-16 17:35:03.681
17841406083211195,18290996581278969,2025-11-05 10:12:23,VIDEO,REELS,5,0,273,0,0,0,5,2025-12-17 17:28:40.156
17841406083211195,18290996581278969,2025-11-05 10:12:23,VIDEO,REELS,5,0,276,0,0,0,5,2025-12-22 17:28:31.297
17841406083211195,18290996581278969,2025-11-05 10:12:23,VIDEO,REELS,5,0,277,0,0,0,5,2025-12-23 17:28:29.229
17841406083211195,18290996581278969,2025-11-05 10:12:23,VIDEO,REELS,5,0,279,0,0,0,5,2025-12-25 17:29:03.352
17841406083211195,18312604237240001,2025-07-24 06:25:25,VIDEO,REELS,9,0,195,0,0,5,14,2025-07-24 17:29:52.594
17841406083211195,18312604237240001,2025-07-24 06:25:25,VIDEO,REELS,12,0,271,0,0,6,18,2025-07-25 17:29:29.464
17841406083211195,18312604237240001,2025-07-24 06:25:25,VIDEO,REELS,12,0,289,0,0,6,18,2025-07-26 17:29:50.121
17841406083211195,18312604237240001,2025-07-24 06:25:25,VIDEO,REELS,12,0,300,0,0,6,18,2025-07-27 17:30:24.972
17841406083211195,18312604237240001,2025-07-24 06:25:25,VIDEO,REELS,12,0,321,0,0,6,18,2025-07-28 17:29:02.218
17841406083211195,18312604237240001,2025-07-24 06:25:25,VIDEO,REELS,13,0,329,0,0,6,19,2025-07-29 17:29:46.531
17841406083211195,18312604237240001,2025-07-24 06:25:25,VIDEO,REELS,14,0,340,0,0,6,20,2025-07-30 17:30:07.346
17841406083211195,18312604237240001,2025-07-24 06:25:25,VIDEO,REELS,14,0,342,0,0,6,20,2025-07-31 17:28:52.263
17841406083211195,18312604237240001,2025-07-24 06:25:25,VIDEO,REELS,14,0,346,0,0,6,20,2025-08-01 17:30:02.455
17841406083211195,18312604237240001,2025-07-24 06:25:25,VIDEO,REELS,14,0,349,0,0,6,20,2025-08-02 17:29:36.156
17841406083211195,18312604237240001,2025-07-24 06:25:25,VIDEO,REELS,14,0,353,0,0,6,20,2025-08-03 17:29:40.178
17841406083211195,18312604237240001,2025-07-24 06:25:25,VIDEO,REELS,14,0,355,0,0,6,20,2025-08-04 17:30:20.393
17841406083211195,18312604237240001,2025-07-24 06:25:25,VIDEO,REELS,14,0,360,0,0,6,20,2025-08-05 17:30:25.825
17841406083211195,18312604237240001,2025-07-24 06:25:25,VIDEO,REELS,14,0,362,0,0,6,20,2025-08-06 17:29:21.816
17841406083211195,18312604237240001,2025-07-24 06:25:25,VIDEO,REELS,14,0,366,0,0,6,20,2025-08-07 17:29:51.652
17841406083211195,18312604237240001,2025-07-24 06:25:25,VIDEO,REELS,14,0,372,0,0,6,20,2025-08-08 17:29:30.439
17841406083211195,18312604237240001,2025-07-24 06:25:25,VIDEO,REELS,14,0,373,0,0,6,20,2025-08-10 17:29:41.094
17841406083211195,18312604237240001,2025-07-24 06:25:25,VIDEO,REELS,14,0,374,0,0,6,20,2025-08-11 17:30:32.966
17841406083211195,18312604237240001,2025-07-24 06:25:25,VIDEO,REELS,14,0,377,0,0,6,20,2025-08-12 17:31:22.349
17841406083211195,18312604237240001,2025-07-24 06:25:25,VIDEO,REELS,14,0,378,0,0,6,20,2025-08-14 17:30:30.705
17841406083211195,18312604237240001,2025-07-24 06:25:25,VIDEO,REELS,14,0,381,0,0,6,20,2025-08-16 17:29:29.899
17841406083211195,18312604237240001,2025-07-24 06:25:25,VIDEO,REELS,14,0,382,0,0,6,20,2025-08-18 17:28:55.671
17841406083211195,18312604237240001,2025-07-24 06:25:25,VIDEO,REELS,14,0,384,0,0,6,20,2025-08-19 17:29:34.435
17841406083211195,18312604237240001,2025-07-24 06:25:25,VIDEO,REELS,14,0,385,0,0,6,20,2025-08-20 17:29:40.874
17841406083211195,18312604237240001,2025-07-24 06:25:25,VIDEO,REELS,14,0,387,0,0,6,20,2025-08-21 17:30:19.080
17841406083211195,18312604237240001,2025-07-24 06:25:25,VIDEO,REELS,14,0,388,0,0,6,20,2025-08-23 17:29:30.932
17841406083211195,18312604237240001,2025-07-24 06:25:25,VIDEO,REELS,14,0,389,0,0,6,20,2025-08-24 17:29:05.932
17841406083211195,18312604237240001,2025-07-24 06:25:25,VIDEO,REELS,14,0,390,0,0,6,20,2025-08-25 17:29:34.732
17841406083211195,18312604237240001,2025-07-24 06:25:25,VIDEO,REELS,14,0,394,0,0,6,20,2025-08-27 17:30:15.466
17841406083211195,18312604237240001,2025-07-24 06:25:25,VIDEO,REELS,14,0,396,0,0,6,20,2025-08-30 17:30:09.893
17841406083211195,18312604237240001,2025-07-24 06:25:25,VIDEO,REELS,14,0,397,0,0,6,20,2025-08-31 17:28:47.926
17841406083211195,18312604237240001,2025-07-24 06:25:25,VIDEO,REELS,14,0,421,0,0,6,20,2025-10-03 17:29:13.358
17841406083211195,18312604237240001,2025-07-24 06:25:25,VIDEO,REELS,14,0,422,0,0,6,20,2025-10-04 17:29:36.065
17841406083211195,18312604237240001,2025-07-24 06:25:25,VIDEO,REELS,14,0,423,0,0,6,20,2025-10-05 17:29:24.319
17841406083211195,18312604237240001,2025-07-24 06:25:25,VIDEO,REELS,14,0,424,0,0,6,20,2025-10-06 17:28:48.559
17841406083211195,18312604237240001,2025-07-24 06:25:25,VIDEO,REELS,14,0,425,0,0,6,20,2025-10-15 17:29:48.880
17841406083211195,18312604237240001,2025-07-24 06:25:25,VIDEO,REELS,14,0,426,0,0,6,20,2025-10-17 17:29:48.792
17841406083211195,18312604237240001,2025-07-24 06:25:25,VIDEO,REELS,14,0,427,0,0,6,20,2025-10-20 17:29:18.463
17841406083211195,18312604237240001,2025-07-24 06:25:25,VIDEO,REELS,14,0,429,0,0,6,20,2025-10-24 17:28:58.158
17841406083211195,18312604237240001,2025-07-24 06:25:25,VIDEO,REELS,14,0,430,0,0,6,20,2025-10-29 17:29:38.421
17841406083211195,18312604237240001,2025-07-24 06:25:25,VIDEO,REELS,14,0,431,0,0,6,20,2025-11-06 17:28:50.926
17841406083211195,18312604237240001,2025-07-24 06:25:25,VIDEO,REELS,14,0,432,0,0,6,20,2025-11-10 17:29:14.410
17841406083211195,18312604237240001,2025-07-24 06:25:25,VIDEO,REELS,14,0,433,0,0,6,20,2025-11-11 17:29:05.810
17841406083211195,18312604237240001,2025-07-24 06:25:25,VIDEO,REELS,14,0,433,0,0,6,20,2025-11-14 17:29:08.313
17841406083211195,18312604237240001,2025-07-24 06:25:25,VIDEO,REELS,14,0,435,0,0,6,20,2025-11-18 17:29:03.776
17841406083211195,18312604237240001,2025-07-24 06:25:25,VIDEO,REELS,14,0,436,0,0,6,20,2025-12-03 17:36:28.747
17841406083211195,18312604237240001,2025-07-24 06:25:25,VIDEO,REELS,14,0,438,0,0,6,20,2025-12-12 17:35:25.288
17841406083211195,18312604237240001,2025-07-24 06:25:25,VIDEO,REELS,14,0,439,0,0,6,20,2025-12-25 17:29:25.137
17841406083211195,18321475009232091,2025-08-20 09:59:21,VIDEO,REELS,0,0,140,0,0,0,0,2025-08-20 17:29:34.104
17841406083211195,18321475009232091,2025-08-20 09:59:21,VIDEO,REELS,0,0,237,0,0,0,0,2025-08-21 17:30:10.660
17841406083211195,18321475009232091,2025-08-20 09:59:21,VIDEO,REELS,0,0,256,0,0,0,0,2025-08-22 17:29:22.437
17841406083211195,18321475009232091,2025-08-20 09:59:21,VIDEO,REELS,0,0,260,0,0,0,0,2025-08-23 17:29:30.938
17841406083211195,18321475009232091,2025-08-20 09:59:21,VIDEO,REELS,0,0,266,0,0,0,0,2025-08-24 17:29:05.938
17841406083211195,18321475009232091,2025-08-20 09:59:21,VIDEO,REELS,0,0,269,0,0,0,0,2025-08-25 17:29:34.736
17841406083211195,18321475009232091,2025-08-20 09:59:21,VIDEO,REELS,0,0,279,0,0,0,0,2025-08-26 17:29:05.597
17841406083211195,18321475009232091,2025-08-20 09:59:21,VIDEO,REELS,0,0,288,0,0,0,0,2025-08-27 17:30:15.471
17841406083211195,18321475009232091,2025-08-20 09:59:21,VIDEO,REELS,0,0,293,0,0,0,0,2025-08-28 17:31:18.234
17841406083211195,18321475009232091,2025-08-20 09:59:21,VIDEO,REELS,0,0,296,0,0,0,0,2025-08-29 17:28:45.772
17841406083211195,18321475009232091,2025-08-20 09:59:21,VIDEO,REELS,0,0,300,0,0,0,0,2025-08-30 17:30:09.896
17841406083211195,18321475009232091,2025-08-20 09:59:21,VIDEO,REELS,0,0,307,0,0,0,0,2025-08-31 17:28:47.933
17841406083211195,18321475009232091,2025-08-20 09:59:21,VIDEO,REELS,0,0,378,0,1,0,1,2025-10-01 04:09:53.358
17841406083211195,18321475009232091,2025-08-20 09:59:21,VIDEO,REELS,0,0,379,0,1,0,1,2025-10-02 17:29:27.083
17841406083211195,18321475009232091,2025-08-20 09:59:21,VIDEO,REELS,0,0,380,0,1,0,1,2025-10-05 17:29:24.326
17841406083211195,18321475009232091,2025-08-20 09:59:21,VIDEO,REELS,0,0,381,0,1,0,1,2025-10-06 17:28:48.566
17841406083211195,18321475009232091,2025-08-20 09:59:21,VIDEO,REELS,0,0,384,0,1,0,1,2025-10-08 17:29:40.364
17841406083211195,18321475009232091,2025-08-20 09:59:21,VIDEO,REELS,0,0,385,0,1,0,1,2025-10-09 17:28:46.178
17841406083211195,18321475009232091,2025-08-20 09:59:21,VIDEO,REELS,0,0,386,0,1,0,1,2025-10-15 17:29:48.886
17841406083211195,18321475009232091,2025-08-20 09:59:21,VIDEO,REELS,0,0,387,0,1,0,1,2025-10-16 17:28:56.625
17841406083211195,18321475009232091,2025-08-20 09:59:21,VIDEO,REELS,1,0,388,0,1,0,2,2025-10-20 17:29:18.468
17841406083211195,18321475009232091,2025-08-20 09:59:21,VIDEO,REELS,1,0,389,0,1,0,2,2025-10-21 17:28:38.460
17841406083211195,18321475009232091,2025-08-20 09:59:21,VIDEO,REELS,1,0,391,0,1,0,2,2025-10-26 17:30:15.234
17841406083211195,18321475009232091,2025-08-20 09:59:21,VIDEO,REELS,1,0,392,0,1,0,2,2025-10-27 17:28:47.004
17841406083211195,18321475009232091,2025-08-20 09:59:21,VIDEO,REELS,1,0,393,0,1,0,2,2025-10-29 17:29:27.592
17841406083211195,18321475009232091,2025-08-20 09:59:21,VIDEO,REELS,1,0,397,0,1,0,2,2025-11-03 17:28:49.527
17841406083211195,18321475009232091,2025-08-20 09:59:21,VIDEO,REELS,1,0,398,0,1,0,2,2025-11-06 17:28:43.532
17841406083211195,18321475009232091,2025-08-20 09:59:21,VIDEO,REELS,1,0,399,0,1,0,2,2025-11-10 17:29:14.417
17841406083211195,18321475009232091,2025-08-20 09:59:21,VIDEO,REELS,1,0,401,0,1,0,2,2025-11-11 17:29:05.814
17841406083211195,18321475009232091,2025-08-20 09:59:21,VIDEO,REELS,1,0,401,0,1,0,2,2025-11-14 17:29:08.317
17841406083211195,18321475009232091,2025-08-20 09:59:21,VIDEO,REELS,1,0,403,0,1,0,2,2025-11-17 17:29:12.875
17841406083211195,18321475009232091,2025-08-20 09:59:21,VIDEO,REELS,1,0,406,0,1,0,2,2025-11-18 17:29:03.780
17841406083211195,18321475009232091,2025-08-20 09:59:21,VIDEO,REELS,1,0,407,0,1,0,2,2025-11-19 17:35:11.184
17841406083211195,18321475009232091,2025-08-20 09:59:21,VIDEO,REELS,1,0,409,0,1,0,2,2025-12-05 17:34:34.779
17841406083211195,18321475009232091,2025-08-20 09:59:21,VIDEO,REELS,1,0,410,0,1,0,2,2025-12-07 17:33:28.024
17841406083211195,18321475009232091,2025-08-20 09:59:21,VIDEO,REELS,1,0,411,0,1,0,2,2025-12-08 17:33:12.770
17841406083211195,18321475009232091,2025-08-20 09:59:21,VIDEO,REELS,1,0,412,0,1,0,2,2025-12-11 17:33:40.059
17841406083211195,18321475009232091,2025-08-20 09:59:21,VIDEO,REELS,1,0,412,0,1,0,2,2025-12-25 17:29:11.622
17841406083211195,18325776157228370,2025-08-13 10:22:21,VIDEO,REELS,2,0,148,0,0,1,3,2025-08-13 17:29:45.096
17841406083211195,18325776157228370,2025-08-13 10:22:21,VIDEO,REELS,4,0,325,0,0,1,5,2025-08-14 17:30:24.750
17841406083211195,18325776157228370,2025-08-13 10:22:21,VIDEO,REELS,4,0,357,0,0,1,5,2025-08-15 17:29:20.111
17841406083211195,18325776157228370,2025-08-13 10:22:21,VIDEO,REELS,4,0,362,0,0,1,5,2025-08-16 17:29:29.895
17841406083211195,18325776157228370,2025-08-13 10:22:21,VIDEO,REELS,4,0,367,0,0,1,5,2025-08-17 17:28:43.177
17841406083211195,18325776157228370,2025-08-13 10:22:21,VIDEO,REELS,4,0,376,0,0,1,5,2025-08-18 17:28:55.668
17841406083211195,18325776157228370,2025-08-13 10:22:21,VIDEO,REELS,4,0,381,0,0,1,5,2025-08-19 17:29:34.426
17841406083211195,18325776157228370,2025-08-13 10:22:21,VIDEO,REELS,4,0,382,0,0,1,5,2025-08-20 17:29:40.866
17841406083211195,18325776157228370,2025-08-13 10:22:21,VIDEO,REELS,4,0,389,0,0,1,5,2025-08-21 17:30:19.075
17841406083211195,18325776157228370,2025-08-13 10:22:21,VIDEO,REELS,4,0,393,0,0,1,5,2025-08-23 17:29:30.926
17841406083211195,18325776157228370,2025-08-13 10:22:21,VIDEO,REELS,4,0,394,0,0,1,5,2025-08-24 17:29:05.926
17841406083211195,18325776157228370,2025-08-13 10:22:21,VIDEO,REELS,4,0,395,0,0,1,5,2025-08-25 17:29:34.728
17841406083211195,18325776157228370,2025-08-13 10:22:21,VIDEO,REELS,4,0,401,0,0,1,5,2025-08-27 17:30:15.456
17841406083211195,18325776157228370,2025-08-13 10:22:21,VIDEO,REELS,4,0,406,0,0,1,5,2025-08-29 17:28:45.765
17841406083211195,18325776157228370,2025-08-13 10:22:21,VIDEO,REELS,4,0,408,0,0,1,5,2025-08-30 17:30:09.889
17841406083211195,18325776157228370,2025-08-13 10:22:21,VIDEO,REELS,4,0,412,0,0,1,5,2025-08-31 17:28:47.920
17841406083211195,18325776157228370,2025-08-13 10:22:21,VIDEO,REELS,5,0,476,0,0,1,6,2025-10-01 04:09:53.340
17841406083211195,18325776157228370,2025-08-13 10:22:21,VIDEO,REELS,5,0,485,0,0,1,6,2025-10-01 17:29:53.146
17841406083211195,18325776157228370,2025-08-13 10:22:21,VIDEO,REELS,5,0,489,0,0,1,6,2025-10-02 17:29:27.073
17841406083211195,18325776157228370,2025-08-13 10:22:21,VIDEO,REELS,6,0,493,0,0,1,7,2025-10-05 17:29:24.313
17841406083211195,18325776157228370,2025-08-13 10:22:21,VIDEO,REELS,6,0,494,0,0,1,7,2025-10-06 17:28:48.555
17841406083211195,18325776157228370,2025-08-13 10:22:21,VIDEO,REELS,6,0,496,0,0,1,7,2025-10-08 17:29:40.358
17841406083211195,18325776157228370,2025-08-13 10:22:21,VIDEO,REELS,6,0,497,0,0,1,7,2025-10-09 17:28:46.166
17841406083211195,18325776157228370,2025-08-13 10:22:21,VIDEO,REELS,6,0,498,0,0,1,7,2025-10-10 17:30:06.542
17841406083211195,18325776157228370,2025-08-13 10:22:21,VIDEO,REELS,6,0,499,0,0,1,7,2025-10-13 17:28:53.156
17841406083211195,18325776157228370,2025-08-13 10:22:21,VIDEO,REELS,6,0,500,0,0,1,7,2025-10-15 17:29:48.876
17841406083211195,18325776157228370,2025-08-13 10:22:21,VIDEO,REELS,6,0,501,0,0,1,7,2025-10-20 17:29:18.459
17841406083211195,18325776157228370,2025-08-13 10:22:21,VIDEO,REELS,6,0,502,0,0,1,7,2025-10-21 17:28:38.453
17841406083211195,18325776157228370,2025-08-13 10:22:21,VIDEO,REELS,6,0,503,0,0,1,7,2025-10-22 17:28:54.480
17841406083211195,18325776157228370,2025-08-13 10:22:21,VIDEO,REELS,6,0,504,0,0,1,7,2025-10-26 17:30:15.217
17841406083211195,18325776157228370,2025-08-13 10:22:21,VIDEO,REELS,6,0,505,0,0,1,7,2025-10-27 17:28:46.988
17841406083211195,18325776157228370,2025-08-13 10:22:21,VIDEO,REELS,6,0,506,0,0,1,7,2025-10-29 17:29:27.586
17841406083211195,18325776157228370,2025-08-13 10:22:21,VIDEO,REELS,6,0,509,0,0,1,7,2025-11-06 17:28:50.918
17841406083211195,18325776157228370,2025-08-13 10:22:21,VIDEO,REELS,6,0,510,0,0,1,7,2025-11-10 17:29:14.402
17841406083211195,18325776157228370,2025-08-13 10:22:21,VIDEO,REELS,6,0,512,0,0,1,7,2025-11-11 17:29:05.807
17841406083211195,18325776157228370,2025-08-13 10:22:21,VIDEO,REELS,6,0,513,0,0,1,7,2025-11-12 17:29:04.431
17841406083211195,18325776157228370,2025-08-13 10:22:21,VIDEO,REELS,6,0,514,0,0,1,7,2025-11-17 17:29:12.865
17841406083211195,18325776157228370,2025-08-13 10:22:21,VIDEO,REELS,6,0,515,0,0,1,7,2025-11-18 17:29:03.772
17841406083211195,18325776157228370,2025-08-13 10:22:21,VIDEO,REELS,6,0,516,0,0,1,7,2025-12-03 17:36:28.742
17841406083211195,18325776157228370,2025-08-13 10:22:21,VIDEO,REELS,6,0,518,0,0,1,7,2025-12-05 17:34:34.765
17841406083211195,18325776157228370,2025-08-13 10:22:21,VIDEO,REELS,6,0,519,0,0,1,7,2025-12-07 17:33:28.014
17841406083211195,18325776157228370,2025-08-13 10:22:21,VIDEO,REELS,6,0,520,0,0,1,7,2025-12-15 17:36:51.714
17841406083211195,18325776157228370,2025-08-13 10:22:21,VIDEO,REELS,6,0,521,0,0,1,7,2025-12-25 17:29:11.616
17841406083211195,18328300786214806,2025-11-14 13:37:57,VIDEO,REELS,15,0,297,0,0,0,15,2025-11-14 17:28:54.489
17841406083211195,18328300786214806,2025-11-14 13:37:57,VIDEO,REELS,36,0,553,0,0,0,38,2025-11-15 17:30:31.584
17841406083211195,18328300786214806,2025-11-14 13:37:57,VIDEO,REELS,38,0,616,0,0,0,40,2025-11-16 17:29:33.043
17841406083211195,18328300786214806,2025-11-14 13:37:57,VIDEO,REELS,38,0,640,0,0,0,40,2025-11-17 17:28:56.594
17841406083211195,18328300786214806,2025-11-14 13:37:57,VIDEO,REELS,38,0,660,0,0,0,40,2025-11-18 17:28:56.192
17841406083211195,18328300786214806,2025-11-14 13:37:57,VIDEO,REELS,38,0,677,0,0,0,40,2025-11-19 17:35:38.979
17841406083211195,18328300786214806,2025-11-14 13:37:57,VIDEO,REELS,39,0,686,0,0,0,41,2025-11-20 17:36:09.341
17841406083211195,18328300786214806,2025-11-14 13:37:57,VIDEO,REELS,39,0,691,0,0,0,41,2025-11-21 17:35:55.844
17841406083211195,18328300786214806,2025-11-14 13:37:57,VIDEO,REELS,39,0,693,0,0,0,41,2025-11-22 17:33:59.847
17841406083211195,18328300786214806,2025-11-14 13:37:57,VIDEO,REELS,39,0,694,0,0,0,41,2025-11-23 17:33:27.469
17841406083211195,18328300786214806,2025-11-14 13:37:57,VIDEO,REELS,39,0,700,0,0,0,41,2025-11-24 17:36:35.478
17841406083211195,18328300786214806,2025-11-14 13:37:57,VIDEO,REELS,39,0,707,0,0,0,41,2025-11-25 17:34:52.759
17841406083211195,18328300786214806,2025-11-14 13:37:57,VIDEO,REELS,39,0,712,0,0,0,41,2025-11-26 17:37:34.791
17841406083211195,18328300786214806,2025-11-14 13:37:57,VIDEO,REELS,39,0,716,0,0,0,41,2025-11-27 17:34:42.493
17841406083211195,18328300786214806,2025-11-14 13:37:57,VIDEO,REELS,39,0,721,0,0,0,41,2025-11-29 17:36:27.533
17841406083211195,18328300786214806,2025-11-14 13:37:57,VIDEO,REELS,39,0,723,0,0,0,41,2025-11-30 17:33:54.614
17841406083211195,18328300786214806,2025-11-14 13:37:57,VIDEO,REELS,39,0,725,0,0,0,41,2025-12-01 17:34:00.989
17841406083211195,18328300786214806,2025-11-14 13:37:57,VIDEO,REELS,39,0,728,0,0,0,41,2025-12-03 17:36:45.832
17841406083211195,18328300786214806,2025-11-14 13:37:57,VIDEO,REELS,39,0,728,0,0,0,41,2025-12-05 17:34:50.226
17841406083211195,18328300786214806,2025-11-14 13:37:57,VIDEO,REELS,39,0,731,0,0,0,41,2025-12-06 17:35:26.317
17841406083211195,18328300786214806,2025-11-14 13:37:57,VIDEO,REELS,39,0,733,0,0,0,41,2025-12-07 17:33:44.781
17841406083211195,18328300786214806,2025-11-14 13:37:57,VIDEO,REELS,39,0,734,0,0,0,41,2025-12-08 17:33:32.903
17841406083211195,18328300786214806,2025-11-14 13:37:57,VIDEO,REELS,39,0,738,0,0,0,41,2025-12-11 17:33:56.838
17841406083211195,18328300786214806,2025-11-14 13:37:57,VIDEO,REELS,39,0,740,0,0,0,41,2025-12-12 17:35:50.528
17841406083211195,18328300786214806,2025-11-14 13:37:57,VIDEO,REELS,39,0,743,0,0,0,41,2025-12-15 06:34:20.222
17841406083211195,18328300786214806,2025-11-14 13:37:57,VIDEO,REELS,39,0,744,0,0,0,41,2025-12-15 17:37:13.494
17841406083211195,18328300786214806,2025-11-14 13:37:57,VIDEO,REELS,39,0,745,0,0,0,41,2025-12-16 17:34:50.947
17841406083211195,18328300786214806,2025-11-14 13:37:57,VIDEO,REELS,39,0,747,0,0,0,41,2025-12-17 17:28:40.147
17841406083211195,18328300786214806,2025-11-14 13:37:57,VIDEO,REELS,39,0,750,0,0,0,41,2025-12-18 17:30:53.804
17841406083211195,18328300786214806,2025-11-14 13:37:57,VIDEO,REELS,39,0,752,0,0,0,41,2025-12-19 17:30:14.522
17841406083211195,18328300786214806,2025-11-14 13:37:57,VIDEO,REELS,39,0,754,0,0,0,41,2025-12-22 17:28:31.290
17841406083211195,18328300786214806,2025-11-14 13:37:57,VIDEO,REELS,39,0,757,0,0,0,41,2025-12-23 17:28:29.215
17841406083211195,18328300786214806,2025-11-14 13:37:57,VIDEO,REELS,39,0,758,0,0,0,41,2025-12-25 17:29:03.343
17841406083211195,18350645230204293,2025-11-21 10:24:18,VIDEO,REELS,12,0,175,0,0,0,12,2025-11-21 17:35:55.867
17841406083211195,18350645230204293,2025-11-21 10:24:18,VIDEO,REELS,16,0,334,0,0,0,16,2025-11-22 17:33:59.864
17841406083211195,18350645230204293,2025-11-21 10:24:18,VIDEO,REELS,16,0,354,0,0,0,16,2025-11-23 17:33:27.478
17841406083211195,18350645230204293,2025-11-21 10:24:18,VIDEO,REELS,17,0,388,0,0,1,18,2025-11-24 17:36:35.483
17841406083211195,18350645230204293,2025-11-21 10:24:18,VIDEO,REELS,17,0,404,0,0,1,18,2025-11-25 17:34:52.766
17841406083211195,18350645230204293,2025-11-21 10:24:18,VIDEO,REELS,17,0,412,0,0,1,18,2025-11-26 17:37:34.796
17841406083211195,18350645230204293,2025-11-21 10:24:18,VIDEO,REELS,17,0,419,0,0,1,18,2025-11-27 17:34:42.508
17841406083211195,18350645230204293,2025-11-21 10:24:18,VIDEO,REELS,17,0,422,0,0,1,18,2025-11-29 17:36:27.539
17841406083211195,18350645230204293,2025-11-21 10:24:18,VIDEO,REELS,17,0,426,0,0,1,18,2025-11-30 17:33:54.619
17841406083211195,18350645230204293,2025-11-21 10:24:18,VIDEO,REELS,17,0,428,0,0,1,18,2025-12-01 17:34:00.992
17841406083211195,18350645230204293,2025-11-21 10:24:18,VIDEO,REELS,17,0,433,0,0,1,18,2025-12-02 17:35:28.469
17841406083211195,18350645230204293,2025-11-21 10:24:18,VIDEO,REELS,17,0,439,0,0,1,18,2025-12-03 17:36:45.837
17841406083211195,18350645230204293,2025-11-21 10:24:18,VIDEO,REELS,17,0,441,0,0,1,18,2025-12-05 17:34:50.231
17841406083211195,18350645230204293,2025-11-21 10:24:18,VIDEO,REELS,17,0,444,0,0,1,18,2025-12-06 17:35:26.327
17841406083211195,18350645230204293,2025-11-21 10:24:18,VIDEO,REELS,17,0,447,0,0,1,18,2025-12-07 17:33:44.789
17841406083211195,18350645230204293,2025-11-21 10:24:18,VIDEO,REELS,17,0,447,0,0,1,18,2025-12-08 17:33:32.909
17841406083211195,18350645230204293,2025-11-21 10:24:18,VIDEO,REELS,17,0,449,0,0,1,18,2025-12-09 17:35:43.776
17841406083211195,18350645230204293,2025-11-21 10:24:18,VIDEO,REELS,17,0,450,0,0,1,18,2025-12-11 17:33:56.844
17841406083211195,18350645230204293,2025-11-21 10:24:18,VIDEO,REELS,17,0,453,0,0,1,18,2025-12-12 17:35:50.532
17841406083211195,18350645230204293,2025-11-21 10:24:18,VIDEO,REELS,17,0,455,0,0,1,18,2025-12-15 06:34:20.227
17841406083211195,18350645230204293,2025-11-21 10:24:18,VIDEO,REELS,17,0,458,0,0,1,18,2025-12-15 17:37:13.497
17841406083211195,18350645230204293,2025-11-21 10:24:18,VIDEO,REELS,17,0,459,0,0,1,18,2025-12-16 17:34:50.958
17841406083211195,18350645230204293,2025-11-21 10:24:18,VIDEO,REELS,17,0,461,0,0,1,18,2025-12-17 17:28:40.150
17841406083211195,18350645230204293,2025-11-21 10:24:18,VIDEO,REELS,17,0,464,0,0,1,18,2025-12-18 17:30:53.812
17841406083211195,18350645230204293,2025-11-21 10:24:18,VIDEO,REELS,17,0,466,0,0,1,18,2025-12-19 17:30:14.528
17841406083211195,18350645230204293,2025-11-21 10:24:18,VIDEO,REELS,17,0,468,0,0,1,18,2025-12-22 17:28:31.293
17841406083211195,18350645230204293,2025-11-21 10:24:18,VIDEO,REELS,17,0,470,0,0,1,18,2025-12-23 17:28:29.220
17841406083211195,18350645230204293,2025-11-21 10:24:18,VIDEO,REELS,17,0,472,0,0,1,18,2025-12-25 17:29:03.346
17841406083211195,18352415248090905,2025-08-27 08:09:15,VIDEO,REELS,2,0,106,0,0,0,2,2025-08-27 17:30:06.188
17841406083211195,18352415248090905,2025-08-27 08:09:15,VIDEO,REELS,3,0,225,0,0,0,3,2025-08-28 17:31:10.344
17841406083211195,18352415248090905,2025-08-27 08:09:15,VIDEO,REELS,3,0,274,0,0,0,3,2025-08-29 17:28:45.763
17841406083211195,18352415248090905,2025-08-27 08:09:15,VIDEO,REELS,3,0,284,0,0,0,3,2025-08-30 17:30:09.887
17841406083211195,18352415248090905,2025-08-27 08:09:15,VIDEO,REELS,3,0,294,0,0,0,3,2025-08-31 17:28:47.916
17841406083211195,18352415248090905,2025-08-27 08:09:15,VIDEO,REELS,3,0,431,0,0,0,3,2025-10-01 04:09:53.331
17841406083211195,18352415248090905,2025-08-27 08:09:15,VIDEO,REELS,3,0,432,0,0,0,3,2025-10-01 17:29:53.139
17841406083211195,18352415248090905,2025-08-27 08:09:15,VIDEO,REELS,3,0,435,0,0,0,3,2025-10-02 04:04:29.511
17841406083211195,18352415248090905,2025-08-27 08:09:15,VIDEO,REELS,3,0,436,0,0,0,3,2025-10-02 17:29:27.068
17841406083211195,18352415248090905,2025-08-27 08:09:15,VIDEO,REELS,3,0,440,0,0,0,3,2025-10-05 17:29:24.307
17841406083211195,18352415248090905,2025-08-27 08:09:15,VIDEO,REELS,3,0,441,0,0,0,3,2025-10-06 17:28:48.550
17841406083211195,18352415248090905,2025-08-27 08:09:15,VIDEO,REELS,3,0,443,0,0,0,3,2025-10-08 17:29:40.355
17841406083211195,18352415248090905,2025-08-27 08:09:15,VIDEO,REELS,3,0,445,0,0,0,3,2025-10-09 17:28:46.160
17841406083211195,18352415248090905,2025-08-27 08:09:15,VIDEO,REELS,3,0,446,0,0,0,3,2025-10-10 17:30:06.539
17841406083211195,18352415248090905,2025-08-27 08:09:15,VIDEO,REELS,3,0,447,0,0,0,3,2025-10-12 17:28:49.778
17841406083211195,18352415248090905,2025-08-27 08:09:15,VIDEO,REELS,3,0,447,0,0,0,3,2025-10-13 17:28:53.151
17841406083211195,18352415248090905,2025-08-27 08:09:15,VIDEO,REELS,3,0,448,0,0,0,3,2025-10-15 17:29:48.871
17841406083211195,18352415248090905,2025-08-27 08:09:15,VIDEO,REELS,3,0,449,0,0,0,3,2025-10-16 17:28:56.609
17841406083211195,18352415248090905,2025-08-27 08:09:15,VIDEO,REELS,3,0,450,0,0,0,3,2025-10-17 17:29:48.782
17841406083211195,18352415248090905,2025-08-27 08:09:15,VIDEO,REELS,3,0,451,0,0,0,3,2025-10-20 17:29:18.453
17841406083211195,18352415248090905,2025-08-27 08:09:15,VIDEO,REELS,3,0,452,0,0,0,3,2025-10-21 17:28:38.449
17841406083211195,18352415248090905,2025-08-27 08:09:15,VIDEO,REELS,3,0,453,0,0,0,3,2025-10-23 17:28:30.278
17841406083211195,18352415248090905,2025-08-27 08:09:15,VIDEO,REELS,3,0,455,0,0,0,3,2025-10-26 17:30:15.209
17841406083211195,18352415248090905,2025-08-27 08:09:15,VIDEO,REELS,3,0,456,0,0,0,3,2025-10-27 17:28:46.980
17841406083211195,18352415248090905,2025-08-27 08:09:15,VIDEO,REELS,3,0,457,0,0,0,3,2025-10-28 17:29:42.164
17841406083211195,18352415248090905,2025-08-27 08:09:15,VIDEO,REELS,3,0,458,0,0,0,3,2025-10-29 17:29:27.583
17841406083211195,18352415248090905,2025-08-27 08:09:15,VIDEO,REELS,3,0,462,0,0,0,3,2025-11-03 17:28:49.517
17841406083211195,18352415248090905,2025-08-27 08:09:15,VIDEO,REELS,3,0,463,0,0,0,3,2025-11-06 17:28:43.517
17841406083211195,18352415248090905,2025-08-27 08:09:15,VIDEO,REELS,3,0,464,0,0,0,3,2025-11-10 17:29:07.634
17841406083211195,18352415248090905,2025-08-27 08:09:15,VIDEO,REELS,3,0,466,0,0,0,3,2025-11-11 17:28:56.848
17841406083211195,18352415248090905,2025-08-27 08:09:15,VIDEO,REELS,3,0,467,0,0,0,3,2025-11-14 17:29:08.307
17841406083211195,18352415248090905,2025-08-27 08:09:15,VIDEO,REELS,3,0,468,0,0,0,3,2025-11-17 17:29:12.861
17841406083211195,18352415248090905,2025-08-27 08:09:15,VIDEO,REELS,3,0,470,0,0,0,3,2025-11-18 17:29:03.769
17841406083211195,18352415248090905,2025-08-27 08:09:15,VIDEO,REELS,3,0,472,0,0,0,3,2025-11-19 17:35:11.177
17841406083211195,18352415248090905,2025-08-27 08:09:15,VIDEO,REELS,3,0,473,0,0,0,3,2025-11-23 17:33:11.044
17841406083211195,18352415248090905,2025-08-27 08:09:15,VIDEO,REELS,3,0,474,0,0,0,3,2025-11-26 17:37:08.496
17841406083211195,18352415248090905,2025-08-27 08:09:15,VIDEO,REELS,3,0,475,0,0,0,3,2025-11-30 17:33:37.930
17841406083211195,18352415248090905,2025-08-27 08:09:15,VIDEO,REELS,3,0,476,0,0,0,3,2025-12-01 17:33:45.590
17841406083211195,18352415248090905,2025-08-27 08:09:15,VIDEO,REELS,3,0,477,0,0,0,3,2025-12-02 17:35:07.720
17841406083211195,18352415248090905,2025-08-27 08:09:15,VIDEO,REELS,3,0,478,0,0,0,3,2025-12-03 17:36:28.739
17841406083211195,18352415248090905,2025-08-27 08:09:15,VIDEO,REELS,3,0,479,0,0,0,3,2025-12-04 17:34:30.947
17841406083211195,18352415248090905,2025-08-27 08:09:15,VIDEO,REELS,3,0,480,0,0,0,3,2025-12-08 17:33:12.755
17841406083211195,18352415248090905,2025-08-27 08:09:15,VIDEO,REELS,3,0,481,0,0,0,3,2025-12-22 17:28:37.814
17841406083211195,18352415248090905,2025-08-27 08:09:15,VIDEO,REELS,3,0,482,0,0,0,3,2025-12-25 17:29:11.613
17841406083211195,18362798935179274,2025-06-24 10:17:12,VIDEO,REELS,9,0,327,0,0,14,23,2025-07-03 03:00:02.134
17841406083211195,18362798935179274,2025-06-24 10:17:12,VIDEO,REELS,9,0,328,0,0,14,23,2025-07-03 17:29:59.199
17841406083211195,18362798935179274,2025-06-24 10:17:12,VIDEO,REELS,9,0,331,0,0,14,23,2025-07-05 17:29:52.036
17841406083211195,18362798935179274,2025-06-24 10:17:12,VIDEO,REELS,9,0,333,0,0,14,23,2025-07-06 17:30:30.229
17841406083211195,18362798935179274,2025-06-24 10:17:12,VIDEO,REELS,9,0,335,0,0,14,23,2025-07-07 17:30:38.823
17841406083211195,18362798935179274,2025-06-24 10:17:12,VIDEO,REELS,9,0,335,0,0,14,23,2025-07-08 17:29:53.714
17841406083211195,18362798935179274,2025-06-24 10:17:12,VIDEO,REELS,9,0,336,0,0,14,23,2025-07-09 17:30:26.327
17841406083211195,18362798935179274,2025-06-24 10:17:12,VIDEO,REELS,9,0,337,0,0,14,23,2025-07-10 17:29:17.314
17841406083211195,18362798935179274,2025-06-24 10:17:12,VIDEO,REELS,9,0,339,0,0,14,23,2025-07-16 17:30:05.702
17841406083211195,18362798935179274,2025-06-24 10:17:12,VIDEO,REELS,9,0,340,0,0,14,23,2025-07-18 17:29:48.359
17841406083211195,18362798935179274,2025-06-24 10:17:12,VIDEO,REELS,9,0,342,0,0,14,23,2025-07-22 17:30:36.345
17841406083211195,18362798935179274,2025-06-24 10:17:12,VIDEO,REELS,9,0,343,0,0,14,23,2025-07-23 17:30:15.876
17841406083211195,18362798935179274,2025-06-24 10:17:12,VIDEO,REELS,9,0,343,0,0,14,23,2025-07-24 17:30:01.591
17841406083211195,18362798935179274,2025-06-24 10:17:12,VIDEO,REELS,9,0,345,0,0,14,23,2025-07-25 17:29:40.351
17841406083211195,18362798935179274,2025-06-24 10:17:12,VIDEO,REELS,9,0,346,0,0,14,23,2025-07-27 17:30:34.300
17841406083211195,18362798935179274,2025-06-24 10:17:12,VIDEO,REELS,9,0,348,0,0,14,23,2025-07-29 17:29:46.524
17841406083211195,18362798935179274,2025-06-24 10:17:12,VIDEO,REELS,9,0,352,0,0,14,23,2025-07-30 17:30:07.334
17841406083211195,18362798935179274,2025-06-24 10:17:12,VIDEO,REELS,9,0,354,0,0,14,23,2025-08-01 17:30:02.443
17841406083211195,18362798935179274,2025-06-24 10:17:12,VIDEO,REELS,9,0,355,0,0,14,23,2025-08-06 17:29:21.806
17841406083211195,18362798935179274,2025-06-24 10:17:12,VIDEO,REELS,9,0,356,0,0,14,23,2025-08-07 17:29:51.640
17841406083211195,18362798935179274,2025-06-24 10:17:12,VIDEO,REELS,9,0,357,0,0,14,23,2025-08-08 17:29:30.426
17841406083211195,18362798935179274,2025-06-24 10:17:12,VIDEO,REELS,9,0,357,0,0,14,23,2025-08-11 17:30:32.954
17841406083211195,18362798935179274,2025-06-24 10:17:12,VIDEO,REELS,9,0,358,0,0,14,23,2025-08-12 17:31:22.342
17841406083211195,18362798935179274,2025-06-24 10:17:12,VIDEO,REELS,9,0,359,0,0,14,23,2025-08-14 17:30:30.698
17841406083211195,18362798935179274,2025-06-24 10:17:12,VIDEO,REELS,10,0,361,0,0,14,24,2025-08-19 17:29:34.419
17841406083211195,18362798935179274,2025-06-24 10:17:12,VIDEO,REELS,10,0,362,0,0,14,24,2025-08-20 17:29:40.854
17841406083211195,18362798935179274,2025-06-24 10:17:12,VIDEO,REELS,10,0,364,0,0,14,24,2025-08-21 17:30:19.069
17841406083211195,18362798935179274,2025-06-24 10:17:12,VIDEO,REELS,10,0,365,0,0,14,24,2025-08-25 17:29:34.724
17841406083211195,18362798935179274,2025-06-24 10:17:12,VIDEO,REELS,10,0,366,0,0,14,24,2025-08-30 17:30:09.886
17841406083211195,18362798935179274,2025-06-24 10:17:12,VIDEO,REELS,10,0,367,0,0,14,24,2025-08-31 17:28:47.913
17841406083211195,18362798935179274,2025-06-24 10:17:12,VIDEO,REELS,10,0,374,0,0,14,24,2025-10-04 17:29:46.371
17841406083211195,18362798935179274,2025-06-24 10:17:12,VIDEO,REELS,10,0,376,0,0,14,24,2025-10-06 17:28:55.800
17841406083211195,18362798935179274,2025-06-24 10:17:12,VIDEO,REELS,10,0,378,0,0,14,24,2025-10-15 17:30:00.900
17841406083211195,18362798935179274,2025-06-24 10:17:12,VIDEO,REELS,10,0,379,0,0,14,24,2025-10-21 17:28:47.397
17841406083211195,18362798935179274,2025-06-24 10:17:12,VIDEO,REELS,10,0,380,0,0,14,24,2025-11-10 17:29:14.396
17841406083211195,18362798935179274,2025-06-24 10:17:12,VIDEO,REELS,10,0,381,0,0,14,24,2025-11-18 17:29:03.768
17841406083211195,18362798935179274,2025-06-24 10:17:12,VIDEO,REELS,10,0,382,0,0,14,24,2025-12-03 17:36:09.382
17841406083211195,18362798935179274,2025-06-24 10:17:12,VIDEO,REELS,10,0,383,0,0,14,24,2025-12-25 17:29:25.131
17841406083211195,18372088303197088,2025-08-28 10:27:29,VIDEO,REELS,2,0,98,0,0,0,2,2025-08-28 17:31:10.345
17841406083211195,18372088303197088,2025-08-28 10:27:29,VIDEO,REELS,2,0,228,0,0,0,2,2025-08-29 17:28:40.265
17841406083211195,18372088303197088,2025-08-28 10:27:29,VIDEO,REELS,3,1,248,1,0,0,4,2025-08-30 17:29:57.664
17841406083211195,18372088303197088,2025-08-28 10:27:29,VIDEO,REELS,3,1,281,1,0,0,4,2025-08-31 17:28:41.346
17841406083211195,18372088303197088,2025-08-28 10:27:29,VIDEO,REELS,4,1,422,1,1,0,6,2025-10-01 04:09:53.336
17841406083211195,18372088303197088,2025-08-28 10:27:29,VIDEO,REELS,4,1,425,1,1,0,6,2025-10-02 17:29:27.071
17841406083211195,18372088303197088,2025-08-28 10:27:29,VIDEO,REELS,4,1,426,1,1,0,6,2025-10-03 17:29:13.354
17841406083211195,18372088303197088,2025-08-28 10:27:29,VIDEO,REELS,4,1,427,1,1,0,6,2025-10-05 17:29:24.310
17841406083211195,18372088303197088,2025-08-28 10:27:29,VIDEO,REELS,4,1,428,1,1,0,6,2025-10-06 17:28:48.552
17841406083211195,18372088303197088,2025-08-28 10:27:29,VIDEO,REELS,4,1,429,1,1,0,6,2025-10-08 17:29:40.356
17841406083211195,18372088303197088,2025-08-28 10:27:29,VIDEO,REELS,4,1,431,1,1,0,6,2025-10-09 17:28:46.163
17841406083211195,18372088303197088,2025-08-28 10:27:29,VIDEO,REELS,4,1,435,1,1,0,6,2025-10-12 17:28:49.781
17841406083211195,18372088303197088,2025-08-28 10:27:29,VIDEO,REELS,4,1,436,1,1,0,6,2025-10-15 17:29:48.874
17841406083211195,18372088303197088,2025-08-28 10:27:29,VIDEO,REELS,4,1,437,1,1,0,6,2025-10-16 17:28:56.612
17841406083211195,18372088303197088,2025-08-28 10:27:29,VIDEO,REELS,5,1,439,1,1,0,7,2025-10-17 17:29:48.786
17841406083211195,18372088303197088,2025-08-28 10:27:29,VIDEO,REELS,5,1,439,1,1,0,7,2025-10-18 17:28:28.241
17841406083211195,18372088303197088,2025-08-28 10:27:29,VIDEO,REELS,5,1,440,1,1,0,7,2025-10-20 17:29:18.456
17841406083211195,18372088303197088,2025-08-28 10:27:29,VIDEO,REELS,5,1,441,1,1,0,7,2025-10-21 17:28:38.452
17841406083211195,18372088303197088,2025-08-28 10:27:29,VIDEO,REELS,5,1,442,1,1,0,7,2025-10-23 17:28:30.282
17841406083211195,18372088303197088,2025-08-28 10:27:29,VIDEO,REELS,5,1,443,1,1,0,7,2025-10-24 17:28:52.174
17841406083211195,18372088303197088,2025-08-28 10:27:29,VIDEO,REELS,5,1,444,1,1,0,7,2025-10-27 17:28:46.985
17841406083211195,18372088303197088,2025-08-28 10:27:29,VIDEO,REELS,5,1,445,1,1,0,7,2025-10-28 17:29:42.166
17841406083211195,18372088303197088,2025-08-28 10:27:29,VIDEO,REELS,5,1,445,1,1,0,7,2025-10-29 17:29:27.585
17841406083211195,18372088303197088,2025-08-28 10:27:29,VIDEO,REELS,5,1,448,1,1,0,7,2025-11-03 17:28:49.519
17841406083211195,18372088303197088,2025-08-28 10:27:29,VIDEO,REELS,5,1,449,1,1,0,7,2025-11-05 17:28:28.348
17841406083211195,18372088303197088,2025-08-28 10:27:29,VIDEO,REELS,5,1,450,1,1,0,7,2025-11-06 17:28:43.520
17841406083211195,18372088303197088,2025-08-28 10:27:29,VIDEO,REELS,5,1,450,1,1,0,7,2025-11-10 17:29:07.637
17841406083211195,18372088303197088,2025-08-28 10:27:29,VIDEO,REELS,5,1,452,1,1,0,7,2025-11-11 17:28:56.849
17841406083211195,18372088303197088,2025-08-28 10:27:29,VIDEO,REELS,5,1,453,1,1,0,7,2025-11-13 17:29:31.133
17841406083211195,18372088303197088,2025-08-28 10:27:29,VIDEO,REELS,5,1,454,1,1,0,7,2025-11-14 17:29:08.309
17841406083211195,18372088303197088,2025-08-28 10:27:29,VIDEO,REELS,5,1,455,1,1,0,7,2025-11-17 17:29:12.863
17841406083211195,18372088303197088,2025-08-28 10:27:29,VIDEO,REELS,5,1,455,1,1,0,7,2025-11-18 17:29:03.771
17841406083211195,18372088303197088,2025-08-28 10:27:29,VIDEO,REELS,5,1,457,1,1,0,7,2025-11-19 17:35:11.178
17841406083211195,18372088303197088,2025-08-28 10:27:29,VIDEO,REELS,5,1,458,1,1,0,7,2025-11-30 17:33:37.932
17841406083211195,18372088303197088,2025-08-28 10:27:29,VIDEO,REELS,5,1,460,1,1,0,7,2025-12-01 17:33:45.591
17841406083211195,18372088303197088,2025-08-28 10:27:29,VIDEO,REELS,5,1,461,1,1,0,7,2025-12-03 17:36:28.740
17841406083211195,18372088303197088,2025-08-28 10:27:29,VIDEO,REELS,5,1,463,1,1,0,7,2025-12-08 17:33:12.757
17841406083211195,18372088303197088,2025-08-28 10:27:29,VIDEO,REELS,5,1,464,1,1,0,7,2025-12-22 17:28:37.816
17841406083211195,18372088303197088,2025-08-28 10:27:29,VIDEO,REELS,5,1,464,1,1,0,7,2025-12-25 17:29:11.615
17841406083211195,18448709134076616,2025-04-01 06:18:03,VIDEO,REELS,9,0,420,0,0,0,9,2025-04-17 17:31:52.788
17841406083211195,18448709134076616,2025-04-01 06:18:03,VIDEO,REELS,9,0,427,0,0,0,9,2025-04-18 19:14:47.748
17841406083211195,18448709134076616,2025-04-01 06:18:03,VIDEO,REELS,9,0,431,0,0,0,9,2025-04-19 21:58:31.467
17841406083211195,18448709134076616,2025-04-01 06:18:03,VIDEO,REELS,9,0,435,0,0,0,9,2025-04-20 21:57:33.558
17841406083211195,18448709134076616,2025-04-01 06:18:03,VIDEO,REELS,9,0,439,0,0,0,9,2025-04-22 05:33:02.531
17841406083211195,18448709134076616,2025-04-01 06:18:03,VIDEO,REELS,9,0,440,0,0,0,9,2025-04-22 06:39:46.047
17841406083211195,18448709134076616,2025-04-01 06:18:03,VIDEO,REELS,9,0,442,0,0,0,9,2025-04-22 17:29:16.971
17841406083211195,18448709134076616,2025-04-01 06:18:03,VIDEO,REELS,9,0,449,0,0,0,9,2025-04-24 01:56:09.938
17841406083211195,18448709134076616,2025-04-01 06:18:03,VIDEO,REELS,9,0,451,0,0,0,9,2025-04-24 17:29:59.105
17841406083211195,18448709134076616,2025-04-01 06:18:03,VIDEO,REELS,9,0,451,0,0,0,9,2025-04-25 17:30:04.349
17841406083211195,18448709134076616,2025-04-01 06:18:03,VIDEO,REELS,9,0,455,0,0,0,9,2025-04-27 17:31:03.881
17841406083211195,18448709134076616,2025-04-01 06:18:03,VIDEO,REELS,9,0,461,0,0,0,9,2025-04-28 17:30:00.129
17841406083211195,18448709134076616,2025-04-01 06:18:03,VIDEO,REELS,9,0,464,0,0,0,9,2025-04-30 17:30:59.228
17841406083211195,18448709134076616,2025-04-01 06:18:03,VIDEO,REELS,9,0,467,0,0,0,9,2025-05-01 17:31:37.122
17841406083211195,18448709134076616,2025-04-01 06:18:03,VIDEO,REELS,9,0,471,0,0,0,9,2025-05-02 17:29:30.517
17841406083211195,18448709134076616,2025-04-01 06:18:03,VIDEO,REELS,9,0,472,0,0,0,9,2025-05-03 17:30:39.020
17841406083211195,18448709134076616,2025-04-01 06:18:03,VIDEO,REELS,9,0,475,0,0,0,9,2025-05-04 17:28:52.306
17841406083211195,18448709134076616,2025-04-01 06:18:03,VIDEO,REELS,9,0,478,0,0,0,9,2025-05-05 17:29:55.866
17841406083211195,18448709134076616,2025-04-01 06:18:03,VIDEO,REELS,9,0,481,0,0,0,9,2025-05-06 17:29:33.093
17841406083211195,18448709134076616,2025-04-01 06:18:03,VIDEO,REELS,9,0,485,0,0,0,9,2025-05-08 17:30:01.747
17841406083211195,18448709134076616,2025-04-01 06:18:03,VIDEO,REELS,9,0,490,0,0,0,9,2025-05-11 17:29:45.377
17841406083211195,18448709134076616,2025-04-01 06:18:03,VIDEO,REELS,9,0,491,0,0,0,9,2025-05-12 17:30:45.002
17841406083211195,18448709134076616,2025-04-01 06:18:03,VIDEO,REELS,9,0,493,0,0,0,9,2025-05-16 17:31:00.282
17841406083211195,18448709134076616,2025-04-01 06:18:03,VIDEO,REELS,9,0,495,0,0,0,9,2025-05-17 17:30:06.313
17841406083211195,18448709134076616,2025-04-01 06:18:03,VIDEO,REELS,9,0,496,0,0,0,9,2025-05-18 17:30:27.076
17841406083211195,18448709134076616,2025-04-01 06:18:03,VIDEO,REELS,9,0,498,0,0,0,9,2025-05-22 17:30:10.251
17841406083211195,18448709134076616,2025-04-01 06:18:03,VIDEO,REELS,9,0,501,0,0,0,9,2025-05-23 17:30:42.859
17841406083211195,18448709134076616,2025-04-01 06:18:03,VIDEO,REELS,9,0,502,0,0,0,9,2025-05-24 17:30:42.230
17841406083211195,18448709134076616,2025-04-01 06:18:03,VIDEO,REELS,9,0,503,0,0,0,9,2025-05-26 17:30:22.046
17841406083211195,18448709134076616,2025-04-01 06:18:03,VIDEO,REELS,9,0,504,0,0,0,9,2025-05-27 17:30:25.241
17841406083211195,18448709134076616,2025-04-01 06:18:03,VIDEO,REELS,9,0,505,0,0,0,9,2025-05-30 17:29:56.097
17841406083211195,18448709134076616,2025-04-01 06:18:03,VIDEO,REELS,9,0,506,0,0,0,9,2025-05-31 17:30:02.387
17841406083211195,18448709134076616,2025-04-01 06:18:03,VIDEO,REELS,9,0,507,0,0,0,9,2025-06-01 17:29:49.077
17841406083211195,18448709134076616,2025-04-01 06:18:03,VIDEO,REELS,9,0,508,0,0,0,9,2025-06-03 17:29:40.467
17841406083211195,18448709134076616,2025-04-01 06:18:03,VIDEO,REELS,9,0,510,0,0,0,9,2025-06-04 17:30:00.712
17841406083211195,18448709134076616,2025-04-01 06:18:03,VIDEO,REELS,9,0,511,0,0,0,9,2025-06-05 17:30:15.482
17841406083211195,18448709134076616,2025-04-01 06:18:03,VIDEO,REELS,9,0,523,0,0,0,9,2025-07-03 17:30:07.982
17841406083211195,18448709134076616,2025-04-01 06:18:03,VIDEO,REELS,9,0,524,0,0,0,9,2025-07-09 17:30:35.059
17841406083211195,18448709134076616,2025-04-01 06:18:03,VIDEO,REELS,9,0,525,0,0,0,9,2025-07-14 17:30:36.568
17841406083211195,18448709134076616,2025-04-01 06:18:03,VIDEO,REELS,9,0,526,0,0,0,9,2025-07-20 17:30:24.961
17841406083211195,18448709134076616,2025-04-01 06:18:03,VIDEO,REELS,9,0,527,0,0,0,9,2025-07-29 17:29:59.932
17841406083211195,18448709134076616,2025-04-01 06:18:03,VIDEO,REELS,9,0,527,0,0,0,9,2025-07-31 17:29:02.388
17841406083211195,18448709134076616,2025-04-01 06:18:03,VIDEO,REELS,9,0,527,0,0,0,9,2025-08-04 17:30:32.187
17841406083211195,18448709134076616,2025-04-01 06:18:03,VIDEO,REELS,9,0,530,0,0,0,9,2025-08-06 17:29:32.808
17841406083211195,18448709134076616,2025-04-01 06:18:03,VIDEO,REELS,9,0,531,0,0,0,9,2025-08-11 17:30:48.459
17841406083211195,18448709134076616,2025-04-01 06:18:03,VIDEO,REELS,9,0,531,0,0,0,9,2025-08-18 17:29:03.010
17841406083211195,18448709134076616,2025-04-01 06:18:03,VIDEO,REELS,9,0,536,0,0,0,9,2025-08-19 17:29:48.957
17841406083211195,18448709134076616,2025-04-01 06:18:03,VIDEO,REELS,9,0,537,0,0,0,9,2025-08-20 17:29:49.040
17841406083211195,18448709134076616,2025-04-01 06:18:03,VIDEO,REELS,9,0,538,0,0,0,9,2025-08-25 17:29:45.203
17841406083211195,18448709134076616,2025-04-01 06:18:03,VIDEO,REELS,9,0,539,0,0,0,9,2025-08-31 17:28:56.731
17841406083211195,18448709134076616,2025-04-01 06:18:03,VIDEO,REELS,9,0,546,0,0,0,9,2025-10-04 17:29:53.386
17841406083211195,18448709134076616,2025-04-01 06:18:03,VIDEO,REELS,9,0,546,0,0,0,9,2025-10-08 17:29:55.663
17841406083211195,18448709134076616,2025-04-01 06:18:03,VIDEO,REELS,9,0,547,0,0,0,9,2025-10-10 17:30:20.758
17841406083211195,18448709134076616,2025-04-01 06:18:03,VIDEO,REELS,9,0,548,0,0,0,9,2025-11-10 17:29:23.632
17841406083211195,18448709134076616,2025-04-01 06:18:03,VIDEO,REELS,9,0,549,0,0,0,9,2025-11-24 17:36:00.675
17841406083211195,18448709134076616,2025-04-01 06:18:03,VIDEO,REELS,9,0,550,0,0,0,9,2025-11-28 17:34:54.935
17841406083211195,18448709134076616,2025-04-01 06:18:03,VIDEO,REELS,9,0,551,0,0,0,9,2025-12-01 17:33:33.575
17841406083211195,18448709134076616,2025-04-01 06:18:03,VIDEO,REELS,9,0,552,0,0,0,9,2025-12-03 17:36:09.383
17841406083211195,18448709134076616,2025-04-01 06:18:03,VIDEO,REELS,9,0,553,0,0,0,9,2025-12-04 17:34:15.564
17841406083211195,18448709134076616,2025-04-01 06:18:03,VIDEO,REELS,9,0,553,0,0,0,9,2025-12-05 17:34:22.767
17841406083211195,18448709134076616,2025-04-01 06:18:03,VIDEO,REELS,9,0,554,0,0,0,9,2025-12-25 17:29:40.544
17841406083211195,18489025354018594,2025-02-04 10:21:39,VIDEO,REELS,10,1,419,1,0,1,12,2025-04-17 17:31:52.810
17841406083211195,18489025354018594,2025-02-04 10:21:39,VIDEO,REELS,10,1,420,1,0,1,12,2025-04-18 19:14:47.753
17841406083211195,18489025354018594,2025-02-04 10:21:39,VIDEO,REELS,10,1,423,1,0,1,12,2025-04-20 21:57:33.564
17841406083211195,18489025354018594,2025-02-04 10:21:39,VIDEO,REELS,10,1,424,1,0,1,12,2025-04-22 17:29:16.994
17841406083211195,18489025354018594,2025-02-04 10:21:39,VIDEO,REELS,10,1,425,1,0,1,12,2025-04-25 17:30:04.358
17841406083211195,18489025354018594,2025-02-04 10:21:39,VIDEO,REELS,10,1,426,1,0,1,12,2025-04-27 17:31:03.887
17841406083211195,18489025354018594,2025-02-04 10:21:39,VIDEO,REELS,10,1,427,1,0,1,12,2025-05-08 17:30:01.756
17841406083211195,18489025354018594,2025-02-04 10:21:39,VIDEO,REELS,10,1,429,1,0,1,12,2025-05-18 17:30:29.432
17841406083211195,18489025354018594,2025-02-04 10:21:39,VIDEO,REELS,10,1,430,1,0,1,12,2025-05-20 17:29:20.316
17841406083211195,18489025354018594,2025-02-04 10:21:39,VIDEO,REELS,10,1,430,1,0,1,12,2025-05-24 17:30:46.334
17841406083211195,18489025354018594,2025-02-04 10:21:39,VIDEO,REELS,10,1,430,1,0,1,12,2025-05-25 17:31:08.739
17841406083211195,18489025354018594,2025-02-04 10:21:39,VIDEO,REELS,10,1,431,1,0,1,12,2025-06-05 17:30:24.260
17841406083211195,18489025354018594,2025-02-04 10:21:39,VIDEO,REELS,10,1,436,1,0,1,12,2025-07-19 17:30:13.146
17841406083211195,18489025354018594,2025-02-04 10:21:39,VIDEO,REELS,10,1,437,1,0,1,12,2025-07-21 17:30:54.847
17841406083211195,18489025354018594,2025-02-04 10:21:39,VIDEO,REELS,10,1,438,1,0,1,12,2025-07-31 17:29:05.328
17841406083211195,18489025354018594,2025-02-04 10:21:39,VIDEO,REELS,10,1,439,1,0,1,12,2025-08-03 17:30:00.325
17841406083211195,18489025354018594,2025-02-04 10:21:39,VIDEO,REELS,10,1,439,1,0,1,12,2025-08-04 17:30:35.462
17841406083211195,18489025354018594,2025-02-04 10:21:39,VIDEO,REELS,10,1,440,1,0,1,12,2025-08-06 17:29:35.473
17841406083211195,18489025354018594,2025-02-04 10:21:39,VIDEO,REELS,10,1,441,1,0,1,12,2025-08-20 17:29:54.705
17841406083211195,18489025354018594,2025-02-04 10:21:39,VIDEO,REELS,10,1,442,1,0,1,12,2025-08-31 17:29:08.154
17841406083211195,18489025354018594,2025-02-04 10:21:39,VIDEO,REELS,10,1,445,1,0,1,12,2025-10-31 17:29:25.714
17841406083211195,18489025354018594,2025-02-04 10:21:39,VIDEO,REELS,10,1,446,1,0,1,12,2025-11-05 17:28:52.199
17841406083211195,18489025354018594,2025-02-04 10:21:39,VIDEO,REELS,10,1,448,1,0,1,12,2025-11-09 17:29:04.273
17841406083211195,18489025354018594,2025-02-04 10:21:39,VIDEO,REELS,10,1,449,1,0,1,12,2025-11-14 17:29:25.549
17841406083211195,18489025354018594,2025-02-04 10:21:39,VIDEO,REELS,10,1,450,1,0,1,12,2025-12-03 17:35:49.233
17841406083211195,18489025354018594,2025-02-04 10:21:39,VIDEO,REELS,10,1,451,1,0,1,12,2025-12-15 17:36:04.662
17841406083211195,18489025354018594,2025-02-04 10:21:39,VIDEO,REELS,10,1,452,1,0,1,12,2025-12-17 17:29:18.234
17841406083211195,18489025354018594,2025-02-04 10:21:39,VIDEO,REELS,10,1,453,1,0,1,12,2025-12-24 17:29:27.241
17841406083211195,18489025354018594,2025-02-04 10:21:39,VIDEO,REELS,10,1,455,1,0,1,12,2025-12-25 17:29:48.438
17841406083211195,18533109061006843,2025-10-24 04:00:00,VIDEO,REELS,3,0,56,0,0,0,3,2025-10-24 17:28:45.556
17841406083211195,18533109061006843,2025-10-24 04:00:00,VIDEO,REELS,6,0,114,0,0,0,6,2025-10-25 17:29:22.989
17841406083211195,18533109061006843,2025-10-24 04:00:00,VIDEO,REELS,7,0,130,0,0,0,7,2025-10-26 17:30:08.087
17841406083211195,18533109061006843,2025-10-24 04:00:00,VIDEO,REELS,7,0,132,0,0,0,7,2025-10-27 17:28:46.996
17841406083211195,18533109061006843,2025-10-24 04:00:00,VIDEO,REELS,7,0,137,0,0,0,7,2025-10-28 17:29:42.169
17841406083211195,18533109061006843,2025-10-24 04:00:00,VIDEO,REELS,7,0,144,0,0,0,7,2025-10-29 17:29:27.589
17841406083211195,18533109061006843,2025-10-24 04:00:00,VIDEO,REELS,7,0,148,0,0,0,7,2025-10-30 17:30:15.094
17841406083211195,18533109061006843,2025-10-24 04:00:00,VIDEO,REELS,7,0,149,0,0,0,7,2025-10-31 17:29:01.881
17841406083211195,18533109061006843,2025-10-24 04:00:00,VIDEO,REELS,7,0,150,0,0,0,7,2025-11-02 17:28:55.101
17841406083211195,18533109061006843,2025-10-24 04:00:00,VIDEO,REELS,7,0,155,0,0,0,7,2025-11-03 17:28:49.523
17841406083211195,18533109061006843,2025-10-24 04:00:00,VIDEO,REELS,7,0,159,0,0,0,7,2025-11-04 17:28:20.664
17841406083211195,18533109061006843,2025-10-24 04:00:00,VIDEO,REELS,7,0,160,0,0,0,7,2025-11-05 17:28:28.351
17841406083211195,18533109061006843,2025-10-24 04:00:00,VIDEO,REELS,7,0,166,0,0,0,7,2025-11-06 17:28:43.526
17841406083211195,18533109061006843,2025-10-24 04:00:00,VIDEO,REELS,7,0,167,0,0,0,7,2025-11-07 17:29:01.088
17841406083211195,18533109061006843,2025-10-24 04:00:00,VIDEO,REELS,8,0,169,0,0,0,8,2025-11-08 17:29:24.261
17841406083211195,18533109061006843,2025-10-24 04:00:00,VIDEO,REELS,8,0,170,0,0,0,8,2025-11-09 17:28:38.953
17841406083211195,18533109061006843,2025-10-24 04:00:00,VIDEO,REELS,8,0,175,0,0,0,8,2025-11-10 17:29:07.643
17841406083211195,18533109061006843,2025-10-24 04:00:00,VIDEO,REELS,8,0,177,0,0,0,8,2025-11-11 17:28:56.853
17841406083211195,18533109061006843,2025-10-24 04:00:00,VIDEO,REELS,8,0,178,0,0,0,8,2025-11-12 17:28:57.515
17841406083211195,18533109061006843,2025-10-24 04:00:00,VIDEO,REELS,8,0,180,0,0,0,8,2025-11-13 17:29:19.503
17841406083211195,18533109061006843,2025-10-24 04:00:00,VIDEO,REELS,8,0,181,0,0,0,8,2025-11-14 17:29:00.542
17841406083211195,18533109061006843,2025-10-24 04:00:00,VIDEO,REELS,8,0,186,0,0,0,9,2025-11-15 17:30:46.803
17841406083211195,18533109061006843,2025-10-24 04:00:00,VIDEO,REELS,8,0,187,0,0,0,9,2025-11-17 17:29:03.604
17841406083211195,18533109061006843,2025-10-24 04:00:00,VIDEO,REELS,8,0,193,0,0,0,9,2025-11-18 17:28:56.197
17841406083211195,18533109061006843,2025-10-24 04:00:00,VIDEO,REELS,8,0,197,0,0,0,9,2025-11-20 17:36:09.351
17841406083211195,18533109061006843,2025-10-24 04:00:00,VIDEO,REELS,8,0,200,0,0,0,9,2025-11-24 17:36:35.484
17841406083211195,18533109061006843,2025-10-24 04:00:00,VIDEO,REELS,8,0,202,0,0,0,9,2025-11-25 17:34:52.767
17841406083211195,18533109061006843,2025-10-24 04:00:00,VIDEO,REELS,8,0,203,0,0,0,9,2025-11-27 17:34:42.514
17841406083211195,18533109061006843,2025-10-24 04:00:00,VIDEO,REELS,8,0,204,0,0,0,9,2025-11-29 17:36:27.540
17841406083211195,18533109061006843,2025-10-24 04:00:00,VIDEO,REELS,8,0,205,0,0,0,9,2025-12-01 17:34:00.993
17841406083211195,18533109061006843,2025-10-24 04:00:00,VIDEO,REELS,8,0,208,0,0,0,9,2025-12-02 17:35:28.471
17841406083211195,18533109061006843,2025-10-24 04:00:00,VIDEO,REELS,8,0,209,0,0,0,9,2025-12-08 17:33:32.910
17841406083211195,18533109061006843,2025-10-24 04:00:00,VIDEO,REELS,8,0,211,0,0,0,9,2025-12-09 17:35:43.779
17841406083211195,18533109061006843,2025-10-24 04:00:00,VIDEO,REELS,8,0,212,0,0,0,9,2025-12-16 17:34:50.961
17841406083211195,18533109061006843,2025-10-24 04:00:00,VIDEO,REELS,8,0,213,0,0,0,9,2025-12-17 17:28:40.151
17841406083211195,18533109061006843,2025-10-24 04:00:00,VIDEO,REELS,8,0,215,0,0,0,9,2025-12-20 17:36:50.215
17841406083211195,18533109061006843,2025-10-24 04:00:00,VIDEO,REELS,8,0,215,0,0,0,9,2025-12-22 17:28:31.293
17841406083211195,18533109061006843,2025-10-24 04:00:00,VIDEO,REELS,8,0,217,0,0,0,9,2025-12-23 17:28:29.222
17841406083211195,18533109061006843,2025-10-24 04:00:00,VIDEO,REELS,8,0,218,0,0,0,9,2025-12-25 17:29:03.347
